tier,knx_ga,signal_name,unit,category,function,quantity_kind,unit_of_measure,po8s_sensor_ids_TO_FILL,duplicate_sensor_count,duplicate_devices,polarity,dpt,select,sensor_id_CHOSEN,sensor_ids_ALL,deviceAddress_in_p8s,addr_matches_ets,latest_value,latest_obs_utc,age_hours,live
B,0/0/1,433.001,433.001,ElectricalDistribution,Er Temp,Temperature,Celsius,4c9360b5-fd4e-465b-a0bd-d7e61728ff91,2,RAM 713 S + SD Anlegg,analog degC,9.001,keep,4c9360b5-fd4e-465b-a0bd-d7e61728ff91,4c9360b5-fd4e-465b-a0bd-d7e61728ff91 ed1d6e6d-a5ab-4dfa-ace5-980f2f47335a,0/0/1,yes,23.2,2026-08-31T14:12:56,0.1,yes
B,0/0/2,433.002,433.002,ElectricalDistribution,Er Temp,Temperature,Celsius,47c4dbc2-bbed-42c5-9d1b-8c6554179934,2,RAM 713 S + SD Anlegg,analog degC,9.001,keep,47c4dbc2-bbed-42c5-9d1b-8c6554179934,47c4dbc2-bbed-42c5-9d1b-8c6554179934 48241101-df27-478c-88cb-19588654367f,0/0/2,yes,25.8,2026-08-31T14:14:34,0.1,yes
B,0/0/3,433.003,433.003,ElectricalDistribution,Er Temp,Temperature,Celsius,34b56d2a-8709-4c3e-b028-45e9c34c867f,2,RAM 713 S + SD Anlegg,analog degC,9.001,keep,34b56d2a-8709-4c3e-b028-45e9c34c867f,34b56d2a-8709-4c3e-b028-45e9c34c867f 72f05260-28db-45f8-9868-295715422e07,0/0/3,yes,25.7,2026-08-31T14:12:31,0.1,yes
B,0/0/4,433.011,433.011,ElectricalDistribution,Er Temp,Temperature,Celsius,3c0f3539-b38b-403d-9f7d-0a87580116de,2,RAM 713 S + SD Anlegg,analog degC,9.001,keep,3c0f3539-b38b-403d-9f7d-0a87580116de,3c0f3539-b38b-403d-9f7d-0a87580116de cacfec77-b534-4d3c-8da2-281bbd6f3c8d,0/0/4,yes,24.5,2026-08-31T14:12:28,0.1,yes
B,0/0/5,433.012,433.012,ElectricalDistribution,Er Temp,Temperature,Celsius,c5848612-104e-4893-ac02-a3e098be5618,2,RAM 713 S + SD Anlegg,analog degC,9.001,keep,c5848612-104e-4893-ac02-a3e098be5618,c5848612-104e-4893-ac02-a3e098be5618 5b69fcd7-0068-42a4-8b8c-9058548e89d5,0/0/5,yes,27.2,2026-08-31T14:12:29,0.1,yes
B,0/0/6,433.013,433.013,ElectricalDistribution,Er Temp,Temperature,Celsius,1b3b44c6-b363-4bd8-be9b-9388af1496b2,2,RAM 713 S + SD Anlegg,analog degC,9.001,keep,1b3b44c6-b363-4bd8-be9b-9388af1496b2,1b3b44c6-b363-4bd8-be9b-9388af1496b2 244813d6-329a-42fc-884b-c6b9e4de4de1,0/0/6,yes,27.1,2026-08-31T14:14:50,0.1,yes
B,0/0/7,433.014,433.014,ElectricalDistribution,Er Temp,Temperature,Celsius,3bc43d84-f30d-4dd0-bceb-f87aeb56e2b4,2,RAM 713 S + SD Anlegg,analog degC,9.001,keep,3bc43d84-f30d-4dd0-bceb-f87aeb56e2b4,3bc43d84-f30d-4dd0-bceb-f87aeb56e2b4 cb0f03d2-ee7e-4314-9978-31cfcd31256d,0/0/7,yes,23.5,2026-08-31T14:12:56,0.1,yes
B,0/0/8,433.015,433.015,ElectricalDistribution,Er Temp,Temperature,Celsius,cdb35483-2770-480d-8557-39d9af936474,2,RAM 713 S + SD Anlegg,analog degC,9.001,keep,cdb35483-2770-480d-8557-39d9af936474,cdb35483-2770-480d-8557-39d9af936474 e0a01a41-3af5-4d77-9a16-bfc55b39ce8d,0/0/8,yes,21.900000000000002,2026-08-31T14:12:56,0.1,yes
B,0/0/9,433.191,433.191,ElectricalDistribution,Er Temp,Temperature,Celsius,43e4b0ed-30ec-4a99-b380-74ad21527413,1,SD Anlegg,analog degC,9.001,keep,43e4b0ed-30ec-4a99-b380-74ad21527413,43e4b0ed-30ec-4a99-b380-74ad21527413,0/0/9,yes,,,,never
B,0/0/10,433.192,433.192,ElectricalDistribution,Er Temp,Temperature,Celsius,aa850a49-a455-4d3a-8235-244ce4a2299d,2,RAM 713 S + SD Anlegg,analog degC,9.001,keep,aa850a49-a455-4d3a-8235-244ce4a2299d,aa850a49-a455-4d3a-8235-244ce4a2299d f26b2392-7788-440b-9bf9-24df2679154a,0/0/10,yes,27.400000000000002,2026-08-31T14:12:33,0.1,yes
B,0/0/11,433.193,433.193,ElectricalDistribution,Er Temp,Temperature,Celsius,86e6b820-1ca5-45e8-8ac2-d371b6cad84d,2,RAM 713 S + SD Anlegg,analog degC,9.001,keep,86e6b820-1ca5-45e8-8ac2-d371b6cad84d,86e6b820-1ca5-45e8-8ac2-d371b6cad84d 35bd9180-060c-465b-a39a-4834e49bf399,0/0/11,yes,26.5,2026-08-31T14:13:29,0.1,yes
B,0/0/12,433.194,433.194,ElectricalDistribution,Er Temp,Temperature,Celsius,e71a8e17-0909-4652-96d7-dfc1f21f334e,2,RAM 713 S + SD Anlegg,analog degC,9.001,keep,e71a8e17-0909-4652-96d7-dfc1f21f334e,e71a8e17-0909-4652-96d7-dfc1f21f334e 9aec01fb-583d-4c0c-a4d1-784979d6e2da,0/0/12,yes,25.6,2026-08-31T14:12:34,0.1,yes
B,0/0/13,433.195,433.195,ElectricalDistribution,Er Temp,Temperature,Celsius,fb99b892-65a6-4d7a-b426-274e60213b21,2,RAM 713 S + SD Anlegg,analog degC,9.001,keep,fb99b892-65a6-4d7a-b426-274e60213b21,fb99b892-65a6-4d7a-b426-274e60213b21 0c23c82b-9a7d-4a2a-827e-7e45c8a73927,0/0/13,yes,27.1,2026-08-31T14:12:53,0.1,yes
B,0/0/14,433.196,433.196,ElectricalDistribution,Er Temp,Temperature,Celsius,13510460-4fa9-4d72-9c53-426f7d9a8499,2,RAM 713 S + SD Anlegg,analog degC,9.001,keep,13510460-4fa9-4d72-9c53-426f7d9a8499,13510460-4fa9-4d72-9c53-426f7d9a8499 d7a6e5f5-2280-45bb-9ad5-bf6542d65ef2,0/0/14,yes,31.6,2026-08-31T14:12:53,0.1,yes
B,0/0/15,433.197,433.197,ElectricalDistribution,Er Temp,Temperature,Celsius,6af1536c-4fc9-4cde-bebd-ce0f223a7718,2,RAM 713 S + SD Anlegg,analog degC,9.001,keep,6af1536c-4fc9-4cde-bebd-ce0f223a7718,6af1536c-4fc9-4cde-bebd-ce0f223a7718 e2e1f953-3eaf-42c0-9db2-6b8ee517b9d7,0/0/15,yes,25.400000000000002,2026-08-31T14:12:54,0.1,yes
B,0/0/16,433.198,433.198,ElectricalDistribution,Er Temp,Temperature,Celsius,ef6b0a1b-591e-46a6-9ff0-b8617348f560,2,RAM 713 S + SD Anlegg,analog degC,9.001,keep,ef6b0a1b-591e-46a6-9ff0-b8617348f560,ef6b0a1b-591e-46a6-9ff0-b8617348f560 7458648b-3e52-429e-a216-cfbe8b8c7a62,0/0/16,yes,26.3,2026-08-31T14:12:54,0.1,yes
B,0/0/17,433.291,433.291,ElectricalDistribution,Er Temp,Temperature,Celsius,13183139-0140-45f4-b54a-830b277b3997,2,RAM 713 S + SD Anlegg,analog degC,9.001,keep,13183139-0140-45f4-b54a-830b277b3997,13183139-0140-45f4-b54a-830b277b3997 2aa638fe-de6d-4bb6-8997-2a326c30cb43,0/0/17,yes,23.900000000000002,2026-08-31T14:12:51,0.1,yes
B,0/0/18,433.292,433.292,ElectricalDistribution,Er Temp,Temperature,Celsius,ed87730a-0cb3-4bc5-89b4-177426c813ff,2,RAM 713 S + SD Anlegg,analog degC,9.001,keep,ed87730a-0cb3-4bc5-89b4-177426c813ff,ed87730a-0cb3-4bc5-89b4-177426c813ff 20532e63-e8bd-4f62-91da-9041d4496941,0/0/18,yes,25.7,2026-08-31T14:12:51,0.1,yes
B,0/0/19,433.293,433.293,ElectricalDistribution,Er Temp,Temperature,Celsius,0b5276dc-0ea8-4a13-9441-7609b5cc13b8,2,RAM 713 S + SD Anlegg,analog degC,9.001,keep,0b5276dc-0ea8-4a13-9441-7609b5cc13b8,0b5276dc-0ea8-4a13-9441-7609b5cc13b8 96df566d-7bd1-4674-8e28-4ac2d106642b,0/0/19,yes,27.2,2026-08-31T14:12:52,0.1,yes
B,0/0/20,433.294,433.294,ElectricalDistribution,Er Temp,Temperature,Celsius,c7e17cfb-827e-4237-8389-1407a62f01a9,2,RAM 713 S + SD Anlegg,analog degC,9.001,keep,c7e17cfb-827e-4237-8389-1407a62f01a9,c7e17cfb-827e-4237-8389-1407a62f01a9 f8c8d6ea-544d-4020-b2f6-f3922d7959ac,0/0/,NO,25.8,2026-08-31T14:07:20,0.2,yes
B,0/0/21,433.295,433.295,ElectricalDistribution,Er Temp,Temperature,Celsius,4c2077e3-c704-4c4a-95b6-f97e1d58fe25,2,RAM 713 S + SD Anlegg,analog degC,9.001,keep,4c2077e3-c704-4c4a-95b6-f97e1d58fe25,4c2077e3-c704-4c4a-95b6-f97e1d58fe25 66fabc2b-6d27-4fd0-95f5-3dcd3ef91bf1,0/0/21,yes,26.7,2026-08-31T14:12:42,0.1,yes
B,0/0/22,433.296,433.296,ElectricalDistribution,Er Temp,Temperature,Celsius,51dc35fe-9782-43a4-bd11-10fbbad0042a,2,RAM 713 S + SD Anlegg,analog degC,9.001,keep,51dc35fe-9782-43a4-bd11-10fbbad0042a,51dc35fe-9782-43a4-bd11-10fbbad0042a 46b43ccb-5170-463a-a068-ee21ee2035d6,0/0/22,yes,27.1,2026-08-31T14:12:45,0.1,yes
B,0/0/23,433.297,433.297,ElectricalDistribution,Er Temp,Temperature,Celsius,25352924-f9b7-47c0-94d0-0c96502bb484,2,RAM 713 S + SD Anlegg,analog degC,9.001,keep,25352924-f9b7-47c0-94d0-0c96502bb484,25352924-f9b7-47c0-94d0-0c96502bb484 a01cc626-9a13-4037-b0f5-08353634b286,0/0/23,yes,26.5,2026-08-31T14:12:43,0.1,yes
B,0/0/24,433.298,433.298,ElectricalDistribution,Er Temp,Temperature,Celsius,5d93c274-392d-4bda-9d69-18d029593c5a,2,RAM 713 S + SD Anlegg,analog degC,9.001,keep,5d93c274-392d-4bda-9d69-18d029593c5a,5d93c274-392d-4bda-9d69-18d029593c5a 84c71a7e-4b17-4a31-ab06-53ef210baf4a,0/0/24,yes,26.1,2026-08-31T14:12:36,0.1,yes
B,0/0/25,433.299,433.299,ElectricalDistribution,Er Temp,Temperature,Celsius,5997f27c-85b7-4cec-ab0b-51bdf8616b55,1,SD Anlegg,analog degC,9.001,keep,5997f27c-85b7-4cec-ab0b-51bdf8616b55,5997f27c-85b7-4cec-ab0b-51bdf8616b55,0/0/25,yes,,,,never
B,0/0/26,433.491,433.491,ElectricalDistribution,Er Temp,Temperature,Celsius,36599720-f8aa-49b2-93e1-9ca0c28b2661,2,RAM 712 + SD Anlegg,analog degC,9.001,keep,36599720-f8aa-49b2-93e1-9ca0c28b2661,36599720-f8aa-49b2-93e1-9ca0c28b2661 2f9eeb76-6a87-40dd-bfe1-bd2263be9491,0/0/26,yes,30.2,2026-08-31T14:12:37,0.1,yes
B,0/0/27,433.492,433.492,ElectricalDistribution,Er Temp,Temperature,Celsius,9f8bb16c-7afa-4cbc-997c-8bc5456cde50,2,RAM 712 + SD Anlegg,analog degC,9.001,keep,9f8bb16c-7afa-4cbc-997c-8bc5456cde50,9f8bb16c-7afa-4cbc-997c-8bc5456cde50 2151ae67-7553-4084-93da-56998805539f,0/0/27,yes,27.5,2026-08-31T14:12:36,0.1,yes
B,0/0/28,433.493,433.493,ElectricalDistribution,Er Temp,Temperature,Celsius,f8ed9b46-649e-48cd-b351-582dee8c822d,2,RAM 712 + SD Anlegg,analog degC,9.001,keep,f8ed9b46-649e-48cd-b351-582dee8c822d,f8ed9b46-649e-48cd-b351-582dee8c822d 83fb07c2-e8a8-4b1a-a79f-8225a55cdf73,0/0/28,yes,27.5,2026-08-31T14:12:35,0.1,yes
B,0/0/29,433.494,433.494,ElectricalDistribution,Er Temp,Temperature,Celsius,918def7e-1bd9-4d0c-bf03-55252920d4bd,2,RAM 712 + SD Anlegg,analog degC,9.001,keep,918def7e-1bd9-4d0c-bf03-55252920d4bd,918def7e-1bd9-4d0c-bf03-55252920d4bd 26f8e4b6-4fb5-4cff-a81b-ef06bf24e294,0/0/29,yes,27.6,2026-08-31T14:12:34,0.1,yes
B,0/0/30,433.495,433.495,ElectricalDistribution,Er Temp,Temperature,Celsius,fbd17d29-215a-4ffe-8117-9c3ccf073525,2,RAM 712 + SD Anlegg,analog degC,9.001,keep,fbd17d29-215a-4ffe-8117-9c3ccf073525,fbd17d29-215a-4ffe-8117-9c3ccf073525 226e08b7-0e99-4a9d-9d81-fded4977854d,0/0/30,yes,26.900000000000002,2026-08-31T14:12:32,0.1,yes
B,0/0/31,433.496,433.496,ElectricalDistribution,Er Temp,Temperature,Celsius,4d47a622-3166-45f2-9b8d-8ebeabb2cdae,2,RAM 712 + SD Anlegg,analog degC,9.001,keep,4d47a622-3166-45f2-9b8d-8ebeabb2cdae,4d47a622-3166-45f2-9b8d-8ebeabb2cdae c107c290-840a-437a-855e-e60ca054d1c8,0/0/31,yes,29.6,2026-08-31T14:12:55,0.1,yes
B,0/0/32,433.497,433.497,ElectricalDistribution,Er Temp,Temperature,Celsius,791fea79-635b-4f8d-bb8f-040fa54a0882,2,RAM 712 + SD Anlegg,analog degC,9.001,keep,791fea79-635b-4f8d-bb8f-040fa54a0882,791fea79-635b-4f8d-bb8f-040fa54a0882 ff075d07-9170-4626-b47a-577b4d66ec5d,0/0/32,yes,29.0,2026-08-31T14:12:51,0.1,yes
B,0/0/33,433.591,433.591,ElectricalDistribution,Er Temp,Temperature,Celsius,4d63e8a3-1484-42a2-8b95-43d01adcea2d,2,RAM 712 + SD Anlegg,analog degC,9.001,keep,4d63e8a3-1484-42a2-8b95-43d01adcea2d,4d63e8a3-1484-42a2-8b95-43d01adcea2d 72ec8592-f8ce-4489-bf56-e93efb7cec15,0/0/33,yes,29.900000000000002,2026-08-31T14:13:19,0.1,yes
B,0/0/34,433.592,433.592,ElectricalDistribution,Er Temp,Temperature,Celsius,7b32776e-6f54-4c32-b1af-8c27329c3a15,2,RAM 712 + SD Anlegg,analog degC,9.001,keep,7b32776e-6f54-4c32-b1af-8c27329c3a15,7b32776e-6f54-4c32-b1af-8c27329c3a15 30a9bde4-5f1f-40dd-bc10-94f3a21652c3,0/0/34,yes,28.6,2026-08-31T14:12:29,0.1,yes
B,0/0/35,433.593,433.593,ElectricalDistribution,Er Temp,Temperature,Celsius,9e1d4964-31e0-4d9e-870d-9007f2a99a5d,2,RAM 712 + SD Anlegg,analog degC,9.001,keep,9e1d4964-31e0-4d9e-870d-9007f2a99a5d,9e1d4964-31e0-4d9e-870d-9007f2a99a5d 6f2ae872-a83f-4cb2-b036-c75982d457a2,0/0/35,yes,27.5,2026-08-31T14:12:50,0.1,yes
B,0/0/36,433.594,433.594,ElectricalDistribution,Er Temp,Temperature,Celsius,0b6b5cc3-10e2-48b8-b48a-600069e27276,2,RAM 712 + SD Anlegg,analog degC,9.001,keep,0b6b5cc3-10e2-48b8-b48a-600069e27276,0b6b5cc3-10e2-48b8-b48a-600069e27276 ce1252eb-3152-4acb-94d2-ab14189289ac,0/0/36,yes,26.5,2026-08-31T14:12:50,0.1,yes
B,0/0/37,433.595,433.595,ElectricalDistribution,Er Temp,Temperature,Celsius,389ff06b-430c-4d3a-b424-961b4a7e9c9b,2,RAM 712 + SD Anlegg,analog degC,9.001,keep,389ff06b-430c-4d3a-b424-961b4a7e9c9b,389ff06b-430c-4d3a-b424-961b4a7e9c9b 1c25c9a4-26ea-48d4-8e3a-08af10f253c7,0/0/37,yes,28.2,2026-08-31T14:12:51,0.1,yes
B,0/0/38,433.596,433.596,ElectricalDistribution,Er Temp,Temperature,Celsius,4b8b7e94-1890-4c8d-8da7-aacb79fbbb86,2,RAM 712 + SD Anlegg,analog degC,9.001,keep,4b8b7e94-1890-4c8d-8da7-aacb79fbbb86,4b8b7e94-1890-4c8d-8da7-aacb79fbbb86 1bcc72ed-2daf-47ad-987a-00f72b576909,0/0/38,yes,29.400000000000002,2026-08-31T14:12:50,0.1,yes
B,0/0/39,433.597,433.597,ElectricalDistribution,Er Temp,Temperature,Celsius,ca59e562-0135-4a82-8d62-bc58fae7883c,2,RAM 712 + SD Anlegg,analog degC,9.001,keep,ca59e562-0135-4a82-8d62-bc58fae7883c,ca59e562-0135-4a82-8d62-bc58fae7883c b0897064-fae3-4460-b297-56c00f9fdea0,0/0/39,yes,28.1,2026-08-31T14:12:47,0.1,yes
B,0/0/40,433.691,433.691,ElectricalDistribution,Er Temp,Temperature,Celsius,d48da039-0079-45b6-b076-616e100a02df,2,RAM 712 + SD Anlegg,analog degC,9.001,keep,d48da039-0079-45b6-b076-616e100a02df,d48da039-0079-45b6-b076-616e100a02df 123c4996-203a-4d5d-b2c7-37a9dec46389,0/0/40,yes,28.7,2026-08-31T14:12:46,0.1,yes
B,0/0/41,433.692,433.692,ElectricalDistribution,Er Temp,Temperature,Celsius,dc4e4e8e-3437-4b25-85fc-6d20bb61eb01,2,RAM 712 + SD Anlegg,analog degC,9.001,keep,dc4e4e8e-3437-4b25-85fc-6d20bb61eb01,dc4e4e8e-3437-4b25-85fc-6d20bb61eb01 ef3cc492-88f8-4845-ae96-8783552daee0,0/0/41,yes,30.1,2026-08-31T14:12:45,0.1,yes
B,0/0/42,433.693,433.693,ElectricalDistribution,Er Temp,Temperature,Celsius,06b9b359-046d-4d35-b725-f1e85d4280fc,2,RAM 712 + SD Anlegg,analog degC,9.001,keep,06b9b359-046d-4d35-b725-f1e85d4280fc,06b9b359-046d-4d35-b725-f1e85d4280fc 9819cfd9-ac7c-4835-9c2e-035bd9d53e82,0/0/42,yes,28.1,2026-08-31T14:13:27,0.1,yes
B,0/0/43,433.694,433.694,ElectricalDistribution,Er Temp,Temperature,Celsius,3b72b7ac-ccd8-42e5-b993-4164e4765d6a,2,RAM 712 + SD Anlegg,analog degC,9.001,keep,3b72b7ac-ccd8-42e5-b993-4164e4765d6a,3b72b7ac-ccd8-42e5-b993-4164e4765d6a 381c73b5-d692-40aa-be4e-bb680d8b10b4,0/0/43,yes,28.7,2026-08-31T14:12:40,0.1,yes
B,0/0/44,433.695,433.695,ElectricalDistribution,Er Temp,Temperature,Celsius,02b0d660-3cf1-402a-8a3b-c34fef971282,2,RAM 712 + SD Anlegg,analog degC,9.001,keep,02b0d660-3cf1-402a-8a3b-c34fef971282,02b0d660-3cf1-402a-8a3b-c34fef971282 239f0776-c0b0-4bfa-94e5-7ab7a5ad9fee,0/0/44,yes,28.5,2026-08-31T14:12:45,0.1,yes
B,0/0/45,433.696,433.696,ElectricalDistribution,Er Temp,Temperature,Celsius,ba489f2b-22c2-465e-8d9f-46aaddd95417,2,RAM 712 + SD Anlegg,analog degC,9.001,keep,ba489f2b-22c2-465e-8d9f-46aaddd95417,ba489f2b-22c2-465e-8d9f-46aaddd95417 0b71c702-1821-43b3-9028-90395b58e515,0/0/45,yes,30.7,2026-08-31T14:12:44,0.1,yes
B,0/0/46,433.697,433.697,ElectricalDistribution,Er Temp,Temperature,Celsius,ad0bee57-454a-4b8f-be44-7d199d4dea01,2,RAM 712 + SD Anlegg,analog degC,9.001,keep,ad0bee57-454a-4b8f-be44-7d199d4dea01,ad0bee57-454a-4b8f-be44-7d199d4dea01 ffafbcab-46cf-4d00-b401-b5d6915c0314,0/0/46,yes,28.1,2026-08-31T14:14:10,0.1,yes
C,0/1/1,433.001,433.001,ElectricalDistribution,Overspenningsvern,CapabilityTypeState,BooleanDetection,45db854f-50d8-4caa-bade-6dd2821b99f9,2,SD Anlegg + Universal interface comfort 8gang flush-mounted,"assumed 1=active, UNVERIFIED",1.001,keep,45db854f-50d8-4caa-bade-6dd2821b99f9,45db854f-50d8-4caa-bade-6dd2821b99f9 ec79d457-f029-4043-8994-b8dd0358ea7b,0/1/1,yes,0,2026-08-31T14:12:38,0.1,yes
C,0/1/2,433.002,433.002,ElectricalDistribution,Overspenningsvern,CapabilityTypeState,BooleanDetection,c8a9af4d-d384-4f3b-b8d7-1c91e5c8c62a,2,SD Anlegg + Universal interface comfort 8gang flush-mounted,"assumed 1=active, UNVERIFIED",1.001,keep,c8a9af4d-d384-4f3b-b8d7-1c91e5c8c62a,c8a9af4d-d384-4f3b-b8d7-1c91e5c8c62a a5d562a6-e039-4d09-8c11-77da6eed4660,0/1/2,yes,0,2026-08-31T14:12:39,0.1,yes
C,0/1/3,433.003,433.003,ElectricalDistribution,Overspenningsvern,CapabilityTypeState,BooleanDetection,353407c1-e9a8-4b4b-8eee-6525bdfb52db,2,SD Anlegg + Universal interface comfort 8gang flush-mounted,"assumed 1=active, UNVERIFIED",1.001,keep,353407c1-e9a8-4b4b-8eee-6525bdfb52db,353407c1-e9a8-4b4b-8eee-6525bdfb52db 67bd73dd-cd08-449b-bcd1-7168380f3509,0/1/3,yes,0,2026-08-31T14:12:34,0.1,yes
C,0/1/4,433.011,433.011,ElectricalDistribution,Overspenningsvern,CapabilityTypeState,BooleanDetection,702e1c26-fa11-425f-9205-6065d1daedf3,2,SD Anlegg + Universal interface comfort 8gang flush-mounted,"assumed 1=active, UNVERIFIED",1.001,keep,702e1c26-fa11-425f-9205-6065d1daedf3,702e1c26-fa11-425f-9205-6065d1daedf3 4895eac9-7405-4322-a001-cd21a3148f9a,0/1/4,yes,0,2026-08-31T14:12:37,0.1,yes
C,0/1/5,433.012,433.012,ElectricalDistribution,Overspenningsvern,CapabilityTypeState,BooleanDetection,08358e40-6b32-4098-96b1-127021a63d75,2,SD Anlegg + Universal interface comfort 8gang flush-mounted,"assumed 1=active, UNVERIFIED",1.001,keep,08358e40-6b32-4098-96b1-127021a63d75,08358e40-6b32-4098-96b1-127021a63d75 9ee6bec0-6b62-48fc-91c9-29201bbc70aa,0/1/5,yes,0,2026-08-31T14:12:29,0.1,yes
C,0/1/6,433.013,433.013,ElectricalDistribution,Overspenningsvern,CapabilityTypeState,BooleanDetection,51f0262f-91f3-41f3-9789-20bfd4df0176,2,SD Anlegg + Universal interface comfort 8gang flush-mounted,"assumed 1=active, UNVERIFIED",1.001,keep,51f0262f-91f3-41f3-9789-20bfd4df0176,51f0262f-91f3-41f3-9789-20bfd4df0176 6d8686b6-2378-4970-bb2f-3a43907dff3c,0/1/6,yes,0,2026-08-31T14:12:29,0.1,yes
C,0/1/7,433.014,433.014,ElectricalDistribution,Overspenningsvern,CapabilityTypeState,BooleanDetection,f34e10de-ac9d-49bb-af80-aa9dd4e6fdc0,2,SD Anlegg + Universal interface comfort 8gang flush-mounted,"assumed 1=active, UNVERIFIED",1.001,keep,f34e10de-ac9d-49bb-af80-aa9dd4e6fdc0,f34e10de-ac9d-49bb-af80-aa9dd4e6fdc0 b49649ad-5738-4528-8bba-c492331dfa77,0/1/7,yes,0,2026-08-31T14:12:51,0.1,yes
C,0/1/8,433.015,433.015,ElectricalDistribution,Overspenningsvern,CapabilityTypeState,BooleanDetection,f51fa152-3a83-405e-8be3-d0c748263049,2,SD Anlegg + Universal interface comfort 8gang flush-mounted,"assumed 1=active, UNVERIFIED",1.001,keep,f51fa152-3a83-405e-8be3-d0c748263049,f51fa152-3a83-405e-8be3-d0c748263049 5cee8d81-f5c7-48e3-9f61-e794543d8743,0/1/8,yes,0,2026-08-31T14:12:52,0.1,yes
C,0/1/9,433.191,433.191,ElectricalDistribution,Overspenningsvern,CapabilityTypeState,BooleanDetection,9ac71ed0-42b6-4c84-b842-cd15e6a9fa9b,2,SD Anlegg + Universal interface comfort 8gang flush-mounted,"assumed 1=active, UNVERIFIED",1.001,keep,9ac71ed0-42b6-4c84-b842-cd15e6a9fa9b,9ac71ed0-42b6-4c84-b842-cd15e6a9fa9b b97d3695-1c3d-44e4-ad4f-37aec9585d4a,0/1/9,yes,,,,never
C,0/1/10,433.192,433.192,ElectricalDistribution,Overspenningsvern,CapabilityTypeState,BooleanDetection,3af07c1c-3ce2-4a7c-91da-8a1951e3ceb6,2,SD Anlegg + Universal interface comfort 8gang flush-mounted,"assumed 1=active, UNVERIFIED",1.001,keep,3af07c1c-3ce2-4a7c-91da-8a1951e3ceb6,3af07c1c-3ce2-4a7c-91da-8a1951e3ceb6 e375f631-5ebf-4856-bec9-4c0da7743164,0/1/10,yes,0,2026-08-31T14:12:44,0.1,yes
C,0/1/11,433.193,433.193,ElectricalDistribution,Overspenningsvern,CapabilityTypeState,BooleanDetection,4fa401b9-4272-495c-beb6-5a3781d26018,2,SD Anlegg + Universal interface comfort 8gang flush-mounted,"assumed 1=active, UNVERIFIED",1.001,keep,4fa401b9-4272-495c-beb6-5a3781d26018,4fa401b9-4272-495c-beb6-5a3781d26018 34f2166f-3a20-45de-b79e-14c63c9122a2,0/1/11,yes,0,2026-08-31T14:12:41,0.1,yes
C,0/1/12,433.194,433.194,ElectricalDistribution,Overspenningsvern,CapabilityTypeState,BooleanDetection,2882876c-1b9b-486c-91ae-5574caa3aa37,2,SD Anlegg + Universal interface comfort 8gang flush-mounted,"assumed 1=active, UNVERIFIED",1.001,keep,2882876c-1b9b-486c-91ae-5574caa3aa37,2882876c-1b9b-486c-91ae-5574caa3aa37 c47c3caf-a439-4dbc-90f4-3ea53b516084,0/1/12,yes,0,2026-08-31T14:12:45,0.1,yes
C,0/1/13,433.195,433.195,ElectricalDistribution,Overspenningsvern,CapabilityTypeState,BooleanDetection,fa2055e2-b556-49a4-9fbf-7b527a11d146,2,SD Anlegg + Universal interface comfort 8gang flush-mounted,"assumed 1=active, UNVERIFIED",1.001,keep,fa2055e2-b556-49a4-9fbf-7b527a11d146,fa2055e2-b556-49a4-9fbf-7b527a11d146 796575c2-d640-4f45-9341-18db6970d7f8,0/1/13,yes,,,,never
C,0/1/14,433.196,433.196,ElectricalDistribution,Overspenningsvern,CapabilityTypeState,BooleanDetection,c508f5fe-bb9d-485b-9688-9fe3ca82f163,2,SD Anlegg + Universal interface comfort 8gang flush-mounted,"assumed 1=active, UNVERIFIED",1.001,keep,c508f5fe-bb9d-485b-9688-9fe3ca82f163,c508f5fe-bb9d-485b-9688-9fe3ca82f163 f169b5e9-d2b0-4e34-9f9f-dd53d7a8a6eb,0/1/14,yes,0,2026-08-31T14:12:43,0.1,yes
C,0/1/15,433.197,433.197,ElectricalDistribution,Overspenningsvern,CapabilityTypeState,BooleanDetection,71c19fe2-9de6-43c6-abbe-935ad72a15fa,2,SD Anlegg + Universal interface comfort 8gang flush-mounted,"assumed 1=active, UNVERIFIED",1.001,keep,71c19fe2-9de6-43c6-abbe-935ad72a15fa,71c19fe2-9de6-43c6-abbe-935ad72a15fa e0a85be1-c718-40f2-a8bc-76452f0ab0db,0/1/15,yes,0,2026-08-31T14:12:42,0.1,yes
C,0/1/16,433.198,433.198,ElectricalDistribution,Overspenningsvern,CapabilityTypeState,BooleanDetection,f512042c-b7bf-4fc8-a9f0-b4c1fc760fda,2,SD Anlegg + Universal interface comfort 8gang flush-mounted,"assumed 1=active, UNVERIFIED",1.001,keep,f512042c-b7bf-4fc8-a9f0-b4c1fc760fda,f512042c-b7bf-4fc8-a9f0-b4c1fc760fda 7dc30d22-4b05-41ef-8bec-41ff13711488,0/1/16,yes,0,2026-08-31T14:12:45,0.1,yes
C,0/1/17,433.291,433.291,ElectricalDistribution,Overspenningsvern,CapabilityTypeState,BooleanDetection,0c31c386-bfa6-471b-a095-da5089cde875,2,SD Anlegg + Universal interface comfort 8gang flush-mounted,"assumed 1=active, UNVERIFIED",1.001,keep,0c31c386-bfa6-471b-a095-da5089cde875,0c31c386-bfa6-471b-a095-da5089cde875 54a20008-8524-46fe-9484-5fe6396f94c1,0/1/17,yes,0,2026-08-31T14:12:44,0.1,yes
C,0/1/18,433.292,433.292,ElectricalDistribution,Overspenningsvern,CapabilityTypeState,BooleanDetection,f6ae9d15-28be-4237-a4fb-4afe7b3d6078,2,SD Anlegg + Universal interface comfort 8gang flush-mounted,"assumed 1=active, UNVERIFIED",1.001,keep,f6ae9d15-28be-4237-a4fb-4afe7b3d6078,f6ae9d15-28be-4237-a4fb-4afe7b3d6078 57e7ea3f-aacf-4c80-b8d1-eab0bd548ca0,0/1/18,yes,0,2026-08-31T14:12:42,0.1,yes
C,0/1/19,433.293,433.293,ElectricalDistribution,Overspenningsvern,CapabilityTypeState,BooleanDetection,82ea4f62-1a04-49e7-bb1c-bee6f77a8070,2,SD Anlegg + Universal interface comfort 8gang flush-mounted,"assumed 1=active, UNVERIFIED",1.001,keep,82ea4f62-1a04-49e7-bb1c-bee6f77a8070,82ea4f62-1a04-49e7-bb1c-bee6f77a8070 9d4602a7-50b8-4e94-b33e-dca3de6bddd2,0/1/19,yes,0,2026-08-31T14:12:41,0.1,yes
C,0/1/20,433.294,433.294,ElectricalDistribution,Overspenningsvern,CapabilityTypeState,BooleanDetection,d3eb55b8-ab10-48a1-bd0c-4c46464970f2,2,SD Anlegg + Universal interface comfort 8gang flush-mounted,"assumed 1=active, UNVERIFIED",1.001,keep,d3eb55b8-ab10-48a1-bd0c-4c46464970f2,d3eb55b8-ab10-48a1-bd0c-4c46464970f2 7da501a1-b060-4cd2-a18f-a70711a2fdeb,0/1/,NO,0,2026-08-31T00:46:31,13.6,yes
C,0/1/21,433.295,433.295,ElectricalDistribution,Overspenningsvern,CapabilityTypeState,BooleanDetection,1c2e8ebf-3f91-4e6b-aac4-ce0f572f0be5,2,SD Anlegg + Universal interface comfort 8gang flush-mounted,"assumed 1=active, UNVERIFIED",1.001,keep,1c2e8ebf-3f91-4e6b-aac4-ce0f572f0be5,1c2e8ebf-3f91-4e6b-aac4-ce0f572f0be5 911a4fb3-e62c-4c5e-9c30-2fee7f1d35e5,0/1/21,yes,0,2026-08-31T14:12:30,0.1,yes
C,0/1/22,433.296,433.296,ElectricalDistribution,Overspenningsvern,CapabilityTypeState,BooleanDetection,7ec734dc-45d8-4cc3-b025-7d9594624eab,2,SD Anlegg + Universal interface comfort 8gang flush-mounted,"assumed 1=active, UNVERIFIED",1.001,keep,7ec734dc-45d8-4cc3-b025-7d9594624eab,7ec734dc-45d8-4cc3-b025-7d9594624eab e0cf051a-ca2e-46ac-abff-af5c6dc30241,0/1/22,yes,0,2026-08-31T14:12:30,0.1,yes
C,0/1/23,433.297,433.297,ElectricalDistribution,Overspenningsvern,CapabilityTypeState,BooleanDetection,02584558-347f-41f0-82ac-592f99cb0dc2,2,SD Anlegg + Universal interface comfort 8gang flush-mounted,"assumed 1=active, UNVERIFIED",1.001,keep,02584558-347f-41f0-82ac-592f99cb0dc2,02584558-347f-41f0-82ac-592f99cb0dc2 696c13cb-5aaa-401a-87ae-960928b53a2c,0/1/23,yes,0,2026-08-31T14:12:33,0.1,yes
C,0/1/24,433.298,433.298,ElectricalDistribution,Overspenningsvern,CapabilityTypeState,BooleanDetection,8d469976-617a-4440-949a-e164e1e63507,2,SD Anlegg + Universal interface comfort 8gang flush-mounted,"assumed 1=active, UNVERIFIED",1.001,keep,8d469976-617a-4440-949a-e164e1e63507,8d469976-617a-4440-949a-e164e1e63507 c6db065b-fb31-49a0-96f9-a58ba9ca738c,0/1/24,yes,0,2026-08-31T14:12:32,0.1,yes
C,0/1/25,433.299,433.299,ElectricalDistribution,Overspenningsvern,CapabilityTypeState,BooleanDetection,db3e5f0b-c094-4305-885e-f15f47444f16,1,SD Anlegg,"assumed 1=active, UNVERIFIED",1.001,keep,db3e5f0b-c094-4305-885e-f15f47444f16,db3e5f0b-c094-4305-885e-f15f47444f16,0/1/25,yes,,,,never
C,0/1/26,433.491,433.491,ElectricalDistribution,Overspenningsvern,CapabilityTypeState,BooleanDetection,b9fa01cd-75f4-461d-8e64-a81a39b91153,1,SD Anlegg,"assumed 1=active, UNVERIFIED",1.001,keep,b9fa01cd-75f4-461d-8e64-a81a39b91153,b9fa01cd-75f4-461d-8e64-a81a39b91153,0/1/26,yes,,,,never
C,0/1/27,433.492,433.492,ElectricalDistribution,Overspenningsvern,CapabilityTypeState,BooleanDetection,fb5915a0-86b2-46b1-b9bd-3f9c18c4747d,1,SD Anlegg,"assumed 1=active, UNVERIFIED",1.001,keep,fb5915a0-86b2-46b1-b9bd-3f9c18c4747d,fb5915a0-86b2-46b1-b9bd-3f9c18c4747d,0/1/27,yes,,,,never
C,0/1/28,433.493,433.493,ElectricalDistribution,Overspenningsvern,CapabilityTypeState,BooleanDetection,c6397669-ec56-48b3-a4b0-f4a8d60620e2,1,SD Anlegg,"assumed 1=active, UNVERIFIED",1.001,keep,c6397669-ec56-48b3-a4b0-f4a8d60620e2,c6397669-ec56-48b3-a4b0-f4a8d60620e2,0/1/28,yes,,,,never
C,0/1/29,433.494,433.494,ElectricalDistribution,Overspenningsvern,CapabilityTypeState,BooleanDetection,62964343-39e3-4bd5-8269-5a6d99790136,1,SD Anlegg,"assumed 1=active, UNVERIFIED",1.001,keep,62964343-39e3-4bd5-8269-5a6d99790136,62964343-39e3-4bd5-8269-5a6d99790136,0/1/29,yes,,,,never
C,0/1/30,433.495,433.495,ElectricalDistribution,Overspenningsvern,CapabilityTypeState,BooleanDetection,4b6d7c01-b477-44b0-9cb5-b1ed99bb3170,1,SD Anlegg,"assumed 1=active, UNVERIFIED",1.001,keep,4b6d7c01-b477-44b0-9cb5-b1ed99bb3170,4b6d7c01-b477-44b0-9cb5-b1ed99bb3170,0/1/30,yes,,,,never
C,0/1/31,433.496,433.496,ElectricalDistribution,Overspenningsvern,CapabilityTypeState,BooleanDetection,1e98309c-1a71-4446-a134-4b6f0927101f,1,SD Anlegg,"assumed 1=active, UNVERIFIED",1.001,keep,1e98309c-1a71-4446-a134-4b6f0927101f,1e98309c-1a71-4446-a134-4b6f0927101f,0/1/31,yes,,,,never
C,0/1/32,433.497,433.497,ElectricalDistribution,Overspenningsvern,CapabilityTypeState,BooleanDetection,5792ba8f-27bc-434e-84d0-8485045c1ca2,1,SD Anlegg,"assumed 1=active, UNVERIFIED",1.001,keep,5792ba8f-27bc-434e-84d0-8485045c1ca2,5792ba8f-27bc-434e-84d0-8485045c1ca2,0/1/32,yes,,,,never
C,0/1/33,433.591,433.591,ElectricalDistribution,Overspenningsvern,CapabilityTypeState,BooleanDetection,08347d35-71c6-4b7f-87e3-7edf53d29462,1,SD Anlegg,"assumed 1=active, UNVERIFIED",1.001,keep,08347d35-71c6-4b7f-87e3-7edf53d29462,08347d35-71c6-4b7f-87e3-7edf53d29462,0/1/33,yes,,,,never
C,0/1/34,433.592,433.592,ElectricalDistribution,Overspenningsvern,CapabilityTypeState,BooleanDetection,2cad13ec-7874-42c5-aeb9-6af2bb13f0c0,1,SD Anlegg,"assumed 1=active, UNVERIFIED",1.001,keep,2cad13ec-7874-42c5-aeb9-6af2bb13f0c0,2cad13ec-7874-42c5-aeb9-6af2bb13f0c0,0/1/34,yes,,,,never
C,0/1/35,433.593,433.593,ElectricalDistribution,Overspenningsvern,CapabilityTypeState,BooleanDetection,b047b302-eb55-463d-9838-a2867ae4968b,1,SD Anlegg,"assumed 1=active, UNVERIFIED",1.001,keep,b047b302-eb55-463d-9838-a2867ae4968b,b047b302-eb55-463d-9838-a2867ae4968b,0/1/35,yes,,,,never
C,0/1/36,433.594,433.594,ElectricalDistribution,Overspenningsvern,CapabilityTypeState,BooleanDetection,cf7ba9d6-2d25-4799-96e8-58ebc3529591,1,SD Anlegg,"assumed 1=active, UNVERIFIED",1.001,keep,cf7ba9d6-2d25-4799-96e8-58ebc3529591,cf7ba9d6-2d25-4799-96e8-58ebc3529591,0/1/36,yes,,,,never
C,0/1/37,433.595,433.595,ElectricalDistribution,Overspenningsvern,CapabilityTypeState,BooleanDetection,db16a8a7-f678-4e7e-9a8d-adcc421319b7,1,SD Anlegg,"assumed 1=active, UNVERIFIED",1.001,keep,db16a8a7-f678-4e7e-9a8d-adcc421319b7,db16a8a7-f678-4e7e-9a8d-adcc421319b7,0/1/37,yes,,,,never
C,0/1/38,433.596,433.596,ElectricalDistribution,Overspenningsvern,CapabilityTypeState,BooleanDetection,5e4945ee-f196-47e0-b05c-ff51a1db958d,1,SD Anlegg,"assumed 1=active, UNVERIFIED",1.001,keep,5e4945ee-f196-47e0-b05c-ff51a1db958d,5e4945ee-f196-47e0-b05c-ff51a1db958d,0/1/38,yes,,,,never
C,0/1/39,433.597,433.597,ElectricalDistribution,Overspenningsvern,CapabilityTypeState,BooleanDetection,6f047451-a1d2-40fd-905f-43733910557e,1,SD Anlegg,"assumed 1=active, UNVERIFIED",1.001,keep,6f047451-a1d2-40fd-905f-43733910557e,6f047451-a1d2-40fd-905f-43733910557e,0/1/39,yes,,,,never
C,0/1/40,433.691,433.691,ElectricalDistribution,Overspenningsvern,CapabilityTypeState,BooleanDetection,c60d8032-40eb-4f5e-8f80-5c13b5317f20,1,SD Anlegg,"assumed 1=active, UNVERIFIED",1.001,keep,c60d8032-40eb-4f5e-8f80-5c13b5317f20,c60d8032-40eb-4f5e-8f80-5c13b5317f20,0/1/40,yes,,,,never
C,0/1/41,433.692,433.692,ElectricalDistribution,Overspenningsvern,CapabilityTypeState,BooleanDetection,a8a975f5-15ce-4453-add8-31a37052b3ae,1,SD Anlegg,"assumed 1=active, UNVERIFIED",1.001,keep,a8a975f5-15ce-4453-add8-31a37052b3ae,a8a975f5-15ce-4453-add8-31a37052b3ae,0/1/41,yes,,,,never
C,0/1/42,433.693,433.693,ElectricalDistribution,Overspenningsvern,CapabilityTypeState,BooleanDetection,28bbc7b7-a68f-49cf-ac1c-0f763dfc3053,1,SD Anlegg,"assumed 1=active, UNVERIFIED",1.001,keep,28bbc7b7-a68f-49cf-ac1c-0f763dfc3053,28bbc7b7-a68f-49cf-ac1c-0f763dfc3053,0/1/42,yes,,,,never
C,0/1/43,433.694,433.694,ElectricalDistribution,Overspenningsvern,CapabilityTypeState,BooleanDetection,16aa5465-5901-4ccb-a55a-0384e4ee0919,1,SD Anlegg,"assumed 1=active, UNVERIFIED",1.001,keep,16aa5465-5901-4ccb-a55a-0384e4ee0919,16aa5465-5901-4ccb-a55a-0384e4ee0919,0/1/43,yes,,,,never
C,0/1/44,433.695,433.695,ElectricalDistribution,Overspenningsvern,CapabilityTypeState,BooleanDetection,e6288209-6865-42a2-8f37-2ea7c029baa8,1,SD Anlegg,"assumed 1=active, UNVERIFIED",1.001,keep,e6288209-6865-42a2-8f37-2ea7c029baa8,e6288209-6865-42a2-8f37-2ea7c029baa8,0/1/44,yes,,,,never
C,0/1/45,433.696,433.696,ElectricalDistribution,Overspenningsvern,CapabilityTypeState,BooleanDetection,8c520913-ddd9-4d24-b047-ddcedceb668c,1,SD Anlegg,"assumed 1=active, UNVERIFIED",1.001,keep,8c520913-ddd9-4d24-b047-ddcedceb668c,8c520913-ddd9-4d24-b047-ddcedceb668c,0/1/45,yes,,,,never
C,0/1/46,433.697,433.697,ElectricalDistribution,Overspenningsvern,CapabilityTypeState,BooleanDetection,a0b733b0-2318-4d66-9dc7-f0753c7d4c42,1,SD Anlegg,"assumed 1=active, UNVERIFIED",1.001,keep,a0b733b0-2318-4d66-9dc7-f0753c7d4c42,a0b733b0-2318-4d66-9dc7-f0753c7d4c42,0/1/46,yes,,,,never
C,0/2/1,433.001,433.001,ElectricalDistribution,Jordfeilvern,CapabilityTypeState,BooleanDetection,6db57630-ccdb-4890-9cf7-c008d2152f06,2,SD Anlegg + Universal interface comfort 8gang flush-mounted,"assumed 1=active, UNVERIFIED",1.001,keep,6db57630-ccdb-4890-9cf7-c008d2152f06,6db57630-ccdb-4890-9cf7-c008d2152f06 0cf38964-6d09-419b-925d-220e8a902e17,0/2/1,yes,1,2026-08-31T14:12:34,0.1,yes
C,0/2/2,433.002,433.002,ElectricalDistribution,Jordfeilvern,CapabilityTypeState,BooleanDetection,01b2dfc2-7afa-4ed6-92a2-06724a5dc91a,2,SD Anlegg + Universal interface comfort 8gang flush-mounted,"assumed 1=active, UNVERIFIED",1.001,keep,01b2dfc2-7afa-4ed6-92a2-06724a5dc91a,01b2dfc2-7afa-4ed6-92a2-06724a5dc91a e78d81eb-c232-4c99-bee6-3013571ed07d,0/2/2,yes,0,2026-08-31T14:12:30,0.1,yes
C,0/2/3,433.003,433.003,ElectricalDistribution,Jordfeilvern,CapabilityTypeState,BooleanDetection,f4786642-8eca-4242-a14f-1d32c723409a,2,SD Anlegg + Universal interface comfort 8gang flush-mounted,"assumed 1=active, UNVERIFIED",1.001,keep,f4786642-8eca-4242-a14f-1d32c723409a,f4786642-8eca-4242-a14f-1d32c723409a cb4714f0-a3dc-468c-9358-2221214d589a,0/2/3,yes,1,2026-08-31T14:12:31,0.1,yes
C,0/2/4,433.011,433.011,ElectricalDistribution,Jordfeilvern,CapabilityTypeState,BooleanDetection,3ecf82b8-2deb-445d-80c7-6a05c347b4c0,2,SD Anlegg + Universal interface comfort 8gang flush-mounted,"assumed 1=active, UNVERIFIED",1.001,keep,3ecf82b8-2deb-445d-80c7-6a05c347b4c0,3ecf82b8-2deb-445d-80c7-6a05c347b4c0 0125d236-120c-4ee1-ad9a-c9e5305d9875,0/2/4,yes,1,2026-08-31T14:12:45,0.1,yes
C,0/2/6,433.013,433.013,ElectricalDistribution,Jordfeilvern,CapabilityTypeState,BooleanDetection,6fb31192-d198-4ece-a585-6c17b3b9d548,2,SD Anlegg + Universal interface comfort 8gang flush-mounted,"assumed 1=active, UNVERIFIED",1.001,keep,6fb31192-d198-4ece-a585-6c17b3b9d548,6fb31192-d198-4ece-a585-6c17b3b9d548 6d432ada-af28-4c52-8f10-e466cabaf9b3,0/2/6,yes,0,2026-08-31T14:12:44,0.1,yes
C,0/2/7,433.014,433.014,ElectricalDistribution,Jordfeilvern,CapabilityTypeState,BooleanDetection,9a59ecb9-66b8-46d5-9b75-97c9ddd16060,2,SD Anlegg + Universal interface comfort 8gang flush-mounted,"assumed 1=active, UNVERIFIED",1.001,keep,9a59ecb9-66b8-46d5-9b75-97c9ddd16060,9a59ecb9-66b8-46d5-9b75-97c9ddd16060 baff5adf-6184-442b-b5e2-bb9d875f1de6,0/2/7,yes,0,2026-08-31T14:12:44,0.1,yes
C,0/2/8,433.015,433.015,ElectricalDistribution,Jordfeilvern,CapabilityTypeState,BooleanDetection,3ad75075-cfd6-43ba-80ba-241666600e7d,2,SD Anlegg + Universal interface comfort 8gang flush-mounted,"assumed 1=active, UNVERIFIED",1.001,keep,3ad75075-cfd6-43ba-80ba-241666600e7d,3ad75075-cfd6-43ba-80ba-241666600e7d 7624340b-d407-49a9-a3b0-3fa8df33afa6,0/2/8,yes,1,2026-08-31T14:12:50,0.1,yes
C,0/2/12,433.194,433.194,ElectricalDistribution,Jordfeilvern,CapabilityTypeState,BooleanDetection,ffc30d88-fb19-4571-a26d-cffcf2cbd6b3,2,SD Anlegg + Universal interface comfort 8gang flush-mounted,"assumed 1=active, UNVERIFIED",1.001,keep,ffc30d88-fb19-4571-a26d-cffcf2cbd6b3,ffc30d88-fb19-4571-a26d-cffcf2cbd6b3 cb20d8b9-110c-4244-a37c-5d678445997b,0/2/12,yes,0,2026-08-31T14:12:57,0.1,yes
C,0/2/16,433.198,433.198,ElectricalDistribution,Jordfeilvern,CapabilityTypeState,BooleanDetection,b831a4c6-d767-4071-8b08-84fba80ab010,2,SD Anlegg + Universal interface comfort 8gang flush-mounted,"assumed 1=active, UNVERIFIED",1.001,keep,b831a4c6-d767-4071-8b08-84fba80ab010,b831a4c6-d767-4071-8b08-84fba80ab010 6f1df494-907e-4f89-a05a-a5a54c8fb92a,0/2/16,yes,1,2026-08-31T14:12:35,0.1,yes
C,0/2/26,433.491,433.491,ElectricalDistribution,Jordfeilvern,CapabilityTypeState,BooleanDetection,c622b790-ff2b-4e05-b969-e05cfa51022f,1,SD Anlegg,"assumed 1=active, UNVERIFIED",1.001,keep,c622b790-ff2b-4e05-b969-e05cfa51022f,c622b790-ff2b-4e05-b969-e05cfa51022f,0/2/26,yes,,,,never
C,0/2/27,433.492,433.492,ElectricalDistribution,Jordfeilvern,CapabilityTypeState,BooleanDetection,d7c7e7c0-56d8-4431-b843-dacd674e0ae4,1,SD Anlegg,"assumed 1=active, UNVERIFIED",1.001,keep,d7c7e7c0-56d8-4431-b843-dacd674e0ae4,d7c7e7c0-56d8-4431-b843-dacd674e0ae4,0/2/27,yes,,,,never
C,0/2/28,433.493,433.493,ElectricalDistribution,Jordfeilvern,CapabilityTypeState,BooleanDetection,6dbac3e8-8be2-4e46-99fe-bf80918c9fae,1,SD Anlegg,"assumed 1=active, UNVERIFIED",1.001,keep,6dbac3e8-8be2-4e46-99fe-bf80918c9fae,6dbac3e8-8be2-4e46-99fe-bf80918c9fae,0/2/28,yes,,,,never
C,0/2/29,433.494,433.494,ElectricalDistribution,Jordfeilvern,CapabilityTypeState,BooleanDetection,2a7b9cf9-7671-4fa1-b221-a46264aa441f,1,SD Anlegg,"assumed 1=active, UNVERIFIED",1.001,keep,2a7b9cf9-7671-4fa1-b221-a46264aa441f,2a7b9cf9-7671-4fa1-b221-a46264aa441f,0/2/29,yes,,,,never
C,0/2/30,433.495,433.495,ElectricalDistribution,Jordfeilvern,CapabilityTypeState,BooleanDetection,9ae65a46-d2d9-4a8e-9db5-55c83fd2fd9d,1,SD Anlegg,"assumed 1=active, UNVERIFIED",1.001,keep,9ae65a46-d2d9-4a8e-9db5-55c83fd2fd9d,9ae65a46-d2d9-4a8e-9db5-55c83fd2fd9d,0/2/30,yes,,,,never
C,0/2/31,433.496,433.496,ElectricalDistribution,Jordfeilvern,CapabilityTypeState,BooleanDetection,66426619-6b47-4b0c-89f3-cbb9d03c7fa0,1,SD Anlegg,"assumed 1=active, UNVERIFIED",1.001,keep,66426619-6b47-4b0c-89f3-cbb9d03c7fa0,66426619-6b47-4b0c-89f3-cbb9d03c7fa0,0/2/31,yes,,,,never
C,0/2/32,433.497,433.497,ElectricalDistribution,Jordfeilvern,CapabilityTypeState,BooleanDetection,4ad599e5-0ddc-48b3-9885-737981b39c06,1,SD Anlegg,"assumed 1=active, UNVERIFIED",1.001,keep,4ad599e5-0ddc-48b3-9885-737981b39c06,4ad599e5-0ddc-48b3-9885-737981b39c06,0/2/32,yes,,,,never
C,0/2/33,433.591,433.591,ElectricalDistribution,Jordfeilvern,CapabilityTypeState,BooleanDetection,b1924ad3-47b6-43b0-9603-049f801a0ce1,1,SD Anlegg,"assumed 1=active, UNVERIFIED",1.001,keep,b1924ad3-47b6-43b0-9603-049f801a0ce1,b1924ad3-47b6-43b0-9603-049f801a0ce1,0/2/33,yes,,,,never
C,0/2/34,433.592,433.592,ElectricalDistribution,Jordfeilvern,CapabilityTypeState,BooleanDetection,ba02ed84-8a7e-487b-84d4-d20a24421166,1,SD Anlegg,"assumed 1=active, UNVERIFIED",1.001,keep,ba02ed84-8a7e-487b-84d4-d20a24421166,ba02ed84-8a7e-487b-84d4-d20a24421166,0/2/34,yes,,,,never
C,0/2/35,433.593,433.593,ElectricalDistribution,Jordfeilvern,CapabilityTypeState,BooleanDetection,d77bc1c3-cc92-4225-9b74-e50ac2ce88fe,1,SD Anlegg,"assumed 1=active, UNVERIFIED",1.001,keep,d77bc1c3-cc92-4225-9b74-e50ac2ce88fe,d77bc1c3-cc92-4225-9b74-e50ac2ce88fe,0/2/35,yes,,,,never
C,0/2/36,433.594,433.594,ElectricalDistribution,Jordfeilvern,CapabilityTypeState,BooleanDetection,14a99e9c-11b9-4fe7-b95b-7a5fbdb63b6d,1,SD Anlegg,"assumed 1=active, UNVERIFIED",1.001,keep,14a99e9c-11b9-4fe7-b95b-7a5fbdb63b6d,14a99e9c-11b9-4fe7-b95b-7a5fbdb63b6d,0/2/36,yes,,,,never
C,0/2/37,433.595,433.595,ElectricalDistribution,Jordfeilvern,CapabilityTypeState,BooleanDetection,5548e445-f1eb-44b2-bdf3-4b61304452eb,1,SD Anlegg,"assumed 1=active, UNVERIFIED",1.001,keep,5548e445-f1eb-44b2-bdf3-4b61304452eb,5548e445-f1eb-44b2-bdf3-4b61304452eb,0/2/37,yes,,,,never
C,0/2/38,433.596,433.596,ElectricalDistribution,Jordfeilvern,CapabilityTypeState,BooleanDetection,49f0de57-345b-4dae-9e26-6547f4b0d218,1,SD Anlegg,"assumed 1=active, UNVERIFIED",1.001,keep,49f0de57-345b-4dae-9e26-6547f4b0d218,49f0de57-345b-4dae-9e26-6547f4b0d218,0/2/38,yes,,,,never
C,0/2/39,433.597,433.597,ElectricalDistribution,Jordfeilvern,CapabilityTypeState,BooleanDetection,c1418bee-abb7-4a42-b84e-9a61e99578fb,1,SD Anlegg,"assumed 1=active, UNVERIFIED",1.001,keep,c1418bee-abb7-4a42-b84e-9a61e99578fb,c1418bee-abb7-4a42-b84e-9a61e99578fb,0/2/39,yes,,,,never
C,0/3/1,Varmekabel frostsikring på vannrør,,ElectricalDistribution,Frostsikring,CapabilityTypeState,BooleanDetection,d6f55294-c4a5-4b89-89a7-55017c51f756,2,"SD Anlegg + Switch actuator, 4 fold, universal","assumed 1=active, UNVERIFIED",1.001,keep,d6f55294-c4a5-4b89-89a7-55017c51f756,d6f55294-c4a5-4b89-89a7-55017c51f756 27eec567-294c-4901-ace6-d9668944e56e,0/3/1,yes,0,2026-08-31T14:12:35,0.1,yes
A,0/7/0,HT1 Isolasjonsåvervåkning feil,,ElectricalDistribution,Hovedtavle 1+2,CapabilityTypeAlarm,BooleanDetection,c9971753-0c90-4a2a-bf3e-0a96b9d1da1d,2,SD Anlegg + Universal interface comfort 8gang flush-mounted,"assumed 1=active, UNVERIFIED",1.001,keep,c9971753-0c90-4a2a-bf3e-0a96b9d1da1d,c9971753-0c90-4a2a-bf3e-0a96b9d1da1d a817f035-5658-45f7-92d9-a793bd3f02e3,0/7/0,yes,0,2026-08-31T14:12:36,0.1,yes
A,0/7/1,HT1 Isolasjonsåvervåkning jordfeil,,ElectricalDistribution,Hovedtavle 1+2,CapabilityTypeState,BooleanDetection,4eb464f6-2893-4460-b49d-d9d8231ed8ca,2,SD Anlegg + Universal interface comfort 8gang flush-mounted,"assumed 1=active, UNVERIFIED",1.001,keep,4eb464f6-2893-4460-b49d-d9d8231ed8ca,4eb464f6-2893-4460-b49d-d9d8231ed8ca e8692561-0203-4c7f-8c2e-ddf08285d535,7/1/0,NO,,,,never
A,0/7/2,HT1 Overspenningsvern,,ElectricalDistribution,Hovedtavle 1+2,CapabilityTypeState,BooleanDetection,2660b8d0-e192-4319-9271-fbfcaba686d9,2,SD Anlegg + Universal interface comfort 8gang flush-mounted,"assumed 1=active, UNVERIFIED",1.001,keep,2660b8d0-e192-4319-9271-fbfcaba686d9,2660b8d0-e192-4319-9271-fbfcaba686d9 d3c7393a-5ded-4e73-ad19-a43dcf3ecc5a,0/7/2,yes,0,2026-08-30T16:47:20,21.5,yes
A,0/7/3,HT1 Effektbryter utløst,,ElectricalDistribution,Hovedtavle 1+2,CapabilityTypeState,BooleanDetection,7fa3ac08-23f8-4544-8e2a-8e1f645e23ee,2,SD Anlegg + Universal interface comfort 8gang flush-mounted,"assumed 1=active, UNVERIFIED",1.*,defer,7fa3ac08-23f8-4544-8e2a-8e1f645e23ee,7fa3ac08-23f8-4544-8e2a-8e1f645e23ee e8e815fe-e852-4b6b-becd-7d1bd17c32e1,0/7/3,yes,0,2026-08-30T16:47:21,21.5,yes
A,0/7/5,HT1-HT2 Er Temp,,ElectricalDistribution,Hovedtavle 1+2,Temperature,Celsius,d6ffe59a-be92-481b-b84c-505d5a8560f5,2,RAM 713 S + SD Anlegg,"assumed 1=active, UNVERIFIED",9.001,keep,d6ffe59a-be92-481b-b84c-505d5a8560f5,d6ffe59a-be92-481b-b84c-505d5a8560f5 c7b539fb-f92a-4107-944d-3f560ce14ae6,0/7/5,yes,26.8,2026-08-31T14:00:14,0.3,yes
A,0/7/7,HT2 Isolasjonsåvervåkning feil,,ElectricalDistribution,Hovedtavle 1+2,CapabilityTypeAlarm,BooleanDetection,a91c10a7-4f10-4412-80db-00c0be4d7707,2,SD Anlegg + Universal interface comfort 8gang flush-mounted,"assumed 1=active, UNVERIFIED",1.001,keep,a91c10a7-4f10-4412-80db-00c0be4d7707,a91c10a7-4f10-4412-80db-00c0be4d7707 16d80396-acd2-4e8c-ac5b-bce7f833fba9,0/7/7,yes,0,2026-08-30T15:04:57,23.3,yes
A,0/7/8,HT2 Isolasjonsåvervåkning jordfeil,,ElectricalDistribution,Hovedtavle 1+2,CapabilityTypeState,BooleanDetection,07a1c9ba-2907-4797-aaf2-aab1fd3c9f7b,2,SD Anlegg + Universal interface comfort 8gang flush-mounted,"assumed 1=active, UNVERIFIED",1.001,keep,07a1c9ba-2907-4797-aaf2-aab1fd3c9f7b,07a1c9ba-2907-4797-aaf2-aab1fd3c9f7b c5b8142c-d261-4803-8e50-b3cc79cd607b,0/7/8,yes,0,2026-08-30T15:04:57,23.3,yes
A,0/7/9,HT2 Overspenningsvern,,ElectricalDistribution,Hovedtavle 1+2,CapabilityTypeState,BooleanDetection,38887c23-aada-4aa9-8b4b-c7891250816a,2,SD Anlegg + Universal interface comfort 8gang flush-mounted,"assumed 1=active, UNVERIFIED",1.001,keep,38887c23-aada-4aa9-8b4b-c7891250816a,38887c23-aada-4aa9-8b4b-c7891250816a 26c02ba6-071b-4419-80ca-ac73eb08c353,0/7/9,yes,0,2026-08-31T13:32:36,0.8,yes
A,0/7/10,HT2 Effektbryter utløst,,ElectricalDistribution,Hovedtavle 1+2,CapabilityTypeState,BooleanDetection,f3523db7-0d3e-42b1-a3c6-e0580eed747d,2,SD Anlegg + Universal interface comfort 8gang flush-mounted,"assumed 1=active, UNVERIFIED",1.*,defer,f3523db7-0d3e-42b1-a3c6-e0580eed747d,f3523db7-0d3e-42b1-a3c6-e0580eed747d 9e1c1b55-723a-4acb-adcd-cb6483dec12d,0/7/10,yes,0,2026-08-31T11:32:34,2.8,yes
C,1/0/0,UPS EF 521.001,UPS EF 521.001,UPS_Doors,Feil,CapabilityTypeState,BooleanDetection,8ed7bbec-a598-4e18-a801-f8582f4f1091,2,SD Anlegg + Universal interface comfort 8gang flush-mounted,"assumed 1=fault, UNVERIFIED",1.001,keep,8ed7bbec-a598-4e18-a801-f8582f4f1091,8ed7bbec-a598-4e18-a801-f8582f4f1091 95f3a7fa-cac1-41c7-bd82-d0b8d39ffa0d,1/0/0,yes,0,2026-08-31T14:12:55,0.1,yes
C,1/0/1,UPS EF 521.002,UPS EF 521.002,UPS_Doors,Feil,CapabilityTypeState,BooleanDetection,5310bc62-9526-4ae4-8ff7-5bd36bd2eafc,2,SD Anlegg + Universal interface comfort 8gang flush-mounted,"assumed 1=fault, UNVERIFIED",1.001,keep,5310bc62-9526-4ae4-8ff7-5bd36bd2eafc,5310bc62-9526-4ae4-8ff7-5bd36bd2eafc 6c0d8ace-ca7d-40fb-b269-af732f206312,1/0/1,yes,0,2026-08-31T14:12:54,0.1,yes
C,1/0/2,UPS EF 521.003,UPS EF 521.003,UPS_Doors,Feil,CapabilityTypeState,BooleanDetection,3dfec957-30ad-4884-9854-f36627ce1697,2,SD Anlegg + Universal interface comfort 8gang flush-mounted,"assumed 1=fault, UNVERIFIED",1.001,keep,3dfec957-30ad-4884-9854-f36627ce1697,3dfec957-30ad-4884-9854-f36627ce1697 7836d6e7-8b4a-4de9-bb9b-764cfdb044ad,1/0/2,yes,0,2026-08-31T14:12:55,0.1,yes
C,1/0/3,UPS EF 521.011,UPS EF 521.011,UPS_Doors,Feil,CapabilityTypeState,BooleanDetection,6f5ecf65-859d-4598-baea-12398e410e3f,2,SD Anlegg + Universal interface comfort 8gang flush-mounted,"assumed 1=fault, UNVERIFIED",1.001,keep,6f5ecf65-859d-4598-baea-12398e410e3f,6f5ecf65-859d-4598-baea-12398e410e3f 394c316c-0b2d-4c2e-a629-1992ace2f323,1/0/3,yes,0,2026-08-31T02:21:35,12.0,yes
C,1/0/4,UPS EF 521.012,UPS EF 521.012,UPS_Doors,Feil,CapabilityTypeState,BooleanDetection,bc5aa5cf-c1c4-45b3-93cf-e51e4baf0fa5,2,SD Anlegg + Universal interface comfort 8gang flush-mounted,"assumed 1=fault, UNVERIFIED",1.001,keep,bc5aa5cf-c1c4-45b3-93cf-e51e4baf0fa5,bc5aa5cf-c1c4-45b3-93cf-e51e4baf0fa5 18c27cd3-deb4-409e-8b94-39b0d13041fe,1/0/4,yes,0,2026-08-31T14:12:55,0.1,yes
C,1/0/5,UPS EF 521.013,UPS EF 521.013,UPS_Doors,Feil,CapabilityTypeState,BooleanDetection,3a0cab53-6d7d-4e7d-a016-868ffc1717ed,2,SD Anlegg + Universal interface comfort 8gang flush-mounted,"assumed 1=fault, UNVERIFIED",1.001,keep,3a0cab53-6d7d-4e7d-a016-868ffc1717ed,3a0cab53-6d7d-4e7d-a016-868ffc1717ed 92f08483-9207-46ff-ba69-3a5db99fab1f,1/0/5,yes,0,2026-08-31T14:12:52,0.1,yes
C,1/0/6,UPS EF 521.014,UPS EF 521.014,UPS_Doors,Feil,CapabilityTypeState,BooleanDetection,2305863c-90aa-4d9c-8580-32f50b525345,2,SD Anlegg + Universal interface comfort 8gang flush-mounted,"assumed 1=fault, UNVERIFIED",1.001,keep,2305863c-90aa-4d9c-8580-32f50b525345,2305863c-90aa-4d9c-8580-32f50b525345 600ea062-3bf1-4493-8970-5f1a1003c8b7,1/0/6,yes,0,2026-08-31T14:12:52,0.1,yes
C,1/0/7,UPS EF 521.015,UPS EF 521.015,UPS_Doors,Feil,CapabilityTypeState,BooleanDetection,f1a4d242-e12d-40f0-8edd-08ce974683f0,2,SD Anlegg + Universal interface comfort 8gang flush-mounted,"assumed 1=fault, UNVERIFIED",1.001,keep,f1a4d242-e12d-40f0-8edd-08ce974683f0,f1a4d242-e12d-40f0-8edd-08ce974683f0 6e00614e-0946-437c-aa19-f3f28ad0ec91,1/0/7,yes,0,2026-08-31T14:12:53,0.1,yes
C,1/0/8,UPS EF 521.191,UPS EF 521.191,UPS_Doors,Feil,CapabilityTypeState,BooleanDetection,755d6704-bfc3-4074-82f3-e8f6bdb539e6,2,SD Anlegg + Universal interface comfort 8gang flush-mounted,"assumed 1=fault, UNVERIFIED",1.001,keep,755d6704-bfc3-4074-82f3-e8f6bdb539e6,755d6704-bfc3-4074-82f3-e8f6bdb539e6 2232c085-bc77-4ea3-8ef7-757ab75b0ce9,1/0/8,yes,,,,never
C,1/0/9,UPS EF 521.192,UPS EF 521.192,UPS_Doors,Feil,CapabilityTypeState,BooleanDetection,10ba6e1c-3be1-4f1e-8719-f5860569187f,2,SD Anlegg + Universal interface comfort 8gang flush-mounted,"assumed 1=fault, UNVERIFIED",1.001,keep,10ba6e1c-3be1-4f1e-8719-f5860569187f,10ba6e1c-3be1-4f1e-8719-f5860569187f 4efdab6c-597a-4776-9c3b-a2affce84f75,1/0/9,yes,0,2026-08-31T14:12:53,0.1,yes
C,1/0/10,UPS EF 521.193,UPS EF 521.193,UPS_Doors,Feil,CapabilityTypeState,BooleanDetection,493e77c1-4564-47c7-b143-172317c17439,2,SD Anlegg + Universal interface comfort 8gang flush-mounted,"assumed 1=fault, UNVERIFIED",1.001,keep,493e77c1-4564-47c7-b143-172317c17439,493e77c1-4564-47c7-b143-172317c17439 4301d6bd-ef80-4180-9099-cd6666a43a2b,1/0/10,yes,0,2026-08-31T14:12:34,0.1,yes
C,1/0/11,UPS EF 521.194,UPS EF 521.194,UPS_Doors,Feil,CapabilityTypeState,BooleanDetection,35e3c86d-8c95-4bee-a498-53a8131022fa,2,SD Anlegg + Universal interface comfort 8gang flush-mounted,"assumed 1=fault, UNVERIFIED",1.001,keep,35e3c86d-8c95-4bee-a498-53a8131022fa,35e3c86d-8c95-4bee-a498-53a8131022fa 516236b7-dcf8-4ee4-82e7-4c4c8b824cda,1/0/11,yes,0,2026-08-31T14:12:35,0.1,yes
C,1/0/12,UPS EF 521.195,UPS EF 521.195,UPS_Doors,Feil,CapabilityTypeState,BooleanDetection,761ffb31-59e4-4afa-b852-e68cf6569258,2,SD Anlegg + Universal interface comfort 8gang flush-mounted,"assumed 1=fault, UNVERIFIED",1.001,keep,761ffb31-59e4-4afa-b852-e68cf6569258,761ffb31-59e4-4afa-b852-e68cf6569258 05612e4b-8570-4bdc-a1f6-7a9135cb293b,1/0/12,yes,,,,never
C,1/0/13,UPS EF 521.196,UPS EF 521.196,UPS_Doors,Feil,CapabilityTypeState,BooleanDetection,8d1d35cb-a3ca-4356-bf5d-2a63b42889be,2,SD Anlegg + Universal interface comfort 8gang flush-mounted,"assumed 1=fault, UNVERIFIED",1.001,keep,8d1d35cb-a3ca-4356-bf5d-2a63b42889be,8d1d35cb-a3ca-4356-bf5d-2a63b42889be 3089456b-da47-4a1e-8670-0719e057dfc2,1/0/13,yes,0,2026-08-31T14:12:34,0.1,yes
C,1/0/14,UPS EF 521.197,UPS EF 521.197,UPS_Doors,Feil,CapabilityTypeState,BooleanDetection,9090a762-b450-4a28-ac25-e2ce9eb3791b,2,SD Anlegg + Universal interface comfort 8gang flush-mounted,"assumed 1=fault, UNVERIFIED",1.001,keep,9090a762-b450-4a28-ac25-e2ce9eb3791b,9090a762-b450-4a28-ac25-e2ce9eb3791b ce20d339-cad7-44f7-b80f-95dbe9dd76cc,1/0/14,yes,0,2026-08-31T14:12:31,0.1,yes
C,1/0/15,UPS EF 521.198,UPS EF 521.198,UPS_Doors,Feil,CapabilityTypeState,BooleanDetection,172d24f5-e3f2-42d5-90de-d851fb2a1ce7,2,SD Anlegg + Universal interface comfort 8gang flush-mounted,"assumed 1=fault, UNVERIFIED",1.001,keep,172d24f5-e3f2-42d5-90de-d851fb2a1ce7,172d24f5-e3f2-42d5-90de-d851fb2a1ce7 209fefc8-2f5e-4848-bef5-649c48c6e39f,1/0/15,yes,0,2026-08-31T14:12:33,0.1,yes
C,1/0/16,UPS EF 521.291,UPS EF 521.291,UPS_Doors,Feil,CapabilityTypeState,BooleanDetection,6110e3b2-9064-4801-8ee2-a06e4c35fe7e,2,SD Anlegg + Universal interface comfort 8gang flush-mounted,"assumed 1=fault, UNVERIFIED",1.001,keep,6110e3b2-9064-4801-8ee2-a06e4c35fe7e,6110e3b2-9064-4801-8ee2-a06e4c35fe7e 899ef05f-a29f-4ea0-b093-b200dbc82c12,1/0/16,yes,0,2026-08-30T18:41:50,19.6,yes
C,1/0/17,UPS EF 521.292,UPS EF 521.292,UPS_Doors,Feil,CapabilityTypeState,BooleanDetection,0693bc41-a011-4345-bd33-95ce64e15ae4,2,SD Anlegg + Universal interface comfort 8gang flush-mounted,"assumed 1=fault, UNVERIFIED",1.001,keep,0693bc41-a011-4345-bd33-95ce64e15ae4,0693bc41-a011-4345-bd33-95ce64e15ae4 44e08070-6046-4b44-a3e5-f43b650678b3,1/0/17,yes,0,2026-08-31T10:02:27,4.3,yes
C,1/0/18,UPS EF 521.293,UPS EF 521.293,UPS_Doors,Feil,CapabilityTypeState,BooleanDetection,74c67f61-1228-41f5-abfb-2747b3ea250e,2,SD Anlegg + Universal interface comfort 8gang flush-mounted,"assumed 1=fault, UNVERIFIED",1.001,keep,74c67f61-1228-41f5-abfb-2747b3ea250e,74c67f61-1228-41f5-abfb-2747b3ea250e c176c2a9-7bf6-4e16-999d-8a7b4f711943,1/0/18,yes,0,2026-08-31T14:12:39,0.1,yes
C,1/0/19,UPS EF 521.294,UPS EF 521.294,UPS_Doors,Feil,CapabilityTypeState,BooleanDetection,9f679717-e7ed-4523-8fc8-c244924b0f70,2,SD Anlegg + Universal interface comfort 8gang flush-mounted,"assumed 1=fault, UNVERIFIED",1.001,keep,9f679717-e7ed-4523-8fc8-c244924b0f70,9f679717-e7ed-4523-8fc8-c244924b0f70 8394b9ff-3aff-4c56-b7c9-460d5b766d08,1/0/19,yes,0,2026-08-31T00:46:31,13.6,yes
C,1/0/20,UPS EF 521.295,UPS EF 521.295,UPS_Doors,Feil,CapabilityTypeState,BooleanDetection,c08db6f7-3a2c-479c-8f79-b7e704a52da7,2,SD Anlegg + Universal interface comfort 8gang flush-mounted,"assumed 1=fault, UNVERIFIED",1.001,keep,c08db6f7-3a2c-479c-8f79-b7e704a52da7,c08db6f7-3a2c-479c-8f79-b7e704a52da7 f6b83e82-5372-419f-8045-9ccaf6ebb918,1/0/,NO,0,2026-08-31T04:14:27,10.1,yes
C,1/0/21,UPS EF 521.296,UPS EF 521.296,UPS_Doors,Feil,CapabilityTypeState,BooleanDetection,16d4f2b9-4633-409a-94be-0a6b093ea6ea,2,SD Anlegg + Universal interface comfort 8gang flush-mounted,"assumed 1=fault, UNVERIFIED",1.001,keep,16d4f2b9-4633-409a-94be-0a6b093ea6ea,16d4f2b9-4633-409a-94be-0a6b093ea6ea 5e787e50-07bb-4f20-a2da-01b9b6ac8c26,1/0/21,yes,0,2026-08-31T14:12:43,0.1,yes
C,1/0/22,UPS EF 521.297,UPS EF 521.297,UPS_Doors,Feil,CapabilityTypeState,BooleanDetection,871078f7-83de-4015-b83a-4c8dd21a701c,2,SD Anlegg + Universal interface comfort 8gang flush-mounted,"assumed 1=fault, UNVERIFIED",1.001,keep,871078f7-83de-4015-b83a-4c8dd21a701c,871078f7-83de-4015-b83a-4c8dd21a701c f2754eb2-2cfe-4752-ad76-7e8571164a07,1/0/22,yes,0,2026-08-31T14:12:45,0.1,yes
C,1/0/23,UPS EF 521.298,UPS EF 521.298,UPS_Doors,Feil,CapabilityTypeState,BooleanDetection,3bb15052-37c2-44ab-9587-46a53057588f,1,SD Anlegg,"assumed 1=fault, UNVERIFIED",1.001,keep,3bb15052-37c2-44ab-9587-46a53057588f,3bb15052-37c2-44ab-9587-46a53057588f,1/0/23,yes,,,,never
C,1/0/24,UPS EF 521.IKT MAIN,,UPS_Doors,Feil,CapabilityTypeState,BooleanDetection,96ec68d4-db27-4023-94c8-15926907508a,2,SD Anlegg,"assumed 1=fault, UNVERIFIED",1.001,keep,96ec68d4-db27-4023-94c8-15926907508a,96ec68d4-db27-4023-94c8-15926907508a 7b13fff9-1ee8-46e7-98fc-2e5c051c9570,1/0/24,yes,0,2026-08-30T05:57:52,32.4,stale
C,1/0/25,UPS EF 521.IKT MAIN,,UPS_Doors,Feil,CapabilityTypeState,BooleanDetection,7b13fff9-1ee8-46e7-98fc-2e5c051c9570,2,SD Anlegg,"assumed 1=fault, UNVERIFIED",1.001,keep,7b13fff9-1ee8-46e7-98fc-2e5c051c9570,7b13fff9-1ee8-46e7-98fc-2e5c051c9570 96ec68d4-db27-4023-94c8-15926907508a,1/0/25,yes,0,2026-08-30T05:58:55,32.4,stale
C,1/0/36,UPS UTEMAST 433.015,,UPS_Doors,Feil,CapabilityTypeState,BooleanDetection,5a6d31f8-f615-493f-842b-3e830425e7ec,1,SD Anlegg,"assumed 1=fault, UNVERIFIED",1.001,keep,5a6d31f8-f615-493f-842b-3e830425e7ec,5a6d31f8-f615-493f-842b-3e830425e7ec,1/0/36,yes,,,,never
C,1/0/37,UPS UTEMAST 433.002,,UPS_Doors,Feil,CapabilityTypeState,BooleanDetection,344c6e3a-d1f1-405f-b5d4-b7b91bacceaa,1,SD Anlegg,"assumed 1=fault, UNVERIFIED",1.001,keep,344c6e3a-d1f1-405f-b5d4-b7b91bacceaa,344c6e3a-d1f1-405f-b5d4-b7b91bacceaa,1/0/37,yes,,,,never
C,1/0/47,UPS DØR  27 U2 A TEK.ROM A1,,UPS_Doors,Feil,CapabilityTypeState,BooleanDetection,,1,SD Anlegg,"assumed 1=fault, UNVERIFIED",1.001,keep,,,,,,,,NO SENSOR
C,1/0/48,UPS DØR  28 U2 A TEK.ROM A1,,UPS_Doors,Feil,CapabilityTypeState,BooleanDetection,,1,SD Anlegg,"assumed 1=fault, UNVERIFIED",1.001,keep,,,,,,,,NO SENSOR
C,1/0/49,UPS DØR  29 U2 A TEK.ROM A1,,UPS_Doors,Feil,CapabilityTypeState,BooleanDetection,,1,SD Anlegg,"assumed 1=fault, UNVERIFIED",1.001,keep,,,,,,,,NO SENSOR
C,1/0/50,UPS DØR  30,,UPS_Doors,Feil,CapabilityTypeState,BooleanDetection,,1,SD Anlegg,"assumed 1=fault, UNVERIFIED",1.001,keep,,,,,,,,NO SENSOR
C,1/0/51,UPS DØR  31,,UPS_Doors,Feil,CapabilityTypeState,BooleanDetection,,1,SD Anlegg,"assumed 1=fault, UNVERIFIED",1.001,keep,,,,,,,,NO SENSOR
C,1/0/52,UPS DØR  32,,UPS_Doors,Feil,CapabilityTypeState,BooleanDetection,,1,SD Anlegg,"assumed 1=fault, UNVERIFIED",1.001,keep,,,,,,,,NO SENSOR
C,1/0/53,UPS DØR  33,,UPS_Doors,Feil,CapabilityTypeState,BooleanDetection,,1,SD Anlegg,"assumed 1=fault, UNVERIFIED",1.001,keep,,,,,,,,NO SENSOR
C,1/0/54,UPS DØR  34 U2 A TRAPP 7,,UPS_Doors,Feil,CapabilityTypeState,BooleanDetection,,1,SD Anlegg,"assumed 1=fault, UNVERIFIED",1.001,keep,,,,,,,,NO SENSOR
C,1/0/55,UPS DØR  35 U2 A TRAPP 7,,UPS_Doors,Feil,CapabilityTypeState,BooleanDetection,,1,SD Anlegg,"assumed 1=fault, UNVERIFIED",1.001,keep,,,,,,,,NO SENSOR
C,1/0/56,UPS DØR  36,,UPS_Doors,Feil,CapabilityTypeState,BooleanDetection,,1,SD Anlegg,"assumed 1=fault, UNVERIFIED",1.001,keep,,,,,,,,NO SENSOR
C,1/0/57,UPS DØR  37,,UPS_Doors,Feil,CapabilityTypeState,BooleanDetection,,1,SD Anlegg,"assumed 1=fault, UNVERIFIED",1.001,keep,,,,,,,,NO SENSOR
C,1/0/58,UPS DØR  38,,UPS_Doors,Feil,CapabilityTypeState,BooleanDetection,,1,SD Anlegg,"assumed 1=fault, UNVERIFIED",1.001,keep,,,,,,,,NO SENSOR
C,1/0/59,UPS DØR  39,,UPS_Doors,Feil,CapabilityTypeState,BooleanDetection,,1,SD Anlegg,"assumed 1=fault, UNVERIFIED",1.001,keep,,,,,,,,NO SENSOR
C,1/0/60,UPS DØR  40 U2 B TRAPP 6,,UPS_Doors,Feil,CapabilityTypeState,BooleanDetection,,1,SD Anlegg,"assumed 1=fault, UNVERIFIED",1.001,keep,,,,,,,,NO SENSOR
C,1/0/61,UPS DØR  41 U2 B TRAPP 6,,UPS_Doors,Feil,CapabilityTypeState,BooleanDetection,,1,SD Anlegg,"assumed 1=fault, UNVERIFIED",1.001,keep,,,,,,,,NO SENSOR
C,1/0/62,UPS DØR  42 U2 B TRAPP 5,,UPS_Doors,Feil,CapabilityTypeState,BooleanDetection,,1,SD Anlegg,"assumed 1=fault, UNVERIFIED",1.001,keep,,,,,,,,NO SENSOR
C,1/0/63,UPS DØR  43 U2 B TRAPP 5,,UPS_Doors,Feil,CapabilityTypeState,BooleanDetection,,1,SD Anlegg,"assumed 1=fault, UNVERIFIED",1.001,keep,,,,,,,,NO SENSOR
C,1/0/64,UPS DØR  44,,UPS_Doors,Feil,CapabilityTypeState,BooleanDetection,,1,SD Anlegg,"assumed 1=fault, UNVERIFIED",1.001,keep,,,,,,,,NO SENSOR
C,1/0/65,UPS DØR  45,,UPS_Doors,Feil,CapabilityTypeState,BooleanDetection,,1,SD Anlegg,"assumed 1=fault, UNVERIFIED",1.001,keep,,,,,,,,NO SENSOR
C,1/0/66,UPS DØR  46 U2 B RT 1+2,,UPS_Doors,Feil,CapabilityTypeState,BooleanDetection,,1,SD Anlegg,"assumed 1=fault, UNVERIFIED",1.001,keep,,,,,,,,NO SENSOR
C,1/0/67,UPS DØR  47 U2 B RT 1+2,,UPS_Doors,Feil,CapabilityTypeState,BooleanDetection,,1,SD Anlegg,"assumed 1=fault, UNVERIFIED",1.001,keep,,,,,,,,NO SENSOR
C,1/0/68,UPS DØR  48,,UPS_Doors,Feil,CapabilityTypeState,BooleanDetection,,1,SD Anlegg,"assumed 1=fault, UNVERIFIED",1.001,keep,,,,,,,,NO SENSOR
C,1/0/69,UPS DØR  49,,UPS_Doors,Feil,CapabilityTypeState,BooleanDetection,,1,SD Anlegg,"assumed 1=fault, UNVERIFIED",1.001,keep,,,,,,,,NO SENSOR
C,1/0/70,UPS DØR 50 U2 B TRAPP 4,UPS DØR 50,UPS_Doors,Feil,CapabilityTypeState,BooleanDetection,6c7644cd-21b6-4564-a92a-636834144d8c,1,SD Anlegg,"assumed 1=fault, UNVERIFIED",1.001,keep,6c7644cd-21b6-4564-a92a-636834144d8c,6c7644cd-21b6-4564-a92a-636834144d8c,1/0/70,yes,0,2026-08-30T05:59:00,32.4,stale
C,1/0/71,UPS DØR  51 U2 B TRAPP 4,,UPS_Doors,Feil,CapabilityTypeState,BooleanDetection,,1,SD Anlegg,"assumed 1=fault, UNVERIFIED",1.001,keep,,,,,,,,NO SENSOR
C,1/0/72,UPS DØR  52 U2 B TRAPP 4,,UPS_Doors,Feil,CapabilityTypeState,BooleanDetection,,1,SD Anlegg,"assumed 1=fault, UNVERIFIED",1.001,keep,,,,,,,,NO SENSOR
C,1/0/73,UPS DØR  53 U2 C RØMNING,,UPS_Doors,Feil,CapabilityTypeState,BooleanDetection,,1,SD Anlegg,"assumed 1=fault, UNVERIFIED",1.001,keep,,,,,,,,NO SENSOR
C,1/0/74,UPS DØR 54 U2 C RØMNING,UPS DØR 54,UPS_Doors,Feil,CapabilityTypeState,BooleanDetection,41c23dbd-a0e1-47a9-9494-fe29eb20fee5,1,SD Anlegg,"assumed 1=fault, UNVERIFIED",1.001,keep,41c23dbd-a0e1-47a9-9494-fe29eb20fee5,41c23dbd-a0e1-47a9-9494-fe29eb20fee5,1/0/74,yes,,,,never
C,1/0/75,UPS DØR  55 U2 C RØMNING,,UPS_Doors,Feil,CapabilityTypeState,BooleanDetection,,1,SD Anlegg,"assumed 1=fault, UNVERIFIED",1.001,keep,,,,,,,,NO SENSOR
C,1/0/76,UPS DØR  56 U2 C TRAPP 1,,UPS_Doors,Feil,CapabilityTypeState,BooleanDetection,,1,SD Anlegg,"assumed 1=fault, UNVERIFIED",1.001,keep,,,,,,,,NO SENSOR
C,1/0/77,UPS DØR  57 U2 C TRAPP 1,,UPS_Doors,Feil,CapabilityTypeState,BooleanDetection,,1,SD Anlegg,"assumed 1=fault, UNVERIFIED",1.001,keep,,,,,,,,NO SENSOR
C,1/0/78,UPS DØR  58 U1 A VARE-A,,UPS_Doors,Feil,CapabilityTypeState,BooleanDetection,,1,SD Anlegg,"assumed 1=fault, UNVERIFIED",1.001,keep,,,,,,,,NO SENSOR
C,1/0/79,UPS DØR  59 U1 A VARE-A,,UPS_Doors,Feil,CapabilityTypeState,BooleanDetection,,1,SD Anlegg,"assumed 1=fault, UNVERIFIED",1.001,keep,,,,,,,,NO SENSOR
C,1/0/80,UPS DØR  60 U1 A VARE-A,,UPS_Doors,Feil,CapabilityTypeState,BooleanDetection,,1,SD Anlegg,"assumed 1=fault, UNVERIFIED",1.001,keep,,,,,,,,NO SENSOR
C,1/0/81,UPS DØR 61 U1 A VARE-A,UPS DØR 61,UPS_Doors,Feil,CapabilityTypeState,BooleanDetection,8911c708-f5b4-4b30-9d99-8a87475c2441,1,SD Anlegg,"assumed 1=fault, UNVERIFIED",1.001,keep,8911c708-f5b4-4b30-9d99-8a87475c2441,8911c708-f5b4-4b30-9d99-8a87475c2441,1/0/81,yes,,,,never
C,1/0/82,UPS DØR  62 U1 A VARE-A,,UPS_Doors,Feil,CapabilityTypeState,BooleanDetection,,1,SD Anlegg,"assumed 1=fault, UNVERIFIED",1.001,keep,,,,,,,,NO SENSOR
C,1/0/83,UPS DØR  63 U1 A VARE-A,,UPS_Doors,Feil,CapabilityTypeState,BooleanDetection,,1,SD Anlegg,"assumed 1=fault, UNVERIFIED",1.001,keep,,,,,,,,NO SENSOR
C,1/0/84,UPS DØR  64 U1 A VARE-A,,UPS_Doors,Feil,CapabilityTypeState,BooleanDetection,,1,SD Anlegg,"assumed 1=fault, UNVERIFIED",1.001,keep,,,,,,,,NO SENSOR
C,1/0/85,UPS DØR  65 U1 A VARE-A,,UPS_Doors,Feil,CapabilityTypeState,BooleanDetection,,1,SD Anlegg,"assumed 1=fault, UNVERIFIED",1.001,keep,,,,,,,,NO SENSOR
C,1/0/86,UPS DØR  66 U1 A VARE-A,,UPS_Doors,Feil,CapabilityTypeState,BooleanDetection,,1,SD Anlegg,"assumed 1=fault, UNVERIFIED",1.001,keep,,,,,,,,NO SENSOR
C,1/0/87,UPS DØR  67,,UPS_Doors,Feil,CapabilityTypeState,BooleanDetection,,1,SD Anlegg,"assumed 1=fault, UNVERIFIED",1.001,keep,,,,,,,,NO SENSOR
C,1/0/88,UPS DØR  68,,UPS_Doors,Feil,CapabilityTypeState,BooleanDetection,,1,SD Anlegg,"assumed 1=fault, UNVERIFIED",1.001,keep,,,,,,,,NO SENSOR
C,1/0/89,UPS DØR  69,,UPS_Doors,Feil,CapabilityTypeState,BooleanDetection,,1,SD Anlegg,"assumed 1=fault, UNVERIFIED",1.001,keep,,,,,,,,NO SENSOR
C,1/0/90,UPS DØR  70,,UPS_Doors,Feil,CapabilityTypeState,BooleanDetection,,1,SD Anlegg,"assumed 1=fault, UNVERIFIED",1.001,keep,,,,,,,,NO SENSOR
C,1/0/91,UPS DØR  71 U1 A TRAPP 7,,UPS_Doors,Feil,CapabilityTypeState,BooleanDetection,,1,SD Anlegg,"assumed 1=fault, UNVERIFIED",1.001,keep,,,,,,,,NO SENSOR
C,1/0/92,UPS DØR  72 U1 A TRAPP 7,,UPS_Doors,Feil,CapabilityTypeState,BooleanDetection,,1,SD Anlegg,"assumed 1=fault, UNVERIFIED",1.001,keep,,,,,,,,NO SENSOR
C,1/0/93,UPS DØR  73 U1 A ANSATT GARD.,,UPS_Doors,Feil,CapabilityTypeState,BooleanDetection,,1,SD Anlegg,"assumed 1=fault, UNVERIFIED",1.001,keep,,,,,,,,NO SENSOR
C,1/0/94,UPS DØR  74 U1 A ANSATT GARD.,,UPS_Doors,Feil,CapabilityTypeState,BooleanDetection,,1,SD Anlegg,"assumed 1=fault, UNVERIFIED",1.001,keep,,,,,,,,NO SENSOR
C,1/0/95,UPS DØR  75 U1 A ANSATT GARD.,,UPS_Doors,Feil,CapabilityTypeState,BooleanDetection,,1,SD Anlegg,"assumed 1=fault, UNVERIFIED",1.001,keep,,,,,,,,NO SENSOR
C,1/0/96,UPS DØR  76,,UPS_Doors,Feil,CapabilityTypeState,BooleanDetection,,1,SD Anlegg,"assumed 1=fault, UNVERIFIED",1.001,keep,,,,,,,,NO SENSOR
C,1/0/97,UPS DØR  77,,UPS_Doors,Feil,CapabilityTypeState,BooleanDetection,,1,SD Anlegg,"assumed 1=fault, UNVERIFIED",1.001,keep,,,,,,,,NO SENSOR
C,1/0/98,UPS DØR  78 U1 B BLOKK 4,,UPS_Doors,Feil,CapabilityTypeState,BooleanDetection,,1,SD Anlegg,"assumed 1=fault, UNVERIFIED",1.001,keep,,,,,,,,NO SENSOR
C,1/0/99,UPS DØR  79 U1 B BLOKK 4,,UPS_Doors,Feil,CapabilityTypeState,BooleanDetection,,1,SD Anlegg,"assumed 1=fault, UNVERIFIED",1.001,keep,,,,,,,,NO SENSOR
C,1/0/100,UPS DØR  80,,UPS_Doors,Feil,CapabilityTypeState,BooleanDetection,,1,SD Anlegg,"assumed 1=fault, UNVERIFIED",1.001,keep,,,,,,,,NO SENSOR
C,1/0/101,UPS DØR  81,,UPS_Doors,Feil,CapabilityTypeState,BooleanDetection,,1,SD Anlegg,"assumed 1=fault, UNVERIFIED",1.001,keep,,,,,,,,NO SENSOR
C,1/0/102,UPS DØR  82,,UPS_Doors,Feil,CapabilityTypeState,BooleanDetection,,1,SD Anlegg,"assumed 1=fault, UNVERIFIED",1.001,keep,,,,,,,,NO SENSOR
C,1/0/103,UPS DØR  83,,UPS_Doors,Feil,CapabilityTypeState,BooleanDetection,,1,SD Anlegg,"assumed 1=fault, UNVERIFIED",1.001,keep,,,,,,,,NO SENSOR
C,1/0/104,UPS DØR  84,,UPS_Doors,Feil,CapabilityTypeState,BooleanDetection,,1,SD Anlegg,"assumed 1=fault, UNVERIFIED",1.001,keep,,,,,,,,NO SENSOR
C,1/0/105,UPS DØR  85,,UPS_Doors,Feil,CapabilityTypeState,BooleanDetection,,1,SD Anlegg,"assumed 1=fault, UNVERIFIED",1.001,keep,,,,,,,,NO SENSOR
C,1/0/106,UPS DØR  86 U1 B,,UPS_Doors,Feil,CapabilityTypeState,BooleanDetection,,1,SD Anlegg,"assumed 1=fault, UNVERIFIED",1.001,keep,,,,,,,,NO SENSOR
C,1/0/107,UPS DØR  87 U1 B TRAPP 4,,UPS_Doors,Feil,CapabilityTypeState,BooleanDetection,,1,SD Anlegg,"assumed 1=fault, UNVERIFIED",1.001,keep,,,,,,,,NO SENSOR
C,1/0/108,UPS DØR  88 U1 B TEK.ROM A1,,UPS_Doors,Feil,CapabilityTypeState,BooleanDetection,,1,SD Anlegg,"assumed 1=fault, UNVERIFIED",1.001,keep,,,,,,,,NO SENSOR
C,1/0/109,UPS DØR  89 U1 B TEK.ROM A1,,UPS_Doors,Feil,CapabilityTypeState,BooleanDetection,,1,SD Anlegg,"assumed 1=fault, UNVERIFIED",1.001,keep,,,,,,,,NO SENSOR
C,1/0/110,UPS DØR  90 U1 B TEK.ROM A1,,UPS_Doors,Feil,CapabilityTypeState,BooleanDetection,,1,SD Anlegg,"assumed 1=fault, UNVERIFIED",1.001,keep,,,,,,,,NO SENSOR
C,1/0/111,UPS DØR  91 U1 B RØMNING,,UPS_Doors,Feil,CapabilityTypeState,BooleanDetection,,1,SD Anlegg,"assumed 1=fault, UNVERIFIED",1.001,keep,,,,,,,,NO SENSOR
C,1/0/112,UPS DØR  92 U1 B RØMNING,,UPS_Doors,Feil,CapabilityTypeState,BooleanDetection,,1,SD Anlegg,"assumed 1=fault, UNVERIFIED",1.001,keep,,,,,,,,NO SENSOR
C,1/0/113,UPS DØR  93 U1 C TRAPP 1,,UPS_Doors,Feil,CapabilityTypeState,BooleanDetection,,1,SD Anlegg,"assumed 1=fault, UNVERIFIED",1.001,keep,,,,,,,,NO SENSOR
C,1/0/114,UPS DØR  94 U1 C TRAPP 1,,UPS_Doors,Feil,CapabilityTypeState,BooleanDetection,,1,SD Anlegg,"assumed 1=fault, UNVERIFIED",1.001,keep,,,,,,,,NO SENSOR
C,1/0/115,UPS DØR  95 U1 A VARE-A,,UPS_Doors,Feil,CapabilityTypeState,BooleanDetection,,1,SD Anlegg,"assumed 1=fault, UNVERIFIED",1.001,keep,,,,,,,,NO SENSOR
C,1/0/116,UPS DØR  96 U1 A TRAPP 9,,UPS_Doors,Feil,CapabilityTypeState,BooleanDetection,,1,SD Anlegg,"assumed 1=fault, UNVERIFIED",1.001,keep,,,,,,,,NO SENSOR
C,1/0/117,UPS DØR  97 U1 A TRAPP 9,,UPS_Doors,Feil,CapabilityTypeState,BooleanDetection,,1,SD Anlegg,"assumed 1=fault, UNVERIFIED",1.001,keep,,,,,,,,NO SENSOR
C,1/0/118,UPS DØR  98 U1 B SYKKELPARK,,UPS_Doors,Feil,CapabilityTypeState,BooleanDetection,,1,SD Anlegg,"assumed 1=fault, UNVERIFIED",1.001,keep,,,,,,,,NO SENSOR
C,1/0/119,UPS DØR  99 U1 B TRAPP 6,,UPS_Doors,Feil,CapabilityTypeState,BooleanDetection,,1,SD Anlegg,"assumed 1=fault, UNVERIFIED",1.001,keep,,,,,,,,NO SENSOR
C,1/0/120,UPS DØR 100 01 A 100,UPS DØR 100,UPS_Doors,Feil,CapabilityTypeState,BooleanDetection,1a38f3c0-b334-4575-ace7-f7d8f9c29cf6,1,SD Anlegg,"assumed 1=fault, UNVERIFIED",1.001,keep,1a38f3c0-b334-4575-ace7-f7d8f9c29cf6,1a38f3c0-b334-4575-ace7-f7d8f9c29cf6,1/0/1,NO,0,2026-08-30T05:58:06,32.4,stale
C,1/0/121,UPS DØR 101 01 A 100,UPS DØR 101,UPS_Doors,Feil,CapabilityTypeState,BooleanDetection,cb9e5a80-2afc-4ead-892a-560d5b17eb9a,1,SD Anlegg,"assumed 1=fault, UNVERIFIED",1.001,keep,cb9e5a80-2afc-4ead-892a-560d5b17eb9a,cb9e5a80-2afc-4ead-892a-560d5b17eb9a,1/0/121,yes,0,2026-08-30T05:58:40,32.4,stale
C,1/0/122,UPS DØR 102 01 A 100,UPS DØR 102,UPS_Doors,Feil,CapabilityTypeState,BooleanDetection,ae748a5f-767b-406a-b183-f7f430eab337,1,SD Anlegg,"assumed 1=fault, UNVERIFIED",1.001,keep,ae748a5f-767b-406a-b183-f7f430eab337,ae748a5f-767b-406a-b183-f7f430eab337,1/0/122,yes,0,2026-08-30T05:58:32,32.4,stale
C,1/0/123,UPS DØR 103,UPS DØR 103,UPS_Doors,Feil,CapabilityTypeState,BooleanDetection,359d18b5-a12f-4e81-b552-c78c4390c1e0,1,SD Anlegg,"assumed 1=fault, UNVERIFIED",1.001,keep,359d18b5-a12f-4e81-b552-c78c4390c1e0,359d18b5-a12f-4e81-b552-c78c4390c1e0,1/0/123,yes,,,,never
C,1/0/124,UPS DØR 104,UPS DØR 104,UPS_Doors,Feil,CapabilityTypeState,BooleanDetection,f07e426c-e9b9-4e0d-8617-10217d875951,1,SD Anlegg,"assumed 1=fault, UNVERIFIED",1.001,keep,f07e426c-e9b9-4e0d-8617-10217d875951,f07e426c-e9b9-4e0d-8617-10217d875951,1/0/124,yes,,,,never
C,1/0/125,UPS DØR 105 01 A TRAPP 7,UPS DØR 105,UPS_Doors,Feil,CapabilityTypeState,BooleanDetection,77159b0c-6437-412b-9581-bf422b6285b2,1,SD Anlegg,"assumed 1=fault, UNVERIFIED",1.001,keep,77159b0c-6437-412b-9581-bf422b6285b2,77159b0c-6437-412b-9581-bf422b6285b2,1/0/125,yes,0,2026-08-30T05:59:18,32.3,stale
C,1/0/126,UPS DØR 106 01 A TRAPP 7,UPS DØR 106,UPS_Doors,Feil,CapabilityTypeState,BooleanDetection,d0d24348-0cdd-4b75-8b2a-2e9c98cf8a72,1,SD Anlegg,"assumed 1=fault, UNVERIFIED",1.001,keep,d0d24348-0cdd-4b75-8b2a-2e9c98cf8a72,d0d24348-0cdd-4b75-8b2a-2e9c98cf8a72,1/0/126,yes,0,2026-08-30T05:58:27,32.4,stale
C,1/0/127,UPS DØR 107 01 B 166,UPS DØR 107,UPS_Doors,Feil,CapabilityTypeState,BooleanDetection,97032098-9326-459b-9015-2fb60e951edb,1,SD Anlegg,"assumed 1=fault, UNVERIFIED",1.001,keep,97032098-9326-459b-9015-2fb60e951edb,97032098-9326-459b-9015-2fb60e951edb,1/0/127,yes,0,2026-08-30T05:56:17,32.4,stale
C,1/0/128,UPS DØR 108 01 B 166,UPS DØR 108,UPS_Doors,Feil,CapabilityTypeState,BooleanDetection,f9eab142-0693-444c-81e0-f85d5db04e56,1,SD Anlegg,"assumed 1=fault, UNVERIFIED",1.001,keep,f9eab142-0693-444c-81e0-f85d5db04e56,f9eab142-0693-444c-81e0-f85d5db04e56,1/0/128,yes,0,2026-08-30T05:57:50,32.4,stale
C,1/0/129,UPS DØR 109 01 B 166,UPS DØR 109,UPS_Doors,Feil,CapabilityTypeState,BooleanDetection,4a7c6103-7812-4e95-bc71-fd948409dc92,1,SD Anlegg,"assumed 1=fault, UNVERIFIED",1.001,keep,4a7c6103-7812-4e95-bc71-fd948409dc92,4a7c6103-7812-4e95-bc71-fd948409dc92,1/0/129,yes,0,2026-08-30T05:59:00,32.4,stale
C,1/0/130,UPS DØR 110 01 B 166,UPS DØR 110,UPS_Doors,Feil,CapabilityTypeState,BooleanDetection,b0e6c1d7-d680-4e57-b1aa-6aff60245ee9,1,SD Anlegg,"assumed 1=fault, UNVERIFIED",1.001,keep,b0e6c1d7-d680-4e57-b1aa-6aff60245ee9,b0e6c1d7-d680-4e57-b1aa-6aff60245ee9,1/0/130,yes,0,2026-08-30T05:58:26,32.4,stale
C,1/0/131,UPS DØR 111 01 B BLOKK 3,UPS DØR 111,UPS_Doors,Feil,CapabilityTypeState,BooleanDetection,046b8bec-97a5-4c4b-887c-cffdc47ee04b,1,SD Anlegg,"assumed 1=fault, UNVERIFIED",1.001,keep,046b8bec-97a5-4c4b-887c-cffdc47ee04b,046b8bec-97a5-4c4b-887c-cffdc47ee04b,1/0/131,yes,0,2026-08-30T05:58:42,32.4,stale
C,1/0/132,UPS DØR 112 01 B BLOKK 2,UPS DØR 112,UPS_Doors,Feil,CapabilityTypeState,BooleanDetection,acb64f34-db5f-47eb-8ebc-43f0bc99df84,1,SD Anlegg,"assumed 1=fault, UNVERIFIED",1.001,keep,acb64f34-db5f-47eb-8ebc-43f0bc99df84,acb64f34-db5f-47eb-8ebc-43f0bc99df84,1/0/132,yes,0,2026-08-30T05:59:11,32.3,stale
C,1/0/133,UPS DØR 113 01 C,UPS DØR 113,UPS_Doors,Feil,CapabilityTypeState,BooleanDetection,75b92b47-8179-4596-9585-136a29b78054,1,SD Anlegg,"assumed 1=fault, UNVERIFIED",1.001,keep,75b92b47-8179-4596-9585-136a29b78054,75b92b47-8179-4596-9585-136a29b78054,1/0/133,yes,0,2026-08-29T18:17:04,44.0,stale
C,1/0/134,UPS DØR 114 01 C,UPS DØR 114,UPS_Doors,Feil,CapabilityTypeState,BooleanDetection,77a345d4-9cfe-4e1d-8c88-59fb333341d8,1,SD Anlegg,"assumed 1=fault, UNVERIFIED",1.001,keep,77a345d4-9cfe-4e1d-8c88-59fb333341d8,77a345d4-9cfe-4e1d-8c88-59fb333341d8,1/0/134,yes,0,2026-08-29T18:13:57,44.1,stale
C,1/0/135,UPS DØR 115 01 C,UPS DØR 115,UPS_Doors,Feil,CapabilityTypeState,BooleanDetection,d84450cd-b848-4aba-80a8-3ca43f73ca89,1,SD Anlegg,"assumed 1=fault, UNVERIFIED",1.001,keep,d84450cd-b848-4aba-80a8-3ca43f73ca89,d84450cd-b848-4aba-80a8-3ca43f73ca89,1/0/135,yes,0,2026-08-29T18:16:35,44.1,stale
C,1/0/136,UPS DØR 116 01 C,UPS DØR 116,UPS_Doors,Feil,CapabilityTypeState,BooleanDetection,177bcaee-b7ff-4756-b46c-50544dbd0bf9,1,SD Anlegg,"assumed 1=fault, UNVERIFIED",1.001,keep,177bcaee-b7ff-4756-b46c-50544dbd0bf9,177bcaee-b7ff-4756-b46c-50544dbd0bf9,1/0/136,yes,,,,never
C,1/0/137,UPS DØR 117 01 C,UPS DØR 117,UPS_Doors,Feil,CapabilityTypeState,BooleanDetection,29fcca7a-fe05-46c4-8936-0714eef5fca8,1,SD Anlegg,"assumed 1=fault, UNVERIFIED",1.001,keep,29fcca7a-fe05-46c4-8936-0714eef5fca8,29fcca7a-fe05-46c4-8936-0714eef5fca8,1/0/137,yes,0,2026-08-29T11:02:50,51.3,stale
C,1/0/138,UPS DØR 118 01 C,UPS DØR 118,UPS_Doors,Feil,CapabilityTypeState,BooleanDetection,a2c0a1b1-a0b5-4e2d-87f4-0c20afce82ec,1,SD Anlegg,"assumed 1=fault, UNVERIFIED",1.001,keep,a2c0a1b1-a0b5-4e2d-87f4-0c20afce82ec,a2c0a1b1-a0b5-4e2d-87f4-0c20afce82ec,1/0/138,yes,,,,never
C,1/0/139,UPS DØR 119 01 B 168,UPS DØR 119,UPS_Doors,Feil,CapabilityTypeState,BooleanDetection,52ef54fe-16d2-4fad-a9c9-603b21518464,1,SD Anlegg,"assumed 1=fault, UNVERIFIED",1.001,keep,52ef54fe-16d2-4fad-a9c9-603b21518464,52ef54fe-16d2-4fad-a9c9-603b21518464,1/0/139,yes,0,2026-08-30T05:59:27,32.3,stale
C,1/0/140,UPS DØR 120 01 C,UPS DØR 120,UPS_Doors,Feil,CapabilityTypeState,BooleanDetection,08b99f15-9c44-418b-bb99-b837c7807e16,1,SD Anlegg,"assumed 1=fault, UNVERIFIED",1.001,keep,08b99f15-9c44-418b-bb99-b837c7807e16,08b99f15-9c44-418b-bb99-b837c7807e16,1/0/140,yes,,,,never
C,1/0/141,UPS DØR 121 01 B,UPS DØR 121,UPS_Doors,Feil,CapabilityTypeState,BooleanDetection,18efaaf2-b626-4508-9c9b-cba3b1f80aa2,1,SD Anlegg,"assumed 1=fault, UNVERIFIED",1.001,keep,18efaaf2-b626-4508-9c9b-cba3b1f80aa2,18efaaf2-b626-4508-9c9b-cba3b1f80aa2,1/0/141,yes,,,,never
C,1/0/142,UPS DØR 122 01 A 100,UPS DØR 122,UPS_Doors,Feil,CapabilityTypeState,BooleanDetection,9f2a8e7c-685e-4914-9ac8-2e08acbf64b7,1,SD Anlegg,"assumed 1=fault, UNVERIFIED",1.001,keep,9f2a8e7c-685e-4914-9ac8-2e08acbf64b7,9f2a8e7c-685e-4914-9ac8-2e08acbf64b7,1/0/142,yes,0,2026-08-30T05:58:38,32.4,stale
C,1/0/143,UPS DØR 123 01 A 100,UPS DØR 123,UPS_Doors,Feil,CapabilityTypeState,BooleanDetection,8b0e63d9-9bc6-4254-88c5-787229ecffa2,1,SD Anlegg,"assumed 1=fault, UNVERIFIED",1.001,keep,8b0e63d9-9bc6-4254-88c5-787229ecffa2,8b0e63d9-9bc6-4254-88c5-787229ecffa2,1/0/143,yes,0,2026-08-30T05:57:35,32.4,stale
C,1/0/144,UPS DØR 124 01 A 100,UPS DØR 124,UPS_Doors,Feil,CapabilityTypeState,BooleanDetection,d8f454c8-5961-4d7f-9592-9d05bc6456a9,1,SD Anlegg,"assumed 1=fault, UNVERIFIED",1.001,keep,d8f454c8-5961-4d7f-9592-9d05bc6456a9,d8f454c8-5961-4d7f-9592-9d05bc6456a9,1/0/144,yes,,,,never
C,1/0/145,UPS DØR 125 01 A 100,UPS DØR 125,UPS_Doors,Feil,CapabilityTypeState,BooleanDetection,31da5888-858f-415e-86d9-3158d159ff6b,1,SD Anlegg,"assumed 1=fault, UNVERIFIED",1.001,keep,31da5888-858f-415e-86d9-3158d159ff6b,31da5888-858f-415e-86d9-3158d159ff6b,1/0/145,yes,,,,never
C,1/0/146,UPS DØR 126 01 B V\TAVLE 194,UPS DØR 126,UPS_Doors,Feil,CapabilityTypeState,BooleanDetection,cd427ab2-5f6c-4c18-8e9f-5b0dc5c19d6a,1,SD Anlegg,"assumed 1=fault, UNVERIFIED",1.001,keep,cd427ab2-5f6c-4c18-8e9f-5b0dc5c19d6a,cd427ab2-5f6c-4c18-8e9f-5b0dc5c19d6a,1/0/146,yes,,,,never
C,1/0/147,UPS DØR 127 U1 B TRAPP 1,UPS DØR 127,UPS_Doors,Feil,CapabilityTypeState,BooleanDetection,9b42bdd7-f880-4d6e-b310-5fdb81982f3b,1,SD Anlegg,"assumed 1=fault, UNVERIFIED",1.001,keep,9b42bdd7-f880-4d6e-b310-5fdb81982f3b,9b42bdd7-f880-4d6e-b310-5fdb81982f3b,1/0/147,yes,,,,never
C,1/0/200,UPS DØR 200 02 A TRAPP 21,UPS DØR 200,UPS_Doors,Feil,CapabilityTypeState,BooleanDetection,fa652b34-b19e-4451-b2ec-52f876e7372d,1,SD Anlegg,"assumed 1=fault, UNVERIFIED",1.001,keep,fa652b34-b19e-4451-b2ec-52f876e7372d,fa652b34-b19e-4451-b2ec-52f876e7372d,1/0/,NO,,,,never
C,1/0/201,UPS DØR 201 02 A TRAPP 21,UPS DØR 201,UPS_Doors,Feil,CapabilityTypeState,BooleanDetection,cd6cc176-02be-4702-81a2-d366ef9ec779,1,SD Anlegg,"assumed 1=fault, UNVERIFIED",1.001,keep,cd6cc176-02be-4702-81a2-d366ef9ec779,cd6cc176-02be-4702-81a2-d366ef9ec779,1/0/1,NO,0,2026-08-31T13:32:38,0.8,yes
C,1/0/202,UPS DØR 202 02 A TRAPP 7,UPS DØR 202,UPS_Doors,Feil,CapabilityTypeState,BooleanDetection,df9b786d-df30-487c-a333-fda5c3f08061,1,SD Anlegg,"assumed 1=fault, UNVERIFIED",1.001,keep,df9b786d-df30-487c-a333-fda5c3f08061,df9b786d-df30-487c-a333-fda5c3f08061,1/0/2,NO,0,2026-08-31T13:32:39,0.8,yes
C,1/0/203,UPS DØR 203 02 A TRAPP 7,UPS DØR 203,UPS_Doors,Feil,CapabilityTypeState,BooleanDetection,2df1264d-a52f-4d36-bdef-c35aa129d1a1,1,SD Anlegg,"assumed 1=fault, UNVERIFIED",1.001,keep,2df1264d-a52f-4d36-bdef-c35aa129d1a1,2df1264d-a52f-4d36-bdef-c35aa129d1a1,1/0/3,NO,0,2026-08-31T13:32:40,0.8,yes
C,1/0/204,UPS DØR 204 02 B 294,UPS DØR 204,UPS_Doors,Feil,CapabilityTypeState,BooleanDetection,3bfe6801-e735-474d-96c0-7b3838b8cb6d,1,SD Anlegg,"assumed 1=fault, UNVERIFIED",1.001,keep,3bfe6801-e735-474d-96c0-7b3838b8cb6d,3bfe6801-e735-474d-96c0-7b3838b8cb6d,1/0/204,yes,0,2026-08-28T19:17:49,67.0,stale
C,1/0/205,UPS DØR 205 02 B 295,UPS DØR 205,UPS_Doors,Feil,CapabilityTypeState,BooleanDetection,7b8498f4-5470-40d7-b18a-a0dc3a534ad0,1,SD Anlegg,"assumed 1=fault, UNVERIFIED",1.001,keep,7b8498f4-5470-40d7-b18a-a0dc3a534ad0,7b8498f4-5470-40d7-b18a-a0dc3a534ad0,1/0/5,NO,0,2026-08-31T13:32:36,0.8,yes
C,1/0/206,UPS DØR 206 02 B 256,UPS DØR 206,UPS_Doors,Feil,CapabilityTypeState,BooleanDetection,6556d441-6d99-46f6-8146-85ec2243791d,1,SD Anlegg,"assumed 1=fault, UNVERIFIED",1.001,keep,6556d441-6d99-46f6-8146-85ec2243791d,6556d441-6d99-46f6-8146-85ec2243791d,1/0/206,yes,,,,never
C,1/0/207,UPS DØR 207 02 B TRAPP 5,UPS DØR 207,UPS_Doors,Feil,CapabilityTypeState,BooleanDetection,24e0eaad-ada6-4c12-8abb-475350301a1f,1,SD Anlegg,"assumed 1=fault, UNVERIFIED",1.001,keep,24e0eaad-ada6-4c12-8abb-475350301a1f,24e0eaad-ada6-4c12-8abb-475350301a1f,1/0/7,NO,0,2026-08-31T13:32:36,0.8,yes
C,1/0/208,UPS DØR 208 02 B 258,UPS DØR 208,UPS_Doors,Feil,CapabilityTypeState,BooleanDetection,2f7f4970-2dca-46b6-a84c-a3bba7c151f1,1,SD Anlegg,"assumed 1=fault, UNVERIFIED",1.001,keep,2f7f4970-2dca-46b6-a84c-a3bba7c151f1,2f7f4970-2dca-46b6-a84c-a3bba7c151f1,1/0/208,yes,0,2026-08-30T13:25:37,24.9,stale
C,1/0/209,UPS DØR 209 02 B 258,UPS DØR 209,UPS_Doors,Feil,CapabilityTypeState,BooleanDetection,64405596-bc4e-46cb-8ca4-b6e1c6499dd1,1,SD Anlegg,"assumed 1=fault, UNVERIFIED",1.001,keep,64405596-bc4e-46cb-8ca4-b6e1c6499dd1,64405596-bc4e-46cb-8ca4-b6e1c6499dd1,1/0/209,yes,,,,never
C,1/0/210,UPS DØR 210 02 B SPISEROM,UPS DØR 210,UPS_Doors,Feil,CapabilityTypeState,BooleanDetection,30f6e042-6d04-4bbc-8734-8b6994c5a480,1,SD Anlegg,"assumed 1=fault, UNVERIFIED",1.001,keep,30f6e042-6d04-4bbc-8734-8b6994c5a480,30f6e042-6d04-4bbc-8734-8b6994c5a480,1/0/210,yes,,,,never
C,1/0/211,UPS DØR 211 02 B TRAPP 15,UPS DØR 211,UPS_Doors,Feil,CapabilityTypeState,BooleanDetection,9ef9cc36-97a2-46af-8c04-46ef4231034e,1,SD Anlegg,"assumed 1=fault, UNVERIFIED",1.001,keep,9ef9cc36-97a2-46af-8c04-46ef4231034e,9ef9cc36-97a2-46af-8c04-46ef4231034e,1/0/211,yes,,,,never
C,1/0/212,UPS DØR 212 02 B TRAPP 15,UPS DØR 212,UPS_Doors,Feil,CapabilityTypeState,BooleanDetection,72d5f8cf-a4c2-476d-a162-fa10c6ac11a7,1,SD Anlegg,"assumed 1=fault, UNVERIFIED",1.001,keep,72d5f8cf-a4c2-476d-a162-fa10c6ac11a7,72d5f8cf-a4c2-476d-a162-fa10c6ac11a7,1/0/212,yes,,,,never
C,1/0/213,UPS DØR 213 02 B TRAPP 23,UPS DØR 213,UPS_Doors,Feil,CapabilityTypeState,BooleanDetection,f85697d1-bfda-4e68-9750-b015ad9c1d8b,1,SD Anlegg,"assumed 1=fault, UNVERIFIED",1.001,keep,f85697d1-bfda-4e68-9750-b015ad9c1d8b,f85697d1-bfda-4e68-9750-b015ad9c1d8b,1/0/213,yes,0,2026-08-30T13:33:21,24.8,stale
C,1/0/214,UPS DØR 214 02 B TRAPP 23,UPS DØR 214,UPS_Doors,Feil,CapabilityTypeState,BooleanDetection,57e7ebd2-f093-4390-a9a5-d64a2b055392,1,SD Anlegg,"assumed 1=fault, UNVERIFIED",1.001,keep,57e7ebd2-f093-4390-a9a5-d64a2b055392,57e7ebd2-f093-4390-a9a5-d64a2b055392,1/0/214,yes,,,,never
C,1/0/215,UPS DØR 215 02 C TRAPP 1,UPS DØR 215,UPS_Doors,Feil,CapabilityTypeState,BooleanDetection,f73eaf93-91bb-407b-9774-89c158301501,1,SD Anlegg,"assumed 1=fault, UNVERIFIED",1.001,keep,f73eaf93-91bb-407b-9774-89c158301501,f73eaf93-91bb-407b-9774-89c158301501,1/0/215,yes,,,,never
C,1/0/216,UPS DØR 216 02 C TRAPP 2,UPS DØR 216,UPS_Doors,Feil,CapabilityTypeState,BooleanDetection,44df1bd4-c5c7-402b-8794-117399d9a08f,1,SD Anlegg,"assumed 1=fault, UNVERIFIED",1.001,keep,44df1bd4-c5c7-402b-8794-117399d9a08f,44df1bd4-c5c7-402b-8794-117399d9a08f,1/0/216,yes,0,2026-08-29T18:14:14,44.1,stale
C,1/0/217,UPS DØR 217 02 C Legekontor,UPS DØR 217,UPS_Doors,Feil,CapabilityTypeState,BooleanDetection,5db41748-60f8-44dd-9684-e944e3cca41b,1,SD Anlegg,"assumed 1=fault, UNVERIFIED",1.001,keep,5db41748-60f8-44dd-9684-e944e3cca41b,5db41748-60f8-44dd-9684-e944e3cca41b,1/0/217,yes,0,2026-08-30T03:46:43,34.6,stale
C,1/0/218,UPS DØR 218 02 C Legekontor,UPS DØR 218,UPS_Doors,Feil,CapabilityTypeState,BooleanDetection,cc34c3fe-d2d3-43ef-9971-58494192efdf,1,SD Anlegg,"assumed 1=fault, UNVERIFIED",1.001,keep,cc34c3fe-d2d3-43ef-9971-58494192efdf,cc34c3fe-d2d3-43ef-9971-58494192efdf,1/0/218,yes,1,2026-08-29T13:28:41,48.9,stale
C,1/0/219,UPS DØR 219 02 C Legekontor,UPS DØR 219,UPS_Doors,Feil,CapabilityTypeState,BooleanDetection,3c9d3e25-63dc-4dd5-8f13-235887de358d,1,SD Anlegg,"assumed 1=fault, UNVERIFIED",1.001,keep,3c9d3e25-63dc-4dd5-8f13-235887de358d,3c9d3e25-63dc-4dd5-8f13-235887de358d,1/0/219,yes,1,2026-08-29T18:16:50,44.1,stale
C,1/0/220,UPS DØR 220 02 C Legekontor,UPS DØR 220,UPS_Doors,Feil,CapabilityTypeState,BooleanDetection,a2de7553-7496-41f7-94dd-7dc244ba7579,1,SD Anlegg,"assumed 1=fault, UNVERIFIED",1.001,keep,a2de7553-7496-41f7-94dd-7dc244ba7579,a2de7553-7496-41f7-94dd-7dc244ba7579,1/0/2,NO,0,2026-08-29T18:14:49,44.1,stale
C,1/0/222,UPS DØR 401 04 LAMMEL 2 Nord,UPS DØR 401,UPS_Doors,Feil,CapabilityTypeState,BooleanDetection,e4aa3cf2-2913-4f9b-8482-d7e5b62afea3,1,SD Anlegg,"assumed 1=fault, UNVERIFIED",1.001,keep,e4aa3cf2-2913-4f9b-8482-d7e5b62afea3,e4aa3cf2-2913-4f9b-8482-d7e5b62afea3,1/0/222,yes,,,,never
C,1/0/223,UPS DØR 402 04 LAMMEL 3 Nord,UPS DØR 402,UPS_Doors,Feil,CapabilityTypeState,BooleanDetection,2b3e9356-cb44-41ac-b28b-2b6c0b6ff193,1,SD Anlegg,"assumed 1=fault, UNVERIFIED",1.001,keep,2b3e9356-cb44-41ac-b28b-2b6c0b6ff193,2b3e9356-cb44-41ac-b28b-2b6c0b6ff193,1/0/223,yes,,,,never
C,1/0/225,UPS DØR 403 04 LAMMEL 3 Midt,UPS DØR 403,UPS_Doors,Feil,CapabilityTypeState,BooleanDetection,e1420135-9816-4d42-9489-762e7ca289b0,1,SD Anlegg,"assumed 1=fault, UNVERIFIED",1.001,keep,e1420135-9816-4d42-9489-762e7ca289b0,e1420135-9816-4d42-9489-762e7ca289b0,1/0/225,yes,,,,never
C,1/0/226,UPS DØR 404 04 LAMMEL 3 Syd,UPS DØR 404,UPS_Doors,Feil,CapabilityTypeState,BooleanDetection,8fecf02d-6c0a-449c-b5d2-cef7ac263bd2,1,SD Anlegg,"assumed 1=fault, UNVERIFIED",1.001,keep,8fecf02d-6c0a-449c-b5d2-cef7ac263bd2,8fecf02d-6c0a-449c-b5d2-cef7ac263bd2,1/0/226,yes,,,,never
C,1/0/227,UPS DØR 405 04 LAMMEL 4,UPS DØR 405,UPS_Doors,Feil,CapabilityTypeState,BooleanDetection,0b446a2c-5250-46a4-bf83-bb168fa17d88,1,SD Anlegg,"assumed 1=fault, UNVERIFIED",1.001,keep,0b446a2c-5250-46a4-bf83-bb168fa17d88,0b446a2c-5250-46a4-bf83-bb168fa17d88,1/0/227,yes,,,,never
A,2/0/0,HEIS 1 Feil,HEIS 1,Elevator,Feil,CapabilityTypeAlarm,BooleanDetection,24ef4435-97ac-4779-a4a9-bad8fccbc0d1,2,SD Anlegg + Universal interface comfort 2gang flush-mounted,"assumed 1=fault, UNVERIFIED",1.001,keep,24ef4435-97ac-4779-a4a9-bad8fccbc0d1,24ef4435-97ac-4779-a4a9-bad8fccbc0d1 073ace29-0b9c-4b04-9207-b807a77171cc,2/0/0,yes,0,2026-08-31T13:02:42,1.3,yes
A,2/0/1,HEIS 2 Feil,HEIS 2,Elevator,Feil,CapabilityTypeAlarm,BooleanDetection,e7b34eb4-fc56-491b-a62a-4d4c31577629,2,SD Anlegg + Universal interface comfort 2gang flush-mounted,"assumed 1=fault, UNVERIFIED",1.001,keep,e7b34eb4-fc56-491b-a62a-4d4c31577629,e7b34eb4-fc56-491b-a62a-4d4c31577629 66621e7b-9747-43f4-a80f-6524a6926ac6,2/0/1,yes,0,2026-08-31T14:12:42,0.1,yes
A,2/0/2,HEIS 3 Feil,HEIS 3,Elevator,Feil,CapabilityTypeAlarm,BooleanDetection,094675c1-5843-4539-a9f2-5479a48a38af,2,SD Anlegg + Universal interface comfort 2gang flush-mounted,"assumed 1=fault, UNVERIFIED",1.001,keep,094675c1-5843-4539-a9f2-5479a48a38af,094675c1-5843-4539-a9f2-5479a48a38af ae3f922b-e8e5-450a-bc7f-18d46ee65390,2/0/2,yes,0,2026-08-31T14:12:36,0.1,yes
A,2/0/3,HEIS 4 Feil,HEIS 4,Elevator,Feil,CapabilityTypeAlarm,BooleanDetection,2bbd83a5-d24c-4bc3-9887-75e248194881,2,SD Anlegg + Universal interface comfort 2gang flush-mounted,"assumed 1=fault, UNVERIFIED",1.001,keep,2bbd83a5-d24c-4bc3-9887-75e248194881,2bbd83a5-d24c-4bc3-9887-75e248194881 e5c7402e-b46d-412d-b797-5cd73cd95da4,2/0/3,yes,0,2026-08-31T11:22:36,3.0,yes
A,2/0/4,HEIS 5 Feil,HEIS 5,Elevator,Feil,CapabilityTypeAlarm,BooleanDetection,89e135cc-ac72-4046-9c87-1e54bd135c4d,2,SD Anlegg + Universal interface comfort 2gang flush-mounted,"assumed 1=fault, UNVERIFIED",1.001,keep,89e135cc-ac72-4046-9c87-1e54bd135c4d,89e135cc-ac72-4046-9c87-1e54bd135c4d 6b9ee3c1-67a5-4d0d-80b5-c04c0eb99aeb,2/0/4,yes,0,2026-08-29T07:27:54,54.9,stale
A,2/0/5,HEIS 6 Feil,HEIS 6,Elevator,Feil,CapabilityTypeAlarm,BooleanDetection,8756204e-beb3-4e24-a098-764ba673a638,2,SD Anlegg + Universal interface comfort 2gang flush-mounted,"assumed 1=fault, UNVERIFIED",1.001,keep,8756204e-beb3-4e24-a098-764ba673a638,8756204e-beb3-4e24-a098-764ba673a638 a0d1cb3c-038a-4c7a-b120-6ac1196eab7b,2/0/5,yes,0,2026-08-31T14:12:50,0.1,yes
A,2/0/6,HEIS 7 Feil,HEIS 7,Elevator,Feil,CapabilityTypeAlarm,BooleanDetection,fc69a86f-6722-4c1a-860e-64f7e4e4d3fa,2,SD Anlegg + Universal interface comfort 2gang flush-mounted,"assumed 1=fault, UNVERIFIED",1.001,keep,fc69a86f-6722-4c1a-860e-64f7e4e4d3fa,fc69a86f-6722-4c1a-860e-64f7e4e4d3fa c57ecdf0-9a9d-4873-bfeb-9d148723ba91,2/0/6,yes,0,2026-08-31T14:12:48,0.1,yes
A,2/0/7,HEIS 8 Feil,HEIS 8,Elevator,Feil,CapabilityTypeAlarm,BooleanDetection,bd6fc575-bcb3-4cc2-b693-103ecc6f1c2f,2,SD Anlegg + Universal interface comfort 2gang flush-mounted,"assumed 1=fault, UNVERIFIED",1.001,keep,bd6fc575-bcb3-4cc2-b693-103ecc6f1c2f,bd6fc575-bcb3-4cc2-b693-103ecc6f1c2f 25857705-93ed-49e5-84f8-2220c4f73286,2/0/7,yes,0,2026-08-31T14:12:48,0.1,yes
A,2/0/8,HEIS 9 Feil,HEIS 9,Elevator,Feil,CapabilityTypeAlarm,BooleanDetection,32d0aaa7-85a7-47b0-b593-66b7281b2022,2,SD Anlegg + Universal interface comfort 2gang flush-mounted,"assumed 1=fault, UNVERIFIED",1.001,keep,32d0aaa7-85a7-47b0-b593-66b7281b2022,32d0aaa7-85a7-47b0-b593-66b7281b2022 9c6f7f13-5d9c-4b06-8075-49dfc7371b78,2/0/8,yes,0,2026-08-31T14:02:46,0.3,yes
A,2/0/9,HEIS 10 Feil,HEIS 10,Elevator,Feil,CapabilityTypeAlarm,BooleanDetection,e5ff6c5c-763f-4dba-a4cb-be582d5f8ae4,2,SD Anlegg + Universal interface comfort 2gang flush-mounted,"assumed 1=fault, UNVERIFIED",1.001,keep,e5ff6c5c-763f-4dba-a4cb-be582d5f8ae4,e5ff6c5c-763f-4dba-a4cb-be582d5f8ae4 dada6061-3658-4f17-99b7-bddff71d3bd5,2/0/9,yes,0,2026-08-31T14:12:46,0.1,yes
A,2/0/10,HEIS 11 Feil,HEIS 11,Elevator,Feil,CapabilityTypeAlarm,BooleanDetection,8651622f-e761-443f-ab3c-b60af2ded271,2,SD Anlegg + Universal interface comfort 2gang flush-mounted,"assumed 1=fault, UNVERIFIED",1.001,keep,8651622f-e761-443f-ab3c-b60af2ded271,8651622f-e761-443f-ab3c-b60af2ded271 cc387517-4995-46e6-bdd1-019ed4f030b5,2/0/10,yes,0,2026-08-31T14:02:50,0.3,yes
A,2/0/11,HEIS 12 Feil,HEIS 12,Elevator,Feil,CapabilityTypeAlarm,BooleanDetection,552a9957-3895-49bb-ac1d-abcf7adb667a,2,SD Anlegg + Universal interface comfort 2gang flush-mounted,"assumed 1=fault, UNVERIFIED",1.001,keep,552a9957-3895-49bb-ac1d-abcf7adb667a,552a9957-3895-49bb-ac1d-abcf7adb667a c33744fb-5408-4382-ba59-015cfc6b5e7b,2/0/11,yes,0,2026-08-31T12:02:50,2.3,yes
A,2/1/0,HEIS 1 Alarm aktivert,HEIS 1,Elevator,Alarm aktivert,CapabilityTypeState,BooleanDetection,ac0b4a87-fffb-46a2-a403-18b72737d760,2,SD Anlegg + Universal interface comfort 2gang flush-mounted,"assumed 1=active, UNVERIFIED",1.001,keep,ac0b4a87-fffb-46a2-a403-18b72737d760,ac0b4a87-fffb-46a2-a403-18b72737d760 d7eca4d2-0c14-40d9-a969-d4054f37652b,2/1/0,yes,0,2026-08-31T14:12:57,0.1,yes
A,2/1/1,HEIS 2 Alarm aktivert,HEIS 2,Elevator,Alarm aktivert,CapabilityTypeState,BooleanDetection,e67bfd3b-849e-42ec-a748-af7775bde0e0,2,SD Anlegg + Universal interface comfort 2gang flush-mounted,"assumed 1=active, UNVERIFIED",1.001,keep,e67bfd3b-849e-42ec-a748-af7775bde0e0,e67bfd3b-849e-42ec-a748-af7775bde0e0 cf96d111-5883-4947-9cb8-b711eec0cfa3,2/1/1,yes,0,2026-08-31T14:12:55,0.1,yes
A,2/1/2,HEIS 3 Alarm aktivert,HEIS 3,Elevator,Alarm aktivert,CapabilityTypeState,BooleanDetection,1490356a-c0a2-4938-9a0b-6a3867592149,2,SD Anlegg + Universal interface comfort 2gang flush-mounted,"assumed 1=active, UNVERIFIED",1.001,keep,1490356a-c0a2-4938-9a0b-6a3867592149,1490356a-c0a2-4938-9a0b-6a3867592149 119abfba-9a37-4424-85e5-737596590981,2/1/2,yes,0,2026-08-31T14:12:56,0.1,yes
A,2/1/3,HEIS 4 Alarm aktivert,HEIS 4,Elevator,Alarm aktivert,CapabilityTypeState,BooleanDetection,97308f71-94b5-4a76-af9b-d991336f39ac,2,SD Anlegg + Universal interface comfort 2gang flush-mounted,"assumed 1=active, UNVERIFIED",1.001,keep,97308f71-94b5-4a76-af9b-d991336f39ac,97308f71-94b5-4a76-af9b-d991336f39ac ce4d9e39-8d0c-472b-a1e2-e5eb732a20a6,2/1/3,yes,0,2026-08-31T13:32:39,0.8,yes
A,2/1/4,HEIS 5 Alarm aktivert,HEIS 5,Elevator,Alarm aktivert,CapabilityTypeState,BooleanDetection,a36c3fe2-73eb-414e-a46a-b9bf8788b8ff,2,SD Anlegg + Universal interface comfort 2gang flush-mounted,"assumed 1=active, UNVERIFIED",1.001,keep,a36c3fe2-73eb-414e-a46a-b9bf8788b8ff,a36c3fe2-73eb-414e-a46a-b9bf8788b8ff ca51c566-03bb-456b-a658-bcc1f6a69e70,2/1/4,yes,0,2026-08-29T18:03:24,44.3,stale
A,2/1/5,HEIS 6 Alarm aktivert,HEIS 6,Elevator,Alarm aktivert,CapabilityTypeState,BooleanDetection,21427021-e313-4308-b164-f69f37f69b27,2,SD Anlegg + Universal interface comfort 2gang flush-mounted,"assumed 1=active, UNVERIFIED",1.001,keep,21427021-e313-4308-b164-f69f37f69b27,21427021-e313-4308-b164-f69f37f69b27 e1207524-6a80-4468-9918-9f6fa1cc7a56,2/1/5,yes,0,2026-08-31T14:12:31,0.1,yes
A,2/1/6,HEIS 7 Alarm aktivert,HEIS 7,Elevator,Alarm aktivert,CapabilityTypeState,BooleanDetection,ab7a92f7-9c51-493b-ae03-4551beaa511d,2,SD Anlegg + Universal interface comfort 2gang flush-mounted,"assumed 1=active, UNVERIFIED",1.001,keep,ab7a92f7-9c51-493b-ae03-4551beaa511d,ab7a92f7-9c51-493b-ae03-4551beaa511d 6eb49814-e7c2-4c73-a2cf-78f4ff5fab7d,2/1/6,yes,0,2026-08-30T05:59:40,32.3,stale
A,2/1/7,HEIS 8 Alarm aktivert,HEIS 8,Elevator,Alarm aktivert,CapabilityTypeState,BooleanDetection,6960b626-e787-4dbf-8fdf-9b8a1a241e62,2,SD Anlegg + Universal interface comfort 2gang flush-mounted,"assumed 1=active, UNVERIFIED",1.001,keep,6960b626-e787-4dbf-8fdf-9b8a1a241e62,6960b626-e787-4dbf-8fdf-9b8a1a241e62 17d480ed-b60b-4046-a700-ad67c9733e6a,7/2/1,NO,,,,never
A,2/1/8,HEIS 9 Alarm aktivert,HEIS 9,Elevator,Alarm aktivert,CapabilityTypeState,BooleanDetection,f1fc4f0b-682d-438b-95bf-8e36c3f80e41,2,SD Anlegg + Universal interface comfort 2gang flush-mounted,"assumed 1=active, UNVERIFIED",1.001,keep,f1fc4f0b-682d-438b-95bf-8e36c3f80e41,f1fc4f0b-682d-438b-95bf-8e36c3f80e41 59776667-f638-4f32-aac7-5585a8b8394d,2/1/8,yes,0,2026-08-31T05:00:18,9.3,yes
A,2/1/9,HEIS 10 Alarm aktivert,HEIS 10,Elevator,Alarm aktivert,CapabilityTypeState,BooleanDetection,0e7b41ea-106f-4b8a-b495-6dda14763bfd,2,SD Anlegg + Universal interface comfort 2gang flush-mounted,"assumed 1=active, UNVERIFIED",1.001,keep,0e7b41ea-106f-4b8a-b495-6dda14763bfd,0e7b41ea-106f-4b8a-b495-6dda14763bfd 92bdfb8e-fbc6-4e68-8615-8dae50fc82f0,2/1/9,yes,0,2026-08-31T14:12:57,0.1,yes
A,2/1/10,HEIS 11 Alarm aktivert,HEIS 11,Elevator,Alarm aktivert,CapabilityTypeState,BooleanDetection,55c7ae88-7a0d-46fa-b0fa-9b4855e60c24,2,SD Anlegg + Universal interface comfort 2gang flush-mounted,"assumed 1=active, UNVERIFIED",1.001,keep,55c7ae88-7a0d-46fa-b0fa-9b4855e60c24,55c7ae88-7a0d-46fa-b0fa-9b4855e60c24 c604d91c-b46f-4a76-ab89-c0a1a434b0b2,2/1/10,yes,0,2026-08-31T14:12:50,0.1,yes
A,2/1/11,HEIS 12 Alarm aktivert,HEIS 12,Elevator,Alarm aktivert,CapabilityTypeState,BooleanDetection,4a4466be-0abf-4998-9825-c0973c26c9a6,2,SD Anlegg + Universal interface comfort 2gang flush-mounted,"assumed 1=active, UNVERIFIED",1.001,keep,4a4466be-0abf-4998-9825-c0973c26c9a6,4a4466be-0abf-4998-9825-c0973c26c9a6 ebd26e9d-4eaa-49b2-9ac8-1ac4cb7ac177,2/1/11,yes,0,2026-08-31T12:33:00,1.8,yes
A,3/0/0,RB 01 Feil,RB 1,Escalator,Feil,CapabilityTypeAlarm,BooleanDetection,f4765712-5103-4174-b7c2-feac8d341306,2,SD Anlegg + Universal interface comfort 8gang flush-mounted,"assumed 1=fault, UNVERIFIED",1.001,keep,f4765712-5103-4174-b7c2-feac8d341306,f4765712-5103-4174-b7c2-feac8d341306 f27f1d2c-fc05-402e-8fdb-c3d20ff399d8,3/0/0,yes,1,2026-08-31T14:12:46,0.1,yes
A,3/0/1,RB 02 Feil,RB 2,Escalator,Feil,CapabilityTypeAlarm,BooleanDetection,582a8271-c6e9-4eeb-a370-89c598cd5184,2,SD Anlegg + Universal interface comfort 8gang flush-mounted,"assumed 1=fault, UNVERIFIED",1.001,keep,582a8271-c6e9-4eeb-a370-89c598cd5184,582a8271-c6e9-4eeb-a370-89c598cd5184 3793abf6-250a-41e6-8949-5f970442b3eb,3/0/1,yes,1,2026-08-31T14:12:46,0.1,yes
A,3/0/2,RB 03 Feil,RB 3,Escalator,Feil,CapabilityTypeAlarm,BooleanDetection,9334c269-df91-4877-b5b5-533a03129f5b,2,SD Anlegg + Universal interface comfort 8gang flush-mounted,"assumed 1=fault, UNVERIFIED",1.001,keep,9334c269-df91-4877-b5b5-533a03129f5b,9334c269-df91-4877-b5b5-533a03129f5b 615627c4-af6f-4569-b60f-fdc7612f9696,3/0/2,yes,1,2026-08-31T14:12:48,0.1,yes
A,3/0/3,RB 04 Feil,RB 4,Escalator,Feil,CapabilityTypeAlarm,BooleanDetection,51eb2183-bfd1-408c-bfd1-1af50f739df8,2,SD Anlegg + Universal interface comfort 8gang flush-mounted,"assumed 1=fault, UNVERIFIED",1.001,keep,51eb2183-bfd1-408c-bfd1-1af50f739df8,51eb2183-bfd1-408c-bfd1-1af50f739df8 4bb5cf2d-aeb0-4aee-87b9-d0dbbaddccbe,3/0/3,yes,0,2026-08-31T14:12:53,0.1,yes
A,3/0/4,RB 05 Feil,RB 5,Escalator,Feil,CapabilityTypeAlarm,BooleanDetection,e6382bc2-adb4-4b30-80d4-e15d160c1292,2,SD Anlegg + Universal interface comfort 8gang flush-mounted,"assumed 1=fault, UNVERIFIED",1.001,keep,e6382bc2-adb4-4b30-80d4-e15d160c1292,e6382bc2-adb4-4b30-80d4-e15d160c1292 79afcb0d-70df-49e8-a403-d298243f491b,3/0/4,yes,1,2026-08-31T14:12:54,0.1,yes
A,3/0/5,RB 06 Feil,RB 6,Escalator,Feil,CapabilityTypeAlarm,BooleanDetection,4749a5bb-293c-4b22-aa47-11a9a9c91bbd,2,SD Anlegg + Universal interface comfort 8gang flush-mounted,"assumed 1=fault, UNVERIFIED",1.001,keep,4749a5bb-293c-4b22-aa47-11a9a9c91bbd,4749a5bb-293c-4b22-aa47-11a9a9c91bbd 3f194473-8d64-49e0-a5ab-376b23ecc8d5,3/0/5,yes,1,2026-08-31T14:12:54,0.1,yes
A,3/0/6,RB 07 Feil,RB 7,Escalator,Feil,CapabilityTypeAlarm,BooleanDetection,2bdccfd1-929a-4f3b-8c18-006501147cb0,2,SD Anlegg + Universal interface comfort 8gang flush-mounted,"assumed 1=fault, UNVERIFIED",1.001,keep,2bdccfd1-929a-4f3b-8c18-006501147cb0,2bdccfd1-929a-4f3b-8c18-006501147cb0 00e51b8c-d117-4252-b197-0a0fbbc7c0ee,3/0/6,yes,0,2026-08-31T14:12:55,0.1,yes
A,3/0/7,RB 08 Feil,RB 8,Escalator,Feil,CapabilityTypeAlarm,BooleanDetection,66ce8366-40d7-44f5-8c46-6643639f631f,2,SD Anlegg + Universal interface comfort 8gang flush-mounted,"assumed 1=fault, UNVERIFIED",1.001,keep,66ce8366-40d7-44f5-8c46-6643639f631f,66ce8366-40d7-44f5-8c46-6643639f631f 64e0ea94-2ec6-4838-b705-e37cf433b698,3/0/7,yes,1,2026-08-31T14:12:52,0.1,yes
A,3/0/8,RT 01 Feil,RT 1,Escalator,Feil,CapabilityTypeAlarm,BooleanDetection,664d3b9a-d840-4f32-8754-1f88903e4bda,2,SD Anlegg + Universal interface comfort 8gang flush-mounted,"assumed 1=fault, UNVERIFIED",1.001,keep,664d3b9a-d840-4f32-8754-1f88903e4bda,664d3b9a-d840-4f32-8754-1f88903e4bda d44c4588-917b-477b-b439-8c7bde608bb6,3/0/8,yes,0,2026-08-31T02:32:33,11.8,yes
A,3/0/9,RT 02 Feil,RT 2,Escalator,Feil,CapabilityTypeAlarm,BooleanDetection,9533dbb9-1923-4cbe-812d-aa97474a5bdd,2,SD Anlegg + Universal interface comfort 8gang flush-mounted,"assumed 1=fault, UNVERIFIED",1.001,keep,9533dbb9-1923-4cbe-812d-aa97474a5bdd,9533dbb9-1923-4cbe-812d-aa97474a5bdd 290cfe74-12a0-4444-9417-fe9667c83408,3/0/9,yes,0,2026-08-31T14:12:53,0.1,yes
A,3/0/10,RT 03 Feil,RT 3,Escalator,Feil,CapabilityTypeAlarm,BooleanDetection,91d97984-9dd3-42c9-8dff-affc58f5a592,2,SD Anlegg + Universal interface comfort 8gang flush-mounted,"assumed 1=fault, UNVERIFIED",1.001,keep,91d97984-9dd3-42c9-8dff-affc58f5a592,91d97984-9dd3-42c9-8dff-affc58f5a592 bdb04caa-2ccc-49cb-a1be-fd91342f92dc,3/0/10,yes,0,2026-08-31T14:12:29,0.1,yes
A,3/0/11,RT 04 Feil,RT 4,Escalator,Feil,CapabilityTypeAlarm,BooleanDetection,31f76b0b-6a36-4a05-ab93-0380924a39bd,2,SD Anlegg + Universal interface comfort 8gang flush-mounted,"assumed 1=fault, UNVERIFIED",1.001,keep,31f76b0b-6a36-4a05-ab93-0380924a39bd,31f76b0b-6a36-4a05-ab93-0380924a39bd 4f518907-8b93-4a70-a680-425e98468b4e,3/0/11,yes,0,2026-08-31T14:12:31,0.1,yes
A,3/0/12,RT 05 Feil,RT 5,Escalator,Feil,CapabilityTypeAlarm,BooleanDetection,8bf6ed6a-ef10-4ce6-b622-d8414da7d1cc,2,SD Anlegg + Universal interface comfort 8gang flush-mounted,"assumed 1=fault, UNVERIFIED",1.001,keep,8bf6ed6a-ef10-4ce6-b622-d8414da7d1cc,8bf6ed6a-ef10-4ce6-b622-d8414da7d1cc 271a8e25-399a-4cdd-8c6a-6c6bb40a4e40,3/0/12,yes,0,2026-08-31T13:07:44,1.2,yes
A,3/0/13,RT 06 Feil,RT 6,Escalator,Feil,CapabilityTypeAlarm,BooleanDetection,e40375c6-9ad3-44b8-8906-0b3e4597b25c,2,SD Anlegg + Universal interface comfort 8gang flush-mounted,"assumed 1=fault, UNVERIFIED",1.001,keep,e40375c6-9ad3-44b8-8906-0b3e4597b25c,e40375c6-9ad3-44b8-8906-0b3e4597b25c 1cf0f862-1a3d-455f-9df6-d2d770e33f87,3/0/13,yes,0,2026-08-31T02:06:23,12.2,yes
A,3/0/14,RT 07 Feil,RT 7,Escalator,Feil,CapabilityTypeAlarm,BooleanDetection,f3fdc5e2-e99d-42e3-a9c7-8b510ce5b768,2,SD Anlegg + Universal interface comfort 8gang flush-mounted,"assumed 1=fault, UNVERIFIED",1.001,keep,f3fdc5e2-e99d-42e3-a9c7-8b510ce5b768,f3fdc5e2-e99d-42e3-a9c7-8b510ce5b768 9b2a2d14-3acc-4a5a-a7bb-3863aadd9fb5,3/0/14,yes,0,2026-08-31T14:12:57,0.1,yes
A,3/1/0,RB 01 Aktivert Stoppknapp,RB 1,Escalator,Aktivert Stoppknapp,CapabilityTypeState,BooleanDetection,d06164db-ad00-4633-8fcf-6da06cc020d3,2,SD Anlegg + Universal interface comfort 8gang flush-mounted,"assumed 1=active, UNVERIFIED",1.001,keep,d06164db-ad00-4633-8fcf-6da06cc020d3,d06164db-ad00-4633-8fcf-6da06cc020d3 2796e2de-0d10-430e-9853-01aa11af8103,3/1/0,yes,0,2026-08-31T04:32:44,9.8,yes
A,3/1/1,RB 02 Aktivert Stoppknapp,RB 2,Escalator,Aktivert Stoppknapp,CapabilityTypeState,BooleanDetection,ea2e5f68-8818-490b-a9ea-2985beedc100,2,SD Anlegg + Universal interface comfort 8gang flush-mounted,"assumed 1=active, UNVERIFIED",1.001,keep,ea2e5f68-8818-490b-a9ea-2985beedc100,ea2e5f68-8818-490b-a9ea-2985beedc100 44b0037f-5ecb-463e-96fe-998467c92cf4,3/1/1,yes,0,2026-08-31T14:12:32,0.1,yes
A,3/1/2,RB 03 Aktivert Stoppknapp,RB 3,Escalator,Aktivert Stoppknapp,CapabilityTypeState,BooleanDetection,fa3980a1-e520-4a6e-9496-40920713bac4,2,SD Anlegg + Universal interface comfort 8gang flush-mounted,"assumed 1=active, UNVERIFIED",1.001,keep,fa3980a1-e520-4a6e-9496-40920713bac4,fa3980a1-e520-4a6e-9496-40920713bac4 b7693bfa-9b73-40c9-acf3-ce8ea4d9f6bb,3/1/2,yes,0,2026-08-30T17:37:13,20.7,yes
A,3/1/3,RB 04 Aktivert Stoppknapp,RB 4,Escalator,Aktivert Stoppknapp,CapabilityTypeState,BooleanDetection,7a2776f1-ffe4-4b1a-aed8-3e7c4dba2c69,2,SD Anlegg + Universal interface comfort 8gang flush-mounted,"assumed 1=active, UNVERIFIED",1.001,keep,7a2776f1-ffe4-4b1a-aed8-3e7c4dba2c69,7a2776f1-ffe4-4b1a-aed8-3e7c4dba2c69 8716eeae-8443-426d-bc67-fed586e7db8d,3/1/3,yes,0,2026-08-31T14:12:33,0.1,yes
A,3/1/4,RB 05 Aktivert Stoppknapp,RB 5,Escalator,Aktivert Stoppknapp,CapabilityTypeState,BooleanDetection,92e1be39-b246-4478-b396-265eaf01aa36,2,SD Anlegg + Universal interface comfort 8gang flush-mounted,"assumed 1=active, UNVERIFIED",1.001,keep,92e1be39-b246-4478-b396-265eaf01aa36,92e1be39-b246-4478-b396-265eaf01aa36 0909493f-f97b-462f-8ee1-5190313748d0,3/1/4,yes,1,2026-08-31T14:12:33,0.1,yes
A,3/1/5,RB 06 Aktivert Stoppknapp,RB 6,Escalator,Aktivert Stoppknapp,CapabilityTypeState,BooleanDetection,cd56feb4-4129-449c-a87f-6e8ea9e5a9af,2,SD Anlegg + Universal interface comfort 8gang flush-mounted,"assumed 1=active, UNVERIFIED",1.001,keep,cd56feb4-4129-449c-a87f-6e8ea9e5a9af,cd56feb4-4129-449c-a87f-6e8ea9e5a9af 5f835a28-10f6-4e1c-9f67-0b0cb5284a8e,3/1/5,yes,1,2026-08-31T06:22:06,8.0,yes
A,3/1/6,RB 07 Aktivert Stoppknapp,RB 7,Escalator,Aktivert Stoppknapp,CapabilityTypeState,BooleanDetection,68d24bb8-f96d-45a8-8e09-52c2778fa8d3,2,SD Anlegg + Universal interface comfort 8gang flush-mounted,"assumed 1=active, UNVERIFIED",1.001,keep,68d24bb8-f96d-45a8-8e09-52c2778fa8d3,68d24bb8-f96d-45a8-8e09-52c2778fa8d3 53e14813-91f6-4733-ae29-9f7e2052a9e0,3/1/06,NO,,,,never
A,3/1/7,RB 08 Aktivert Stoppknapp,RB 8,Escalator,Aktivert Stoppknapp,CapabilityTypeState,BooleanDetection,04481329-beb2-4acb-b0a5-8eff4510313d,2,SD Anlegg + Universal interface comfort 8gang flush-mounted,"assumed 1=active, UNVERIFIED",1.001,keep,04481329-beb2-4acb-b0a5-8eff4510313d,04481329-beb2-4acb-b0a5-8eff4510313d a73faf63-3b3c-413a-8521-fc1942072ef2,3/1/07,NO,,,,never
A,3/1/8,RT 01 Aktivert Stoppknapp,RT 1,Escalator,Aktivert Stoppknapp,CapabilityTypeState,BooleanDetection,b54c3d03-fa05-4ece-9dcb-2b570e5a2251,2,SD Anlegg + Universal interface comfort 8gang flush-mounted,"assumed 1=active, UNVERIFIED",1.001,keep,b54c3d03-fa05-4ece-9dcb-2b570e5a2251,b54c3d03-fa05-4ece-9dcb-2b570e5a2251 ab81c7cf-220d-41c1-9e05-9a5e2a19eeb7,3/1/08,NO,,,,never
A,3/1/9,RT 02 Aktivert Stoppknapp,RT 2,Escalator,Aktivert Stoppknapp,CapabilityTypeState,BooleanDetection,33d2b7f9-4d0e-4142-987d-45a7ac3cf887,2,SD Anlegg + Universal interface comfort 8gang flush-mounted,"assumed 1=active, UNVERIFIED",1.001,keep,33d2b7f9-4d0e-4142-987d-45a7ac3cf887,33d2b7f9-4d0e-4142-987d-45a7ac3cf887 6d658680-46dc-4f5a-97ca-f400fd66a8d8,3/1/9,yes,0,2026-08-31T11:53:59,2.4,yes
A,3/1/10,RT 03 Aktivert Stoppknapp,RT 3,Escalator,Aktivert Stoppknapp,CapabilityTypeState,BooleanDetection,ffa8c706-5ecc-4136-a6d8-7505a5d8e693,2,SD Anlegg + Universal interface comfort 8gang flush-mounted,"assumed 1=active, UNVERIFIED",1.001,keep,ffa8c706-5ecc-4136-a6d8-7505a5d8e693,ffa8c706-5ecc-4136-a6d8-7505a5d8e693 f9f16bfe-b2d4-4519-8638-170c258926ee,3/1/10,yes,0,2026-08-31T14:12:32,0.1,yes
A,3/1/11,RT 04 Aktivert Stoppknapp,RT 4,Escalator,Aktivert Stoppknapp,CapabilityTypeState,BooleanDetection,0070ee65-ecdf-428a-8ac3-9cc66672002f,2,SD Anlegg + Universal interface comfort 8gang flush-mounted,"assumed 1=active, UNVERIFIED",1.001,keep,0070ee65-ecdf-428a-8ac3-9cc66672002f,0070ee65-ecdf-428a-8ac3-9cc66672002f 9ec7ed92-26e3-4d92-a2c9-09c7a15def90,3/1/11,yes,0,2026-08-31T14:12:32,0.1,yes
A,3/1/12,RT 05 Aktivert Stoppknapp,RT 5,Escalator,Aktivert Stoppknapp,CapabilityTypeState,BooleanDetection,01942d31-aed9-401b-bf07-78aa3f08e066,2,SD Anlegg + Universal interface comfort 8gang flush-mounted,"assumed 1=active, UNVERIFIED",1.001,keep,01942d31-aed9-401b-bf07-78aa3f08e066,01942d31-aed9-401b-bf07-78aa3f08e066 0561d9f1-ddb4-48cc-912c-44d6d15846a6,3/1/12,yes,0,2026-08-31T14:12:35,0.1,yes
A,3/1/13,RT 06 Aktivert Stoppknapp,RT 6,Escalator,Aktivert Stoppknapp,CapabilityTypeState,BooleanDetection,df53c367-5cbc-48b4-a0df-6c4f06eacba6,2,SD Anlegg + Universal interface comfort 8gang flush-mounted,"assumed 1=active, UNVERIFIED",1.001,keep,df53c367-5cbc-48b4-a0df-6c4f06eacba6,df53c367-5cbc-48b4-a0df-6c4f06eacba6 4fa49de4-825f-4d9d-ae24-1c1ee12c522b,3/1/13,yes,1,2026-08-31T14:12:58,0.1,yes
A,3/1/14,RT 07 Aktivert Stoppknapp,RT 7,Escalator,Aktivert Stoppknapp,CapabilityTypeState,BooleanDetection,9cacf7db-232a-4ec5-a248-94f984aeae81,2,SD Anlegg + Universal interface comfort 8gang flush-mounted,"assumed 1=active, UNVERIFIED",1.001,keep,9cacf7db-232a-4ec5-a248-94f984aeae81,9cacf7db-232a-4ec5-a248-94f984aeae81 63cc6825-6b22-4a25-b962-a609f4d713a2,3/1/14,yes,0,2026-08-31T14:12:30,0.1,yes
B,3/2/0,RB 01 Drift,RB 1,Escalator,Drift,CapabilityTypeState,BooleanDetection,08cac615-57af-4fd9-af23-7ffb053039ff,2,SD Anlegg + Universal interface comfort 8gang flush-mounted,"assumed 1=active, UNVERIFIED",1.001,keep,08cac615-57af-4fd9-af23-7ffb053039ff,08cac615-57af-4fd9-af23-7ffb053039ff 44030761-53ef-4a6b-9782-4ca67607a57c,3/2/0,yes,1,2026-08-31T04:32:44,9.8,yes
B,3/2/1,RB 02 Drift,RB 2,Escalator,Drift,CapabilityTypeState,BooleanDetection,3c8ff303-8978-40fd-beb7-6aee058a93e0,2,SD Anlegg + Universal interface comfort 8gang flush-mounted,"assumed 1=active, UNVERIFIED",1.001,keep,3c8ff303-8978-40fd-beb7-6aee058a93e0,3c8ff303-8978-40fd-beb7-6aee058a93e0 0dc969fd-5d31-43a2-8f1f-c3287f480027,3/2/1,yes,1,2026-08-31T04:32:49,9.8,yes
B,3/2/2,RB 03 Drift,RB 3,Escalator,Drift,CapabilityTypeState,BooleanDetection,a0c4485f-9858-4f65-a640-05d58a9b2535,2,SD Anlegg + Universal interface comfort 8gang flush-mounted,"assumed 1=active, UNVERIFIED",1.001,keep,a0c4485f-9858-4f65-a640-05d58a9b2535,a0c4485f-9858-4f65-a640-05d58a9b2535 5f367f4d-d9a5-4bd8-b027-d02500712a20,3/2/2,yes,1,2026-08-31T14:12:40,0.1,yes
B,3/2/3,RB 04 Drift,RB 4,Escalator,Drift,CapabilityTypeState,BooleanDetection,5b73304f-36bb-468c-9472-5543ccf83552,2,SD Anlegg + Universal interface comfort 8gang flush-mounted,"assumed 1=active, UNVERIFIED",1.001,keep,5b73304f-36bb-468c-9472-5543ccf83552,5b73304f-36bb-468c-9472-5543ccf83552 86af84d5-893c-4e8c-974b-935249a264f5,3/2/3,yes,1,2026-08-31T04:32:25,9.8,yes
B,3/2/4,RB 05 Drift,RB 5,Escalator,Drift,CapabilityTypeState,BooleanDetection,df6e6b14-b8a5-46d8-a09e-f94f0c7a60b3,2,SD Anlegg + Universal interface comfort 8gang flush-mounted,"assumed 1=active, UNVERIFIED",1.001,keep,df6e6b14-b8a5-46d8-a09e-f94f0c7a60b3,df6e6b14-b8a5-46d8-a09e-f94f0c7a60b3 9c07ee69-2593-4221-85c7-532908355504,3/2/4,yes,1,2026-08-31T14:12:41,0.1,yes
B,3/2/5,RB 06 Drift,RB 6,Escalator,Drift,CapabilityTypeState,BooleanDetection,d4a0a6e3-a420-46c7-9d05-b321efbe68e6,2,SD Anlegg + Universal interface comfort 8gang flush-mounted,"assumed 1=active, UNVERIFIED",1.001,keep,d4a0a6e3-a420-46c7-9d05-b321efbe68e6,d4a0a6e3-a420-46c7-9d05-b321efbe68e6 a47a427f-efee-4730-af43-6f7321c3cc12,3/2/5,yes,1,2026-08-31T14:12:40,0.1,yes
B,3/2/6,RB 07 Drift,RB 7,Escalator,Drift,CapabilityTypeState,BooleanDetection,f962b811-fbdf-4a86-98bc-35b6f80e0e53,2,SD Anlegg + Universal interface comfort 8gang flush-mounted,"assumed 1=active, UNVERIFIED",1.001,keep,f962b811-fbdf-4a86-98bc-35b6f80e0e53,f962b811-fbdf-4a86-98bc-35b6f80e0e53 96adc032-9721-4a49-8abd-97c9940da826,3/2/06,NO,,,,never
B,3/2/7,RB 08 Drift,RB 8,Escalator,Drift,CapabilityTypeState,BooleanDetection,21664a60-2009-48e0-b947-6fc30f9d1527,2,SD Anlegg + Universal interface comfort 8gang flush-mounted,"assumed 1=active, UNVERIFIED",1.001,keep,21664a60-2009-48e0-b947-6fc30f9d1527,21664a60-2009-48e0-b947-6fc30f9d1527 b502e347-1941-4b87-a7ba-061686e07988,3/2/7,yes,1,2026-08-31T04:30:49,9.8,yes
B,3/2/8,RT 01 Drift,RT 1,Escalator,Drift,CapabilityTypeState,BooleanDetection,87abaf7b-b168-4371-abce-89fc569ad0c6,2,SD Anlegg + Universal interface comfort 8gang flush-mounted,"assumed 1=active, UNVERIFIED",1.001,keep,87abaf7b-b168-4371-abce-89fc569ad0c6,87abaf7b-b168-4371-abce-89fc569ad0c6 ff7550de-7723-4c59-bf4b-ab2e2a0c4524,3/2/08,NO,,,,never
B,3/2/9,RT 02 Drift,RT 2,Escalator,Drift,CapabilityTypeState,BooleanDetection,63347347-dbbb-4ed3-ab3b-5cea59660248,2,SD Anlegg + Universal interface comfort 8gang flush-mounted,"assumed 1=active, UNVERIFIED",1.001,keep,63347347-dbbb-4ed3-ab3b-5cea59660248,63347347-dbbb-4ed3-ab3b-5cea59660248 b09ff690-1c05-44b1-b4bb-325ce5e107ee,3/2/9,yes,1,2026-08-31T11:54:00,2.4,yes
B,3/2/10,RT 03 Drift,RT 3,Escalator,Drift,CapabilityTypeState,BooleanDetection,67351ad5-02ef-4202-aa75-c052c216ef3a,2,SD Anlegg + Universal interface comfort 8gang flush-mounted,"assumed 1=active, UNVERIFIED",1.001,keep,67351ad5-02ef-4202-aa75-c052c216ef3a,67351ad5-02ef-4202-aa75-c052c216ef3a 2be24023-dde0-441b-8b35-b2be965df025,3/2/10,yes,1,2026-08-31T14:12:42,0.1,yes
B,3/2/11,RT 04 Drift,RT 4,Escalator,Drift,CapabilityTypeState,BooleanDetection,7b534e3d-0e89-4e45-abd0-8e66d89e7494,2,SD Anlegg + Universal interface comfort 8gang flush-mounted,"assumed 1=active, UNVERIFIED",1.001,keep,7b534e3d-0e89-4e45-abd0-8e66d89e7494,7b534e3d-0e89-4e45-abd0-8e66d89e7494 43eeef8a-30ad-4d1a-92f1-c5aca1518aae,3/2/11,yes,1,2026-08-31T14:12:42,0.1,yes
B,3/2/12,RT 05 Drift,RT 5,Escalator,Drift,CapabilityTypeState,BooleanDetection,be0cf36d-85f2-4d50-8f13-4ca779ba3eeb,2,SD Anlegg + Universal interface comfort 8gang flush-mounted,"assumed 1=active, UNVERIFIED",1.001,keep,be0cf36d-85f2-4d50-8f13-4ca779ba3eeb,be0cf36d-85f2-4d50-8f13-4ca779ba3eeb b564251c-9459-4fce-80c6-62ad5aa73934,3/2/12,yes,1,2026-08-31T14:12:42,0.1,yes
B,3/2/13,RT 06 Drift,RT 6,Escalator,Drift,CapabilityTypeState,BooleanDetection,43900cba-bc44-4f8f-8709-3ec7b16bb918,2,SD Anlegg + Universal interface comfort 8gang flush-mounted,"assumed 1=active, UNVERIFIED",1.001,keep,43900cba-bc44-4f8f-8709-3ec7b16bb918,43900cba-bc44-4f8f-8709-3ec7b16bb918 a7397269-2f21-447c-b8d3-098bc675de2b,3/2/13,yes,1,2026-08-31T14:12:43,0.1,yes
B,3/2/14,RT 07 Drift,RT 7,Escalator,Drift,CapabilityTypeState,BooleanDetection,87678727-3792-4223-9228-97caab07902f,2,SD Anlegg + Universal interface comfort 8gang flush-mounted,"assumed 1=active, UNVERIFIED",1.001,keep,87678727-3792-4223-9228-97caab07902f,87678727-3792-4223-9228-97caab07902f 117a8ba6-3101-4f9b-bc89-f3c74b84b4c4,3/2/14,yes,0,2026-08-31T11:35:53,2.7,yes
B,3/3/0,RB 01 Kjører opp,RB 1,Escalator,Kjører opp,CapabilityTypeState,BooleanDetection,580d6035-6bd7-4515-9854-434923bcc25f,2,SD Anlegg + Universal interface comfort 8gang flush-mounted,"assumed 1=active, UNVERIFIED",1.001,keep,580d6035-6bd7-4515-9854-434923bcc25f,580d6035-6bd7-4515-9854-434923bcc25f 7d381ee5-4a43-454e-bb41-183978fc5392,3/3/0,yes,1,2026-08-31T14:12:38,0.1,yes
B,3/3/1,RB 02 Kjører opp,RB 2,Escalator,Kjører opp,CapabilityTypeState,BooleanDetection,f91ef3bc-e9e4-49ed-a0f3-cca361c79238,2,SD Anlegg + Universal interface comfort 8gang flush-mounted,"assumed 1=active, UNVERIFIED",1.001,keep,f91ef3bc-e9e4-49ed-a0f3-cca361c79238,f91ef3bc-e9e4-49ed-a0f3-cca361c79238 0597c80b-148b-433b-8604-d612a3f14684,3/3/1,yes,0,2026-08-31T14:12:39,0.1,yes
B,3/3/2,RB 03 Kjører opp,RB 3,Escalator,Kjører opp,CapabilityTypeState,BooleanDetection,50019a24-0423-4895-a6dd-61ec358d8fb0,2,SD Anlegg + Universal interface comfort 8gang flush-mounted,"assumed 1=active, UNVERIFIED",1.001,keep,50019a24-0423-4895-a6dd-61ec358d8fb0,50019a24-0423-4895-a6dd-61ec358d8fb0 70b0aa13-414c-44b1-9bd7-d6e46442b540,3/3/2,yes,1,2026-08-31T14:12:40,0.1,yes
B,3/3/3,RB 04 Kjører opp,RB 4,Escalator,Kjører opp,CapabilityTypeState,BooleanDetection,7f7b7e8c-8a4d-4a2a-a258-11daf48d8a97,2,SD Anlegg + Universal interface comfort 8gang flush-mounted,"assumed 1=active, UNVERIFIED",1.001,keep,7f7b7e8c-8a4d-4a2a-a258-11daf48d8a97,7f7b7e8c-8a4d-4a2a-a258-11daf48d8a97 1b737881-ed8a-41b5-bda1-93c44abfe86b,3/3/3,yes,0,2026-08-31T14:12:40,0.1,yes
B,3/3/4,RB 05 Kjører opp,RB 5,Escalator,Kjører opp,CapabilityTypeState,BooleanDetection,6235e503-36ab-4f73-8a7b-c523cbf3a73a,2,SD Anlegg + Universal interface comfort 8gang flush-mounted,"assumed 1=active, UNVERIFIED",1.001,keep,6235e503-36ab-4f73-8a7b-c523cbf3a73a,6235e503-36ab-4f73-8a7b-c523cbf3a73a 598026ad-5b51-427f-adc9-18f9378d3dd2,3/3/4,yes,0,2026-08-31T14:12:37,0.1,yes
B,3/3/5,RB 06 Kjører opp,RB 6,Escalator,Kjører opp,CapabilityTypeState,BooleanDetection,dbbd6d19-37c0-4a28-85a4-cce75bf6da02,2,SD Anlegg + Universal interface comfort 8gang flush-mounted,"assumed 1=active, UNVERIFIED",1.001,keep,dbbd6d19-37c0-4a28-85a4-cce75bf6da02,dbbd6d19-37c0-4a28-85a4-cce75bf6da02 9638c011-06cf-41f4-8585-ff6300e94fb5,3/3/05,NO,,,,never
B,3/3/6,RB 07 Kjører opp,RB 7,Escalator,Kjører opp,CapabilityTypeState,BooleanDetection,a9ef3875-3596-4b4a-9284-e367d22c6b87,2,SD Anlegg + Universal interface comfort 8gang flush-mounted,"assumed 1=active, UNVERIFIED",1.001,keep,a9ef3875-3596-4b4a-9284-e367d22c6b87,a9ef3875-3596-4b4a-9284-e367d22c6b87 d57e3e0e-473a-41d7-a4c1-7b507a8c2966,3/3/06,NO,,,,never
B,3/3/7,RB 08 Kjører opp,RB 8,Escalator,Kjører opp,CapabilityTypeState,BooleanDetection,74c21d00-afa0-4f4f-b345-51ea08b84b80,2,SD Anlegg + Universal interface comfort 8gang flush-mounted,"assumed 1=active, UNVERIFIED",1.001,keep,74c21d00-afa0-4f4f-b345-51ea08b84b80,74c21d00-afa0-4f4f-b345-51ea08b84b80 30f96bfd-7311-48b0-940f-9afc07469215,3/3/7,yes,1,2026-08-31T04:30:49,9.8,yes
B,3/3/8,RT 01 Kjører opp,RT 1,Escalator,Kjører opp,CapabilityTypeState,BooleanDetection,3414ea87-0f8a-4462-b1b5-b8e4ac0aa810,2,SD Anlegg + Universal interface comfort 8gang flush-mounted,"assumed 1=active, UNVERIFIED",1.001,keep,3414ea87-0f8a-4462-b1b5-b8e4ac0aa810,3414ea87-0f8a-4462-b1b5-b8e4ac0aa810 cfc4df14-8fb6-4a40-9b95-fd8366589bc1,3/3/8,yes,0,2026-08-30T16:40:35,21.7,yes
B,3/3/9,RT 02 Kjører opp,RT 2,Escalator,Kjører opp,CapabilityTypeState,BooleanDetection,dccbf8e2-3770-4a8c-9842-e483246122aa,2,SD Anlegg + Universal interface comfort 8gang flush-mounted,"assumed 1=active, UNVERIFIED",1.001,keep,dccbf8e2-3770-4a8c-9842-e483246122aa,dccbf8e2-3770-4a8c-9842-e483246122aa 1ce29521-71f9-4431-bdeb-49cdc5ee9318,3/3/9,yes,1,2026-08-31T11:53:59,2.4,yes
B,3/3/10,RT 03 Kjører opp,RT 3,Escalator,Kjører opp,CapabilityTypeState,BooleanDetection,7adefe9c-7b79-41ec-b17b-dea3b0d143c8,2,SD Anlegg + Universal interface comfort 8gang flush-mounted,"assumed 1=active, UNVERIFIED",1.001,keep,7adefe9c-7b79-41ec-b17b-dea3b0d143c8,7adefe9c-7b79-41ec-b17b-dea3b0d143c8 d9df2c6b-38a6-44fd-b13e-6ac5ec623f40,3/3/10,yes,0,2026-08-31T14:12:38,0.1,yes
B,3/3/11,RT 04 Kjører opp,RT 4,Escalator,Kjører opp,CapabilityTypeState,BooleanDetection,8835b98f-7824-4468-bf9a-c1d9c2f8ba25,2,SD Anlegg + Universal interface comfort 8gang flush-mounted,"assumed 1=active, UNVERIFIED",1.001,keep,8835b98f-7824-4468-bf9a-c1d9c2f8ba25,8835b98f-7824-4468-bf9a-c1d9c2f8ba25 01be3fe1-3c86-4e83-a860-ab850c67c379,3/3/11,yes,1,2026-08-31T14:12:48,0.1,yes
B,3/3/12,RT 05 Kjører opp,RT 5,Escalator,Kjører opp,CapabilityTypeState,BooleanDetection,4d793104-0a98-4b18-8465-07edd0fdc908,2,SD Anlegg + Universal interface comfort 8gang flush-mounted,"assumed 1=active, UNVERIFIED",1.001,keep,4d793104-0a98-4b18-8465-07edd0fdc908,4d793104-0a98-4b18-8465-07edd0fdc908 813a911f-53d3-426c-ae85-e94351bceb6f,3/3/12,yes,0,2026-08-30T15:27:23,22.9,yes
B,3/3/13,RT 06 Kjører opp,RT 6,Escalator,Kjører opp,CapabilityTypeState,BooleanDetection,2cc3e152-8e00-4eb1-8132-7e37b36fbb17,2,SD Anlegg + Universal interface comfort 8gang flush-mounted,"assumed 1=active, UNVERIFIED",1.001,keep,2cc3e152-8e00-4eb1-8132-7e37b36fbb17,2cc3e152-8e00-4eb1-8132-7e37b36fbb17 0587ac9a-e175-4255-8791-21bffef65717,3/3/13,yes,1,2026-08-31T14:12:49,0.1,yes
B,3/3/14,RT 07 Kjører opp,RT 7,Escalator,Kjører opp,CapabilityTypeState,BooleanDetection,fb3a9b8c-6dc1-4d23-b638-288ef2718e89,2,SD Anlegg + Universal interface comfort 8gang flush-mounted,"assumed 1=active, UNVERIFIED",1.001,keep,fb3a9b8c-6dc1-4d23-b638-288ef2718e89,fb3a9b8c-6dc1-4d23-b638-288ef2718e89 f44f21e2-e202-45fe-9f60-3667fb496e2e,3/3/14,yes,1,2026-08-31T12:44:07,1.6,yes
B,3/4/0,RB 01 Kjører ned,RB 1,Escalator,Kjører ned,CapabilityTypeState,BooleanDetection,eeb42402-debd-46c8-8d91-2c3c75dd16ac,2,SD Anlegg + Universal interface comfort 8gang flush-mounted,"assumed 1=active, UNVERIFIED",1.001,keep,eeb42402-debd-46c8-8d91-2c3c75dd16ac,eeb42402-debd-46c8-8d91-2c3c75dd16ac 48148501-581e-4511-94cf-fa2fcb910ceb,3/4/0,yes,0,2026-08-31T02:54:00,11.4,yes
B,3/4/1,RB 02 Kjører ned,RB 2,Escalator,Kjører ned,CapabilityTypeState,BooleanDetection,6c6dbf84-e076-44a0-9fd5-6d987d54f502,2,SD Anlegg + Universal interface comfort 8gang flush-mounted,"assumed 1=active, UNVERIFIED",1.001,keep,6c6dbf84-e076-44a0-9fd5-6d987d54f502,6c6dbf84-e076-44a0-9fd5-6d987d54f502 20c42401-bd0e-404f-9b76-af696110a877,3/4/1,yes,1,2026-08-31T14:12:47,0.1,yes
B,3/4/2,RB 03 Kjører ned,RB 3,Escalator,Kjører ned,CapabilityTypeState,BooleanDetection,8df9fc1e-bba8-4549-9be3-a3626c88db12,2,SD Anlegg + Universal interface comfort 8gang flush-mounted,"assumed 1=active, UNVERIFIED",1.001,keep,8df9fc1e-bba8-4549-9be3-a3626c88db12,8df9fc1e-bba8-4549-9be3-a3626c88db12 7ae52ec9-143b-4ea0-b594-4df774f42b66,3/4/2,yes,0,2026-08-31T02:45:57,11.6,yes
B,3/4/3,RB 04 Kjører ned,RB 4,Escalator,Kjører ned,CapabilityTypeState,BooleanDetection,d983c034-7470-45c7-a679-aa16f8d0d203,2,SD Anlegg + Universal interface comfort 8gang flush-mounted,"assumed 1=active, UNVERIFIED",1.001,keep,d983c034-7470-45c7-a679-aa16f8d0d203,d983c034-7470-45c7-a679-aa16f8d0d203 13867f46-0f42-4035-a892-cdb3c2e36d00,3/4/3,yes,1,2026-08-31T14:12:46,0.1,yes
B,3/4/4,RB 05 Kjører ned,RB 5,Escalator,Kjører ned,CapabilityTypeState,BooleanDetection,dd856e49-3bd2-46b6-9e12-19271253446a,2,SD Anlegg + Universal interface comfort 8gang flush-mounted,"assumed 1=active, UNVERIFIED",1.001,keep,dd856e49-3bd2-46b6-9e12-19271253446a,dd856e49-3bd2-46b6-9e12-19271253446a cecb8b6a-ac26-49be-a579-840211407ee4,3/4/4,yes,1,2026-08-31T14:12:47,0.1,yes
B,3/4/5,RB 06 Kjører ned,RB 6,Escalator,Kjører ned,CapabilityTypeState,BooleanDetection,ccaec1af-4e5e-438f-a016-307ad45a4b5f,2,SD Anlegg + Universal interface comfort 8gang flush-mounted,"assumed 1=active, UNVERIFIED",1.001,keep,ccaec1af-4e5e-438f-a016-307ad45a4b5f,ccaec1af-4e5e-438f-a016-307ad45a4b5f facd4df8-a035-4077-ab5e-011ff32b414d,3/4/5,yes,0,2026-08-31T03:43:44,10.6,yes
B,3/4/6,RB 07 Kjører ned,RB 7,Escalator,Kjører ned,CapabilityTypeState,BooleanDetection,544b61b1-6f6f-42c9-a0ac-b1438fd31e2a,2,SD Anlegg + Universal interface comfort 8gang flush-mounted,"assumed 1=active, UNVERIFIED",1.001,keep,544b61b1-6f6f-42c9-a0ac-b1438fd31e2a,544b61b1-6f6f-42c9-a0ac-b1438fd31e2a 691fb680-0a7f-499b-bc8c-32e28e5ad27b,3/4/6,yes,1,2026-08-31T04:30:42,9.8,yes
B,3/4/7,RB 08 Kjører ned,RB 8,Escalator,Kjører ned,CapabilityTypeState,BooleanDetection,12bc055c-5df8-475e-8b00-b2f751094c06,2,SD Anlegg + Universal interface comfort 8gang flush-mounted,"assumed 1=active, UNVERIFIED",1.001,keep,12bc055c-5df8-475e-8b00-b2f751094c06,12bc055c-5df8-475e-8b00-b2f751094c06 c742f4c3-b4e6-44b1-9c96-cf649a82b525,3/4/07,NO,,,,never
B,3/4/8,RT 01 Kjører ned,RT 1,Escalator,Kjører ned,CapabilityTypeState,BooleanDetection,cfe8e2fc-c8c3-4d9b-b852-32d36dde6e8f,2,SD Anlegg + Universal interface comfort 8gang flush-mounted,"assumed 1=active, UNVERIFIED",1.001,keep,cfe8e2fc-c8c3-4d9b-b852-32d36dde6e8f,cfe8e2fc-c8c3-4d9b-b852-32d36dde6e8f 85c25c39-d2b8-4920-8610-a88423655a5d,3/4/8,yes,1,2026-08-31T12:04:26,2.3,yes
B,3/4/9,RT 02 Kjører ned,RT 2,Escalator,Kjører ned,CapabilityTypeState,BooleanDetection,d6f83050-95c5-4967-a2e5-c700be7fbcd4,2,SD Anlegg + Universal interface comfort 8gang flush-mounted,"assumed 1=active, UNVERIFIED",1.001,keep,d6f83050-95c5-4967-a2e5-c700be7fbcd4,d6f83050-95c5-4967-a2e5-c700be7fbcd4 09ed46a0-fbc2-4850-bdb0-38bae17c21f3,3/4/9,yes,0,2026-08-31T12:27:29,1.9,yes
B,3/4/10,RT 03 Kjører ned,RT 3,Escalator,Kjører ned,CapabilityTypeState,BooleanDetection,eef26198-42cb-4c6e-9716-12885ce985ca,2,SD Anlegg + Universal interface comfort 8gang flush-mounted,"assumed 1=active, UNVERIFIED",1.001,keep,eef26198-42cb-4c6e-9716-12885ce985ca,eef26198-42cb-4c6e-9716-12885ce985ca 474e006c-29dc-4936-8d70-fed9dc087988,3/4/10,yes,1,2026-08-31T14:12:46,0.1,yes
B,3/4/11,RT 04 Kjører ned,RT 4,Escalator,Kjører ned,CapabilityTypeState,BooleanDetection,60dff257-b6bc-4a68-929c-ca94fdda140e,2,SD Anlegg + Universal interface comfort 8gang flush-mounted,"assumed 1=active, UNVERIFIED",1.001,keep,60dff257-b6bc-4a68-929c-ca94fdda140e,60dff257-b6bc-4a68-929c-ca94fdda140e 3fb13187-4caf-49f9-808c-9f04591def2e,3/4/11,yes,0,2026-08-31T14:12:44,0.1,yes
B,3/4/12,RT 05 Kjører ned,RT 5,Escalator,Kjører ned,CapabilityTypeState,BooleanDetection,f8c89da3-3e65-4704-b606-0ce01446d701,2,SD Anlegg + Universal interface comfort 8gang flush-mounted,"assumed 1=active, UNVERIFIED",1.001,keep,f8c89da3-3e65-4704-b606-0ce01446d701,f8c89da3-3e65-4704-b606-0ce01446d701 ef3adf1f-eecf-4517-a063-ac5ed76fa0a4,3/4/12,yes,1,2026-08-31T14:12:32,0.1,yes
B,3/4/13,RT 06 Kjører ned,RT 6,Escalator,Kjører ned,CapabilityTypeState,BooleanDetection,61fc8b0b-e87a-41d5-939f-12ef721b313e,2,SD Anlegg + Universal interface comfort 8gang flush-mounted,"assumed 1=active, UNVERIFIED",1.001,keep,61fc8b0b-e87a-41d5-939f-12ef721b313e,61fc8b0b-e87a-41d5-939f-12ef721b313e aa6433a3-153f-4ec5-ba5c-a93aa71a44b6,3/4/13,yes,0,2026-08-30T14:54:10,23.4,yes
B,3/4/14,RT 07 Kjører ned,RT 7,Escalator,Kjører ned,CapabilityTypeState,BooleanDetection,0ade3af3-9a80-4dbe-98ca-6dfd756871a1,2,SD Anlegg + Universal interface comfort 8gang flush-mounted,"assumed 1=active, UNVERIFIED",1.001,keep,0ade3af3-9a80-4dbe-98ca-6dfd756871a1,0ade3af3-9a80-4dbe-98ca-6dfd756871a1 1131eed4-bdf0-484f-99ac-baa834c5afa0,3/4/14,yes,0,2026-08-31T14:12:33,0.1,yes
A,4/0/1,UB 1182 HCWC Snorbryter utløst,,AlarmSignals,HCWC On=OK,CapabilityTypeState,BooleanDetection,79918f61-e5f4-432d-bed5-d535ccc2eb59,3,"SD Anlegg + Switch actuator, 12 fold, universal + Universal interface comfort 2gang flush-mounted","INVERTED: 1=OK, 0=pull-cord activated",1.001,keep,79918f61-e5f4-432d-bed5-d535ccc2eb59,79918f61-e5f4-432d-bed5-d535ccc2eb59 035677c5-7730-4ba9-8d41-d890c5be09e9 90c8ad86-1f8c-4dd7-bd3c-cf320d7810d0,4/0/1,yes,1,2026-08-31T14:12:36,0.1,yes
A,4/0/2,UB 1190 HCWC Snorbryter utløst,,AlarmSignals,HCWC On=OK,CapabilityTypeState,BooleanDetection,18ecc4d0-8167-4217-acd5-232fc19a16ef,3,"SD Anlegg + Switch actuator, 12 fold, universal + Universal interface comfort 2gang flush-mounted","INVERTED: 1=OK, 0=pull-cord activated",1.001,keep,18ecc4d0-8167-4217-acd5-232fc19a16ef,18ecc4d0-8167-4217-acd5-232fc19a16ef 850d2509-f0a0-4824-8df4-10b27f88b04d 5c095242-c57d-4faf-bd26-9c323cdee564,4/0/2,yes,1,2026-08-31T14:12:47,0.1,yes
A,4/0/3,UA 1203 HCWC Snorbryter utløst,,AlarmSignals,HCWC On=OK,CapabilityTypeState,BooleanDetection,b48cfe84-00f3-4ee3-b1b8-3ce16d9574e7,3,"SD Anlegg + Switch actuator, 12 fold, universal + Universal interface comfort 2gang flush-mounted","INVERTED: 1=OK, 0=pull-cord activated",1.001,keep,b48cfe84-00f3-4ee3-b1b8-3ce16d9574e7,b48cfe84-00f3-4ee3-b1b8-3ce16d9574e7 97ef38dd-9314-4923-a3db-6738e283a377 8b6716f5-d575-45b9-8b5e-11bc5591cf32,4/0/3,yes,1,2026-08-31T14:12:37,0.1,yes
A,4/0/4,1B 2023 HCWC Snorbryter utløst,,AlarmSignals,HCWC On=OK,CapabilityTypeState,BooleanDetection,b7aeaf63-01d9-4b28-adbe-11b8d514faa9,3,"SD Anlegg + Switch actuator, 12 fold, universal + Universal interface comfort 2gang flush-mounted","INVERTED: 1=OK, 0=pull-cord activated",1.001,keep,b7aeaf63-01d9-4b28-adbe-11b8d514faa9,b7aeaf63-01d9-4b28-adbe-11b8d514faa9 c9ce6e12-d0bf-44d4-a9d0-7600ae1edc3c 0f93c875-e3bc-4fde-8f34-2d3d024c88ed,4/0/4,yes,1,2026-08-31T14:12:36,0.1,yes
A,4/0/5,1B 2030 HCWC Snorbryter utløst,,AlarmSignals,HCWC On=OK,CapabilityTypeState,BooleanDetection,f0f0d29a-3007-4f6d-aa35-4a0bae65a4af,3,"SD Anlegg + Switch actuator, 12 fold, universal + Universal interface comfort 2gang flush-mounted","INVERTED: 1=OK, 0=pull-cord activated",1.001,keep,f0f0d29a-3007-4f6d-aa35-4a0bae65a4af,f0f0d29a-3007-4f6d-aa35-4a0bae65a4af b7f0c6be-f2e4-4100-94b1-6614985cbeef bed40113-ba84-40a7-9a9e-4d6e4c39d033,4/0/5,yes,1,2026-08-31T14:12:37,0.1,yes
A,4/0/6,1B 2037 HCWC Snorbryter utløst,,AlarmSignals,HCWC On=OK,CapabilityTypeState,BooleanDetection,7a58061d-5077-4cb3-8283-66d4cd859bec,3,"SD Anlegg + Switch actuator, 12 fold, universal + Universal interface comfort 2gang flush-mounted","INVERTED: 1=OK, 0=pull-cord activated",1.001,keep,7a58061d-5077-4cb3-8283-66d4cd859bec,7a58061d-5077-4cb3-8283-66d4cd859bec bdb99acc-cd7d-4cda-a2a1-3ba946cd693a a5175c96-9721-42ed-9959-96dd5483ffdc,4/0/6,yes,1,2026-08-31T14:12:39,0.1,yes
X,4/0/7,1C 2071 HCWC Demontert,,AlarmSignals,HCWC On=OK,CapabilityTypeState,BooleanDetection,8174a322-1d00-4610-9b51-a821e6f10fac,3,"SD Anlegg + Switch actuator, 12 fold, universal + Universal interface comfort 2gang flush-mounted","INVERTED: 1=OK, 0=pull-cord activated",1.001,keep,8174a322-1d00-4610-9b51-a821e6f10fac,8174a322-1d00-4610-9b51-a821e6f10fac 27dacd33-8951-4b09-8608-634496f8c8e0 d1b9c07f-6777-448f-aace-53acbbf6ab66,4/0/7,yes,0,2026-08-31T14:12:39,0.1,yes
X,4/0/8,1C 2079 HCWC IKKE I BRUK,,AlarmSignals,HCWC On=OK,CapabilityTypeState,BooleanDetection,3e1a5b79-a096-4614-836c-c135b1239bdf,2,"SD Anlegg + Switch actuator, 12 fold, universal","INVERTED: 1=OK, 0=pull-cord activated",1.001,keep,3e1a5b79-a096-4614-836c-c135b1239bdf,3e1a5b79-a096-4614-836c-c135b1239bdf f478c12b-a7fc-42a0-b70d-da41eac9403f,4/0/8,yes,0,2026-08-31T14:12:38,0.1,yes
A,4/0/9,2B 3031 HCWC Snorbryter utløst,,AlarmSignals,HCWC On=OK,CapabilityTypeState,BooleanDetection,4c5766f9-4a2b-4a0a-9194-c24c580b31ac,3,"SD Anlegg + Switch actuator, 12 fold, universal + Universal interface comfort 2gang flush-mounted","INVERTED: 1=OK, 0=pull-cord activated",1.001,keep,4c5766f9-4a2b-4a0a-9194-c24c580b31ac,4c5766f9-4a2b-4a0a-9194-c24c580b31ac b9c16a99-436a-4c8a-8861-53ddd1e095bd eea370a7-6266-495c-b650-1e6eefa3d97d,4/0/9,yes,1,2026-08-31T14:12:38,0.1,yes
A,4/0/10,2B 3042 HCWC Snorbryter utløst,,AlarmSignals,HCWC On=OK,CapabilityTypeState,BooleanDetection,ea32f638-b10a-4205-8c9c-45ef0419d35f,3,"SD Anlegg + Switch actuator, 12 fold, universal + Universal interface comfort 2gang flush-mounted","INVERTED: 1=OK, 0=pull-cord activated",1.001,keep,ea32f638-b10a-4205-8c9c-45ef0419d35f,ea32f638-b10a-4205-8c9c-45ef0419d35f 484990a4-6916-44b5-9478-04b20a699fb8 e8312fa0-40bf-437b-a6a7-b89fbc994b19,4/0/10,yes,0,2026-08-31T14:12:31,0.1,yes
A,4/0/11,2C 3070 HCWC Snorbryter utløst,,AlarmSignals,HCWC On=OK,CapabilityTypeState,BooleanDetection,f2a336c2-848a-4206-a4c3-3a098792affe,3,"SD Anlegg + Switch actuator, 12 fold, universal + Universal interface comfort 2gang flush-mounted","INVERTED: 1=OK, 0=pull-cord activated",1.001,keep,f2a336c2-848a-4206-a4c3-3a098792affe,f2a336c2-848a-4206-a4c3-3a098792affe 36c1c560-f1c2-4e35-a4f5-ec4d149ab580 8eb8ac32-c138-45f3-8a3a-f82d97060d92,4/0/11,yes,1,2026-08-31T14:12:32,0.1,yes
X,4/0/12,2C 3083 HCWC IKKE I BRUK,,AlarmSignals,HCWC On=OK,CapabilityTypeState,BooleanDetection,8fca56c2-8a3c-40aa-a7e3-1da86e128193,2,"SD Anlegg + Switch actuator, 12 fold, universal","INVERTED: 1=OK, 0=pull-cord activated",1.001,keep,8fca56c2-8a3c-40aa-a7e3-1da86e128193,8fca56c2-8a3c-40aa-a7e3-1da86e128193 0a565465-f06a-4d86-a040-3f77e62d976b,4/0/12,yes,0,2026-08-31T14:12:32,0.1,yes
A,4/1/1,Brannvarsling BRANN!,,AlarmSignals,Brann,CapabilityTypeAlarm,BooleanDetection,ed89e442-595a-4a8b-af4b-7b2740fa910e,2,SD Anlegg + Universal interface comfort 8gang flush-mounted,"assumed 1=active, UNVERIFIED",1.001,keep,ed89e442-595a-4a8b-af4b-7b2740fa910e,ed89e442-595a-4a8b-af4b-7b2740fa910e 5ea6123c-2ac3-4fe2-9d42-0c46898b34ab,4/1/1,yes,0,2026-08-31T14:12:28,0.1,yes
A,4/1/2,Brannvarsling Feil,,AlarmSignals,Brann,CapabilityTypeAlarm,BooleanDetection,ce52c277-a1fc-4bb7-bac3-5beadd028f00,2,SD Anlegg + Universal interface comfort 8gang flush-mounted,"assumed 1=fault, UNVERIFIED",1.001,keep,ce52c277-a1fc-4bb7-bac3-5beadd028f00,ce52c277-a1fc-4bb7-bac3-5beadd028f00 54dba3dc-3f11-4580-9080-9ec4d146f245,4/1/2,yes,1,2026-08-31T14:12:30,0.1,yes
A,4/1/3,Brannvarsling Forvarsel,,AlarmSignals,Brann,CapabilityTypeAlarm,BooleanDetection,a15de42c-ec85-42b4-83f3-98b44114d3a3,2,SD Anlegg + Universal interface comfort 8gang flush-mounted,"assumed 1=active, UNVERIFIED",1.001,keep,a15de42c-ec85-42b4-83f3-98b44114d3a3,a15de42c-ec85-42b4-83f3-98b44114d3a3 884eef04-dc58-47be-a609-80c58469534e,4/1/3,yes,0,2026-08-31T14:12:50,0.1,yes
A,4/1/4,Brannvarsling Sprinklerventil åpen\lukket,,AlarmSignals,Brann,CapabilityTypeAlarm,BooleanDetection,2e4ee287-2482-4aca-b2c2-c0aa5d665001,2,"SD Anlegg + Switch actuator, 4 fold, universal","assumed 1=active, UNVERIFIED",1.001,keep,2e4ee287-2482-4aca-b2c2-c0aa5d665001,2e4ee287-2482-4aca-b2c2-c0aa5d665001 4c87ecc3-9bad-4ac0-ab6a-e5f874b5e2cb,4/1/4,yes,0,2026-08-31T14:12:51,0.1,yes
A,4/1/11,Brannslokkeskap 1 Etg A Trapp 7,,AlarmSignals,Brann,CapabilityTypeAlarm,BooleanDetection,8c052602-aa69-44f6-8cc1-7e1272006c3c,2,SD Anlegg + Universal interface comfort 2gang flush-mounted,"assumed 1=active, UNVERIFIED",1.001,keep,8c052602-aa69-44f6-8cc1-7e1272006c3c,8c052602-aa69-44f6-8cc1-7e1272006c3c 4d0b7fff-476a-43a0-9c64-5468999b4764,4/1/11,yes,0,2026-08-31T14:02:43,0.3,yes
A,4/1/12,Brannslokkeskap 1 Etg A 112\113,,AlarmSignals,Brann,CapabilityTypeAlarm,BooleanDetection,f1bbdae3-f83a-4f4c-a51f-fb21c52e4a43,2,SD Anlegg + Universal interface comfort 2gang flush-mounted,"assumed 1=active, UNVERIFIED",1.001,keep,f1bbdae3-f83a-4f4c-a51f-fb21c52e4a43,f1bbdae3-f83a-4f4c-a51f-fb21c52e4a43 a26fcf31-afbd-403e-ab3b-6954da0fc90d,4/1/12,yes,0,2026-08-31T05:49:39,8.5,yes
A,4/1/13,Brannslokkeskap 1 Etg A 100\103,,AlarmSignals,Brann,CapabilityTypeAlarm,BooleanDetection,ba5d1c98-055a-4d03-a880-cae9666f71ab,2,SD Anlegg + Universal interface comfort 2gang flush-mounted,"assumed 1=active, UNVERIFIED",1.001,keep,ba5d1c98-055a-4d03-a880-cae9666f71ab,ba5d1c98-055a-4d03-a880-cae9666f71ab 56bf3efb-19b8-46ad-afca-e85811d08044,4/1/13,yes,0,2026-08-31T14:12:48,0.1,yes
A,4/1/14,Brannslokkeskap 1 Etg B 166\168,,AlarmSignals,Brann,CapabilityTypeAlarm,BooleanDetection,e0f6086f-3432-4a50-b934-83a30685130f,2,SD Anlegg + Universal interface comfort 2gang flush-mounted,"assumed 1=active, UNVERIFIED",1.001,keep,e0f6086f-3432-4a50-b934-83a30685130f,e0f6086f-3432-4a50-b934-83a30685130f 99fc4d9f-ef69-4f1e-9be8-b28539425f5f,4/1/14,yes,1,2026-08-31T14:12:49,0.1,yes
A,4/1/15,Brannslokkeskap 1 Etg B 162\163,,AlarmSignals,Brann,CapabilityTypeAlarm,BooleanDetection,fb28b378-0023-4b77-8c36-01b2536d4966,2,SD Anlegg + Universal interface comfort 2gang flush-mounted,"assumed 1=active, UNVERIFIED",1.001,keep,fb28b378-0023-4b77-8c36-01b2536d4966,fb28b378-0023-4b77-8c36-01b2536d4966 c4354f9b-3d41-4b09-aa99-62de558701b2,4/1/15,yes,0,2026-08-30T05:57:50,32.4,stale
A,4/1/16,Brannslokkeskap 1 Etg B 156\157,,AlarmSignals,Brann,CapabilityTypeAlarm,BooleanDetection,f3b61a84-5917-4f5c-8061-1903bcabeaf1,2,SD Anlegg + Universal interface comfort 2gang flush-mounted,"assumed 1=active, UNVERIFIED",1.001,keep,f3b61a84-5917-4f5c-8061-1903bcabeaf1,f3b61a84-5917-4f5c-8061-1903bcabeaf1 f167d415-0744-422a-9606-c8505d852002,4/1/16,yes,0,2026-08-30T05:58:04,32.4,stale
A,4/1/17,Brannslokkeskap 1 Etg B 130\131,,AlarmSignals,Brann,CapabilityTypeAlarm,BooleanDetection,dbb14604-515a-4298-bf84-fb8277cb3922,2,SD Anlegg + Universal interface comfort 2gang flush-mounted,"assumed 1=active, UNVERIFIED",1.001,keep,dbb14604-515a-4298-bf84-fb8277cb3922,dbb14604-515a-4298-bf84-fb8277cb3922 13635b1a-9158-4b75-9f5a-bafd367c5750,4/1/17,yes,1,2026-08-31T13:52:48,0.5,yes
A,4/1/18,Brannslokkeskap 2 Etg A Trapp 7,,AlarmSignals,Brann,CapabilityTypeAlarm,BooleanDetection,84520cde-a0bc-4d43-82f6-b82dc0b65346,2,SD Anlegg + Universal interface comfort 2gang flush-mounted,"assumed 1=active, UNVERIFIED",1.001,keep,84520cde-a0bc-4d43-82f6-b82dc0b65346,84520cde-a0bc-4d43-82f6-b82dc0b65346 85d3b06a-9324-4360-9c8c-9f93c9aa6f0c,4/1/18,yes,1,2026-08-30T05:59:54,32.3,stale
A,4/1/19,Brannslokkeskap 2 Etg A 220\223,,AlarmSignals,Brann,CapabilityTypeAlarm,BooleanDetection,a79fc915-f30b-426a-a79f-a5bbfc8114b6,2,SD Anlegg + Universal interface comfort 2gang flush-mounted,"assumed 1=active, UNVERIFIED",1.001,keep,a79fc915-f30b-426a-a79f-a5bbfc8114b6,a79fc915-f30b-426a-a79f-a5bbfc8114b6 d7155c65-6d8b-49a1-bd93-eb2daa915df4,4/1/19,yes,1,2026-08-30T05:58:51,32.4,stale
A,4/1/20,Brannslokkeskap 2 Etg A 202\204,,AlarmSignals,Brann,CapabilityTypeAlarm,BooleanDetection,89f5187e-296c-4ac4-bb2d-78f33a17ef52,2,SD Anlegg + Universal interface comfort 2gang flush-mounted,"assumed 1=active, UNVERIFIED",1.001,keep,89f5187e-296c-4ac4-bb2d-78f33a17ef52,89f5187e-296c-4ac4-bb2d-78f33a17ef52 4ee21e60-7b39-47b7-8e12-964e7048ca55,4/1/,NO,1,2026-08-30T05:58:21,32.4,stale
A,4/1/21,Brannslokkeskap 2 Etg B 231\233,,AlarmSignals,Brann,CapabilityTypeAlarm,BooleanDetection,fa0433cf-11a8-4492-af87-ae1cf9ea271f,2,SD Anlegg + Universal interface comfort 2gang flush-mounted,"assumed 1=active, UNVERIFIED",1.001,keep,fa0433cf-11a8-4492-af87-ae1cf9ea271f,fa0433cf-11a8-4492-af87-ae1cf9ea271f 8addce22-dd4e-40ee-aa19-ab2256735b78,4/1/21,yes,1,2026-08-31T14:12:36,0.1,yes
A,4/1/22,Brannslokkeskap 2 Etg B 262\163,,AlarmSignals,Brann,CapabilityTypeAlarm,BooleanDetection,104f784a-5d92-4c43-a244-6f2b5d7f708e,2,SD Anlegg + Universal interface comfort 2gang flush-mounted,"assumed 1=active, UNVERIFIED",1.001,keep,104f784a-5d92-4c43-a244-6f2b5d7f708e,104f784a-5d92-4c43-a244-6f2b5d7f708e 11f8c7de-330e-499f-9f8a-d93595a98163,4/1/22,yes,1,2026-08-31T13:32:37,0.8,yes
A,4/1/23,Brannslokkeskap 2 Etg B 257\256,,AlarmSignals,Brann,CapabilityTypeAlarm,BooleanDetection,c2ca8440-8ae7-4412-bdd9-4b6477a71719,2,SD Anlegg + Universal interface comfort 2gang flush-mounted,"assumed 1=active, UNVERIFIED",1.001,keep,c2ca8440-8ae7-4412-bdd9-4b6477a71719,c2ca8440-8ae7-4412-bdd9-4b6477a71719 96d9f83e-f37f-4149-980c-9bd6e2e2c161,4/1/23,yes,0,2026-08-31T12:32:39,1.8,yes
A,4/1/24,Brannslokkeskap 2 Etg B 240\241,,AlarmSignals,Brann,CapabilityTypeAlarm,BooleanDetection,9550ae14-e6ab-413f-92a1-8e06db0054dd,2,SD Anlegg + Universal interface comfort 2gang flush-mounted,"assumed 1=active, UNVERIFIED",1.001,keep,9550ae14-e6ab-413f-92a1-8e06db0054dd,9550ae14-e6ab-413f-92a1-8e06db0054dd c0cf7291-5926-4cc6-bb89-109b396f50a8,4/1/24,yes,1,2026-08-31T14:12:37,0.1,yes
A,4/1/25,Brannslokkeskap 2 Etg B 252\250,,AlarmSignals,Brann,CapabilityTypeAlarm,BooleanDetection,6e99e505-bcd4-4e46-97c2-902764367359,2,SD Anlegg + Universal interface comfort 2gang flush-mounted,"assumed 1=active, UNVERIFIED",1.001,keep,6e99e505-bcd4-4e46-97c2-902764367359,6e99e505-bcd4-4e46-97c2-902764367359 010711e1-bf32-4cf0-954b-6d1d20afac77,4/1/25,yes,1,2026-08-31T14:02:37,0.3,yes
A,4/2/1,Persienne Bygg A Feil,,AlarmSignals,Alarmsignaler,CapabilityTypeAlarm,BooleanDetection,777a6ad4-0fcd-4718-a9cd-fbc9682b13ea,2,SD Anlegg + Universal interface comfort 2gang flush-mounted,"assumed 1=fault, UNVERIFIED",1.001,keep,777a6ad4-0fcd-4718-a9cd-fbc9682b13ea,777a6ad4-0fcd-4718-a9cd-fbc9682b13ea fb75870c-ff55-4212-a37f-95f0e1cb9b92,4/2/1,yes,0,2026-08-30T05:59:31,32.3,stale
A,4/2/2,Persienne Bygg B Feil,,AlarmSignals,Alarmsignaler,CapabilityTypeAlarm,BooleanDetection,4e65a14f-422c-4213-8968-23855304a1f5,2,SD Anlegg + Universal interface comfort 2gang flush-mounted,"assumed 1=fault, UNVERIFIED",1.001,keep,4e65a14f-422c-4213-8968-23855304a1f5,4e65a14f-422c-4213-8968-23855304a1f5 4a4af42a-30b3-4a5f-a072-badaa84ca3cf,4/2/2,yes,0,2026-08-30T06:00:13,32.3,stale
A,4/2/3,Persienne Bygg C Feil,,AlarmSignals,Alarmsignaler,CapabilityTypeAlarm,BooleanDetection,fe941c55-9586-4902-926e-a83f7d4b5cb9,2,SD Anlegg + Universal interface comfort 2gang flush-mounted,"assumed 1=fault, UNVERIFIED",1.001,keep,fe941c55-9586-4902-926e-a83f7d4b5cb9,fe941c55-9586-4902-926e-a83f7d4b5cb9 69819b72-44dc-450a-8160-b044fd146b04,4/2/3,yes,0,2026-08-29T18:16:38,44.1,stale
A,4/2/4,Innbrudd\Adgangskontroll Feil,,AlarmSignals,Alarmsignaler,CapabilityTypeAlarm,BooleanDetection,e0f3e5a8-6d32-4cf5-a2a0-34f9c3bfa8e3,2,SD Anlegg + Universal interface comfort 2gang flush-mounted,"assumed 1=fault, UNVERIFIED",1.001,keep,e0f3e5a8-6d32-4cf5-a2a0-34f9c3bfa8e3,e0f3e5a8-6d32-4cf5-a2a0-34f9c3bfa8e3 6a347342-86af-47d6-9a01-9d5ac3ebc1e3,4/2/4,yes,,,,never
A,4/2/5,Innbrudd Alarm,,AlarmSignals,Alarmsignaler,CapabilityTypeState,BooleanDetection,1873daae-777e-4e54-a51d-69e873e23511,2,SD Anlegg + Universal interface comfort 2gang flush-mounted,"assumed 1=active, UNVERIFIED",1.*,defer,1873daae-777e-4e54-a51d-69e873e23511,1873daae-777e-4e54-a51d-69e873e23511 afe86f93-9291-4a50-ae12-84413943be59,4/2/5,yes,,,,never
A,4/2/7,ITV Feil,,AlarmSignals,Alarmsignaler,CapabilityTypeAlarm,BooleanDetection,bc13f228-002b-49a8-acfe-83792bc08926,2,SD Anlegg + Universal interface comfort 2gang flush-mounted,"assumed 1=fault, UNVERIFIED",1.001,keep,bc13f228-002b-49a8-acfe-83792bc08926,bc13f228-002b-49a8-acfe-83792bc08926 cbf16267-09ea-44fc-bad7-52d6e4792b62,4/2/7,yes,0,2026-08-31T14:12:36,0.1,yes
A,4/2/8,Nødlys Feil,,AlarmSignals,Alarmsignaler,CapabilityTypeAlarm,BooleanDetection,e5ff740f-bfa4-4c89-8b15-1dbcc5755db9,2,SD Anlegg + Universal interface comfort 2gang flush-mounted,"assumed 1=fault, UNVERIFIED",1.001,keep,e5ff740f-bfa4-4c89-8b15-1dbcc5755db9,e5ff740f-bfa4-4c89-8b15-1dbcc5755db9 6df6eca9-b8e6-4b2a-af49-9654d680f25e,4/2/8,yes,0,2026-08-30T22:52:49,15.5,yes
A,4/2/9,Skyvedør\Varmluftsgardin Feil,,AlarmSignals,Alarmsignaler,CapabilityTypeState,BooleanDetection,2342b511-33c4-4f5d-a88c-152a772dafad,2,SD Anlegg + Universal interface comfort 2gang flush-mounted,"assumed 1=fault, UNVERIFIED",1.001,keep,2342b511-33c4-4f5d-a88c-152a772dafad,2342b511-33c4-4f5d-a88c-152a772dafad c137e7d8-79e6-4206-80fd-298e1caf6eb2,4/2/9,yes,0,2026-08-30T05:59:56,32.3,stale
A,4/2/10,Fuktføler IKT rom,,AlarmSignals,Alarmsignaler,CapabilityTypeState,BooleanDetection,c698ab3d-d962-4688-b35b-4962d6f2fbed,2,SD Anlegg + Universal interface comfort 8gang flush-mounted,"assumed 1=active, UNVERIFIED",1.*,defer,c698ab3d-d962-4688-b35b-4962d6f2fbed,c698ab3d-d962-4688-b35b-4962d6f2fbed e064281f-be36-489f-ab33-54774985cf4a,4/2/10,yes,0,2026-08-31T14:12:43,0.1,yes
A,4/2/11,Gassanlegg fordamperskap,,AlarmSignals,Alarmsignaler,CapabilityTypeState,BooleanDetection,22997668-ba0c-48a9-8d3b-adb5d6c67e79,2,SD Anlegg + Universal interface comfort 2gang flush-mounted,"assumed 1=active, UNVERIFIED",1.*,defer,22997668-ba0c-48a9-8d3b-adb5d6c67e79,22997668-ba0c-48a9-8d3b-adb5d6c67e79 04c3f8ef-3fba-4af3-85de-5758814b1b45,4/2/11,yes,0,2026-08-30T05:14:56,33.1,stale
A,4/2/12,Gassanlegg magnetventil feil,,AlarmSignals,Alarmsignaler,CapabilityTypeAlarm,BooleanDetection,37cb76eb-681a-47e1-bdd6-6a831498a985,2,SD Anlegg + Universal interface comfort 2gang flush-mounted,"assumed 1=active, UNVERIFIED",1.001,keep,37cb76eb-681a-47e1-bdd6-6a831498a985,37cb76eb-681a-47e1-bdd6-6a831498a985 c69adf10-44e2-4edf-afa5-04662e451d38,4/2/12,yes,0,2026-08-30T05:14:56,33.1,stale
A,4/2/13,Kjølt søppelrom varemottak A Drift,,AlarmSignals,Alarmsignaler,CapabilityTypeState,BooleanDetection,f945c5ec-524b-40af-9502-130e7baca962,2,SD Anlegg + Universal interface comfort 2gang flush-mounted,"assumed 1=active, UNVERIFIED",1.001,keep,f945c5ec-524b-40af-9502-130e7baca962,f945c5ec-524b-40af-9502-130e7baca962 4f1b369a-2d21-4e85-9ff1-aa392b5b2858,4/2/13,yes,0,2026-08-30T05:18:05,33.0,stale
A,4/2/14,Kjølt søppelrom varemottak A Feil,,AlarmSignals,Alarmsignaler,CapabilityTypeAlarm,BooleanDetection,91a80869-7315-493c-b5ed-9238b82b3202,2,SD Anlegg + Universal interface comfort 2gang flush-mounted,"assumed 1=fault, UNVERIFIED",1.001,keep,91a80869-7315-493c-b5ed-9238b82b3202,91a80869-7315-493c-b5ed-9238b82b3202 b973f7e6-ee68-4b49-8027-b7c3631eb139,4/2/14,yes,0,2026-08-30T05:18:05,33.0,stale
A,4/2/15,Kjølt søppelrom varemottak B Drift,,AlarmSignals,Alarmsignaler,CapabilityTypeState,BooleanDetection,7890e331-7f9e-4c6b-ac81-5d944cb3e6be,2,SD Anlegg + Universal interface comfort 2gang flush-mounted,"assumed 1=active, UNVERIFIED",1.001,keep,7890e331-7f9e-4c6b-ac81-5d944cb3e6be,7890e331-7f9e-4c6b-ac81-5d944cb3e6be 5a9af970-0e37-42e2-9f56-728acad766ad,4/2/15,yes,0,2026-08-30T03:36:06,34.7,stale
A,4/2/16,Kjølt søppelrom varemottak B Feil,,AlarmSignals,Alarmsignaler,CapabilityTypeAlarm,BooleanDetection,f70f3f8e-4b4a-4575-ae34-1d5c18d652b9,2,SD Anlegg + Universal interface comfort 2gang flush-mounted,"assumed 1=fault, UNVERIFIED",1.001,keep,f70f3f8e-4b4a-4575-ae34-1d5c18d652b9,f70f3f8e-4b4a-4575-ae34-1d5c18d652b9 3c71b24f-4ba4-4635-b28c-2ce058a96300,4/2/16,yes,0,2026-08-31T13:32:42,0.8,yes
A,4/2/17,Fontene Feil,,AlarmSignals,Alarmsignaler,CapabilityTypeAlarm,BooleanDetection,cb99a64d-bece-407f-addd-f2d1913ad34c,2,SD Anlegg + Universal interface comfort 2gang flush-mounted,"assumed 1=fault, UNVERIFIED",1.001,keep,cb99a64d-bece-407f-addd-f2d1913ad34c,cb99a64d-bece-407f-addd-f2d1913ad34c 6c77454e-582c-419c-b488-a033350c8c14,4/2/17,yes,0,2026-08-30T05:14:53,33.1,stale
X,4/2/18,Living wall demontert,,AlarmSignals,Alarmsignaler,CapabilityTypeState,BooleanDetection,bca828f9-f7fd-438d-94de-380462e3ca68,1,SD Anlegg,"assumed 1=active, UNVERIFIED",1.*,defer,bca828f9-f7fd-438d-94de-380462e3ca68,bca828f9-f7fd-438d-94de-380462e3ca68,4/2/18,yes,,,,never
A,4/2/20,Solcelleanlegg Feil   -  Stort anlegg ved 433.291,,AlarmSignals,Alarmsignaler,CapabilityTypeAlarm,BooleanDetection,,2,SD Anlegg + Universal interface comfort 2gang flush-mounted,"assumed 1=fault, UNVERIFIED",1.001,keep,,,,,,,,NO SENSOR
A,4/2/22,Solcelleanlegg Feil   -  Lite anlegg ved 433.297,,AlarmSignals,Alarmsignaler,CapabilityTypeAlarm,BooleanDetection,,2,SD Anlegg + Universal interface comfort 8gang flush-mounted,"assumed 1=fault, UNVERIFIED",1.001,keep,,,,,,,,NO SENSOR
B,5/0/0,Utemaster samt fasade+lameller,,OutdoorLighting,Utelys,CapabilityTypeState,BooleanDetection,a585c812-2e77-407e-b6c1-b250bcb3c406,2,SD Anlegg + Universal interface comfort 8gang flush-mounted,"assumed 1=active, UNVERIFIED",1.001,keep,a585c812-2e77-407e-b6c1-b250bcb3c406,a585c812-2e77-407e-b6c1-b250bcb3c406 cdd62969-2c2f-4965-aee5-266381101951,5/0/0,yes,0,2026-08-31T04:09:11,10.2,yes
B,6/0/0,1181 Herre       WC-DUSJ,,Heating,Er Temp,Temperature,Celsius,,1,RAM 713 S,analog degC,9.001,keep,,,,,,,,NO SENSOR
B,6/0/1,1182 Herre  HCWC-DUSJ,,Heating,Er Temp,Temperature,Celsius,,1,RAM 713 S,analog degC,9.001,keep,,,,,,,,NO SENSOR
B,6/0/2,1186 Dame       WC-DUSJ,,Heating,Er Temp,Temperature,Celsius,,1,RAM 713 S,analog degC,9.001,keep,,,,,,,,NO SENSOR
B,6/0/3,1190 Dame  HCWC-DUSJ,,Heating,Er Temp,Temperature,Celsius,,1,RAM 713 S,analog degC,9.001,keep,,,,,,,,NO SENSOR
B,6/1/0,1181 Herre       WC-DUSJ,,Heating,Faktisk Pådrag,CapabilityTypeState,BooleanDetection,,1,RAM 713 S,"assumed 1=active, UNVERIFIED",1.001,keep,,,,,,,,NO SENSOR
B,6/1/1,1182 Herre  HCWC-DUSJ,,Heating,Faktisk Pådrag,CapabilityTypeState,BooleanDetection,,1,RAM 713 S,"assumed 1=active, UNVERIFIED",1.001,keep,,,,,,,,NO SENSOR
B,6/1/2,1186 Dame      WC-DUSJ,,Heating,Faktisk Pådrag,CapabilityTypeState,BooleanDetection,,1,RAM 713 S,"assumed 1=active, UNVERIFIED",1.001,keep,,,,,,,,NO SENSOR
B,6/1/3,1190 Dame  HCWC-DUSJ,,Heating,Faktisk Pådrag,CapabilityTypeState,BooleanDetection,,1,RAM 713 S,"assumed 1=active, UNVERIFIED",1.001,keep,,,,,,,,NO SENSOR
B,6/3/0,Felles endre driftmodus,,Heating,Nattesenk,CapabilityTypeParameter,Percentage,1eda2028-498a-447b-9637-b01d09828bfc,4,RAM 713 S,"assumed 1=active, UNVERIFIED",,defer,1eda2028-498a-447b-9637-b01d09828bfc,1eda2028-498a-447b-9637-b01d09828bfc b12e06e1-ea52-491f-a261-bed73ca42d1e 05174ca9-fcdf-4b22-adf5-7b98eda17f3d 13abf0bd-bea6-43dc-8375-974574806030,6/3/0,yes,,,,never
