system,room,complete,temp_sensor_id,temp_latest,setpoint_sensor_id,setpoint_latest,co2_sensor_id,co2_latest,heat_sensor_id,heat_latest,cool_sensor_id,cool_latest,supply_flow_sensor_id,supply_flow_latest,extract_fb_sensor_id
001,0006,no,42dca6ff-8ac6-4a01-91dd-6ecd16aefa31,0.0,,,,,78989eaf-f7bb-48e5-9613-14908a59b541,0.0,424a1c03-22f6-41dc-ba8f-504b008a1010,0.0,,,
001,0027,no,58be4fe2-f718-460c-a05c-20d8b5b7e067,29.099998474121094,,,25200033-2b61-4a62-b8f1-f23abf8c456d,442.8800048828125,81a115ea-06b4-48f9-85db-512afed22994,0.0,96987ad8-1de1-4c61-8977-a0f6f0753311,0.0,,,
001,00291,no,62fc8717-ae01-4872-9c3d-375d72db451b,21.69999885559082,,,e21324a1-27cc-4eab-a53f-8c73f92182d9,425.91998291015625,c39f6fee-4fcc-4e3c-ade8-d9b66d9d8e76,61.176490783691406,2a47ff4a-a246-4003-84c4-d773197041eb,0.0,,,
001,0200,no,5e6d4ffd-edeb-4452-ab94-8da03e3d7ab9,18.229999542236328,,,14c618e9-6ccb-4e5f-bac9-42135950b773,0.0,81d72145-0b07-4763-bf9f-05f4ac66f654,0.0,8a705db8-600c-4e73-a146-86b0c86220a3,0.0,,,
001,0409,no,ba1e56ab-0535-4ec5-ba94-3023a6b484a9,22.799999237060547,,,dbacdebe-2e2d-4c38-a93d-e975d7408e78,0.0,fe0bcdb5-ddad-4362-96cb-ff8721d646ab,0.0,49b3a518-1b13-4886-bf98-634b0b9cb9cf,0.0,,,
001,0604,no,db135747-a6e0-48af-bf0c-a175dfd2c73b,21.600000381469727,fcfa5199-1d90-4e1a-bc02-294a5373d574,0.0,629eacd9-3df4-4856-bad8-6e145d3365f5,437.1199951171875,b55e1b79-5e6c-44a2-a3f1-138de0f29994,64.70590209960938,0eef000e-af3f-4344-bc34-300f3dec115c,0.0,,,
001,0605,no,2bd0add3-7a02-488b-8a83-ae39a5b96e0e,22.100000381469727,63074c04-3cb4-4137-815d-d451964596ea,0.0,d1a6b868-4690-403a-900a-43f1b8b84f0a,448.0,09d62058-f11c-480f-8ad2-13309001be22,0.0,7b9c67bf-6f45-40a9-883a-fa1bbff815d7,10.588238716125488,,,
001,1001,no,a00e7c98-716a-44ab-8ae0-b25c8e232288,21.100000381469727,ff625e7f-6d78-4e71-9c10-a3e06518b3e4,21.0,33f9c591-7f0c-4efd-b13c-c54b674ff684,416.0,833fd3df-8ae2-4f52-869c-50e4a9571059,53.72550582885742,9b3b65fd-8d46-414a-9c9e-3764fa9a1cdb,0.0,,,
001,1006,no,26d5ec81-b136-45cb-b0cc-c2fbeca2535d,18.90999984741211,b86fd84a-0e5d-4bd6-a767-f4963ac63e1a,0.0,,,2b1e2322-0bf0-4348-9d87-9eb41e068cbf,0.0,4184279e-b3da-46de-8301-e67c0a1a66a5,0.0,,,
001,1008,no,409c132d-6cc1-4fce-93d5-74e8760ca407,20.899999618530273,,,,,,,,,,,
001,1010,no,2a85d9d9-7198-48fb-8881-cfb1f23ffdbb,21.399999618530273,2c72539d-4a63-4725-979f-b134ec02e593,21.5,4bd047e6-2328-4c51-b35c-05d24ac46d4f,417.91998291015625,57b873a2-2980-4d41-8960-c10f709ccb42,20.39216423034668,a764589e-675c-4b3c-9513-a244617136d5,0.0,,,
001,1012,no,bca1827e-748a-47b6-a1b3-861ede695d28,22.100000381469727,6e6c382b-adc4-467c-8a4b-ba290590db6e,24.5,0fe9eda5-d8d3-4c58-9188-300c350b8e7d,494.0799865722656,dbb776a4-83bb-4dfe-98b0-7c42d5fe9908,100.0,dea425a4-3a16-4ea5-b68f-9c01d02763b8,0.0,,,
001,1014,no,e05fbadf-41f8-49fc-a138-711dd93c6421,21.5,3372098f-4ea6-4f25-90dd-e1f9f45ddf25,19.0,1855e7ce-56ea-430a-8989-f0e9c0a525d7,485.1199951171875,ace72f9e-e891-4c5d-aade-dd1fa7881009,0.0,9924a219-1d2c-4a61-80be-78d1a9347d4c,100.0,,,
001,1023,no,ca1c588f-3e3f-4ebd-9d5e-5110f68157c8,21.19999885559082,71642467-7509-4e14-b9db-1ad51ac4a615,24.5,3d3e7dba-d031-4318-bd96-cd383f9068a5,485.1199951171875,73c84fe3-82cf-4509-9eb9-d9c1faf8e4a5,100.0,a9468b86-19fc-4c4f-b055-414b6729caae,0.0,,,
001,1030,no,42c3ff3d-ebf8-4a45-8a68-17035e0304f3,20.799999237060547,ef77dae4-e698-462a-9ca7-8c50d0723ee4,23.0,3057c265-4776-45c4-bb3e-66b26fac3b8f,453.1199951171875,b9d59c62-f57d-4d6c-9b18-b092d0557994,100.0,280731f8-a7ab-4e8a-b565-48cf984dab68,0.0,,,
001,1034,yes,68546cb9-6b2e-498c-985a-d555f42f6691,22.0,1415c1ea-060a-443b-af6a-72d06da47f3a,21.5,3f22ef1c-30f0-43b5-b474-4a793ac9e528,585.9199829101562,8b165eb2-c95e-411c-81e6-7270690e8838,0.0,7d4fe82a-2ffe-4451-be4a-7b50b74d9aee,0.0,2745015f-f8fa-4b84-98c5-5489edfdb1b9,94.63999938964844,24a60a6a-46a1-406c-9a6d-f08402a0c82f
001,1036,yes,8491e7b5-8720-4352-8541-ce186ac6cd59,22.899999618530273,1fc820e2-5f3e-49ff-86ba-cdb6ce4c1768,23.0,a6615eaa-fe9a-41e1-9609-0f1ae363fc1d,633.9199829101562,3e49a1be-921b-468a-964d-31bd76394388,90.58826446533203,77026719-31ea-456b-911f-c156d0c8a38f,0.0,be06b770-aac9-423b-b269-854393065a21,103.83999633789062,43161a59-b8da-4247-b9e8-bbfd1fd8a00f
001,1038,yes,f8a528b0-7717-400b-9e0d-0df74093ebc8,22.19999885559082,08ea00ed-75c2-4869-ae6f-d3cb12241449,22.0,b99180c6-9a03-4b82-9a22-7eeb1c259ac5,541.1199951171875,53d8d9d2-e660-406d-9747-3c9d20fd5a0e,4.313726902008057,e0dcac78-2127-4f19-a0c8-18576e1a9323,0.0,b91244f2-2194-4bc2-bdc1-2b4fcad9f4a2,103.83999633789062,c41ff56a-a21d-42f1-9f72-8c7756935806
001,1040,yes,f4ed0187-3c01-4ea7-aabf-985bca149a06,22.0,b4ec5b08-498f-4ddf-8eb9-df8a872d42fc,21.0,bc919fb8-f16f-4bed-9a3e-e71296d520ad,589.1199951171875,e7561079-908e-488a-86c7-4c37df2d0a49,0.0,aa8f398a-fa33-4688-8001-5776a889536f,0.0,27e81f02-12ec-4fb8-a0c9-55d32ae7fba4,92.31999969482422,e2e7c394-2b9e-4885-aee7-0692c05b5b1c
001,1042,yes,0c4338ed-e1e8-46b9-819c-920f4f320c72,22.399999618530273,3895ef0d-f16d-4045-9fc5-9593511e2d85,23.5,0ea78116-8642-42a7-b7ae-efd5463ef3cb,488.0,a36ea059-3d94-4718-81de-4ef5aee45e95,100.0,ea3decdd-5c4b-462e-b2f9-7bf43d558a9e,0.0,0a53c6ab-1115-41e9-b30a-e8d797ebe015,92.87999725341797,ad0a2191-7c23-4b0c-9c0d-df222356e9cf
001,1044,yes,add6690e-7935-4552-8e6c-2566fd54df0f,22.600000381469727,7419d907-8d39-4304-a556-d8a9d345adae,21.0,9ec234e5-3ec5-4db1-a6f2-d782bdbbf18e,508.1600036621094,ed7ff22c-4305-4069-abb4-8ea5797ff34b,0.0,f09c30a9-5ff6-4291-a86a-30e159e5f2dd,100.0,5052287d-9baf-4b56-95ec-c4c08450f0cf,397.44000244140625,e5acddfd-21d9-4b97-b1d7-68197e159f1d
001,1046,yes,3a621ff2-b94e-4af2-9378-510bc65a2c99,25.299999237060547,6b6929a8-2af3-4061-98ed-074d12fadbe2,22.0,4097e5b2-3ebc-4627-8471-d3f22ace37c1,702.719970703125,e20f7a37-9c38-4f5a-b7d6-800a9536a7e7,0.0,75d9b6f1-c4ec-428f-b280-bec25025c4c8,100.0,6617bf7c-606c-4d01-8659-a0fea77b8e22,101.27999877929688,
001,1047,yes,71ede0ea-36c6-45d9-a6a1-3d86f574460e,22.69999885559082,8a7a492c-7b1d-4f4b-aa3e-bea5b65c95e3,22.5,ee76584a-e588-4b68-91b9-8bc2462abca2,559.0399780273438,52cabaad-5ec3-4f45-bb61-3d542b3bc202,0.0,b832a312-b68f-4905-aeec-c0de311ef4dd,31.76471519470215,e185299d-7d20-464d-b039-d1c2431cae56,103.36000061035156,
001,1048,yes,68bdd70b-6a95-494c-921f-c95e74d50985,22.19999885559082,13e02d9e-256d-4bef-a52a-1567e5c094be,20.5,276ccf19-fca1-421d-bd36-853b772cd145,456.9599914550781,add93905-d177-4a08-b58d-d15453f6d306,0.0,7372ed66-8fe5-467d-a981-16e01eb6f1dd,100.0,906aa1d0-f9d8-46b1-8312-5d118fe84624,98.0,
001,1049,yes,abda5d03-6f6e-40ea-b581-79e252b2e75e,24.299999237060547,2687d840-2f52-4ec2-8c44-7982c654f9ed,21.0,664d90a8-c2bf-4377-b96a-ab9f77647637,670.0799560546875,5b4404e6-d81f-4c6b-9274-8778ccb84d37,0.0,1d2497b9-bd1a-46c9-a66c-8404e958d3a2,100.0,11e24b53-967e-4a22-96a6-6a0ecc492595,105.43999481201172,
001,1050,yes,eeb405af-b0f0-492f-86e1-bffb1ecd4b1c,23.19999885559082,a193b842-c387-4d49-a44e-6eda4080bd33,21.0,0d960cef-4180-4c35-af93-859676bc0a94,888.3200073242188,d0b4c3a6-870e-434a-b05d-c5d9d7211bf5,0.0,f9e8ae55-c663-44f7-b7bf-f4295b066976,100.0,2d97cb17-6746-4fa3-a90a-a05d95487f5d,115.19999694824219,
001,1051,yes,12038bec-4899-4395-857e-54487a766410,21.899999618530273,4f1d2172-b642-4680-a5a1-906e89c88b89,21.0,410da6a8-cc03-4483-9695-710231490aeb,596.1599731445312,8d9c7dd9-40af-44e7-92ea-debb9880f31f,0.0,4b785035-d177-41a6-a6bc-a38078531dde,88.62747955322266,0c2aedd8-de58-4b96-8fc0-f36522bb5de3,100.15999603271484,95f23958-8ed8-4b12-9f30-c7b7c47e7875
001,1053,no,1d7502da-2cb0-40cb-a5f2-050447b811b6,25.799999237060547,,,,,,,,,fe950d9c-28e8-40fd-8131-51e9df33f1c1,149.9199981689453,
001,10541,no,7e72ec90-fd99-47b8-a3fa-2e340bf466a9,21.5,,,,,,,,,,,
001,10542,yes,d0585c5c-8aa2-436b-980c-675a0c0d21c7,21.299999237060547,4f9c4a3a-c1b0-4f30-b117-bfe6474b5fdd,24.0,fddd0873-8d1f-45ac-b540-26b90d5d7a4a,416.9599914550781,4e4dc79e-986c-4b4c-bfa0-08eaf511bc28,0.0,2dc46096-9980-41a5-b442-a99207807e11,0.0,acd0905c-cdc7-4a36-ba6b-da19b3cc3a77,395.8399963378906,
001,1056,yes,352d7f99-e719-4b53-9e7a-2a5e56e5adc8,12.100000381469727,04bfd8be-c337-48b2-8d9a-559bdd8c6c9b,0.0,2865ea18-a73a-48c6-a872-917e3ecabe05,0.0,82214d6a-a7b8-4e59-8120-c28763222296,11.699999809265137,18243a9e-10f1-496e-bcd2-e375ce53c336,0.0,ad5bb610-4d36-4643-95c8-344f866e0508,0.0,
001,1202,no,93a17ce4-9a0d-49f8-9abc-7c62e7652c14,20.399999618530273,a3ed541d-6e8b-47f9-bd9a-31ac7cd984b2,25.0,87bef118-71fb-4546-9a5a-56fbac7aaee3,426.8800048828125,5f34e392-b01f-4269-82df-2727dffc3174,100.0,0768bcfa-94f7-4ddd-8ab2-17b5b1a98cf6,0.0,,,
001,12022,no,e2757a02-5cdb-40d7-8323-0faa8e33d523,21.899999618530273,afe0b601-414e-4388-8901-6426575210ea,0.0,3a5ae084-1f0b-4472-9f94-bebc7414c996,0.0,b8ca0c7c-c3dd-41d2-898d-86784e89310a,0.0,54fd8d23-e687-4d70-9985-e618ccde292d,0.0,,,
001,1211,no,a0fecaf4-2c06-4347-82bf-03d665941221,23.899999618530273,9e6cea0a-853f-4c5f-aa60-4b7863c13f24,0.0,9e330efb-c451-427a-8903-f04c13424dc6,0.0,db79f142-5cd6-4b56-8b8d-aec67da0cb44,0.0,823e239c-f11f-4303-818c-e750b3fd2ea1,0.0,,,
001,1214,no,4d7d5b07-31a4-4f35-97bb-be59431e3152,22.0,405a7843-0fcf-4ee0-ac71-691c5e3ebffe,15.5,586a6b5a-1d9d-434f-86e6-9bcd16e4dd33,453.1199951171875,d5233f57-5aa5-44a3-8ac0-7346fbd20769,0.0,9d740e9d-0be3-46ce-9b84-8e36a783015d,100.0,,,
001,1217,no,2909ad0b-e78b-4c5f-b9be-c1872c2124f5,21.0,50301072-4611-4b5a-a212-c850e904a998,18.5,172d5312-9a02-462a-9a90-05dee95f475f,446.0799865722656,10a62369-d188-4c17-b9e7-8f4445cbcaf0,0.0,05b755bb-4d92-4da1-bc65-5b3329c6ae05,100.0,,,
001,1218,no,5ebab16a-d383-434f-9036-4b5ba83b5514,19.5,e1de705a-84a9-418a-85ac-b62844eb1b28,19.0,1ff3374a-2a24-413d-a4cc-bd969df25a8c,425.91998291015625,bd586464-357c-488a-89ef-c9911c482b40,0.0,6f8d16bb-a306-4888-9f80-524928239278,100.0,,,
001,1222,no,d4eb8a10-a86e-4100-8b1a-67a84557a64e,21.799999237060547,8c1895d0-80a6-4a47-b3f8-b00197cd9379,21.5,2e69a80d-bbde-4afb-a461-dbfb4a9f9d86,464.9599914550781,257b128a-6181-42b1-b337-6adb44bbd820,0.0,f6875801-0430-4b2e-83d5-58170f0cf8a2,0.0,,,
001,1224,yes,7afa30ed-a69c-410b-b865-795f03811a93,22.5,6cc999b8-000d-4ced-acc9-6a86ad7136f6,26.5,41f25ecd-bf29-4f61-bd82-4e3fcda5fea1,656.0,cd1ef0dd-7bc0-453c-bab6-7b52c7ef68e8,100.0,bb0a0d83-0fc8-47ca-b817-a7b8e8db4689,0.0,8f8211e6-4b81-4506-a624-3894bf6a7ffe,343.03997802734375,
001,1226,yes,574e835e-13aa-44a2-9458-24a78938bb97,21.799999237060547,cf07849a-9966-45d0-9a1a-ea1a9ca28d67,21.0,bb16904c-d421-46ff-b6b2-47a2959fd166,426.8800048828125,6ec832c4-9fc7-4b4d-80e4-f438bcb74f2a,0.0,96e3d80c-dc2a-4a71-bb81-17809e81859c,0.0,fc16cce3-88f3-4b3d-bd9a-62750c37fdfe,63.19999694824219,
001,12261,yes,ad755ed9-7bac-4389-a956-57c6b9c66b22,22.19999885559082,449ffcb6-6acd-45e7-a39c-0ac04e44988d,22.0,091570c0-ac95-44b3-92f1-efe9b3fd68b1,485.1199951171875,fb04ff25-200d-4674-8d49-5805a5bd71df,0.0,6ed66876-41cc-4d37-9c7c-d908f7a7b849,41.176483154296875,46ec2628-7c91-4ff0-877a-b545984c31e5,68.87999725341797,
001,1227,yes,811ed321-b3d3-4772-b2ad-bbad1edf2563,22.19999885559082,0ef65d8d-6bbb-48c0-8555-713f5b8632be,21.0,e1a05114-f8bf-4782-bdb1-cd9715fc3472,432.0,a336ff97-ed73-4a5d-bdb7-0e01410da73e,0.0,d6f2ecc9-db59-475d-872c-49aed0f4839f,0.0,2358b4b3-1a85-4150-a3e9-17f7e5292d5f,111.36000061035156,eeb378a5-7657-46d3-bfa7-99246970bb11
001,12281,yes,af37b9ac-fd9c-445c-bb74-6ed04e423b0d,22.399999618530273,f83db165-f56b-4b46-b853-830daa7a1c7c,22.0,d21b8615-5163-40dc-8c15-10135b33429a,575.0399780273438,f9a7f09f-d574-4b6b-b898-7d670556d979,0.0,0e72b287-f24f-4cf3-9bf0-31aa05b4d987,51.76472091674805,95c657bb-0477-4f8b-970c-23ffb1c0e50c,116.15999603271484,
001,12282,yes,670af8ba-9e20-47b2-82a2-6646cf679c51,22.19999885559082,0d329d1e-6605-4e7e-a83a-bcf187cf939a,22.0,c46413c7-a02e-4905-80a2-18d0c82317c7,456.0,2314c945-8e7d-4ed1-b844-8d7c1706a3b8,0.0,ed1fb518-0d7b-41e5-8e5a-71912f658c23,21.960790634155273,fe00b22e-c350-4271-89da-5eda09832b36,102.31999969482422,0b606e29-d877-4256-bd2e-7451200e710a
001,1229,yes,a864d27a-e32d-4191-8a4f-251b9bb52c97,22.19999885559082,66d2ef2f-c606-41a3-a7c3-4784544204c4,21.0,07571b83-7351-4422-ab04-c07921672251,450.8800048828125,42a63adc-f442-4be0-81da-2b73efe3f7e2,0.0,66b7c6c1-289d-4fb6-a91f-f2f3d509d1a0,0.0,35bcc566-3ab0-4d23-a2f2-c11528e305ac,114.72000122070312,
001,12301,yes,5b58fa7f-ee83-46ca-a625-531ac65197b9,22.299999237060547,da1d3646-4cab-44d1-8a5c-32227550dbdb,22.0,5ed9cffd-54de-417e-8e5c-24586a7540e1,449.91998291015625,8198f97b-fac2-48ac-8cb7-39935dc4ca9c,0.0,7f4fc755-b9f4-455e-bf71-4e4e131c717e,22.745105743408203,5c79fab8-b923-4427-b615-41002d130440,111.83999633789062,24259a3e-26d1-4888-87fb-faca92ec3fb6
001,12302,yes,ac00d752-e51f-40cd-86fd-8d0e02645b88,22.799999237060547,cc136960-633e-4996-b554-341b6c89bce2,22.0,3bf6b981-6aa4-4438-a58c-133bf062c69b,472.9599914550781,326c91b0-55a8-41e7-990c-e5c5d15f5baa,100.0,c2fe9294-6597-470c-a22f-e2ae16a72b15,0.0,05e36f25-feef-4fe4-a574-aeecedde4a4e,103.36000061035156,
001,12303,yes,b06323b6-87a4-491f-99dc-8558f49ac499,21.299999237060547,39bd7ce1-fd5a-4264-b7c7-07b051212b78,21.0,f80985fa-04ed-49c5-a282-dadcdbc08f16,413.1199951171875,964bc7aa-b7bc-48c6-ab67-71799cbcb71f,0.0,f1c07c60-c8c4-497b-8cac-992bc5e95c22,0.0,209f378b-f5d1-40c1-a303-8d0bd1d0869c,68.08000183105469,
001,1231,yes,9c0b60ea-ac1a-4683-bbe0-7c1bdea2e50c,21.799999237060547,779638a6-8654-44bc-bfc9-d1e7a31fc5eb,21.0,75bf2a41-58ab-4f65-ae89-73e4d3ace340,445.1199951171875,25145761-3c1c-4e26-9e37-084d5090d429,0.0,7fb36827-da36-4a61-a702-de0f7b39af3a,0.0,d239e725-e8b7-4280-9619-eea2e9d88cd2,68.08000183105469,
001,12321,no,,,,,,,,,,,,,e7295a3d-4c9d-4433-8ecd-09c5d2a043d8
001,12322,no,,,,,,,,,,,,,baf84d97-f9cd-4397-bb27-87572d07d097
001,1239,yes,f62b474b-2186-4341-98af-ce4cffc06f0b,22.69999885559082,1a0815ff-749c-4b61-b526-0cc659ce1ddc,22.0,1f2d8069-a5e5-4340-89d0-fac8e98358c9,481.91998291015625,58a6996e-31be-4863-b7cc-e1cfb6bb9a71,0.0,5f24dc6d-cddf-4f45-af04-963b98f3f6de,100.0,a020e2a2-4b2c-4312-a155-8a3fcdbc5716,269.7599792480469,cccd35c5-6db2-48c2-a205-f84e9dd503b0
001,1353,no,498a2bbe-515e-4643-abb6-62cf33141479,20.600000381469727,02598784-ec86-4838-9cc3-07002d5a6ef0,21.0,3ce65cd0-4cf7-4f9e-b246-20692345bb0c,456.0,edee6995-c9c7-4c69-a7e9-ea31e8562058,100.0,0214ffce-103a-47af-b645-fdde7ccd323d,0.0,,,
001,1406,no,a76b60f0-ce5f-4207-81ae-676c0b1f6e64,25.5,955080cd-e0f3-437c-921f-cebde2069e80,0.0,5ff8c907-03aa-428f-84aa-a8db149a164d,0.0,6974f794-71db-45b9-ae74-b7d77870fec0,0.0,a721cc4d-8d7a-4a0b-873b-9877fa8f61f9,0.0,,,
001,1414,yes,24f43b44-1433-4227-ab08-8b829e872c1e,20.0,5adc33a1-d95f-4939-88a2-adc8b5dcf4c1,20.0,01da9e82-1b7a-4d6d-aefa-d9467b9e05ad,440.0,5546badf-1b24-4ea1-b6b9-773f0df7a8d0,0.0,099caa92-86ab-4efe-a65b-da0b86f3d804,16.07843589782715,3f4c5e54-2172-4d64-9913-27d4e11716ae,136.63999938964844,
001,1415,yes,11347321-968f-4efa-8701-6ad072ef3d00,23.0,860028b5-1ea6-4350-87ff-9bdd396a52d2,22.0,ed200a80-e01e-412c-b57e-4369aab4c0fd,429.1199951171875,52870f5c-349e-4b61-a99d-1c5b324d658a,0.0,e13a1c6d-f847-41ce-b0b5-2e30221d18c2,100.0,5bd4a373-95c2-4ab8-9c14-4d247db7b974,149.67999267578125,
001,1416,yes,148c5c4a-98f9-41a9-89bf-819d6d4f3038,23.600000381469727,a064ff1b-aaf1-496f-a7a1-b2b626ac213e,22.0,cc65fe08-be5f-480e-aa5b-b7a6464f0ef6,448.9599914550781,495e261b-2adc-4e54-8d67-0c9b87838436,0.0,6a62ccb5-2248-4fa6-9fda-e92638924f56,100.0,0cec0b81-9612-494b-a9b2-49ea9fb6b4e1,150.63999938964844,
001,1417,yes,4cd78f41-be22-4477-bfed-bf953c533231,23.19999885559082,45974a23-ccbc-482a-8690-0bb3462e5e2b,22.0,86777a84-b762-411c-81a9-498c3973aed4,440.0,608f557c-d51e-400e-b72d-ea1bb124638d,0.0,97ca9e49-0be6-4acf-9471-f1eb63caa8fb,100.0,94845019-0407-45cf-9e62-1e29cbdf2d8e,122.95999908447266,
001,1418,yes,4673d4e8-f096-40ca-bcb0-30e94583311f,23.299999237060547,c8f53b08-ca0e-48cb-9a47-e8c0cfece4dd,19.0,3e4302b6-7c69-4441-a066-fe5d2dc52d2b,478.0799865722656,f0f5587d-31ad-4c9d-a02c-a12849315f7c,0.0,30c0fdf7-ca42-4f31-af69-cdbc9ce98d59,100.0,20a1ee5c-05e8-4b43-b0c6-6e58a2fd2ef7,114.72000122070312,
001,1419,yes,d275d0d2-8e28-43ad-94eb-26ba8dfe04cd,20.299999237060547,85651a29-310d-414a-a10c-8a44c7fad38a,21.0,47fcf733-6860-4eca-b852-31a84b140d98,422.0799865722656,129fbef5-2d2b-4052-83be-ba197775bebb,77.25492858886719,26d315fb-470b-4a42-80b3-ec8bed78918a,0.0,f2cf14f8-095b-4f4c-900e-b4cfb408f644,0.0,
001,1421,yes,3f03eb04-ef79-454a-9878-d450a26f6e6f,22.399999618530273,45c82862-0595-4f84-b897-54848b3c2e10,19.0,a2cf3a3a-d0a4-4885-827d-c5f8185832eb,472.0,baf15c39-a670-467e-94b7-73346794a1b3,0.0,7056155c-e9de-4526-80f5-60650256ebb9,100.0,eca28070-1b16-406a-ba0b-254b8394f38e,265.6000061035156,
001,1423,yes,43beaf1d-422d-416d-9986-c6e76a321c57,23.5,9ff866d3-6d33-4d77-b3b3-3d8010d9bada,21.5,249a04ab-40eb-4250-a5d2-e9b58976e2fb,598.0800170898438,d2d8c948-42c3-4da7-9180-181bd713257b,0.0,549412fd-af57-4b31-b376-fada845ea4f5,100.0,a6a711f0-19d0-4bb9-8bf0-67fbf33ba13f,152.63999938964844,
001,1429,yes,883fc60a-4e4c-4b31-a6f1-57a915ebbf07,0.0,0c21428f-6c66-476c-a2ef-d4c79234b862,0.0,51864773-ca9a-4700-81f1-08bc89f317b5,0.0,48bd1187-8ff1-4faa-8dce-4784d345de53,0.0,9b526ff2-4407-41c9-950b-3f552aad7079,0.0,2bd31c5c-b984-4147-9539-6762ad93e7f7,0.0,
001,1602,yes,cf08b37b-9ff5-4acd-9800-18b7e87bec55,22.399999618530273,0f1232da-1e78-424d-8632-5aa1f15e5094,19.0,8d643147-ccac-4516-8f64-f250c7441659,436.1600036621094,f4a01b47-3ce8-4192-919f-4bcfcfd49f48,0.0,6bbd22ec-824a-4523-bea8-85bc3d2bc730,100.0,955e8311-b6cb-459a-b522-157b5c815842,204.0,5703f467-9a25-47df-99dd-d3bcbaf75f0c
001,1604,yes,18f5e6cb-c58b-417e-8275-332370f64aa3,22.299999237060547,10f82da9-4ffd-4366-9e46-13ac2bd7f674,22.5,a398f4fe-fd7d-4939-8ac9-e7693f26eb0e,608.0,aab933b7-6a0c-4c32-93af-4960f5f59e98,63.13727569580078,6c619402-1b39-4b4f-aab9-4f23188d4e3c,0.0,4cb4f0b6-550c-45c3-94ce-1d6ebbc73e41,228.47999572753906,
001,1605,yes,274ed329-04f2-48cb-b65c-4c885f859935,23.299999237060547,e1a08373-68b0-4625-a6dc-945da8d9f7b7,22.0,40e6cb84-ab23-4d8c-a8cf-d13d1cb8ec6e,458.8800048828125,3ac00697-f0c3-46b5-9f4c-c9eeef985bd3,0.0,59850fdd-086a-4cf3-8f37-e9682d7ad385,100.0,6a44ab0a-ddce-49c9-9473-2a28f4093c38,96.23999786376953,
001,1606,yes,d8e65f37-6dff-490f-bd4c-8d244743b564,22.899999618530273,60bd62b6-7cce-4750-b023-c24c90be4da1,21.0,8f87be86-646d-48af-a38b-f8e979488cd1,452.1600036621094,381b6e5c-70f9-40e1-b942-69a0f99fdbbf,0.0,b34c5596-4585-417e-8eb3-4dc4a2260734,0.0,c1aca041-2e96-42f0-a0eb-08dce1f8a8f5,620.1599731445312,
001,1608,yes,aadd12f7-3774-4dae-b476-1402b4694231,23.0,364ea06c-9351-4a3e-b578-0eefabafe4a0,24.5,eccdb5fb-0c1d-4c73-b7fc-1a24acfb827c,503.03997802734375,caf272aa-5689-4c8f-86e3-9dd08043f44f,100.0,998d87e5-802f-4b5a-892a-b128a6c182ee,0.0,a5277e0f-428e-42c7-b0a7-c56d74ddd0de,432.0,
001,1611,yes,950ede3c-729b-40a9-a8c2-d2d98b8cec7f,23.600000381469727,cc82b446-cd28-49e2-b3b5-238c4cf6e2fc,23.0,a66c062f-18fe-45f4-9cf5-15c3161804f6,544.9599609375,011bca1f-5d88-47f2-8546-461438276c3f,0.0,80df4299-85d2-4143-b714-174819629c68,73.72551727294922,d42f725c-f519-4160-93c8-7646493606ad,147.59999084472656,
001,1612,no,,,,,6adb8d0e-4a84-4412-8418-20a70164594a,0.0,,,,,93e848f3-b8e5-470a-8bbc-5db4c0ad1048,1544.9599609375,
001,1614,yes,20679b99-9248-4364-bfad-12138806ff0b,23.100000381469727,671065cc-73cd-4b50-82d9-1f814b043e87,22.0,7ea78a18-a850-45b7-b4e7-417225b2dc95,436.1600036621094,98f5352f-41bd-453d-b1bc-ec677ad2ee2f,0.0,4b872442-237a-4032-b16c-9453f09aaa1a,100.0,5d5e50ba-b3b4-4cb4-b00d-31ae6d027ae5,0.0,
001,1615,yes,fc66c0ad-7805-49eb-9178-e88e4451042b,22.0,ad539320-de80-48b4-a3c8-54ee375ef0d8,21.0,5c20bbd9-ea40-4837-908e-736cfa1ca182,439.03997802734375,f77f8bb8-1c08-4726-a459-00bf0c972023,0.0,7903847e-9bee-4eb3-b328-955409255943,0.0,89ee6a75-da6c-45e9-b3bd-52b9419ebf1a,221.27999877929688,
001,1620,no,e1633deb-8b75-4fe3-b717-7aa37ffe3cde,26.19999885559082,,,,,,,,,a3666588-803e-47bd-be05-75bc793fa80f,219.1999969482422,
001,1630,no,cf138c2a-1267-406f-8099-4e2e926cb282,7.599999904632568,,,,,,,,,,,
001,1690,no,4844ab97-682f-460c-b9b0-2410a241d6f3,23.399999618530273,22821e6c-6738-43c2-abc9-f73d393266af,0.0,575600f4-c3a5-4aed-b115-1d4832fa56a1,0.0,ecffb04a-8967-4359-a093-bf0e3d22dd3a,0.0,ea22ea35-a5e0-4b52-ba2f-76536e851b3f,0.0,,,
001,1691,no,bee3c3ee-120c-4493-af2a-8836eadbcd91,20.100000381469727,9fc6b9ab-0c9b-452a-bf27-ced92a5d6e7e,0.0,32647db3-d12e-4188-8e04-92cd59364084,0.0,5719e03f-bab5-41e7-b6aa-1c2c5255e720,0.0,092bcc11-ae07-4423-a6c6-c8be9010626f,100.0,,,
001,2001,yes,65a5a9db-dab5-4258-a384-4179ecdc7f3f,21.600000381469727,4b2755e6-f94a-484b-ab6e-6b2091e29b0b,21.0,7f39f7e2-fb89-4e27-8357-f94904451e88,413.1199951171875,d81b54ad-40b0-4556-9736-46993263817b,0.0,81c49e9a-e793-4a52-a8e9-b8763baada6d,100.0,084da6b0-6a8c-4112-b7eb-087caedc471b,114.23999786376953,50cdbf7b-bead-4aac-bfd7-9000de519106
001,2003,yes,d9ede0df-4708-48f3-bac3-a8b2d3e92613,23.100000381469727,61214032-7520-4985-9a34-9718c0b84da6,24.5,a3e23a28-d39e-4d9d-b86f-f623e4d4f24a,496.9599914550781,188336ce-9ab4-4edf-a47e-25c1094a8957,75.29414367675781,bf3b6770-73a0-48fe-a717-c90c036f3eaf,0.0,2a447b5d-3008-4ae0-919e-d247a4b79bb9,45.23999786376953,
001,2004,yes,6a07e20c-adf1-4c0c-b182-872ea19c163c,23.100000381469727,c1c4c13e-2ee2-4e62-a71e-b04ef3048916,25.0,6c715ba5-2927-4806-8f49-88cfc84f235f,448.9599914550781,961347e2-af9b-4217-86c7-520213fdb5fe,100.0,63a9a85a-50b7-40f0-891e-f789cd44e583,0.0,67b89a50-e1d8-44ef-906d-d2363ea75785,40.15999984741211,
001,2005,yes,a4de87f0-1f2b-434d-999c-852375f88434,22.600000381469727,67001cf3-d199-4153-ad32-7a78df60c5ef,19.5,4996a2bd-c289-43a8-a316-d870d763a8ba,479.03997802734375,5c2b862e-b4c4-49b7-a5d7-53eacc5d6127,0.0,5a5211b0-d80d-4060-9a55-b45a22ec9562,100.0,d48bb6a7-5bd9-41a9-b9ca-b186cdc09e7b,122.07999420166016,
001,2006,yes,169a8694-f9a1-49b5-ad66-cb89ff749183,22.19999885559082,2827bb83-12a6-45d1-ae82-40ed7184727f,23.5,2a608bf2-2924-41e0-b0fb-1ba974763e63,416.9599914550781,126de2db-80d8-42b9-b821-ffea78fe9cd6,100.0,c76643ab-9f63-4d0f-a681-54249ff28484,0.0,6fc1d03a-1034-4efe-b4d7-57b648490d39,42.79999923706055,
001,2007,yes,fc267dbf-7932-41f4-b148-328ee6a4e327,23.0,f30da157-968e-4f13-93f6-3042a42e3285,25.0,ee0efaac-c09f-4d62-92ca-b3a2bef91ad3,576.0,53f08273-9ce8-4e19-be4b-fa68b23921f4,100.0,63cccf92-a265-46ff-b717-a9329ac250e2,0.0,b0fb13db-0822-40b2-a544-cf4b9e373902,44.0,
001,2009,yes,21b289d4-a529-415c-a3dc-686ffe44f5ec,22.0,614a9ef0-d7b6-4917-984f-8dbdcfb892ec,20.5,6c53f38a-b1b0-47dc-b10e-e237c14d08d0,462.0799865722656,fe3cdc01-5045-4dc9-9241-bdb08451b586,0.0,18503109-7452-462a-b6be-49bae3f90251,100.0,674016ea-0e7b-40b9-afd7-df8c89af653f,137.0399932861328,
001,20091,yes,39f34387-2e7c-4038-a3f8-c4a676d0eb0f,21.799999237060547,6ae3d40d-acb4-4e2a-8ade-ee81eb10c042,21.5,05408a80-e177-41bc-bd24-994792d200d8,424.9599914550781,403987fc-98a2-4702-9440-087c7fffefce,0.0,9b03c658-6e42-4e75-9362-74f8c6c4ba33,0.0,9cabdb42-95ca-4b3e-a768-30e56f055e91,40.15999984741211,
001,2011,yes,a9db8f5c-a429-4165-a508-5552df157fa5,22.600000381469727,88e7575e-4eb3-4f0d-b252-6ef61e4a8539,22.5,d3042994-41f2-4ad7-a891-30cfb558df26,473.91998291015625,2bbfb27d-de40-4e99-a403-b68f08414886,0.0,3c601acc-4ddf-447e-acd9-9a31c08e751a,10.19608211517334,34e8c348-b1c0-46d5-8f34-448c173ae762,51.87999725341797,
001,2012,yes,36a5ddfe-be73-4fad-88f2-0981c2e7e81b,22.299999237060547,c2904065-5a77-4d3c-bb1b-5785473fe40f,20.0,a2626f6a-adaa-4b58-9e28-7b9128ed7aa1,432.9599914550781,5b81013a-7606-4b23-9632-f5ba12b4ae6f,0.0,aeb50c4b-c702-4002-9607-3b080326d0ac,100.0,3ab35902-52be-447f-bb1f-fcd2758f6726,118.0,
001,2013,yes,fb494caa-cad7-4424-bf18-25038f36b43b,23.100000381469727,b3d69244-8cc2-4458-bc60-90df5fcab981,24.0,c4e31c12-2767-40a8-aa7c-894b49e60559,532.1599731445312,4cf33e90-7eb7-4690-8833-3a25e1fe01e0,100.0,47587622-2993-4898-8ab1-1f535b7d4f95,0.0,6038a527-8b33-45cd-9881-69227f3b70a9,44.0,
001,20131,yes,ce1c1128-703a-4cbf-bca8-00c457d8f3ba,22.0,09382c68-f2b9-48cb-9f8a-7382bf1df24a,21.5,caa34522-3970-4b7a-9c47-beff0f73818f,432.0,8348ecc3-35e6-46a4-91ae-8e65f562d08d,0.0,ae07bc2f-9ecf-45fd-a95e-973f492e43a3,0.0,1a9de40f-a9be-4c43-8085-b4d0728c899f,31.099998474121094,
001,2015,yes,1f174ba4-e6f1-41aa-870c-5d19c6f08acd,22.600000381469727,3fe1061b-85af-4ac5-9d41-d7971575a814,21.5,db553ec3-bbdb-4904-a27d-c63f6fc48493,416.0,43195d23-11e3-4e71-a9b0-a0917cab5caa,0.0,06c89136-e7d1-42b7-9260-f8408e8273a7,0.0,db8b6245-b260-4883-9f2e-63e3b7b79b42,40.15999984741211,
001,2016,yes,ee1a9160-ff91-4780-9737-32461f6b96bb,22.799999237060547,2c244a0a-59bc-42f4-95d6-85c980d46134,22.5,c26f016f-aa56-4a4d-81c2-6939ce7a507f,444.1600036621094,c622e7ef-9b14-408f-8444-ee99b30e0857,0.0,18b402ad-8a85-4b5f-a52a-ad8969fd1dbd,50.98040771484375,dc1cd5ac-84bb-48ae-82fc-50b7ecb64d1d,79.75999450683594,
001,2017,yes,9ad74496-c924-4779-aafe-b102ad43aace,21.899999618530273,0fc27aa3-2c9b-4785-9f49-ee6de754229a,20.5,565d27cc-0734-4b1f-b25c-bc2d4c16752c,474.8799743652344,4d53b05c-9dd6-4475-8983-a23b1e74238f,0.0,f6954ba3-94b9-4662-a9f9-aa947966abd3,100.0,8e350cf7-965e-494f-9997-7f1538245601,114.72000122070312,
001,2018,yes,39ffccc9-ba3a-4821-9f09-9dcff13f6f38,22.5,34c264f0-d514-4a17-8eb8-a85759f77004,25.0,7a18870c-9003-4eca-a921-eee0778e5cca,626.8800048828125,e1e9cc77-6e4b-455a-84e0-8bb8d5511052,100.0,36dc97ba-e80e-42f6-9691-3fa1aef8b636,0.0,f40971ef-1a1a-4672-bf11-4ff98ffa6f1f,45.23999786376953,
001,2019,yes,8ac3b4bd-7341-4e1f-b6f5-b519bd88187d,22.19999885559082,3881b3ce-600b-4936-b64d-52ea64db2d27,22.0,39b3f570-707b-458c-a8a6-e3d93b0c527c,608.0,db4e38be-e615-4c5b-a7b4-f4838e74c3db,0.0,b6d16b7f-ad04-4309-8d7f-19060f610556,12.156867027282715,03510067-20ca-46d1-87d8-53e22ddaf7a8,50.87999725341797,
001,2020,yes,db2633de-f57a-4963-9807-d69040e5d1b9,21.69999885559082,113d7016-6eee-4064-95f6-b71a8c954223,20.5,45323ae6-272f-427e-a304-47dbf971ab94,510.0799865722656,a1e97793-a534-4d6b-929b-8d17a29e8fb3,0.0,1b25297e-3ca6-40ae-96af-bbdc9500fc89,100.0,c956f294-c929-4f39-bf67-294e894cd669,111.36000061035156,
001,2021,yes,99987b83-b186-4881-bc1b-39728349a818,21.899999618530273,2f074da0-ee21-4baa-bd93-21012f05d926,19.5,d3fec807-1198-4739-974f-8b6a3af662de,440.0,273194ea-c965-4b1c-a3ae-fd3a7e4b6328,0.0,ffa215b4-2c26-4e51-8f98-6944ede0d58c,100.0,a774d47e-9d7e-47fb-a6ed-5e2a52b7f391,149.83999633789062,
001,2022,yes,c0a6cde8-7946-4598-899f-4fb6afca8365,22.5,8b5f338c-ce99-47f1-81f6-e72c797e806e,20.0,58f27505-84a1-437d-8373-acdf5cbb7814,583.0399780273438,110db033-e224-4833-a74f-0e851420a776,0.0,2715b639-5943-4636-9671-7f2afdbbabda,100.0,78b01daa-036c-4b59-8b4c-2edec92723c0,142.47999572753906,
001,2023,yes,3a9a4a38-af1a-4811-bd08-e004a8e5ea11,22.5,040cc67c-a9b3-45fc-94e2-7a14eda7003f,22.0,8a58f4e8-bd48-44d9-a7d7-99b452947e7d,609.9199829101562,1db61751-08fe-4c11-a058-526adc8db160,0.0,dbed345b-c780-4d81-8ec9-af2864c6e07c,0.0,e35f0c73-a2a7-4250-8862-fd97a1302dda,53.0,
001,2024,no,f541986d-fa69-4707-896f-f5648575f34c,23.100000381469727,6d3329e8-846d-4d7a-b1aa-d357374c2674,22.0,8020e750-39ae-4650-89b0-fbf9b64500d8,593.9199829101562,87e5b5fa-192f-46dc-8c36-4244a620b867,0.0,fc3c3e56-bc16-40b1-a900-c5e767a43516,100.0,,,
001,2026,yes,9aa22263-cd9b-4c27-ba46-97f7e56699a6,22.5,5f187987-bdc9-46a8-893c-8a3ba72b4925,23.0,417a8bc6-87f7-4cd7-9658-eda816f1927f,412.1600036621094,1843f330-185b-4888-bda0-f7b8b651ee84,100.0,60fb5b65-8b16-4bc9-86fd-ad069d943099,0.0,b96735d9-c88a-4620-a4c9-d01344c39b55,42.79999923706055,
001,2027,yes,3deb261c-4080-4401-b2e4-1e932b104e28,21.799999237060547,9cbd8e42-4f2b-46b8-b1b5-9454afa65eaf,23.0,22dd2282-c136-41d5-8d19-f00e0ef49677,412.1600036621094,84fd7921-098c-48b0-bb75-bdec19b39253,0.0,7533691b-57fd-4a09-821d-39945e01a657,0.0,c3b4aed0-4109-4837-a977-fdc940ab05a3,40.15999984741211,
001,2028,yes,7eeb094f-f0de-4f61-a6df-e2af55122089,21.399999618530273,ade7358b-9e2b-4f73-b699-e29c884b40f0,19.5,422a4a75-3a04-4f92-8fa3-6bf451ad13fe,444.1600036621094,daa51015-3f2b-488f-a201-23e8fadf752f,0.0,170d7da0-4688-4b45-af82-cc4041c449b8,100.0,3e4238f3-3e26-467c-8fbb-fc5a99cbec73,110.87999725341797,
001,2029,yes,c8822b88-e996-4ef6-9932-d4b9dc436dbc,22.399999618530273,e35593a2-2dd8-4113-bf1a-41750e65d909,24.5,9aa86224-6521-4e87-a43b-e2b5c0d074e7,440.9599914550781,a30bfedf-7f77-43fd-bd70-0fe95af8eeea,100.0,a4aebbbf-181d-483d-a752-ea2baaf52b13,0.0,054db236-776c-4342-b6b9-768841d1075d,35.91999816894531,
001,2030,yes,40aeb1d8-47d5-4d25-adde-416e4665ef21,22.5,59529dea-3f59-43d4-aafe-70a54945eed1,19.5,098dd9a7-25ea-4d64-b098-791104f1c544,548.1599731445312,91be68d6-ac6b-409a-892b-c146a2cf499e,0.0,eb44c736-6d41-4f5f-87af-23f401a86886,100.0,8ab3561c-4d3e-4ad4-9be4-50de005bd090,124.63999938964844,
001,2031,yes,280f3bef-206d-469e-aa0f-df0a88e5c2e5,22.100000381469727,ba9ea866-221b-462e-9564-69754b90372a,23.5,3c2b5551-62fd-4406-b5cf-320f3cb1958c,516.1599731445312,935f3052-cd46-40aa-8c08-4b669b519ff9,0.0,aaf9224c-3177-417e-9624-ecba8187797b,0.0,94040372-1ae3-4baa-b245-e70d28fca219,34.439998626708984,
001,2032,yes,c4502091-6f70-4112-b673-8339c7c6c71f,22.299999237060547,b7327b84-8425-49b3-b7ff-ba1fe5d3f301,22.0,6b10853c-daf5-42a9-b8b0-9d14e7dececf,598.0800170898438,b983c51e-37b6-4581-a38c-88c4d5e2d3f9,0.0,e42540a3-a31e-4599-a8a9-816d757d552e,0.0,1d084e3c-4635-46cb-8956-e8b9d0774475,50.87999725341797,
001,2033,yes,1d78ade6-82c1-4ace-9af7-b419c988b1d9,21.799999237060547,1fdbbbcc-db1c-4b1e-960c-2735bfd974cf,22.0,5b78a353-7958-47f1-af18-624058df89ed,416.0,7e44fbc0-f7f6-4d57-bae9-422449e49160,0.0,b5ecab71-d381-40a0-a132-0ded5c6eb542,0.0,ab120107-f613-4cbd-a51b-cb8df12282f2,0.0,
001,2034,yes,ba9c87b6-dd14-4677-8eaa-5a3322d4d193,21.899999618530273,018fda91-deb9-4aa9-bae3-b597014333a1,20.5,708893f0-1ad1-4927-93da-840b2fba87e5,417.91998291015625,c5872a88-a601-4c04-aae7-899b3bf17bcc,0.0,95825aaa-90ad-428d-a5be-f197239cc65c,0.0,753302ff-c82d-4cb4-896b-187efa92e9cd,0.0,
001,2035,yes,b6d418f3-6fa6-4bf7-927f-f5c8bb6c817e,22.299999237060547,0d6c003f-7e93-4d84-86e1-581ad9e1acf5,18.5,4fb64cf2-b87f-4e2d-b203-05c92690841c,553.9199829101562,6ee913b9-6b3f-4b28-b891-cc92461d98bf,0.0,f31a4b4c-86f4-4204-ab90-af9ddd9bf9e5,100.0,d2ff3626-ff55-4523-a91b-9d257132775a,0.0,
001,2036,yes,0339a6c5-68c5-49b3-bf54-e8b90f539313,22.19999885559082,1d28c45b-8c4c-4fbd-aa91-099a3a3ae258,25.0,ce826c75-a24a-48d4-b73a-88113c7d02ea,488.9599914550781,8df5cc30-4e96-4c3f-9f59-7fb3a30de309,100.0,907f6129-bb9b-410a-9c3f-70e76dddbbb6,0.0,e203c9ea-5704-461f-b0f3-a1fcfba9fd91,42.79999923706055,
001,2037,yes,f1dc6d06-1c84-423b-b381-31343847ed9a,22.600000381469727,2e0350a0-fa71-4e4c-86eb-0b096d4087bf,23.0,eaa5730e-4dba-41cf-8465-efc9917d7e77,558.0800170898438,e6d568ee-c921-4b29-a1ad-09ce8a487f36,0.0,243243c2-e411-4575-bf1e-23d72b5d79e9,74.50982666015625,1703776d-8a50-4bb4-b300-8d89c5ceed3c,90.55999755859375,
001,2038,yes,9b6dd3cf-2f39-4d46-b17b-9c2363a45fd8,22.299999237060547,126d5cac-2452-41d3-937a-878b672d2329,25.0,8d48a182-6638-4240-936b-5e674f1c4ec2,503.03997802734375,5b5b5e63-c87f-4bad-9259-7829fc3dcc03,100.0,7679e75f-dc7e-4921-9064-a761b33935f9,0.0,672a528a-b4b6-4798-a820-b9b266784c40,35.91999816894531,
001,2039,yes,361b4ecb-4be8-411e-9870-c05e6c000965,22.100000381469727,a4816e33-f379-47ad-974d-ca0d0e8b990f,21.5,1966831d-4e4f-4431-bbef-3c6c1b9a886b,466.8799743652344,c0c0b660-4f17-41ca-9470-5b3e3af18237,0.0,9684c643-6253-4f86-b5db-9f02c8ec991a,0.0,aa39d16d-0180-4f24-a311-6be8ae3c7338,35.91999816894531,
001,2040,yes,36e8063d-1308-47c2-bb4a-ebeb9ebaceb5,22.0,70a0e82d-e091-4458-b310-96ff67de9661,24.5,10723925-b81a-47c2-93bb-ae65cbfa40a6,439.03997802734375,eb1c40eb-bbf5-455c-b7e9-426c9a0d13ce,100.0,7625ae6d-4f40-4074-baee-87962c45e32f,0.0,48333baa-5588-4f15-aa12-622f00e7c8f3,38.84000015258789,
001,2041,yes,641e95dd-c510-496a-bd4b-a6fe9aa83460,22.100000381469727,7b34e6e5-a5c9-4469-bc5b-11333b4a2167,19.5,66696d16-62f6-4fbd-8cdd-06b25d4878dd,465.91998291015625,a51868e1-9d9b-48a1-9052-7114398306d3,0.0,447ca58d-9dcf-491d-9b9e-45b7e93328d9,100.0,df4b5516-47bc-4ca3-ad78-0b22e674bee3,113.83999633789062,
001,2042,yes,35508a94-1ec1-430b-8247-2e973de94d29,22.399999618530273,ed671bd7-a9ec-48d5-abca-d15e3cb8082b,19.0,e9d49568-0bc3-4663-a20a-293cda5b7e89,509.1199951171875,813842ea-9a35-4cf4-84d8-d2c3bb31c77b,0.0,4138219a-eded-4738-94a9-32a4bd4e00f7,100.0,95dc35ae-d111-4c55-9c5f-896e838b0230,119.36000061035156,
001,2043,yes,632e223b-461a-4d7b-8784-cc0fea028bd4,22.799999237060547,6abacd82-2bf0-4a6b-bd61-c8a4bd5337af,21.5,76100ce6-da37-4fc6-89da-6f83051f6e74,493.1199951171875,e5556aa5-4ac4-423e-81ed-c508a90f4806,0.0,0f2d9bde-162b-4348-a10e-fa26c0c776db,100.0,06a5044a-faba-4c90-a9ca-6032a1e9d71e,129.36000061035156,
001,2047,yes,a5da9d8e-d1a6-45ad-a544-08fdd3b6cdca,22.5,7c0d304e-8af1-4e78-a019-64678a559778,22.5,54d4d718-b5ef-4d02-a1b2-b4758c301087,456.9599914550781,fdb69971-a316-4e1c-af81-f06edd0eb2c6,0.0,b200e6a4-a462-44e2-b93e-a9cfd36a382b,0.0,16693f22-84d7-44ba-bacd-cc12e7186258,42.79999923706055,
001,2050,yes,a59153f0-64b4-4f08-ba52-0529e960c99b,22.19999885559082,f50fc301-d4ce-4d51-9ca7-750ca7e1f585,21.5,a4026233-5d42-4e6e-a006-fa14268b15c0,425.91998291015625,71de9a07-b970-413c-bd74-f8b98a844898,0.0,f35fdcb6-b93f-45ce-bb2a-bbade80dcfc5,100.0,3e2973e3-1a0a-4371-9cf7-3eddeea93f2c,106.0,959d63f3-eb11-47ea-8893-bc42495e98ca
001,2053,yes,52c01279-48f6-42ea-81e5-0dff6a336672,22.799999237060547,ac75af72-eeb6-4cb1-886a-e4296410ff30,25.0,d4a49fd1-c455-49a6-9e81-e9b89b3650b7,500.1600036621094,0fd6c92b-9747-48d4-8611-26abd2b2d461,100.0,b253ece5-2f2b-4162-a61d-1440a191a488,0.0,d8db6ad5-d1bc-44b0-ac5e-99aaf2c9ab64,45.23999786376953,4e30f5c2-53d6-4365-95d9-455bb05f136f
001,2203,no,9366f9db-2bff-4086-84e8-7ae71a9bf7e0,3.299999952316284,,,,,,,,,,,
001,2206,no,,,,,,,,,,,a0c1cf24-6481-4f7f-8b43-7bf524b44647,1093.1199951171875,
001,2207,no,31e352c6-d57d-4ed3-8faf-f279606771d3,0.0,104a35cb-43ce-45f4-8ed9-d4c1c3e71164,0.0,a3b99fa2-5785-4b21-967c-72213c2b9e97,0.0,9955fb5a-6a02-462b-a1aa-7cde3ab81869,0.0,0ae09e66-a38e-4242-9c9d-cb6c62741f55,0.0,,,
001,22102,no,37c5aaff-50fb-4c61-af60-1d4fad3062cf,21.899999618530273,12c1fe38-43f0-463c-80ad-98f10291b90e,22.0,a3acfb7a-3535-4795-b0b0-ff2410ecc034,416.9599914550781,b1d531ae-77c7-4420-8ecb-c5daff17e7a8,0.0,84d70bda-94fe-4f2b-beda-f23b3bed8555,0.0,,,
001,2212,no,90dadece-004b-4f5c-a32c-2abe755e0ea8,17.799999237060547,1bc630c9-6196-4cad-a775-d8b269230b54,21.0,f7b97e12-2ac8-4a5c-9cd4-8039fabd0c14,439.03997802734375,3e3458bf-3d9a-4fdd-abcd-667869ca502f,100.0,f46cd61b-0180-4446-8864-622b04b54fc0,0.0,,,
001,2213,no,98137848-7d37-4756-9bda-0fa31142c668,23.0,05025592-e6c6-4eeb-a6f4-3ef8123fb641,21.5,b5dd4086-bedb-4e72-bb71-123c8fe7b16b,532.1599731445312,7f2a649b-553c-4968-bf90-b11fa8724294,0.0,a131f3d7-0beb-484d-a5fb-7dece1dc31fb,56.47060775756836,,,
001,2214,no,9dee7ae9-2c3b-421f-9c81-cb1534a1ba49,21.799999237060547,8198dfc3-f903-4317-a491-6eaaf286e063,0.0,30371d06-14e0-4679-8746-74e29b4e8e23,0.0,ac1b1e0e-1be2-492c-b130-e573fce61183,0.0,7e00fa02-0f50-4c19-af68-a7b2eadafa60,0.0,,,
001,2215,no,21c92f6a-58c9-49f1-9d72-cbdfb3a0728a,23.600000381469727,,,,,,,,,,,
001,22161,no,a2dcd72b-280d-4773-90e8-961b0787b5bd,22.100000381469727,1f6b16df-7905-41cd-81e0-700245e3ce20,0.0,0757c446-6958-40e3-b69f-b4a8750afae7,0.0,b86c9c78-2941-4291-ad98-64b2f1db7ca3,0.0,015dcf23-cdaa-4928-9c4f-39e04d991ef3,0.0,,,
001,22162,no,1e0729d1-2c12-4312-aadd-220d51bf2323,20.899999618530273,3eb71b8e-6f62-4fed-b636-514816d5767f,0.0,7c9bd641-b4c6-45d4-8223-307c086fcb02,0.0,f0e429d9-5177-448c-b994-242ea15d14ff,0.0,b05fd1b7-c196-491d-9c18-6aecf1060cfd,0.0,,,
001,2218,no,6d72cd65-7f49-47ec-83c5-45127cf0ad6d,20.399999618530273,c46e41b6-86a4-474a-8fc7-904d5a5e5faf,0.0,24f4fdb1-e9dc-4510-b780-57b57d982cb8,0.0,7f44dcc1-4c7d-4e68-8d8d-ce205b922970,0.0,a9ca411d-940d-42ef-8aa0-a0278642ac26,0.0,,,
001,22191,no,a67dad1c-9db9-4b39-bf04-9e060286a8c2,21.799999237060547,45170bb4-2a80-402e-b156-80b7a4d3c982,0.0,b7f7f2be-027c-47ae-8c06-493f4a82a84a,0.0,6a8afaa2-8404-46bf-82f4-3aadedbf51ab,0.0,54957796-4f34-4ac4-a659-39becd829f60,0.0,,,
001,2228,yes,5c88a20f-65a0-4943-af3e-15a91b01a37f,22.799999237060547,e7f4a2e3-9d7b-495d-95e4-3209ef23d1f7,21.5,f99d6f73-d1c5-4f43-b7d3-62534133fbc2,592.0,7fd29615-4b80-4ed8-8531-307296c7cdbe,0.0,a8a0dd15-4964-49c8-bce3-cd6618338c31,46.666683197021484,ca9dfa17-0036-4adf-b58d-a9c28043b394,1502.719970703125,02814b17-ab5a-4e82-a684-c5b9ab2db9ab
001,2229,no,c43426e7-a4ea-4e7e-9029-427e8bf98ce1,23.100000381469727,5a601a98-54f9-4b69-9f82-a522d04f1e39,22.0,5a26b418-67d1-4c64-ac6c-f7d865086ac1,537.9199829101562,cfc3d95f-09e9-4417-968a-6a2447e49aa0,0.0,76365303-3b29-42ea-a0e6-904cf85f42b7,100.0,,,
001,2230,yes,759a8bbd-5418-4058-ae09-6b256e444ae5,21.69999885559082,f9573826-0b64-43dd-8fec-a3db2f889199,25.0,6c907fa9-b8f1-498f-a46d-d55e6a1953d1,462.0799865722656,3ff87248-076d-4319-a251-b19317e20da4,100.0,d0cd9a7a-9df4-4b6a-b338-691b129c4d7a,0.0,a8a08782-f884-4747-b8b6-436062054daf,359.03997802734375,
001,22322,yes,85ab7e12-0e8b-4490-8aa6-b8b447a0219a,19.600000381469727,5a9d176a-72b1-4330-af72-c532e4d2e32d,21.5,5ac26e84-86f4-4e1a-b37e-54fddb534472,447.03997802734375,c138da93-72d4-477b-8fec-4d95d3959fe6,100.0,163e8ec3-ceb3-48a2-a526-ea56b53bf6fe,0.0,7a666c25-f07b-49db-8ea4-5f65dfb75c9e,457.2799987792969,
001,22341,no,9daf6b87-9070-4588-88d8-20cb4fc0f688,22.0,a59ba453-0915-4916-b5e7-16b68c34b423,22.0,74104a1d-5324-4d17-8df4-809acac3973c,448.9599914550781,ad70edd5-f0a0-44fd-8c78-76ab2a4cc245,0.0,e84764ed-324f-438f-86df-5d5a64d4905a,0.0,,,
001,2235,no,71a01645-b1d6-4098-84e3-044b594edebc,22.100000381469727,1af0fecd-c43f-4fd1-be5c-1d91c16288aa,22.0,04134a41-ff19-428d-bdd2-1dc63710820b,445.1199951171875,b90d25fa-ae1a-414d-b261-6f79532caa4f,0.0,044d918b-3c5f-4442-bf7d-5fc3e7a5795b,0.0,,,
001,22382,yes,ff457d07-6546-45c3-949e-9aeb3622295f,22.19999885559082,5eec5706-8608-4c27-ab87-1854e35470cf,22.0,a8d4c59c-91ae-46fd-93b0-292b10ec2168,432.0,9fd53164-4741-472f-ba54-e56eb5fdc0cb,0.0,e3f634e6-af66-4cfc-9723-b9e6d55f98b7,0.0,8b184e1c-0d25-4d3c-b277-cd8eb097d601,35.91999816894531,
001,22383,yes,afd979ca-f28d-41fd-83b4-239d5d2ec00c,22.69999885559082,5a92d6b9-488f-4da8-972e-1e8c09dc25a6,23.0,2038e9d7-ca0f-48a4-9750-01c15bbd1b63,426.8800048828125,a364eb6a-fcc5-44d0-bb10-7db3599db3ec,0.0,62e8307d-a6d1-46af-9970-258f777389b1,0.0,f65d0eba-3e3c-4fc0-9b3e-8ed1073e882f,35.91999816894531,
001,22384,yes,29a98582-bc40-4e32-ab55-110d22003a46,22.899999618530273,b5b76d1a-67e5-49dc-a4a4-d2d19ed2bf04,20.0,37f8b639-2443-4da3-be1e-612623371589,432.9599914550781,10cb2267-bf4a-4396-9786-c65d0fb33e7c,0.0,95cfce1d-33bd-43ba-ab79-425e56f92eb0,100.0,48d73667-13fd-4c16-a36e-ca57ee0f22f1,68.08000183105469,
001,22385,yes,7e356226-e93b-423e-890f-a5f98aa6b8f6,22.799999237060547,f54c12ee-7b28-4188-a2a6-1260c9e78e49,22.5,395a2cd1-3790-450c-b818-16de3762c12e,610.8800048828125,d37982b4-c0b2-444b-beb0-8508d2f24dbf,0.0,b3a7b644-8fe1-4114-a730-28913c8e6627,10.19608211517334,744eb3a4-4602-4d7c-9846-48a12c10c5f1,40.15999984741211,
001,2239,yes,d0d75ea4-e00d-4384-8dd7-82454f985338,22.600000381469727,a0424fa2-f91f-4b8d-bb1b-e7a233d8d4ce,22.0,a5cb7840-8224-4e24-83d1-e75d8e1d3b31,448.0,140723e3-8bbd-4b87-a9e7-1d5813f0d7ee,0.0,16c6ab87-15fa-4cb0-b374-f199a1205700,100.0,9921eab0-b7da-4f49-9172-08279b01dc60,138.95999145507812,
001,22391,yes,c6e0e4ff-fe16-48f4-8dd3-8b481d6168fd,21.69999885559082,c49e18df-c853-4a9e-a11a-c1255aaf6492,21.5,13967aba-d5c1-4d48-b855-b8577a9a047b,430.0799865722656,3332f0b4-2920-426a-a3ca-fc00c76b5b21,0.0,74681598-ad05-4e59-af1c-31afc960a722,100.0,fa16e9cd-2d40-4060-9f6d-9eabc02d87d6,216.47999572753906,
001,22392,yes,3184d51c-a180-4333-9d83-9c7e93275ed6,22.69999885559082,b0704ea1-fae5-48f7-8f57-f0aed15261d4,22.0,bd835735-749a-4dd7-b4d6-c220f39a879a,560.9599609375,7f0e8a2e-38b2-41de-87a6-1d59a3a872e7,0.0,e37c2e1a-7ba8-4c8f-ad78-0230b25a7705,100.0,e6c199cd-6b26-4cde-85dd-4172dc405eaf,99.1199951171875,
001,22401,yes,9d6927f8-6361-4205-b3aa-a15ebf5dca3b,22.5,73293d4b-51ef-4fdb-8394-a56f0ad295ba,21.5,5dcf2f7b-4d20-47a1-b621-cb60262dfd9a,450.8800048828125,d88678b3-e8cf-4300-86f4-e76bb33fa972,0.0,088f83fd-bf63-49e8-9940-313e191825a2,0.0,a6dac2a9-2e80-4834-84d3-88ab7fc5a776,32.73999786376953,
001,22411,no,f65de62f-e3a7-4822-be9f-f6eb42d4840c,22.19999885559082,f1359b45-a87f-49a1-8ae8-ba54d047a3d1,22.0,1f7df92a-3f0d-4a70-b5c7-39b2d85fd81e,461.1199951171875,cd88614b-9996-4383-b438-7e93b833423d,0.0,ed988861-94f7-4b80-b19f-30df0cf92500,0.0,,,
001,22412,no,a9214871-2e74-4f5e-a37a-c179e49dcde1,22.399999618530273,d52737b2-933d-4170-9690-f3b3219d1e9b,0.0,4ee38d6d-eba2-40f3-8076-9dfa8d0cebf5,0.0,56fceda7-e7e4-426d-92a6-89ab8872cad8,0.0,a1b9785b-2d6e-4d56-aaa1-daaafa701de7,0.0,,,
001,24011,no,ed1bf31a-2f62-4638-87a3-b8ad9887ee40,22.600000381469727,180e04cc-8e59-4021-afcd-c35c8f062592,22.5,a7012b09-f4f6-4a2d-ba69-af6d59a11594,432.9599914550781,894e8d5c-d3df-4fd5-b13d-92e31ca64ea2,0.0,21263c6c-c6f0-4f8b-92c4-47749122cbf7,10.980395317077637,,,
001,24012,no,d0e171c5-11de-4c32-8d5b-b646fdf62097,21.899999618530273,70550cdd-4f9a-47b0-bbd3-bcb6e5611bac,21.5,ed1097cb-60df-4ae6-918a-09155813d1d8,429.1199951171875,50e8ebc9-dc50-43b5-88d2-f9b24cde083d,0.0,5daa5741-abcf-4e53-b3ae-dbe204455848,0.0,,,
001,24071,no,59752193-265f-4542-94e9-e004cc7c8568,21.299999237060547,9bdb68d1-2989-4383-a40c-845e21426443,21.0,5c4ac478-e7ca-4885-8ad5-ec7277c27e56,416.9599914550781,0e9391de-ecf2-4dce-8c08-1d23cc09cbc1,0.0,e846753c-83c0-44bf-868f-1f5f847723af,0.0,,,
001,2420,no,af7dc836-48f9-4459-9f8e-d7e5dccc0f20,21.899999618530273,9366f2e1-4642-4582-9fd4-7ef134d59dce,22.0,64250d81-9713-4215-94c5-3e22afa66f7c,447.03997802734375,496a9b97-0a8c-4ed4-a714-2238b0a1c6c8,0.0,848b42f2-52a9-4c74-a9c3-c369fc98cd4f,9.803924560546875,,,
001,26001,no,d290c20d-4986-4307-b375-db22a5cdc16c,20.600000381469727,3ec4dfd5-eba5-4075-b57d-2227bbe0fc85,24.5,3bcec003-b16d-433f-b1d4-6e80460ec541,426.8800048828125,c8ea311a-5e07-4230-8d92-e61ac79ab0ca,100.0,b7e43e9e-9cad-4c2f-9129-c8c45e6dcf58,0.0,,,
001,26002,no,f82ffa11-96d0-4474-bae2-f752968c5c0f,19.799999237060547,06e0db42-b65d-4eba-b2f3-8b9198566800,20.899999618530273,05262423-37f7-4384-a5f8-e09f85770dc6,431.03997802734375,8421f66a-81cf-4d50-9c19-b871c547fdaa,71.37257385253906,5957e0a3-ef9a-4828-9b53-fd538cd68890,0.0,,,
001,26011,no,cd8fe1e0-882d-4905-9658-cc3b56671aac,23.19999885559082,ed976d39-4f09-4690-8e3f-5e99d5f6c662,22.0,81db1e01-077b-4c67-bfb2-d00a8d621546,472.9599914550781,b05864df-cb71-4079-ad4c-4b80cef85e10,0.0,08bcb0e7-3b23-466b-8e25-d029244ebbd0,100.0,,,
001,26012,no,568a5cde-819c-41ef-94da-ec36a0aa9408,24.19999885559082,53060597-b4d6-41d0-861a-45af5fb85bcb,22.0,4240edcd-6cd5-46fe-a2ae-5dcb8c6bcbf3,474.8799743652344,519e7890-1d80-40dc-a0f7-f2e3102353cd,0.0,0587b55a-eadc-4b6b-bc44-faa1f340aab3,100.0,,,
001,26014,no,37681bd4-1781-466d-87db-82259b5786c3,21.69999885559082,1e13f6be-7ce4-449a-976d-27001b177102,22.5,5d7628a5-d447-42b1-8409-6278d7ab027c,432.9599914550781,4c2f36e8-95c8-4516-af85-7c09992de50f,100.0,2ae97be5-1650-4e77-98df-b279ce22b616,0.0,,,
001,2608,no,81e0fd88-b9c6-49ae-a62e-173426cf6384,19.19999885559082,550abbc3-c5da-43da-afe0-d6fc1747be6b,21.5,dac14420-b6db-4da7-8511-694d11346e30,2000.6400146484375,613cdfb3-3a1d-453d-a0d9-26aa6ea0ef56,100.0,d9c03fde-41b7-44c0-87b4-2d4ab5d06f5a,0.0,,,
001,2611,no,beab9a71-6e62-4cc7-9c04-d78ca3e8bc6e,22.600000381469727,0c7ef0f5-f591-462d-ba13-0212010bacb1,22.5,53a77320-1691-4a42-b62e-432bcc704192,424.0,0947697c-1656-4e3c-bfcf-f0e40dea376e,0.0,2a821e92-f45d-4a6a-97de-5ac4bb2fdbb7,60.784332275390625,,,
001,2612,no,694e1656-b39c-4bed-8775-1c1e6ab4a9ac,22.5,d8826a00-1bb7-4a9c-9e36-3793392e084d,21.399999618530273,e251c52f-f5a4-46d7-9288-1cfc6e84e656,465.91998291015625,7f462433-b8c2-4197-aca9-56e37d455a1e,0.0,8e97949f-fe65-4784-a4e5-e33b839767db,0.0,,,
001,26131,no,cdbec43c-f7f8-426a-9e0b-8d4e8357a852,24.5,f070c8ca-a737-40f8-8185-f7245ef5452b,21.5,c1276f14-14e3-4f9c-b0b8-289d9e31f9a0,416.9599914550781,4c84d402-a9b9-45eb-a169-4305c1f6caae,0.0,dfef4b48-be86-40a9-bb21-faa66e2ea217,100.0,,,
001,26132,no,597aaf68-c030-40ff-a137-0549dafa9f56,20.5,729dc6e8-df26-4a37-a41d-14a4cba74455,20.5,30771213-30e1-4fee-82f4-db6f25440bf5,422.0799865722656,c33565e7-63c0-4ffe-b0e9-1f48c117c3c0,0.0,ebbd6c53-ab85-4cb6-a5fe-d87b2922d8f0,31.37255859375,,,
001,26133,no,ff24fb80-350f-435f-954a-b5997fb1e226,24.399999618530273,ada8fe2d-4f86-46c7-a698-0dd36f52e188,21.5,4b3c82da-a725-4d34-bdb1-c2c8a6bc0fb4,426.8800048828125,8d8d0c08-2ea7-4fe2-88c9-46f45b25c6b5,0.0,61e0b765-6452-4b01-a124-90bb66ea99a0,100.0,,,
001,26134,no,513ad6e7-0a53-4073-83e2-0723670cef3d,25.299999237060547,8022efb6-42d7-4822-9cb4-e56d42265bb4,21.5,56dc1fef-b458-4b40-9b41-0950fde6bd15,426.8800048828125,7d92e581-6bd3-4e15-be14-a4890ca94438,0.0,0a33b6ee-b20f-4ca9-b8b0-2e00a2e1f24b,100.0,,,
001,26141,no,42545186-d337-4b6e-9ebd-23b879a2b6eb,19.600000381469727,10bb0eb2-d95f-468f-b7f3-b326a5196f0d,22.0,a833ccb5-a23d-40e3-b7f9-4d959011df40,416.0,aca049b9-d238-4412-ae6d-84e380ff2e03,100.0,3526e6fb-0a96-49e4-85e7-d82db93ce263,0.0,,,
001,26142,no,3dd4277e-f610-430d-b6d4-78a9ca74a7ab,19.600000381469727,dd1e21f3-8853-47d6-a779-06d8288aa3d0,22.0,c7cb74e3-9dbf-40b7-badf-7454499b6187,416.0,c6f52c71-0d50-4513-95a4-ec515fffafbe,100.0,34078769-f64a-453b-ac7b-80a44b2bc5e4,0.0,,,
001,2618,no,100055e3-cc2d-4ba9-8087-848e11f53989,20.299999237060547,78147d5f-dbea-4781-acca-d03f5b1189b4,21.399999618530273,b003e059-02ef-4a9c-a8ad-4e429de42567,413.1199951171875,8cb574f9-3a78-4399-be8b-a96bfe45c487,85.49022674560547,28ac555c-319f-4954-8a62-04ffdad25cd3,0.0,,,
001,3002,yes,c6e05387-3bb6-46c4-a00d-c52d2a220bab,0.0,8bb06855-16c5-4958-b05e-1f700d708a4a,0.0,0f23b235-84fe-4da2-b255-174ba3e76a2c,0.0,cfafa6e2-c0a3-4cc9-9495-8a2324fe9cc0,0.0,07de78c8-a121-4b5f-a4c1-f58c3b1af560,0.0,f276cb91-36f9-4e05-8da9-e2d5d07a6134,92.87999725341797,
001,3003,yes,0ad3ea08-1b48-4976-a52a-95cb77b2ce1c,0.0,b0514971-2a05-4e5c-aa08-7c42fd5e5bb0,0.0,03ce732c-9dc1-48eb-bc54-1272d860e5e7,0.0,e9f65f42-0b6b-424c-aeec-f8d4df234ec1,0.0,9902a676-038e-45b9-94cb-886468bd7c12,0.0,d5656ab2-d737-4a9f-95dd-a0b4e08c6942,90.55999755859375,
001,3004,yes,89b130c0-0790-4f59-a556-c40963cac4ff,0.0,91c18b3c-72e8-4164-b2a0-a2e6dc18bd2a,0.0,ceb754ce-8d93-4b6b-b7e8-342072257157,0.0,5b9b1f9b-1aed-4c90-ab92-c58aafbb3061,0.0,a28cb108-4a51-4521-ad8c-e146789d71f9,0.0,37bdfca2-a7ad-458c-b552-7d32ad6703f1,0.0,
001,3005,yes,ae9d6c08-578d-463f-9ef5-be4758c88693,0.0,1ca1ae07-738c-48c7-9a31-fa5435a1db75,0.0,28709e2b-2b74-4ee6-b488-78602ef17fe9,0.0,19ae9ee0-aa84-4cb2-b5cd-92886970adcb,0.0,24f93958-96e8-454e-a929-2e8f39ca3d2c,0.0,7b2c8acb-8ad3-4d33-883a-437f1f06b5a0,93.5199966430664,
001,3006,yes,ecd76bcd-323f-4ac2-ae34-5bc42b3e9872,0.0,8b130d1d-72ce-4e95-a506-ddbcba7a444f,0.0,df063010-f507-453e-8272-c6f393b9b8e1,0.0,ffa19e26-c29f-4997-986d-f88b2f33a10d,0.0,977be00f-80d4-4747-8bc9-9b93c8304adf,0.0,6da33ad6-d404-4c09-9094-499be83cfb94,90.55999755859375,
001,3007,yes,776ca1a5-defa-4d54-a427-0ee693252f69,23.19999885559082,aacedb47-a14a-4bbb-a277-5be1d6711a93,22.5,59c08623-c7ec-4d6f-808b-563e31af8b29,464.9599914550781,debf71af-58a7-4213-b541-936fdd8562a6,0.0,5dd96eb1-0949-4e43-9aeb-3dbfcccc1798,74.50982666015625,bf313aca-86be-4d80-8732-19169d77d330,98.0,
001,3008,yes,fbbf84d5-b4e8-419a-b8c7-d3206a95ab23,0.0,0112294c-4c28-4c95-992e-61b27420cd83,0.0,c81050a2-5b9e-4ea4-9cae-7a10c3f2ab60,0.0,39d99559-f263-4261-8d9b-d29e894fe9d9,0.0,08290ca3-5049-4f87-b150-ba712d7370c6,0.0,192593fb-0ff1-425c-a6ff-d7565781c1d6,98.0,
001,3009,yes,22a09432-f928-4bd0-96b7-84640493de93,21.100000381469727,b9881ac9-992d-447d-a84f-170e0622d21f,19.5,2ec598eb-09ce-4f13-a634-9fdd068b18c3,434.8800048828125,ad9dd5ae-4b36-4f04-9ce9-0410de15ab85,0.0,ee543204-5950-4574-b5d3-1d72009afe17,100.0,7367e755-d050-4eb6-af2f-6297c2ea4497,118.47999572753906,
001,3010,yes,33ca7721-d4db-488c-93de-d3d292ca2213,0.0,c1b57949-1b78-4357-9ff1-e4d8622e360b,0.0,3256720b-982b-47f3-8652-c008b752ac58,0.0,f35a292a-2943-4b64-8648-d1cbb9ba5247,0.0,5da9f2a4-ab8b-4ae5-9d80-3aa3b7510936,0.0,cf3c642a-f485-4254-a5b9-87b0160de9a9,116.15999603271484,
001,3011,yes,23efb3e7-1c58-4629-a7c3-3adb24d34e14,22.5,253fa469-c0c9-460a-8ca7-7a1f538f8c1c,23.0,a68aa673-c718-4690-97dc-a2e17115b51e,437.1199951171875,6c32ba3e-6d5e-483c-bd0b-9f8fb0e6b76a,0.0,77e1b5b4-426a-4649-9e17-c440ea4fb0ce,0.0,ec65bf06-447d-4365-8aaf-129a2947d0d6,29.3799991607666,
001,3012,yes,2460681b-54e7-49ba-a265-f36bde81402d,22.600000381469727,5e04e8c0-3402-4778-bd7a-f83461c8d9a1,21.5,3342c5c8-5530-40f7-bc6d-0fe2f9e3e6d5,648.9599609375,68fd47fe-3c5a-4a21-b195-83892c1d8c18,0.0,c5fbab05-1a4b-47c8-b8dd-84cb1a59f4b4,36.07844161987305,7f3cc6cc-57a2-4de9-9121-bdedbe51daa4,124.63999938964844,
001,3013,yes,aecfc1ed-67b3-4cfa-bd3e-fa3dcd30485f,22.799999237060547,77bada2b-9054-48e3-970c-d5df729655ae,24.0,126007a9-d588-4ef1-a284-7a0f9be8c8f9,455.03997802734375,3bb0a84d-c5fb-4bcb-a2f9-af586a4ba83c,0.0,1aadaa07-c95c-47a4-b1b3-30c646084075,0.0,ab91a59c-3752-4de4-9ec0-5fdde58caf2b,132.72000122070312,
001,3014,yes,8f20b5b8-e083-4e69-983b-11cae955df15,0.0,a3b422a0-b467-465b-a6dd-e4540d8765ff,0.0,d98564a5-19f9-4daa-a872-7ea07d09f131,0.0,64fc8337-15aa-4d85-bdbe-0add960d963e,0.0,a2aa95c8-8ab1-4040-bf43-3309f42d8e46,0.0,e096c213-10bd-4b94-9cdc-e8f12f052da8,123.36000061035156,
001,3015,yes,63704f82-f257-4f83-aa58-fd27cb5cb8df,25.799999237060547,0d369e4a-1469-4565-a931-cb691d256c7e,25.5,cd9ca0ca-3fc8-4d94-97b5-0f545b938e2c,438.0799865722656,ae1931d1-c96b-4e54-b71b-37f98ffb493c,0.0,585540f5-93ed-4ad1-8be7-dd9c9eae7494,12.156867027282715,03e8987a-b778-4cf7-8a51-b45ac7c59c13,733.4400024414062,
001,3016,yes,df94f703-e753-4853-ad7f-4511921978b5,0.0,6294848e-5ffb-428f-82e6-d896fd318319,0.0,4c108aa6-6d5f-4b2c-be31-ecae8987d8f2,0.0,8465ff28-08a9-4c89-9753-62b70c6d4f6e,0.0,a3868f7b-9ca1-4faa-b078-956583d9cb3e,0.0,9923fcfb-fdb0-44f0-bfd1-8e20a589f94a,756.47998046875,
001,3017,yes,a1d555f9-b302-4b09-a5a2-fe96d387472f,0.0,a2492a2d-68dc-4e20-820e-03106fb123e4,0.0,1f8d3bd4-b6c9-41da-ac95-629c8336ae58,0.0,56f9edcc-2c6a-4cf4-9598-f069934e8ec3,0.0,0ff538e9-486b-4b21-99ab-d2e14faab08b,0.0,151e134e-1a63-4b36-b3a1-b0fa942619ed,27.399999618530273,
001,3018,yes,8e8b3813-4206-4081-ac7e-82b12e62ae0a,0.0,e4fe882a-f238-445b-9432-f6b4f723f314,0.0,0dc95549-d330-4903-9add-416e3b9da086,0.0,6962dac1-5adb-43ac-939b-c11f1747d4b0,0.0,fb4384b7-3f36-4731-8fc4-d768f485c128,0.0,a421722c-7509-488e-a12e-d64784cb2ded,0.0,
001,3019,yes,837dd244-2ac3-4479-871d-c17092e7b9ef,0.0,83a7a9e8-25e6-48a8-88fd-959d2a71ef84,0.0,3697f2b7-1452-4418-a93d-23a3ef46ed7a,0.0,3db14d21-7b27-4d75-91ee-e6565d53c154,0.0,7c2f9f2f-1d17-4a51-ab8e-7b538892a953,0.0,ac64a26f-8acf-40a0-94c5-862c84621e27,0.0,
001,3020,yes,c40cccd3-d1e5-4af9-b39b-f6b329ea34d3,0.0,447852b0-4ac2-4b12-9a66-aaa6f0226ccc,0.0,d6881479-635a-4cc7-8abf-62b605d98fb8,0.0,d01407ee-4cd6-4a7a-b8b7-c2470e945cda,0.0,a6ffd80e-64e5-43af-9ec1-c24869f48bb9,0.0,b3f24450-a3a7-4dde-89fa-b2641d046df5,0.0,
001,3021,yes,71d6805e-45e5-4127-a7da-b23287469465,0.0,07a6af6a-5ef6-4813-b293-2ebf244b48e0,0.0,084bd9e6-295b-407f-b5a8-d379a96a7e79,0.0,a096b94c-dffb-4a43-ad4d-77c4b0f366d5,0.0,1b3efbcb-4c03-408b-bfb4-0aef3bd5f7b0,0.0,84ad30e4-bd45-4d6f-a548-aa07130924fd,0.0,
001,3022_1,yes,c79ec491-d422-41bc-908c-7a62c92079f8,22.5,daac5d6b-fb2a-40ae-ad8e-2a556909130b,21.5,f250e353-768a-48e3-b857-2c4f52aa0ec4,444.1600036621094,e22eff9a-605d-47b3-98ea-93f19747bbe0,0.0,f6d1fc5e-3daf-4a56-95a9-11af632606ca,0.0,f64e0bf1-ede5-48d9-9191-794ff023859f,100.72000122070312,31616339-2ccb-4d75-9283-4179a2a8ebf6
001,3022_2,yes,591dd71e-34f0-45d1-bdfe-f84119931fa4,22.399999618530273,c9adf9e5-dfb7-4f19-9dad-04a8faddd604,24.5,27907362-b187-4a1c-b8f3-4a7b885b7c4e,444.1600036621094,0618739d-b56c-4545-b2ef-4477a708c3e2,100.0,8cfa61c3-d426-4042-98f2-70c663c987a6,0.0,bd128bbe-0ca9-4734-8811-5d3432b6b503,45.23999786376953,acabe55b-4c27-48c0-bc54-d728c2551555
001,3022_3,yes,8feef6af-f3bb-4b68-8ead-3bb87b876d2a,24.399999618530273,de0f48f5-fbc6-4e60-9528-42ec1758a183,23.0,e17ede1b-d3c0-4b2f-b001-f3652464249a,439.03997802734375,f33a8c2b-3962-4e32-9b99-7e0d938e5d53,0.0,edfcde3a-0526-4c5d-928b-70bae14429ed,100.0,c02cca54-fa33-4f74-9fb2-e09620f79adb,122.07999420166016,32de0098-e1f2-4a12-ae8d-cb594c04564b
001,3038,yes,44c61570-b2de-4626-8d1a-35a68cfcc235,0.0,0d18e781-f3a1-448e-b431-bd230bbe3535,0.0,1326341e-b112-4534-ade7-bb93bb8bfd9d,0.0,a0d404a0-6c0e-4df4-8193-0c0b6039dd53,0.0,57839811-b238-4458-b33b-ee6f77ee7c9b,0.0,78e08ad8-e906-4d2f-a9da-8f145c52ec79,0.0,
001,3039,yes,8146762a-ae25-4abe-8db2-b894e32a76db,0.0,d0b96999-3e9f-4f3c-8b8a-ef8c88535384,0.0,cb8816cb-e725-4794-8e83-1d3c6ea7d6de,0.0,36acf12e-42ce-424c-8991-d483e28c8e83,0.0,792f8e98-e1d2-4aa4-8be6-55cb36b97852,0.0,4418c0e3-4571-41b0-a780-c95348b77a2d,0.0,
001,3040,yes,6d66a467-3f10-43ff-a608-839fe3d50652,0.0,3a943fd8-269c-431e-92a2-99d0507da167,0.0,daecdeea-5f92-48f3-9500-949b0142f96b,0.0,e4545074-985f-403c-a5de-0f57eacbc13d,0.0,e00deff0-9b31-4f5a-ac6c-0bd963dc3597,0.0,9f56c2db-26fb-4ed4-b981-76dd3e425eae,0.0,
001,3041,yes,f8e562b9-220f-45a1-8381-b2354cc28c60,0.0,b4657bab-0c27-4ae4-a1b1-727277bfdae8,0.0,665ac6b3-a4ae-4154-99cb-2538c2b0f62d,0.0,8d2dd4d1-db16-46cc-9dab-e81ebd6ff7a4,0.0,3366216c-eae4-4f7d-ae8a-18d7a49a869a,0.0,c59936c9-68c0-47ed-af06-43a6c57b4422,0.0,
001,3042,yes,10e7119b-4d90-4633-aa02-c4ad69f49aef,0.0,d3dba78d-0205-4ea2-8255-9032f73eb96a,0.0,fe6233a5-87d4-46ba-bc32-249bf2225c97,0.0,fbe078da-c9e2-4c54-971a-1ec3e96ef158,0.0,654c876e-5b7f-45e9-a434-8c786f7e1da5,0.0,cd9d79dc-dc79-48f1-be86-9b83c137d780,0.0,
001,3043,yes,80c86a48-32c1-4da8-893a-870e2fb34d67,0.0,6297bd74-01e7-443b-9d9e-283ed1002639,0.0,2bee43c4-e655-4d9a-9dc7-d3bf4462a63d,0.0,80c22abf-af22-44ce-96a1-aef9873acabd,0.0,23dba000-770b-46ba-9d86-b0f03883a63b,0.0,cc5827cb-b662-4486-8506-22740b447a45,0.0,
001,3044,yes,b10b0e86-5403-4756-b3b4-dedcd866d575,0.0,4ac2640e-fdc7-415c-b7cf-6b7eee786ce8,0.0,3c22b016-97e9-479c-b634-16302bfb5bff,0.0,b7e926f6-2009-45c2-8e16-921d4cdddebe,0.0,cf7976f8-c62c-49c5-a892-6f4fc48a3182,0.0,29172313-f303-4966-bb3f-e5179409c941,0.0,
001,3045,yes,9a615d9d-bf99-4c76-b898-00d5b75a12df,0.0,381a74b5-02b2-4829-9738-acd312b0faf6,0.0,d8c3efd1-c744-4152-babb-f912fbbba3cd,0.0,87c1a08b-5839-40ba-b9aa-3ebd28b5a722,0.0,ea2c2bde-182d-4a8e-a6db-a3a6bb221c7b,0.0,83fe3e79-6652-4818-aba5-441411ec7cf1,0.0,
001,3046,yes,6b8ced96-63bd-4af5-82f9-faf56d41f5bd,0.0,46094f1e-4252-482e-b73d-c341c7af8a5b,0.0,b5c4e92c-db6d-44d0-b409-9e66351538dc,0.0,8fc747e3-498c-48b3-a841-e55e79e251fd,0.0,b7adca58-11dd-4be5-b2c1-37ecebea849f,0.0,9634e427-4100-48b1-b534-99a45185bf5d,0.0,
001,3047,yes,67002c02-5548-440b-9654-d8a612f4e434,0.0,f28487e4-c830-4192-b899-2ed1e87b63db,0.0,f240938e-1336-4dd1-9746-7c6109c80606,0.0,d0953e82-fe72-4364-ad91-26c965586baf,0.0,e046a375-8a39-41e5-b51d-6b035e648bcf,0.0,28dcce21-65b7-4748-83a7-0158ca8dd82b,0.0,
001,3048,yes,3f33ef72-dcfa-4632-81fc-6eea3e22f5ca,0.0,eeeab43e-e8b8-4b82-9fe9-82f081da1af3,0.0,23a524a4-e495-477c-9fef-c787a10d681c,0.0,12328f5a-1b3f-4c0f-ba07-2820fd288d39,0.0,68ed537b-84ae-498a-a5d2-9194424f5435,0.0,9cb6b30b-b77d-4ef8-beae-a97d567d0f59,0.0,
001,3049,yes,2a2673d8-7372-486a-88d9-32f22889d701,0.0,8a1ea4e0-f0ee-463b-9b97-ba00deba2f41,0.0,84383cdd-687a-4c03-bca4-02791bf98b2e,0.0,bd0a5bc0-9213-44bb-a10e-de707891d356,0.0,47f92515-55c0-4309-8b60-873c401be53c,0.0,1e2bd16f-5a89-4db1-a83e-8c6a2a0e549e,0.0,
001,3050,yes,dcaf3374-dd98-4215-9d58-945ec33762e5,0.0,5ddafab0-a9b8-4cf0-b8a6-661cef4c29e1,0.0,cac79363-f26c-4005-b2a1-f8b85e1bf562,0.0,72ea6b07-140d-4846-a099-c75766a019f5,0.0,a1a3c2bc-5dc7-4a32-8383-104e7617aebc,0.0,80d356fc-a226-4845-b222-37158d43ce97,0.0,
001,3051,yes,4b72756a-1f15-48ac-b7e1-135f4619a9b1,0.0,6fb83314-217e-4d44-ac8a-946db6191722,0.0,1a592308-03bf-4bfa-97e9-6401534fbad9,0.0,265fba25-833f-49d3-b4f6-3e63deddc3f2,0.0,157b52bf-fc8f-4c9e-9a5e-4789cc8cff6e,0.0,22432fd7-b001-4240-9c5f-20a7e6f0be46,0.0,
001,3052,yes,e561cc55-7516-47ee-82a8-c08cce424af3,0.0,0c66eeca-0171-417f-9433-05da368b2f5e,0.0,04c0b6aa-1e54-4535-8b60-4601746b495f,0.0,4dfb837a-8301-4614-af3f-c4cda4953232,0.0,836915a5-9000-424f-b57c-8f642cf0820b,0.0,bef46f12-3896-44fa-80f8-98a8a9f98602,0.0,
001,3053,yes,fc7377c5-1412-471f-8358-8b27621889a4,0.0,1384e116-b960-4f7c-ad13-834d2fd29f67,0.0,99f9df43-a626-47ea-b7e0-cdd8d47fe75f,0.0,08893c4b-afe8-41a4-bc87-c5eb36be8517,0.0,b77dcc1c-af1f-4f1c-9683-ca61e77dec3f,0.0,162d90af-7805-467d-aa59-8d8796ac9e97,0.0,
001,3054,yes,5af8593b-87d8-4d82-bb2e-9e251a301165,0.0,8aceba71-0bd0-4f90-823c-e0ec6a039f49,0.0,40f65565-ac24-4549-84e2-acce23feb4f3,0.0,e1049c1e-bdaf-4769-8c4c-24251fda75ea,0.0,8ff3faa9-7c35-4813-a7a5-e02c89a3caa5,0.0,ac149427-a30b-4898-a1a6-a2cb69fa7dbc,0.0,
001,3203,yes,70334fbd-197f-4b76-a044-b8e6540a98b3,21.69999885559082,80aad4a8-001a-4878-bce0-8878929d42a5,21.0,7d356d4d-7ba5-4a3c-bacc-5bc7ce425930,453.1199951171875,ba59a9d6-d1bc-4bbf-bc2e-cb726a443df6,0.0,c8b0944b-4ccd-413a-9cf9-e0282ac6929a,0.0,14ffaa74-29b0-4d73-ab22-9575bf216061,181.27999877929688,
001,3210,no,3afad7a3-5941-4ef7-8899-385fedb63f9f,22.100000381469727,911d5854-d2c2-4362-bc38-067aa2dbc328,22.0,120d989f-5993-4de9-a24b-d9a6ff5bc375,448.9599914550781,150d0ffe-c7e4-49f3-b4a1-009c71772f7b,0.0,bad61254-541e-4139-a229-ded7b01ff788,89.80394744873047,,,
001,3211,yes,e62ed104-d08f-45a7-9687-ae8367179a1d,24.299999237060547,c42e5654-fa82-4093-b211-7a1e1830e9e9,24.5,f2b5b135-c4b4-4c94-a87c-0a32381d7856,24.299999237060547,7131fcbf-6fc7-4c71-8c6b-fb171727597a,21.176477432250977,13890c19-7a91-4726-93ff-04db3dc31dd4,0.0,94b7c96b-242b-42c3-8670-e4308e28f142,116.0,
001,3212,yes,41d06865-cc90-4868-85bc-2bd99195168f,0.0,de2c3a0d-eb00-4d99-920c-f1292db40ff6,0.0,4f2edc95-7ff0-403e-9067-fe4689f54f57,0.0,852e7598-db9a-4ea6-9f4c-d9c719f7a0c3,0.0,e720d950-3f16-411f-b687-7f5bd8070e1c,0.0,ca948f5a-a5e5-4121-a1fd-b292c96dde00,147.9199981689453,
001,3213,no,f0632e5d-7826-461e-a265-b88ff4b9c9c6,0.0,ad567fec-f37e-4011-a171-b186698a2b70,0.0,554a445b-e17b-4dc6-b7c2-0a9e3881f72d,0.0,0531d1e7-8101-410d-9241-a75e1541b5cd,0.0,4d128bc7-7368-4920-b6fb-981c9f1eec94,0.0,,,
001,3214,yes,6b611912-f0b9-4379-869e-13ec9f4fff46,23.399999618530273,64c9b8b6-6f95-484f-a099-89f81c278910,23.5,d1befe77-7438-4ef4-87f7-593db9a66d88,433.91998291015625,90f70378-05e2-42f9-9570-d31c6c922402,0.0,876b7653-9436-4986-9d05-17b35afac59f,45.88236618041992,6f49e750-80fd-4e27-8ac7-1aa44db6c1a8,1222.4000244140625,
001,3215,yes,d9e4160d-e163-476c-bfce-eaf304d6fc93,0.0,d404f790-f6ae-40c9-a5e9-b62bdcb4b378,0.0,67247ade-541b-44e5-b2a3-7f3499dcae4d,0.0,3a566049-4fde-4dd4-919c-6c62e09c5c8b,100.0,fc0c36b8-fbf8-4a36-bb57-ba659fd998d9,0.0,f7bb3e80-1e78-4a1c-a8e5-446014f3c385,696.9599609375,
001,3216,yes,2f7f3607-70db-4dce-9809-b5532cff5f05,0.0,e3a32fc5-778e-422d-92e9-2e5655c3eac2,0.0,8e5e2d59-16ef-4dd9-86b4-e18e7f540e13,0.0,bb84be46-2d0f-402a-a8d1-ae00f62452da,0.0,66ecd0b0-4356-4635-9ce9-8d375e833f5a,0.0,28657804-6ccc-40a4-8c2e-0e718021b9c2,196.95999145507812,
001,3217,no,8b57c58f-8735-45da-a615-d9cf251511a7,0.0,001960ea-d25b-4247-b864-de419ec30c7d,0.0,044a7a16-38b1-4c51-9642-dc3228047d09,0.0,946c228f-4951-4201-81db-cb0e54a551b4,0.0,8d3f8d55-17cf-4057-8419-64137403840c,0.0,,,
001,3218,yes,72d84edb-8357-4fa0-8760-1a47e722a36d,12.199999809265137,52abfc52-393e-49a5-bb52-1f3055ff4724,0.0,6bd3e9b3-c274-46f8-ba42-65dc407f3b8d,0.0,5894b27d-524e-41fa-822b-e46c231620bf,0.0,857db686-f47b-4dbd-9a5c-dcf579a5ec4f,0.0,6c42c924-9bb9-4fa8-8550-13428473ffd2,36.70000076293945,
001,3219,no,,,,,,,,,,,cb408322-7e38-468a-bee1-50447f29fae9,0.0,
001,3228,yes,f8f9b0a7-3024-4aae-b9d9-d3d26ed20665,20.299999237060547,ac5502aa-8a7f-4265-907b-3906702bd1bd,20.5,7513fc3f-bc95-4352-ac7f-60e4ec43fd5e,448.0,b6ae8dbd-b49a-4cad-82f9-8b78d89b106c,0.0,ef0e2673-6957-49db-bb41-d95c4bbf2c66,38.823543548583984,874c1ace-2c5b-4977-a7be-18146c309c5c,145.59999084472656,
001,32291,yes,7047271e-7f02-4b8f-ba7d-474cae636d8b,20.799999237060547,8ae050e4-7d5c-4148-8b58-225b166c03b5,20.0,5a02a4e4-b6ff-499a-b011-77776993323f,437.1199951171875,39d135fa-f220-4f04-8d24-c8d63ee44c22,0.0,169c6a94-257a-46dd-9263-ac32eab0c61a,0.0,d03c2262-bba1-41f8-b73a-cc7400aac270,116.0,
001,32292,no,277be036-695e-4d9b-bc51-ce7c03b4fac4,20.799999237060547,00a294c9-9f45-48ca-89bc-a846964891ca,21.5,09e25060-9a5f-4be9-9250-41dc2d5b579f,437.1199951171875,c63c6827-7533-44a3-8e10-ca691e215822,100.0,4a962431-f24e-42fa-a674-37025a7fded8,0.0,,,
001,3230,yes,a103c9d6-fb01-4804-bb48-dd26f419a625,20.299999237060547,de52d5e8-4a34-43e9-abc9-027f461f8ec7,20.5,db56a23f-5117-4fdf-937b-85222d90b446,436.1600036621094,ed4f59bb-e070-4d67-ab21-c13ff7000c3b,40.78432846069336,5c3254dd-af12-4e51-94dd-eac90e73803b,0.0,c064242e-a230-41ae-b77a-84fc7e745090,256.47998046875,
001,3231,yes,aa1c5da1-f851-495a-a818-ba51b135db06,22.19999885559082,add87c83-db71-4e10-8410-23ef230f46ae,21.5,f8a7443a-f30c-42bb-94f3-cc4027f84b7c,428.1600036621094,cf63e581-4776-434e-a2f0-ca66c4aa4312,0.0,d2ca1b4b-d0bf-4897-9a4c-fcf604d561f4,0.0,0b90eb38-feca-4624-a123-b3ace8e17370,152.0800018310547,846315bf-f7bd-4cf1-a8c6-507ba267e3df
001,3234,yes,df1f7b01-c638-4dda-9051-3ff7e12362c0,0.0,431d65c8-740d-4dd4-a8b9-47c4407a3279,0.0,29ebec16-3fd6-42d9-8ef6-161c8f926e09,0.0,6369d379-49e8-444a-9289-4aea176ab7f9,0.0,6b111265-7460-4c7c-9520-3fd479f993ee,0.0,9384d701-a163-4a76-89fb-b8b8a2a43c01,0.0,
001,3235,no,b4465c23-d505-4f36-b35f-9bba8a67bdf0,0.0,854427eb-fe81-43bb-8f83-ad8eeb9c2dcb,0.0,e383c02a-7868-48e0-9af7-c2598d7787a9,0.0,f1db6a6e-2b51-4e13-84b5-821f1c89acf5,0.0,05e10514-9cfb-4675-ac11-9d62e7f5ddb4,0.0,,,
001,3236,yes,4073921a-62e6-44aa-a4ff-016e82b9654a,0.0,2c6886e9-252c-4389-aa2b-48ce9f24c8e1,0.0,7f5c8aa2-35a7-45e6-8a3d-f712e51f6d59,0.0,af90032b-e3d0-42e4-9d24-a97da5f68842,0.0,d5c91a71-706e-4ec5-bf29-1cd3c7e21c94,0.0,ec9bc1e6-19aa-4e28-a81d-388f4a47dd23,0.0,
001,3237,yes,cd00ceb2-a41a-45a5-975b-0f63336421e2,0.0,4e425f61-faa5-4cb5-ac06-ce3ee0bac2b2,0.0,b7dd463d-b5b4-490c-8f78-041cb12edd2e,0.0,0c2caa38-1285-45b6-970c-6e9caa547822,0.0,37f1db11-fea0-4015-89c3-b3db92ddf9b8,0.0,4546fd2b-0e23-4ebf-9947-8c040797995f,0.0,
001,3238,yes,5447a2ad-3da1-4366-bdb0-c3abb12135b2,0.0,61c1430b-1816-478e-b051-3533ee7fdee6,0.0,58160096-3b7a-4f10-9d0a-09b2ca97d6dd,0.0,406e8a64-ae07-4a96-a7b6-e9cc82bdb611,0.0,02f06bbd-7c52-4e90-b766-c91ed9c0b21c,0.0,4fcb227b-3c89-46aa-af0f-31b10c4c4ad6,0.0,
001,3239,yes,30f1178f-26a3-4f0f-a96c-af407c634478,0.0,b9aa4563-6fb9-487d-b191-dc613196e877,0.0,601b8445-1ea4-450b-8f39-e58607a7dad6,0.0,bd1f55a7-4599-4832-85d4-0fd02ec7d011,0.0,12c22f3e-15dd-416b-97ec-0f1f6fb14b7b,0.0,d7256e8f-51cc-43cd-825d-85ad9e4f0b82,0.0,
001,3240,yes,ee0b1d94-b847-4600-84dc-4e98ab31af27,0.0,6e3e9a23-25cc-4482-be73-99bbd1142c2c,0.0,b3d76166-67c6-443c-b6fd-5bb50fb7e6d5,0.0,1cfdcea5-5979-4e2c-892d-b41b1e5e0c1a,0.0,a024b32c-7d33-4d1a-8765-1bbeddc6f1fe,0.0,a0902e58-71e8-49fd-9809-230c7ed5aca7,0.0,
001,3241,no,085d5287-1f1d-419d-97b8-1bc637e57d9f,0.0,47d0f604-0385-4ae7-b01e-7f1b73625829,0.0,749fc2fe-2bfb-4bf1-a83a-a060f445bfbe,0.0,ab7dc4e3-a49b-4c0c-91a6-d1f751981087,0.0,5d32ae61-b678-4536-ad6b-d5120de7bb23,0.0,,,
001,3400,yes,0a920602-73dd-481a-93df-fc1fa41d7283,18.100000381469727,adb95739-cbbe-445b-8983-054481177361,0.0,464532b2-f6ab-43f2-9410-a860d87af07f,0.0,fee0b2eb-3259-441f-8420-62e30c1dfc1e,69.0196304321289,ce8a2063-ae6c-4729-8ee6-9b9c2bf5310f,0.0,a687137f-7936-4d0a-96a5-87c928e31397,0.0,
001,3401,yes,0dea0cbd-0fb1-4ecd-ba62-b0c99c3984af,22.299999237060547,ece7502a-0004-4496-9705-59230a15cd84,21.5,d95b9e60-4e39-40bf-a12e-775276e032e0,440.9599914550781,0deaa6d9-9d01-4d86-87ed-c3c4464455e4,0.0,ccc220a5-b8ff-4231-9077-d7e70c1d0d4e,0.0,9d595a15-16c3-4241-a1eb-3f3d9ad760db,37.459999084472656,
001,3402,yes,454ea72e-333f-4402-8bc8-bf0191db107e,12.09999942779541,ac60c36f-7eff-4648-b69f-9bfb9d266f78,0.0,d9f81eb8-3eed-4260-9718-7aadd931d509,0.0,ca6a0ff0-97f1-4b04-8320-f10b71083a2d,0.0,ee27e05a-81b1-42fa-a002-ff6d0f793591,0.0,4afda1f2-6bcc-4089-beaa-e92018142a24,74.91999816894531,
001,3403,yes,402eb831-37d2-4ae4-ae48-1d0fe941692f,0.0,44b135e3-b458-43bb-9123-cede907c074a,0.0,1b9c183f-2262-4ef7-871f-98273bd4a1c8,0.0,a4330c08-0283-4906-8dd2-3e7df5d00b36,0.0,f3fb6e5e-6b14-4358-a210-8d7fa6f80071,0.0,d864b916-aeed-42c9-af4f-38467ce49afa,111.36000061035156,
001,3404,yes,6b3d3c6e-5d84-4c8b-9ba7-d9b25e7a7f28,0.0,12266562-8e17-4444-b328-57e413be9939,0.0,d60b4ba7-f1a8-4b11-81fd-7ce0e4f22274,0.0,cc9ec650-07df-4fc5-8adf-6e25a4e501f3,0.0,a154703d-88f9-493c-98c1-9a6daac2057c,0.0,ce73907b-8579-4a77-8dff-f758c4ff17f5,113.83999633789062,
001,3405,yes,a0ec8aea-b9e4-4c9b-b187-dce4f363cb1c,22.299999237060547,0f270067-0ce9-4460-b832-3157b8c077f7,19.5,c3e05ae8-b0bf-486c-aea6-beaadbe2a4c0,448.0,84e4d303-9f56-41f1-8c24-abf1b5de562d,0.0,cc26252b-3922-451e-9c46-2afa8491102f,100.0,bd0da467-9da3-41ca-89cb-e46036cf3913,117.5199966430664,
001,3406,yes,6b8a58a6-0407-425b-b5b9-f2e949fa9059,0.0,94efc27d-b226-4b81-ae6b-063ecd8d3e6f,0.0,66c66851-9ae9-481a-a30c-f057ee69c44c,0.0,b75f473d-e53a-426f-a25a-f636a80db57c,0.0,39b6224c-267d-41da-86a9-fb06a9c47539,0.0,709fe41a-e1f0-43d5-be38-d4858ab2ee22,35.91999816894531,
001,3407,yes,6616e5fe-ba4b-4095-bde7-4986d2789fbc,18.69999885559082,45c95721-2461-44bf-b63b-45fb17d7d206,1.0,2ab48f37-ff88-48e9-bdef-b503aa6fee25,0.0,c071ed47-b9b0-4149-b603-446e2d96d4e4,10.19608211517334,a4bb6aba-e1a7-4e19-9e7b-b3349cf83254,10.588238716125488,142e42c2-9999-441b-ae99-6b872d7509ed,53.15999984741211,
001,3414,no,,,,,,,,,,,7662fdd8-3a80-43da-95c0-ff61a449fabe,100.15999603271484,
001,3415,yes,668581e2-8558-429d-accf-f1bf5fb814ab,23.299999237060547,0bc71898-754b-4765-a14e-604065c750fe,19.5,f5f494b1-4864-4b44-a9e3-e8ee1c1f5444,439.03997802734375,cb797c93-2a43-4b3a-9a89-134d5d11c921,0.0,b939d364-bed0-4712-85a1-4acec93acb41,100.0,cb2ff85b-b623-44b1-a8a3-e6667e9363bd,101.27999877929688,
001,3416,yes,3b001018-2123-4801-b954-6434b3f7a9c1,23.19999885559082,5eedc3b0-4c69-49a0-950d-888e47cc33df,24.5,a0b031fa-2b8c-45c6-97c3-ae42a8c91027,420.1600036621094,4bd1a424-7c55-4a9e-a83b-8a1868c33d9e,100.0,e55e7d18-fa9f-4d15-b3c8-c38f5c0fcd5d,0.0,814891bd-2e5b-4052-bef6-172e8a2cf757,82.87999725341797,
001,3417,no,,,,,,,,,,,6bf9f98f-c715-4d81-98ed-3c1e77a67574,80.68000030517578,
001,3418,yes,8de728f8-a791-434a-a0c6-ec5ec9c480fe,23.19999885559082,d7449ddb-363f-4e32-b519-10308194a452,22.5,baa24df7-a88a-44c3-bec0-1e5138bf6568,492.1600036621094,efcd882d-adeb-4d34-846a-b9368f8719ac,0.0,923b2349-5123-413a-b40f-55808894ee5a,0.0,a1e96d1c-7835-4179-b13f-f7bf028156e4,75.36000061035156,
001,3419,no,,,,,,,,,,,4110e883-17c9-4759-9023-b410c759d3a1,75.36000061035156,
001,3420,yes,0b9a58d7-0101-4f6a-ab39-f83e2f636cfd,23.19999885559082,3a6326e2-b652-4b3f-8aaf-97fca20872f1,21.5,df50b69a-4d2f-4b97-bf11-56580a1b3984,432.0,6385702a-6f6e-4328-9731-e8358dcb8d31,0.0,dc11f617-d845-46c5-8b98-2d588b261921,0.0,320dcc39-466d-47eb-ba5a-d2995e56926b,75.36000061035156,
001,3421,no,,,,,,,,,,,a0409798-d146-4e20-8184-25ccb9b5f19c,80.68000030517578,
001,3422,yes,5a073c24-679a-4b32-8571-1e4f0ff98607,22.799999237060547,390661ac-49bb-46af-abe1-fa6074b29569,22.5,86ef5fdc-37e0-4fc8-800c-4fdd75c9abc8,465.91998291015625,396b7867-c884-40f6-9a7e-727238ad2aac,0.0,c0de9fa9-3d80-4b5f-bd33-9d047c3b07b5,100.0,5f105ad1-9199-4d25-9ed8-7e4a4a4bbef6,111.91999816894531,0abe206b-b350-4145-a8bc-adf87759c15e
001,3423,yes,5fe27d58-2437-4702-8202-98adf7f41b8e,23.0,636d9912-2893-40de-a67d-33be48e02e70,23.0,dc37a5fc-aa1e-48f9-8546-1a880997ef8e,452.1600036621094,957ad060-2451-46a4-83e3-96acaf7b9f2a,0.0,d83d02df-e4b9-4dd8-93df-c14ca5c3ef23,0.0,ae1bc81f-4c92-4759-826e-ecd580f3c04e,0.0,
001,3600,yes,84f50cda-c3b3-4d83-9eb7-3ad0a7965f84,23.299999237060547,bb06550e-56b8-439a-8549-44d488e5f83a,15.5,2534e5be-ab6f-4c8c-8243-36aad1421d5d,538.8800048828125,b393939d-9eb5-41a9-a869-2d65c46151ce,0.0,74f1c062-5682-45ef-bb62-2dec4a1676b9,100.0,c4502e36-dd32-41d8-8aab-1bb7a17e6eb3,151.59999084472656,
001,3601,yes,1162ab0d-7060-4517-87ea-377bb89ab7e2,23.600000381469727,7ae0e85f-862e-413c-904d-3f96b6e45df3,17.5,60004889-9838-4a74-abe0-c4d6375dd730,487.03997802734375,ca3e03f8-146b-46b3-9ce8-765adf2ed6ea,0.0,a33c4131-9c09-4709-ad82-702a3ccb0d5f,100.0,efbac873-4ae6-4420-bd1c-aeed83ac06f9,148.8000030517578,
001,3602,yes,9d00a636-0586-48fe-871d-2a8e35f39595,22.899999618530273,8b83788e-5f5d-40e9-84eb-ab9cf276f71c,17.5,2a4e54fb-1804-4f60-b13b-0a65d8be6e82,496.9599914550781,d9b1e6f8-ee53-4ab8-9c75-f214f6dbd19b,0.0,2520c470-1828-431e-9949-0ba0e40eea02,100.0,9a094133-0cfe-4ad7-8dc3-3eb9c1622b19,150.239990234375,
001,3603,no,,,,,,,,,,,ab0e16d5-0c12-4849-8687-da3790cfc5ac,148.0800018310547,
001,3604,no,,,,,,,,,,,b69efa28-5506-4b40-b96a-ec029318f394,149.1199951171875,
001,3605,no,,,,,,,,,,,53eeb7df-1567-4947-b2db-6497a993fd3b,150.55999755859375,
001,3606,no,,,,,,,,,,,2c88b94e-c19a-4b70-9124-958dad8bd5ac,152.0,
001,3607,no,,,,,,,,,,,9a57c331-38e6-41af-a923-2e870b027abd,149.44000244140625,
001,3608,no,,,,,,,,,,,6de6781f-8ac4-43cc-9e03-1789b98ae095,150.55999755859375,
001,3609,no,c4018001-9c93-4687-9abc-4a280f2f8814,22.665307998657227,,,,,,,,,853fa15b-c3a4-4947-9759-c5e3a989b3f5,148.39999389648438,
001,3610,yes,3bdb30c1-3c16-4dc7-957d-a8e44eefd3a7,23.399999618530273,16d4d909-29c2-47a1-b3f8-760e6dade23f,21.5,e300470f-7c72-47d0-bfdc-7c7ca1928945,447.03997802734375,51a33110-3bb3-45bb-aa1e-3b180b0f6af8,0.0,58953395-6ead-4139-bac7-232978ee7461,0.0,bcfadcbc-99de-49e2-a6b5-6aee893e4a5b,71.15999603271484,
001,3611,yes,2ea22f65-5b78-4695-ad66-1bea65c5761a,23.100000381469727,48894e13-f4ac-4cc9-89e3-d4ae37ba834c,23.5,454e3060-d247-4887-b2a8-b4182dcf29d4,455.03997802734375,1f829642-1058-4e2c-9e76-d77124920d8c,0.0,686eb333-05f1-4e6f-9f85-05ca0ce9465b,0.0,56426ff7-f0c4-4ee7-bdd9-9f34aa17d482,138.95999145507812,
001,3612,no,,,,,,,,,,,ee4772e7-d9ca-46e0-8473-9873ee28aa92,94.63999938964844,
001,36121,no,d5fc667d-593a-4f15-8267-4283cfaee7a0,23.100000381469727,df84bed7-f914-420e-b17e-eb0771d793da,23.0,58b05b57-bc22-4b6f-b87e-186ad5f5c34c,434.8800048828125,8f9b12ed-8a15-4fcc-a821-3b2a5bff5508,0.0,0d48daf5-3b5b-44c7-bc4b-d9a18dee7cf0,100.0,,,
001,36122,no,5479de7d-dd80-4347-b1eb-2de28938a278,23.799999237060547,db3d372c-141c-4471-aebd-60c64d9a43d9,22.5,3a7424e0-22ac-449b-88b6-859ea70b5a5c,0.0,ed6414da-2af8-4630-a0b7-8bd1c0557c29,0.0,df874997-3764-4959-841b-24f1ec20d351,100.0,,,
001,3613,no,,,,,,,,,,,1a393b55-cee7-42fb-beea-626ccb262eef,92.87999725341797,
001,3614,yes,db3ede86-5fd2-44a6-a02e-9a036d366a66,23.19999885559082,da23ef55-ae97-4668-9aad-52e04f967b04,23.0,0ace9301-53e1-493d-8cf5-896407e1e749,482.8799743652344,9db62131-5233-44bd-bf2b-fb33bc395c2b,0.0,e9b4cc28-effe-43aa-a584-a82c3f74a3ed,10.19608211517334,fe633bd8-9db0-4fa5-bcb1-cbdefb12bb5a,54.91999816894531,
001,3615,no,,,,,,,,,,,b5a762a6-6782-418a-b331-affdb552e1b4,68.08000183105469,
001,3616,no,,,,,,,,,,,504567dc-5eaa-45c5-9618-678b097c4763,96.87999725341797,
001,36161,no,a329f647-779e-4cbe-9aae-18da87e23f4c,22.600000381469727,13614568-c082-4d5a-8e59-4b34389ccb6c,22.5,63f262b0-7c4f-46a9-9f26-436b0a78cec8,442.8800048828125,8f2fcf27-5670-45ba-913a-6ea406b88333,0.0,9631badd-3ff8-471c-8304-da7c0300977c,100.0,,,
001,36162,yes,6a851a86-1c12-4803-80ec-8c39ff98db7d,22.0,ea6ad837-f703-4be9-a3b3-b79ea98c2262,21.0,87d8aadb-4f74-4242-9002-096a50cbd136,0.0,d1848630-faa0-49fd-867f-fecb7203b882,0.0,f9d67016-7e5e-4dbe-a7c2-edf88fea8b01,0.0,c49e47ac-a592-4a7e-a8f5-a87723207319,29.3799991607666,
001,3617,yes,7356dac2-1500-43ba-b763-9e5ef88a4860,22.799999237060547,8a3bafb9-0f30-43b6-94c0-51ddac8d3ded,22.5,7d933c40-5c7c-45e8-aac4-e1ff71f33e54,544.0,3196ebe2-36c7-44b0-86ee-3e3e05582688,0.0,2c579cd8-b8f3-4445-be47-421745466dfe,13.333337783813477,895f267b-3575-4e48-b309-b5462ed728c5,96.23999786376953,
001,3618,no,ab622207-bf6c-4974-be0a-3ca14e237f3e,21.712501525878906,,,,,,,,,e2bbc902-b2b9-41c7-95db-3297f3cfaea9,88.0,
001,3619,yes,9b697094-a18b-4de0-bd38-cd1411f683a4,17.69999885559082,6f890fe5-f34c-4eab-ae99-8406390e19e9,16.0,713a5884-5ab6-4207-a9f4-e8538d8bca19,429.1199951171875,9f2e2abd-bfb5-481d-8275-f2012bc495fc,0.0,19fa8615-4333-4967-aa13-3999d741a765,77.25492858886719,efbcb05a-dae2-4623-8e20-ea4e49056cc1,90.55999755859375,
001,3623,no,3621bfd5-2b48-4ad6-ae3e-88c4b891dfaf,22.375,,,,,,,,,,,
001,3630,no,8ce1b046-2af0-4660-8b7c-02d1fc58b794,21.235715866088867,,,,,,,,,,,
001,3635,no,2d13cf7e-7ebf-4ed7-9949-dc324a5a3fe9,22.40999984741211,,,,,,,,,,,
001,40021,yes,6bd05d9a-4cbf-46a1-837a-e98dd3d39795,22.299999237060547,c78e0ca1-a55e-4c79-ac51-aab82cecadae,19.0,c70a8807-74ef-48ec-add2-137b4cbff585,536.0,7839fc0e-e9f7-47fb-b20d-13605291279d,0.0,c3d1b053-efe4-4460-8331-be3bffcb1174,100.0,66d27ace-92ac-4b8c-8d86-4d53dd0432f4,119.36000061035156,33a46302-2a82-465e-99ae-3f13bec6c96e
001,40022,yes,aaf366f2-4a0a-4c23-bd46-17eb62412395,21.899999618530273,0eca89de-2515-4125-83aa-ce89ab9acf1d,19.0,d43b85ef-bfe0-41b3-b742-bdd48cf30fa3,527.0399780273438,7784ba13-3737-4af8-ba0d-2d184b3d6053,0.0,d364261a-6e07-4d75-a616-1fcb70b179ee,100.0,f9a42ccc-a8a5-4db7-8dd8-aa2ee14f2ca1,114.72000122070312,3e0a7b12-3dc7-4542-87b5-658ace03f459
001,40023,yes,165f70af-eceb-4a45-a991-854909145e4a,21.899999618530273,704764f1-1b15-4126-ab7e-c38980b577c0,21.5,481feedc-cfc7-4319-86c7-2419493651f6,532.1599731445312,7de6a201-db91-4ec7-a84a-d3efa457483e,0.0,5130ce11-f079-483c-9c0d-b220daf28c37,0.0,640cd3c5-828d-4f12-9b31-b697627d6805,37.459999084472656,a060cac9-5b32-4fe0-b2e9-e45d2349c274
001,40024,yes,a344982d-b129-4dd3-a9d1-b2693fa65c98,21.69999885559082,b48e9734-165f-4c6e-b41a-ca96144b4c76,19.0,81d93408-19ab-4c3d-963a-d9d7cc02be44,526.0800170898438,e7ffdc93-0056-4684-b4c2-c4ef6b92d7ae,0.0,1bc0d85d-bcd9-4425-8df1-ab503ad0ff2b,100.0,82eb00df-fe6a-4072-8234-f1149cf3e54f,145.83999633789062,d86fe831-d55b-4fb7-93e0-8e9a37beb2e2
001,40231,no,a613c0db-a5fb-40ca-8e04-14b2b195b12d,20.899999618530273,1022a25e-9cb3-4f84-972b-9e76473f55fd,21.5,,,06c8c0ca-aeba-44a2-99e0-671224b3704b,100.0,14bb254c-7e9a-4707-8cbd-9c439ed44d2e,0.0,25ae78da-fa7e-4bca-926b-990533fab871,31.099998474121094,
001,40232,no,512cd867-4584-42b9-ba1f-efb3c5edd72c,21.799999237060547,d30992e2-511b-47a1-bd8f-3d98fd655aa2,21.5,,,77ee8aae-afc3-4f8d-bd44-a133a591d578,0.0,754c3826-5e51-4f4e-8bab-6204aeb84b01,0.0,59ae809a-d87d-4b2e-bc6a-19c2f72ff515,29.3799991607666,
001,40233,no,183d0fd4-1e76-46b8-9cb3-9ae7c66f9957,21.600000381469727,8f06a842-22ad-45da-a72a-159c553bb0b0,22.0,,,15b5875f-3597-42a1-a3ad-f0bde7f6fe71,100.0,37bc6815-966a-46e8-adac-1af15b252e6b,0.0,6e95544c-9ff9-4c2b-97fc-3dabdc082aea,100.15999603271484,
001,40241,yes,fe812c5c-1825-4e8c-9d8c-dcf47f487ac7,22.19999885559082,4b407861-173e-4d8b-ad85-17586560a1e4,19.5,428dd9f0-1fc9-4a79-910f-c90f6d0f5809,476.1600036621094,7043a330-882d-4315-b5b3-678ed610ceb1,0.0,324bb645-0669-4264-90c3-8fd13e1ec04a,100.0,999bf502-e9a9-4cf7-940d-9c657fb81df4,146.3199920654297,08b8c0d9-fa79-4531-a525-e652a8c4591a
001,40242,yes,bb4ebc27-1e87-48a2-8355-1eba94833ac5,22.19999885559082,f425e28e-7efa-42cb-a782-2a83cbc5183c,22.0,4c21eb58-14f0-405a-b8ef-334ef42e3cbb,520.0,b478b5a2-b749-4821-8916-693b774f3c14,11.76470947265625,09f4b07f-1ee0-4066-9fd3-9ab65e4e0613,0.0,3df23be2-4f41-44ad-81e4-5f3ace4e2050,60.55999755859375,bbb4831d-803a-4f7a-b792-04e740182168
001,4034,yes,64cee97d-819e-461d-9644-1255c0414afc,22.299999237060547,cef55f05-153e-46c3-9fb4-b3288f79c852,22.0,3f451754-f38e-4d4c-a117-bcbfa34144d9,604.1599731445312,5c785377-a343-4e8e-bf3f-892b46881126,0.0,55c6da91-c143-4466-88ba-1fde6f478775,25.098047256469727,ba55f534-ee6e-4769-af91-fce5b9617ba4,55.91999816894531,
001,40351,yes,8b9719b8-5772-4149-9f12-0e3c447eebf8,22.799999237060547,64cfd602-50f3-42fa-8d47-2f7b10913b05,22.5,e6b915c2-dff5-4b2a-bc58-266130638723,572.1599731445312,f04147da-6e63-43d9-b4c5-2df8adcd326d,0.0,422ebae5-a0b6-41f2-a0c1-69cd3db8ae6b,20.39216423034668,6344e977-c90b-4a7e-8d28-13173207bd85,48.68000030517578,ea41595e-cbef-4d7e-b102-c771bd45d79c
001,40352,yes,93d7fd81-239e-41e3-bc1e-927c9874902f,23.0,3b58f92c-ddb5-400c-ac97-69c9fad0a285,24.5,bdbefeff-0464-4cee-ac6d-5701d3b3971f,519.0399780273438,9afd9b39-3339-4b35-b6f7-54cc8cfd7303,100.0,8a81cf7d-f40f-4a64-9d1b-fcbeb4042bf3,0.0,8934ba9e-635a-46de-b99e-c48a18a68c18,37.459999084472656,73f68b77-1be9-4d55-9a1a-227a966a1b29
001,40441,no,2655994b-be81-415b-99b9-4f12f393b5ca,22.100000381469727,f6e9877c-6186-484d-ab5e-48044d7e8b3f,21.5,,,df9e2edd-1fff-4d2d-8c78-464aeb75bc1f,0.0,14c507c7-3b13-46fd-866e-dbe098a9dd50,0.0,b34c83f2-525f-4e83-b9e3-2d3c54848817,31.099998474121094,
001,40442,no,a5f3e3fd-ed5e-4bc3-a06d-0df27068c215,20.69999885559082,3280aaa9-53ea-4744-a4e0-55eeaf76ef7a,21.5,,,a8a3b019-bb9c-4f0a-867c-ec5f2f0ee335,0.0,b4a600ba-78ea-40fd-bade-ebfae7eeb93f,100.0,241abed7-383e-47ab-b684-27c4a128413d,98.55999755859375,
001,40451,yes,4561262c-a935-4524-88f9-f76d378f87b1,22.799999237060547,4fd07eb5-297c-49b2-b66a-1b0f1feaba37,23.5,26f416d9-d355-4473-984c-d59cacf191a4,530.8800048828125,39f17824-3635-4152-913b-dba43e8a6279,100.0,6fcbd7e3-8898-4ea6-88b3-5dd4a54abe9e,0.0,07736740-e265-49d8-a2d7-a14c445b5a16,31.099998474121094,4192e61c-b886-4f6f-93bd-3edee1aae591
001,40452,yes,28988026-4890-4dcf-93c9-edba4c763fc8,22.799999237060547,8bfab993-20a8-40b0-a588-82d5f91ac22b,22.0,8dc3b13c-6770-4c3e-b77d-4d42d6312f56,596.1599731445312,77ce3bf6-7b38-4cfa-8823-1f1f88d205f8,0.0,f2ea63ef-0ab6-4bf2-a8fa-d632c3aae220,65.88237762451172,67148771-e9ce-42f0-95ca-068a8b3da358,99.5999984741211,55814591-7a71-4635-baa5-4c17fffd89b5
001,4203,yes,5dd8fe90-546b-44c7-861c-1a5400c0789f,21.899999618530273,27d9231d-a422-4264-90ce-c1163df90f67,23.5,5c5d4161-ce9f-45c8-bbfe-100aa43714d9,452.1600036621094,ae19ed3d-db74-404a-bc95-f6856af05e82,100.0,5df423e7-287f-4b33-8028-f23a76da7a1e,0.0,55a3f22b-ced8-4dc3-adc5-b87660f68f05,152.0800018310547,
001,4210,yes,51ce70a8-68f2-4e72-ac1a-7672d86012cd,22.399999618530273,20da227f-1595-498a-81c7-bcf446c7a008,22.0,979c9bca-f6ab-4191-98f3-84c0426887db,540.1599731445312,321dc1d5-b800-4924-9c20-dee086abb77b,0.0,142588fc-d406-489b-baf6-f1cf42b5061c,0.0,9129b228-61fa-4daa-ae9f-4d1831bd7e71,1269.1199951171875,54371c50-afdc-47bf-aafb-1f4c4e7c7ca9
001,4211,yes,d490dd44-8cd6-41b5-8c81-32a9832ae58f,21.0,d36ad960-d258-4dfb-8482-c50572cdab29,19.5,f0aa7777-2cb6-4931-81de-0f469dbe6c82,469.1199951171875,36fe03d7-7907-4212-a5f0-a12b5f2aa428,0.0,87d707c1-07cb-4236-81ac-6a190761fccb,53.333351135253906,1fcd25ca-1f88-4dbb-a772-4be2e959d040,378.239990234375,
001,4212,yes,5a1bb4bd-63fd-4431-8330-b188b2667c0f,20.69999885559082,931e3a68-15ad-4181-98f7-0ee091735d45,20.5,17ba9c9e-d0c8-407a-a2a9-e4dc2c0ef7bf,453.1199951171875,99bb6174-9148-44e2-a3e2-a3d15f0dbcb6,0.0,34405a42-3d2c-46bd-90ea-51b1011849bb,19.60784912109375,6cab02dc-3261-48f8-86dc-3d7010d7b539,186.55999755859375,
001,4213,yes,d2927cfe-f7ae-4cdb-95f2-835182661694,22.399999618530273,a1b4b629-bb8c-48e3-9f89-200fe115bc06,22.0,d1b7212d-68c2-4cdc-9f69-57fd4bc95494,498.8799743652344,55e7cc40-e7ec-4e64-ac06-0f12bcad1c78,0.0,453003b1-2b07-4567-ac16-328ecaaca8cc,56.862762451171875,6971fbd6-8739-42e8-b8fa-fc485b9b106d,1496.3199462890625,912347e7-0480-40c2-86b1-577025fce8d5
001,4214,yes,90477e86-82ec-42ee-9979-8e22f314993f,21.19999885559082,59b4d71a-801f-4f6e-aa1a-502958d9e76a,19.5,e111329f-f59d-4d51-99e0-c1dd11da1a6a,528.0,65f654e4-9323-48e9-aeb4-354f41c46ca7,0.0,3d7650e9-5e37-4920-a6d7-9a8a4a062ad9,80.0000228881836,9e9e73ae-fa5d-4c0d-8bd3-75f26ac7b85e,440.0,d526006f-7a72-433f-9919-d909909407bc
001,4218,no,7f437911-441d-4cbc-a981-dee0cf2a1a0c,19.399999618530273,,,,,,,,,,,
001,4219,yes,913e3244-a640-4237-bb42-e1ce8b80fc32,22.299999237060547,f9d615be-d877-4da2-affb-047ed161b89b,22.0,0d3b227a-a70e-42c1-9662-14be801fa49b,501.1199951171875,2b45c13d-557d-40ad-adc2-a96936bd029f,0.0,0382e1ee-3fd9-461c-ad5f-49d45406a081,20.39216423034668,1f4b44f6-91e1-41b6-9d6b-dccaed20fc48,215.36000061035156,6fd7180c-062c-403d-8e87-3ebd97e34ee5
001,4228,yes,d83ddd4f-968c-42b0-9f5c-5566635debc3,21.69999885559082,9a0356e4-58f7-4d28-927d-5789966cc9dc,23.0,a273cfb4-c901-46bc-a895-d706070554d0,610.8800048828125,26ed0ee3-ebb3-4602-a143-e577f15aba5f,100.0,bd1fb373-7373-4979-9c89-a739e21b78f9,0.0,cbe88b53-e885-46f1-85bc-0e140ec86e8b,145.59999084472656,
001,4229,yes,b237b696-9560-479a-a6d3-70835ac87930,22.100000381469727,784f68d0-bd75-42e2-9189-919f9853f05e,22.0,4afe28c5-da34-4972-bb3b-2b4129f7ded0,488.0,17a7d356-5547-4964-882a-e0aef7e197d8,0.0,97663871-0b1a-4ae9-8af3-4ac7f55f6ea3,0.0,ce325c05-d7cc-49a6-9bcd-89da0713e4cb,152.0800018310547,13725af1-f7b5-4fc5-a792-75e3bb57d9ea
001,4231,yes,fcc72ca9-59bc-4161-8901-f43a24763fa8,22.100000381469727,d8d90b7a-f08d-49a5-90fa-76bb2e860e96,22.0,6029b022-6723-4469-9e40-b305965f287c,520.0,99c5157a-0c21-4e53-987a-601dfc286379,0.0,085c363f-c053-4bef-8027-44ed3cb0519a,0.0,9d304276-ab47-4b4f-aceb-2b6511a7d4f3,981.1199951171875,e11480b4-81da-45b2-8b92-bda40d2c6a06
001,42321,yes,165a1940-7e67-464a-8d4f-296e1dc01190,21.5,7413e6e8-e4a6-49af-907e-274ede67d07c,20.0,f4b66ab6-5318-4e76-848a-210e2182709c,456.0,0696eefb-417f-4272-aebd-19900f7aab18,0.0,45b69ea0-26c5-4266-a36b-67757de66044,100.0,1f4d39ba-3f8b-4e9c-83b3-51d48c58af48,240.79998779296875,
001,42322,yes,07965565-2084-4bd2-a671-29163131f7b1,21.69999885559082,e690c68f-7f6f-4a64-9e7d-3ed57b225b27,19.0,d1dedc77-3122-4bcc-a293-699f118a1f26,600.9599609375,7c5a2939-e90c-4695-8aab-85e0fdbafc5e,0.0,70cab5c7-074c-4bd8-b397-4f4a7651c766,100.0,256c21ca-b191-4c60-a078-2e4db048865a,209.27999877929688,
001,4233,yes,1d6ec167-f737-4864-b294-99548c6f855f,21.899999618530273,ffde050a-7ccd-46d9-8340-c0d9b323718b,24.5,b0a172e0-3269-4efc-a7ee-b391222dc8d2,527.0399780273438,8b8f504d-c689-42cf-a07f-02f8685db084,100.0,c081b568-4157-4a57-be48-ba61b244220a,0.0,10952159-aa60-4d9f-a8ff-e13018693b70,0.0,
001,42341,yes,24c65f88-fc38-41f9-ad51-9206684aaf91,20.399999618530273,8508da46-84be-42fa-8e1e-00962cac57dc,24.0,ca7fedea-2dd4-41dd-80c1-295fe52c501d,444.1600036621094,af3201ed-fa63-4eec-81f7-742dcf968b3c,100.0,6fc8b866-f021-47e1-bbab-e7078cc43a95,0.0,0bb3764f-0722-4d02-8407-2b7cdbcad7f9,72.5999984741211,
001,42342,yes,92ef9f28-9728-441b-9ca0-b341a2bb527b,20.399999618530273,fb414410-7ae0-4716-8390-4ba68313d8be,21.5,878cabcc-a655-4f19-ba67-622677e241f6,0.0,4067d9bd-a7fe-43f2-b95a-b3b506a4070e,85.49022674560547,80d47a2c-e80d-4f05-a5d1-a62acd792561,0.0,4fe0ec8c-4b54-4814-a0fb-e318866b941b,0.0,
001,42343,yes,b1cd8ac8-55c6-4757-998b-75578829e61c,20.600000381469727,2b3d975f-fd02-44de-a21d-dd3a7dfb0369,21.0,073cd60b-1d91-4b60-a729-d2c946985a89,0.0,64827776-c674-4600-b6e0-9256c95f3da2,100.0,d8528123-c316-4af8-8979-44adb176fa00,0.0,e7462963-3f3d-42e4-8ddc-ff468cc4751f,27.399999618530273,
001,4235,yes,b905888a-27e1-465e-afd1-c6970ed1817c,22.5,69b8cd5f-a132-4e47-a5e9-655bc40c7a13,22.5,7f341ac0-15a3-4a88-a441-fdb8e6d719a9,495.03997802734375,79aefa22-4b54-43b8-bf04-8ad6c38cb84a,0.0,66738f5d-b1f3-42c6-90c0-5fa21ff2253d,0.0,baece4df-7c1f-4f26-b7a2-98853ae6f134,1610.239990234375,3642cf83-376f-4e86-a2ad-e8b066fd29fc
001,4236,yes,d714a0a5-6ac4-42ee-93f5-bd504134bb08,22.299999237060547,b6b71b27-674f-4b63-9a0d-ab27b74bc2c7,21.5,0f0a9777-5c66-4d97-88b7-3a9c1b49c9dc,702.719970703125,649646f9-83c7-4260-8881-b7ca14be901e,0.0,0a68ba87-e6c3-4f98-a7d6-aa80cde12c8f,45.88236618041992,639dde77-e987-488a-b012-5f59302e2725,307.8399963378906,
001,42371,yes,311214f5-7541-4892-930a-02141b7a72be,22.19999885559082,fc152ac3-f793-4436-98e6-8eaf7781e704,20.5,1561868a-c2a8-40d4-a1cb-747ac3f65b4d,436.1600036621094,33ca4044-edff-426c-a8b0-4c4b514452a2,0.0,7f89b9b6-1091-420a-bf07-ce1736f22f65,100.0,3268c17a-40d8-4185-a801-8617dc007018,248.63999938964844,
001,42372,no,b6137b92-b930-4366-bb3f-a279c37e5eed,22.0,9c5312bf-7ac7-4351-aec5-cd304d475d9c,21.5,,,4db3c965-7bc6-4a08-a08b-afb927274f34,0.0,cab06e80-a8ca-4bf5-a240-5439f277fed8,0.0,307d4b25-648d-41b2-b8b7-57c484130c45,31.099998474121094,
001,42373,no,314422be-6c48-4055-aee9-892a113e6da0,21.100000381469727,628f2bc4-ae95-4d8e-94ee-ef1599327d6d,21.5,,,d27e3541-6a45-41c9-bae3-39518416f7c5,57.64707565307617,2fdb44b0-2b28-4907-9fd9-8dc1017b8279,0.0,f088a471-3c62-41e4-8bd7-fea77592d37c,100.72000122070312,
001,4238,yes,037927af-c990-4eb9-84fd-74bf661e59d6,21.600000381469727,bed5a2f2-18b9-45f4-bf63-42872f8d1fe1,20.0,d08ea239-8f82-4fed-8052-e3c2f64ab973,432.9599914550781,986d871d-8f49-4a33-85cc-611cc84833fa,0.0,b3ce6149-80d1-4528-b923-f47e2e6bf32e,100.0,5c421c82-bbc2-4d2b-9c19-70a1cc5d1bbb,114.72000122070312,685b4ecc-e4a9-4927-99d2-a070964ea75d
001,4400,no,2e112c49-39a2-49b7-93fc-ccba5dceb888,22.5,,,,,,,,,,,
001,44011,yes,0d8f4a1f-4000-4880-b8bd-aa7bf404a310,21.899999618530273,3eeca983-9bb7-490e-a5a1-8cbd95eb947e,19.5,8d1d7bf0-2401-4163-aa73-579ad50efdea,502.0799865722656,c5bfc473-f8f6-4e09-b35d-a8f9cc6d9f6e,0.0,afe88a34-6f56-43e2-8822-5040365f671e,100.0,443857fc-2c50-42bc-b330-79c0aeac19fb,108.95999908447266,
001,44012,no,c56f030b-3353-4f0f-954c-fad9632628bf,20.299999237060547,35553775-c381-4ee4-98c9-45f19525410e,21.5,,,2b2d1f4f-ea95-43b7-8158-a23a36c290f9,100.0,f4f7cc4a-fca6-4326-a206-7f6c15d4b908,0.0,be1a0826-b133-4d37-a65f-f4eff2b3f559,38.84000015258789,
001,44013,no,e92b72ce-cffc-4b70-a91a-d09e88e7d36e,20.799999237060547,7ba5ff77-5a50-4a3a-9046-a3e58be9622a,22.0,,,2eafcafe-48e6-4ebc-abee-0438026f4fc7,100.0,10f70e06-954a-4034-98eb-1aad1eabf28e,0.0,45ad7bd5-45e6-4a0f-8a4d-1e85325b1e71,29.3799991607666,
001,4402,yes,3d8c1357-c635-4094-a4cd-765baa9e6b1f,23.100000381469727,d47c94a2-a6b2-4e43-ae93-e5683cfcb143,24.5,5ba33acd-03c0-4af4-baed-34930f9c3da2,532.1599731445312,f54147c4-a467-47f0-9f80-a34a84e3feda,100.0,3010837e-73f2-488f-8b07-2ad75a32395e,0.0,a2914126-9422-401f-a9b5-feb147a83e81,0.0,49b98b71-c84e-457a-bd8f-f649d8b97081
001,4414,yes,cb246d99-de4c-4b10-adb6-62b405c8a014,23.0,2024d644-b3be-4348-86ca-963b90c8c354,24.5,01e5f023-137f-4d9d-8d32-1ce781c65648,492.1600036621094,ae9a2911-88a9-47da-8f11-152d0329df26,100.0,928803ad-0a9d-4fd5-9698-6421e4f5e459,0.0,f5d0bcae-bc60-4664-87f2-af4c6475bb4d,35.91999816894531,cbdb7952-91c9-4b05-810c-4eebc48fc41b
001,4423,yes,3ef71d27-ec2b-4913-8fd4-c2fe00bbdffd,22.399999618530273,1ed96110-1912-42a9-937a-2118dedd2808,22.0,084c6188-79b8-4fa1-a2a1-ab3595d342b7,430.0799865722656,05f26656-ac5b-4788-899c-6b0f2eebc171,0.0,ac81105a-2f9d-4e54-8b09-f3fb191e1dca,84.7059097290039,08216e3d-57c3-4be4-b04f-a38a8d907faf,106.39999389648438,
001,4600,yes,3ce8e168-d7c7-4304-b2fa-5365c7003f30,22.899999618530273,9e42f74e-d75a-454c-88fc-f500a98764d0,19.5,7ee4aec5-48cc-4587-9e9b-ca79dc68b003,521.9199829101562,3962d9e7-d30a-4c7c-87f0-160972b9c50c,0.0,71a65696-2166-4e8c-aba9-53040dcff047,100.0,55bdbd7f-f469-4c68-82f4-9410f0adb8ef,146.55999755859375,7428de15-37f9-401e-bf5f-fbd1cf250fb8
001,4605,yes,9db7fd41-c917-4a5c-a588-66419c82c397,22.5,94e3dde7-cc9b-4802-a47e-edb9d8a36129,19.5,1b6a289d-53d7-41e1-bdb7-14e358add60d,482.8799743652344,7f98d749-dc49-44ed-af19-83434219c03b,0.0,48f49243-d35b-4f6d-b26a-d568db4f48a9,100.0,c06411b7-8011-4185-8e00-9bdd6b82885c,137.44000244140625,41c40f19-ce88-414a-a10b-cfc66cc4939a
001,4609,yes,974832a6-06f7-4208-af20-f5073869a5ba,23.19999885559082,7d4d806b-16cb-42c7-bc7b-291ef85ebd48,24.0,9c196fef-4e6d-4c7d-aaa0-cec2a8633f61,434.8800048828125,198fc9b5-e3b2-43cd-aa58-03cf497f4cfa,0.0,8dad4d14-08d3-4977-98a8-672b20c17fe5,0.0,e97159d1-eb43-4734-8a95-847dd08b325d,121.19999694824219,ace0a445-646b-42e1-94a6-16011eb08919
001,4611,no,,,,,,,,,,,a662edd2-d0f4-42f9-b447-ea216f62ce7f,107.43999481201172,
001,4612,yes,6d1075b4-ab50-4f11-afbe-48ee900dc93e,22.19999885559082,1e4df545-33ae-4803-afc3-31da59ac352e,20.5,f8fcb822-b130-4579-a9fa-13e9f4d32667,442.8800048828125,8cae8fe9-7d2a-4d06-bbb0-bbdba8457536,0.0,18b5ad28-cb74-4ea2-bdd3-7a08cb835997,100.0,0cf079e8-c706-47d6-b7f7-00d5b1f00ea3,141.67999267578125,60885042-927b-41b7-8c7e-40d811befff4
001,4616,yes,414be9da-b4c2-403c-babe-723fd85bf5ed,22.399999618530273,020de08e-bc60-4489-a11b-1eeb072d1b0c,20.5,a411d4c2-193d-43ff-a849-fee423dee285,437.1199951171875,dd1dfd8a-2dfa-4dd8-8770-1f885cbd86f8,0.0,c54d13dd-3645-4468-af9f-6a0b41d62039,100.0,f91a83e4-3837-4146-a92b-a8b825aaeb44,117.5199966430664,e8e1c413-8667-4941-b80a-619bef6fb7b0
001,5001,no,,,,,,,,,,,1d0956fe-7478-4015-a593-22d928d05ead,0.0,
001,5002,yes,aea0740b-83ff-44e0-93c7-337d36f625ff,0.0,38ed6410-243f-4d0a-a6e2-d40306c1bd74,0.0,5c575934-8034-4562-bed2-398cfdb7f80f,0.0,258dd7a3-2261-4a0d-b283-2c6ad9ee6f06,0.0,55612cb9-8cbe-4b09-8e9c-e333be13bcd1,0.0,c893c3bb-7978-4372-bb97-5d760acbf473,0.0,
001,5003,yes,d30bdc8f-048e-487a-b805-30063be3aad3,22.600000381469727,1c548d0d-e91b-4600-b316-a544b058e3f8,19.5,72ce7edb-9677-461a-9a73-176d25f8eab5,480.9599914550781,a52b83c5-fedd-46f0-a253-ec73708f77b4,0.0,7ef440f3-7efc-4396-9dc8-97e9ddea2280,100.0,7d068518-2c83-4c44-8bb1-865eb72eaf40,119.36000061035156,c75c313c-c9e5-462a-b73f-2cb0f1142eab
001,5008,yes,95128c5a-d6e7-457b-9f6d-7b57a2eb39ff,22.0,bcba46d6-a8f3-4b80-821b-9b6c2de0db89,21.5,bbc2222c-ef11-4189-a7f5-b92f9fafef2e,432.0,e9e880a1-7bdc-44e8-bb12-3180e6bafcbd,0.0,dbefb923-a442-49a0-a78e-61008e72e5d2,0.0,dd91594c-870a-430c-85ff-97a094332150,35.91999816894531,
001,5009,yes,54572200-c57f-4a1f-8df4-b8d3f2059180,22.600000381469727,1382e754-49e5-4952-b560-4f50599b8724,25.0,32ad8ec5-2807-4adf-b559-08035178b0f9,462.0799865722656,436d4702-1152-41ca-aa05-12a9fcec62ab,100.0,e48e051f-516f-49a3-b7b1-176e91f63653,0.0,366e468a-ae1c-4c3b-bb4f-439715afec2a,37.459999084472656,9219db7d-a99f-445e-921e-edc10dc45f18
001,5014,yes,5729fa72-9688-42fc-82a3-9a1cf24a9837,21.399999618530273,c013e8e6-bae7-4212-9557-6e24e86ec008,21.5,7b729a02-56c2-4e65-a36c-d0e8f4520854,604.1599731445312,e4077aeb-e51c-403e-a0e3-e71f11c26d74,34.11765670776367,a790f46a-0489-4edc-92a2-4c34122193a0,0.0,9f78d09e-0049-455b-b5aa-de8ce9bfe17e,35.91999816894531,
001,5015,yes,9bea905d-c3aa-4585-9aae-a6c315560542,22.0,39d2bc3c-a96e-43ee-91c0-db656d59e9e6,19.5,295d5e9e-7c42-4cc5-8357-0a81fc48f8d0,463.03997802734375,a22b72b2-7f21-45bf-b78e-85b22b04034c,0.0,ca0e4b17-df9e-4e4e-bddd-406eefa3f648,100.0,a8c35a88-cb33-4dac-9549-e305024c3455,118.87999725341797,e1966da5-e54d-4375-9b1d-0df3e3e68140
001,5019,yes,49b49193-fbd1-4b86-8807-c51765b879ce,21.899999618530273,9ed5fae8-baba-4872-9746-08432a4e3cf9,19.0,5c123032-31d3-43dc-9da6-89fa5a9f3ec9,533.1199951171875,cc6b2f50-cae4-4d72-bd99-5638ecdb1086,0.0,18e50d26-56a9-4778-917f-27712c6aabde,100.0,e9f68cfd-0c7c-4e69-a5d2-035472a0b616,138.95999145507812,d9c94661-1a05-4d93-8133-353ae6265ca9
001,5024,yes,0491c8a1-ab5f-4002-a1cd-aeddf0882c79,21.19999885559082,c647844c-824d-43f4-831d-80e651d3db17,22.0,efd5d2d2-119c-4141-b4a6-3d501cafd7d4,480.0,04a8094e-0de3-44fe-9602-f5486f98696a,100.0,09cf79c4-2ad4-4f21-8655-10eaab33e4fc,0.0,58e91570-a435-4c3c-a297-7fdbfce07589,44.0,
001,5025,yes,364d880a-edd1-41f3-ac43-efda27b0d981,21.0,6596ccf5-9a7b-4bf6-93bd-eeeb255563e8,22.0,b5dc60d9-d281-4f99-a7a1-7aa6e0bc24ba,525.1199951171875,c0e9d5bc-3936-4dcc-9eab-6ef9fb580ed6,0.0,2f316a63-8d33-41a3-9958-2da70bf928c1,0.0,903c587f-0098-415d-9be7-fa3cc354d1ab,46.39999771118164,
001,5026,yes,36c6f1fc-d377-4c5c-9bd9-f7d2753b81a3,21.899999618530273,59b4277a-d247-42f3-a9bf-7530b4e5f21b,20.5,0c51fa3b-ec66-489a-b30d-7dae02c5c980,521.9199829101562,d6458900-0349-41f3-b8b3-45d33d3cf440,0.0,0cd1a531-d3d2-4ea5-ac4e-77ba7321609b,0.0,08a3816c-7a87-4444-9a60-b25b91fe1b3b,107.91999816894531,ef0084cf-5c5c-4bc4-96c4-756431a5ebee
001,5032,yes,ee449173-dee5-4fde-a165-3f7013dbe8b7,20.100000381469727,14f7bd78-90f7-4a7e-bdfd-2b1ba45eadf9,21.5,f6886a3a-4748-44db-b946-e329d3053a61,461.1199951171875,f1dc1e73-2fc8-4d1a-ab37-3d19ea66ee3e,100.0,c682f79d-9a50-4c2b-89d8-cfde1b64763f,0.0,cc11ffdc-1304-4936-86c1-b48c03869bd8,35.91999816894531,
001,5033,yes,68b1ebd4-7f8b-410e-b25c-d6d8d95c1ab7,20.0,7f34194f-f837-4755-88f9-905d8852a1c0,23.5,394a8b26-4b0a-4ac9-ab53-c9184d985c5e,652.1599731445312,df832023-69e6-429d-b62b-b2fe4b27e1c2,100.0,c14710ec-eb13-400e-86aa-c9192dfe0441,0.0,ea37c75b-c362-4d91-8612-84135b0c8529,37.459999084472656,
001,5034,yes,747210ea-21f4-41b3-a757-4ffe900f3ab9,21.0,a1a830a2-adfe-4101-8aca-990be4306943,20.5,750c77ea-6c40-4ccd-9f52-05b8a5a2436d,444.1600036621094,d66787a7-c78c-4b8d-b139-9109bca05a51,0.0,f122c561-9e0a-45aa-9ae2-e1acb43aa298,0.0,5c3a521a-6283-4827-b133-3840674f13e5,34.439998626708984,
001,5035,yes,95d4520e-298a-4024-bbd0-95c858676a69,21.100000381469727,2ff264e1-d5b8-47a1-85d6-ca19640c8d4c,20.5,2053bcb6-884e-40b3-a062-7b0bb6282c71,421.1199951171875,1478d6bb-c61f-45fe-b079-4ba5432f57b9,0.0,02e0f2e1-fa91-404f-91b5-7767f98f78d0,100.0,11db672b-1c2c-49e6-ab7d-093d674b2ffa,136.63999938964844,5e0c65ef-00a5-42af-a099-459e857f156d
001,5037,yes,53b97035-2bcc-484d-9ef8-bb682bff9c84,0.0,414dcd17-6940-4c67-9108-f8c6d1338815,0.0,16139a46-1958-4693-84c8-8b232902179e,0.0,91d6d7d0-7ba6-4f9c-9a7e-ad4964ddc612,0.0,09f36d41-cf1f-476c-9c77-4edae5d8a0e8,100.0,e6b3d671-8210-46a2-90cd-3e26b1d40466,115.68000030517578,4e303982-6e81-4977-ae11-10c7e75ee97f
001,50421,no,1917c557-5e26-46a7-9e4a-a6072cb3b738,21.100000381469727,3ed36479-2509-4d5d-a657-7a702c8275eb,21.5,,,3eaa8a20-6387-43fd-a176-a3d1ac3b8fa2,100.0,81747e1e-9b9b-4a94-9a19-f62d11b63c8b,0.0,25bb9219-19eb-4287-b3b5-cddb43e42c2a,29.3799991607666,
001,50422,no,4be5594f-f591-48f4-9b2e-ad21ca0b4dc5,20.600000381469727,b0540df8-9362-4dad-a37b-f125e9209664,21.5,,,105d3ea0-4de8-4def-89ec-1de082219243,100.0,595c41b8-dd79-419d-827c-649ae1388b34,0.0,3e37ebb5-e773-4c63-9bef-f93f8c62137e,31.099998474121094,
001,5043,yes,83c4f3d2-1622-43e0-98cb-da7899df1184,22.600000381469727,898ccd45-7c37-4006-8e5f-e1955d4c9286,19.5,18fe9cbc-bae2-4989-b5d8-2c9ceda6252b,460.1600036621094,9c7bcdef-53b1-4903-a38e-b66312f47b10,0.0,0407a4ff-dd74-40b7-a16e-4c5769e48a9d,100.0,c655bf7a-6084-4ac3-81fa-d07a05ed514a,110.39999389648438,60fadfe7-a363-4aba-bf3a-9d9f4b3378ff
001,50481,no,7ac2a251-f767-47b7-b567-633be2e648d7,23.100000381469727,b22a64c0-5276-48ea-ba67-344a9e3fae26,21.5,,,4df58d02-4ce7-491e-b2e4-0b80e216334c,0.0,8f0e4421-426c-4ab1-8f66-03f795496203,0.0,085c876d-9efc-4300-b7f8-e3f35e019a8d,35.91999816894531,
001,50482,no,4dfa0969-42a6-49c2-b15e-851b7b9b2ce3,22.899999618530273,f61095a1-dce9-4505-b066-b8741902fbea,23.5,,,5945490d-1433-4ad5-b0f7-c48558ac5524,0.0,bdbfab35-8e49-4736-a282-e5eee3b48542,0.0,e16a692c-a9df-408d-a697-def7132e7ba7,44.0,
001,5049,yes,6f868ec1-e2a4-404b-8a35-8c90616b9a87,22.5,f182228f-a32d-4a9a-9130-a55cc472ab0a,19.5,13eeda31-2928-4bfd-84c8-6717f6e9b9bc,500.1600036621094,36a5b3e0-04ed-4842-82bb-05089b3f1621,0.0,5e2dc08e-82ef-42e9-9f7b-c4377383020c,100.0,ddf7f55b-8ae9-4c73-a894-4f3722f780b9,112.39999389648438,a8782198-0522-4345-a864-7ef5aeede76b
001,52031,yes,158885f9-06a4-4c4c-9b42-96a51f37d4d7,21.69999885559082,aebef686-65f4-4aa2-8a77-f2967bb1a9a5,20.5,7bae06cb-873f-4afd-9b49-b668cd669f0c,441.91998291015625,9dbe33ee-4077-4324-bb48-8066d753a80a,0.0,3b8788aa-e37f-4179-9e32-7a86b396e06a,100.0,6a5ac172-d040-4b08-b352-379553e7b9d5,280.32000732421875,
001,52032,no,3a9ad284-1635-4997-bba2-63d5a7f736bf,22.5,e4e510e2-bdb8-495f-849f-b9eff3071269,21.5,,,0881ed36-7052-4eaa-bbeb-21f47dda75ad,0.0,7f5a02e6-9362-4d52-8026-a5cf7c691e84,0.0,bc8077da-2787-42f3-870d-b60889d5bd1a,31.099998474121094,
001,52033,no,b16958f8-a61f-44f4-ad76-e89795df52dd,22.399999618530273,0e087d0c-ef57-4630-a370-c4e5eaeabd9c,22.0,,,26626e29-2904-412a-950c-92fddea17667,0.0,e67d7b4c-dd1a-45d9-ad9d-6cf707d3b2ff,0.0,d3730ec5-73ab-46b3-a1cc-6160822f7a10,32.73999786376953,
001,5210,no,637ce9e1-2201-4f7e-9f5e-ecd2b0df5942,22.5,6411c053-b748-4c28-9567-fd113f0603d5,22.0,2b52ae4b-b328-42ca-945f-ba8166e916c7,455.03997802734375,b41d7e70-0f0f-41f7-bf83-0fd0ca8eca5e,0.0,b67cab4c-1629-4fd2-8feb-55203fa08d4e,100.0,,,8ed6da1d-1e46-4476-9bd2-d60a6cf43aa0
001,52111,yes,174a7322-aed3-4803-934f-b5cbf7d29488,22.399999618530273,e7affffb-55f6-4133-88a0-fe2006f926c7,20.5,d6641255-6d0e-46eb-b1e0-b34fce339bcc,432.0,26a09f74-1a87-4fc9-9e72-533af07607c2,0.0,d3f1d585-5296-4828-838a-cbda6ecf0a39,100.0,449f414f-8680-43b4-b3e2-8b9d74636d1d,291.67999267578125,
001,52112,no,156d30ec-ecc0-448e-88f0-2df33506b819,22.899999618530273,14ec58c8-6137-4622-aafb-3e4c60554bbc,21.5,,,4074fe31-b788-440b-b14f-ec74fbd73d02,0.0,21b48951-05fe-4923-b771-e3f69a76bccd,0.0,f24b6434-4437-4601-a30d-944db39030ab,27.399999618530273,
001,52113,no,65d11a8a-c8af-459d-9f71-224570572dcd,22.600000381469727,6d6025c3-db01-4a2e-a516-284d19e19d3b,21.5,,,7533252b-030b-4be2-8b85-829f3ad53426,0.0,daf6512c-97ba-40fe-8934-fd17c1cc5a4a,0.0,69d57ddd-67cc-4037-82cf-2db7424ac5f5,29.3799991607666,
001,5212,yes,eb2c15b6-be59-417a-b7fc-38f7bccb1643,22.600000381469727,3ed24ea6-3e66-4e22-8ab1-9eb39b4b0158,22.5,07894733-2e24-42b5-856c-5a03f82704e5,447.03997802734375,97868f0b-2f4c-4546-b418-ffd1680a79d7,0.0,2c4d1c2e-175e-4f93-b6a7-fea0f863c7d4,0.0,a312c41c-a2b4-4cbb-b862-189c77a9af53,224.1599884033203,
001,5213,yes,df2a571a-43cf-416e-90db-a94416342694,20.399999618530273,51d3d2c7-9732-46c5-acb0-6ee25a8ea187,19.5,4f4cc67d-1586-41e1-a3a9-361e1383bd98,461.1199951171875,86cfe1f9-d22c-4f0d-a220-bf64f4c413de,0.0,31289c69-dac0-4201-b3cf-1a316d4f8e96,61.176490783691406,9157e554-1193-4df3-845c-828f264e0610,328.9599914550781,
001,5214,yes,4a1cf507-1741-4011-b57d-29dd42d8b80e,22.600000381469727,ce74b9cd-c81c-477a-a838-b57dd6a4b9f3,22.5,ee65eb34-4263-4828-a12c-2b95cbfe9624,433.91998291015625,ebe97fa9-3b85-4095-b726-5d6708078336,0.0,a5c9421b-e3ce-42eb-9e6c-be60107ed9cd,20.39216423034668,4fdc72e1-d6ed-4c74-8bae-69edbe0653af,170.0800018310547,448fb7de-de09-4d0f-8710-e9a973275bdb
001,52161,no,4b8eab77-209a-4cfe-905c-c3e41760d96e,23.100000381469727,02477961-e05d-4963-a062-e41b3d8e4969,0.0,,,64543e2f-52b0-4118-bb96-2d0120092d41,0.0,08638079-fc85-437e-a37a-cd32ff14b0eb,0.0,,,
001,52162,yes,e2514380-96ba-4f10-9f6a-0c417e20db7b,20.899999618530273,2c6e0fb0-bd34-419c-b3cd-c658c4764884,19.5,0bdd8dd8-3435-4eb6-a174-5d16f4741926,458.8800048828125,debfc2ac-c720-4275-a9c2-4be42c6b76fd,0.0,d438d4e9-bf46-4f18-bc13-0466b2e92711,46.666683197021484,7a85b75e-b33d-4fe9-aae3-d1028eba66f6,223.0399932861328,
001,52163,no,192c8fac-10e7-4777-99ad-434eea6a763a,22.299999237060547,88471434-eccd-4aee-a59b-990e889c23b0,22.0,,,e15ddfc5-6463-48d9-b4fa-11d5d9e9ae34,0.0,f9e0edb0-7be5-4dca-947d-dd6769ccfb7d,0.0,2fbd5119-97d4-4017-9973-06cad1bd09eb,38.84000015258789,
001,52281,yes,c3e2f040-9248-4e6a-b8f2-755b90647820,22.100000381469727,93985594-0d15-4c58-a656-f6f061498adc,22.0,fdf4ddc5-9c4d-46e7-90fc-16bbb8e3452c,540.1599731445312,5db18b74-e183-475a-96f2-e56c4566591b,10.19608211517334,62c079b7-1cc0-4b8c-a04c-663c58ccf138,0.0,f2228d85-9cf7-422b-8ed5-788abac5c645,116.0,
001,52282,yes,3fffe5d3-08b3-4873-a814-7495b7ea72c9,21.100000381469727,2a2d3dfd-bf4b-4d11-a5c5-5c2d58cd41fe,22.5,c170ffe2-1944-462e-a663-bbb5fe7b6925,495.03997802734375,7c3dcbfa-38ab-4320-91a7-d04518527686,100.0,734239e3-0750-4daf-bfb3-70311c3b1a72,0.0,d0edc8cd-e6ac-4907-9c81-6ac0eec523e8,94.63999938964844,
001,5229,yes,56341811-4187-4386-b2bf-10dc6c3e6168,22.0,d82f7979-70ef-4874-9b53-60d5bbcb41af,21.5,3b65e71e-d9da-48d6-844b-3b0b082f3314,711.0399780273438,c23398ef-90d9-452a-8ade-289ec0714dc8,0.0,25f74e74-bc4a-42ae-9477-81f5405af36a,0.0,7cc329d7-55cf-4525-bcc6-6314ec0c5a40,459.1999816894531,
001,5230,no,e8200f57-4cf8-4e6a-a75f-f903f8ab274d,22.5,7bda8480-f2a2-45d6-8fff-c17dd75d8205,22.5,8d773ba7-2b7c-4281-9b9b-31002b48df13,506.8799743652344,24d4379c-9548-49ab-95d3-79e66203063d,0.0,c9b7307b-7093-4592-9a49-4d203ed999f1,28.627460479736328,,,
001,5231,yes,45bcaae8-3f1e-4b59-a232-75b164bb9af2,20.5,57d40044-d8d7-4be0-8920-0b3307f430c1,21.5,8400c975-a6ce-4cf5-885f-049ea4508d33,457.91998291015625,0af84d3e-b032-4668-a82e-ca067419f255,100.0,adf7b435-518b-4b03-9e6d-1e3d83332c5a,0.0,ab3e39bd-0e30-4686-a1b9-77c772ec4383,288.47998046875,9f962c0d-514b-4669-b7f2-7509ebc31e7c
001,52341,yes,4eb91a4b-82eb-44d2-afd2-dabb89d425f9,0.0,80350f36-72e1-47ef-8667-8f54d13231b5,0.0,edc4dc3d-656d-4178-b12b-4d07b90e8afe,0.0,4c0f128e-2e2b-4529-871a-c7af4d97b0da,0.0,82feed81-bc1f-42f0-a42f-4c5999f579e2,0.0,6c79cb5a-25bb-4339-9d30-7ce53eeaabbd,203.0399932861328,
001,52342,yes,67fc7e23-ddec-4b3c-ac39-492d66cb2d2d,0.0,8b7a8421-210c-4822-aa77-6c04e959d3f0,0.0,e852c273-b17d-4487-862c-e58b44066d49,0.0,5d432177-8d11-4925-b53f-1865d0122889,0.0,bd9063bb-d89c-4110-86df-4b51900c0fd9,0.0,17aad7e5-15bf-4d1f-a0d7-ccc46a1402ab,256.47998046875,
001,5235,yes,4913015b-c5eb-4396-acfc-d265e7e6cf9a,21.799999237060547,8969bd6a-e63e-4c77-a283-75ddcec4d7bb,22.0,b9c790c6-337a-4e6b-9735-b440f43e3eba,440.0,06f25058-0d49-439c-a618-471dbe3e67d8,21.960790634155273,782b6bbd-2a66-41c5-8628-3812a5708b02,0.0,e9f66605-7866-4276-a869-a15475a53891,2252.800048828125,4bd3f2ed-49db-45da-8bf0-68fddb21fd41
001,5236,yes,90bd616b-838f-47e7-93fc-c204a87adfb0,21.899999618530273,1c766c95-f896-457d-b786-44dea26ad144,21.5,3d7dd5d3-53ed-46ac-b305-144a6389fcf9,432.0,f733bfb7-3346-4a65-8e93-6c60f54cf047,0.0,7df09301-91a2-4f2c-924d-30fba86615bc,100.0,28774878-726d-4dbe-bdea-d0846ee46cc6,483.8399963378906,
001,52372,no,4369283a-d475-4280-844d-9f39e9b04497,21.5,4a0a7ffa-fb06-4c48-8991-823c48471f85,24.0,,,6bc7e2f6-b239-41f6-a6b7-ceac3601fc95,100.0,4e297751-3673-4d6f-af1c-691abc54e33c,0.0,8def5f23-36bc-4d1b-adce-bdd77475ee91,31.099998474121094,
001,52373,no,d22449d9-bdf0-4b29-9fe6-7ee37e7dbe77,22.0,9b393d69-1216-4cd1-a798-d2631f19d754,0.0,,,9db29254-8fe8-4e09-bb52-b7f777f598d9,0.0,e3937153-c6f5-4dc4-8d2b-4ba4f39c8b8a,0.0,90498ab2-ae58-4bbb-871f-85ae70f20b35,29.3799991607666,
001,52381,yes,25c6ac98-024c-461e-9b05-e72f5bf7e2e2,21.69999885559082,5757cef8-9982-4bea-b9c5-e37ceb8d649a,22.5,77371c98-a9c8-4548-a630-c91847f55bb3,429.1199951171875,d60c5bec-cb0e-4450-84c0-8ea24d466504,0.0,0845b1a5-5228-4ef1-8d88-2474a7d93956,0.0,5ef17a1f-f276-409c-abea-b197fea7f0ba,62.279998779296875,
001,52382,no,296343be-3c80-4fba-bb5b-b59f4f80a094,21.600000381469727,7c3769b5-234b-46cc-9c18-586a7a801aa8,21.5,,,bfc9b892-d217-44d6-9d0a-5f695927c807,0.0,df2667e5-4a96-4d6b-9f67-c07c3961d2fb,0.0,61c0c36e-b7d9-43a9-b78a-df79bcf1a761,116.0,
001,5239,yes,27a2ad34-47bc-42c3-b679-e656dc03050f,19.399999618530273,acab27f8-27ce-4bbf-811a-532bce603416,22.0,77cdaaed-d90c-40c8-960d-a729d7661c35,417.91998291015625,8e1a35d9-72ed-44ef-aa9a-e45453f012ae,100.0,aa8bcc61-cf05-4f87-be2f-c24e2b757a48,0.0,0ac11d26-c2ed-4a8d-9ecd-09a97ffd9936,503.3599853515625,
001,5240,yes,1764e522-cb49-4167-827f-d24caf2482f9,22.299999237060547,55c62dc2-e97a-4227-aeac-b2c9a4cbca9d,19.5,e84a27e6-26ac-4ba3-98dc-744847a064c2,442.8800048828125,ef48a40a-027c-44f7-abcb-ad6d73bfd9c8,0.0,c65ef502-5c0c-4047-8cde-9de2c731bd86,100.0,8a31c771-2c5e-4130-9053-5b3fea47ff03,1036.7999267578125,96a61c3c-a5d9-4629-9b8f-f052cf2f22a9
001,54002,no,85508e62-0aed-4e8c-9be3-117a4e0ef2b8,23.0,64d0300f-b948-4790-94ac-277b0b02d15b,21.5,,,f3633c56-48df-4ff2-8475-70266d1120bd,0.0,4758dab9-2c3b-480b-86ef-603beeb7ff21,0.0,5039ae19-50fb-4acf-99a1-c422ece637a7,27.399999618530273,
001,5401,yes,a526d34c-6a29-4c4f-a0a2-7261c99fd06a,22.600000381469727,d4ed70ed-bb37-439c-9477-6f54969252b3,24.0,69acfcf2-3771-4aa8-960a-c3535434b8d8,477.1199951171875,cd822029-5abc-4a8e-8695-947ee2de8f10,100.0,e5c27d68-f00c-4d99-99a1-e4fcdc6ed928,0.0,e75a5c09-e8f6-4e55-93ca-ba79b036497e,35.91999816894531,36cd4c81-b319-4165-86a4-8300237bf323
001,5403,yes,b8ab4e48-12da-404f-b82c-c4fa9bf71212,22.299999237060547,fe0902e1-b9e0-41cd-beb7-aede16c220fc,20.5,93ae3868-c93a-4107-84da-317ca33b3c9b,444.1600036621094,02075373-fb0f-4053-b94b-3539e88afd45,0.0,591a6a70-ffd1-4d7a-85e2-d5ab00849ce5,100.0,6aa09923-fd67-41ee-abb8-b32a232f8975,113.83999633789062,
001,5404,yes,7e29d3fc-d6d0-4968-96d7-aeeba1be01d0,23.0,16e936ee-e9d8-4ab1-80ca-8aeb3789f894,23.0,e5279d53-0328-43be-b11b-e67015e9a0e4,446.0799865722656,b6078de6-24b4-4a12-ad94-9ab6e235ce9c,100.0,910a444b-3b48-423b-b52f-f48aa495c9f3,0.0,845278fb-1e53-4f97-84a1-885d9a3f42fb,37.459999084472656,75fa0e58-28fc-41e9-8814-64f3551168ba
001,5407,yes,c581f8f2-6ad0-442e-ab93-6b94449260d7,23.5,c1a32573-0e73-47c9-a69b-705a5b113ae5,20.5,07f61a31-7416-4ae2-9c51-37945b47c5a4,423.03997802734375,ade803ad-a882-41da-8911-317073a6ad23,0.0,00d68495-0d9f-4a21-a4a7-8f042bd192e7,100.0,4acf2c54-0d7d-4905-a12c-efd5e0e77ce9,157.9199981689453,0db7462c-6c15-48bd-abda-40107295daf4
001,5414,yes,d0275c9d-014e-40de-a589-2bad0142919b,22.399999618530273,9a23696e-bcf2-4cc2-b646-662ecbded536,19.0,23242edc-a0fc-4d68-a857-eec416a24691,439.03997802734375,738b1cf0-d61f-4df4-858f-73c15b356576,0.0,d579b6e3-0d7c-4a2a-a348-8596c3764604,100.0,3105130b-19b9-43f2-b152-6f3cfb660e1d,118.0,3887baef-b0ee-4882-af04-5dea2d1c1b1c
001,5421,yes,e01a4760-5a5b-4a6d-bacf-b4bee35cc478,22.100000381469727,55712eab-f229-43e4-8a04-e9f63d46af00,19.5,f4591237-b6fb-4447-a3b9-2317cc6260d2,431.03997802734375,44a4365a-48dd-4443-a721-6c7b77f6aed2,0.0,ce5880da-05a8-4394-a5f9-c29850a8e62a,100.0,5e655c16-0e10-4229-8b44-cc2ca4570316,110.87999725341797,fee01c77-eb50-491a-84b8-042a8850b01e
001,56002,no,0853980a-a46c-45e6-b562-a427f11f2ea9,23.100000381469727,0a696418-064c-4659-bccd-138b9c8d6ecd,23.5,,,d8620f28-fcb1-4ca0-b014-297595bfd2ac,0.0,de5463f7-6a49-43a0-bd73-c0ed65f7e221,0.0,b5925c1b-305e-496d-b00b-284e57f51736,31.099998474121094,
001,5601,no,80988dd9-c76f-405e-b102-f5e549e66ae8,23.0,db71fc7c-58c5-4dd8-815d-81300aa4ff1c,22.5,70d3b676-8682-4726-8e9e-8e96e9a31398,472.9599914550781,2541eabf-64a4-4ed5-8571-4687bef2521a,0.0,ad32f2d8-0b8c-4233-a301-1d7fe090241d,13.333337783813477,,,
001,5602,yes,470a5bf3-49a9-47e6-a6ad-f697d8282b91,21.5,510ad831-026c-44e0-a56a-2d73d6db77f2,20.5,caaa4dd3-6194-4931-b94a-ed687675512b,424.0,d7670b62-dc0e-4ce1-b47b-40cc13f867ed,0.0,e52db724-9944-4841-9ff9-aaddf3661e6b,100.0,cfb51bde-bd52-457c-ab15-628fc57f0c0c,340.47998046875,332be391-d05c-424f-ac52-39730914aa13
001,5605,yes,61289e82-b9e8-4f00-a510-4b9c7eedb7a8,21.5,a0c3b394-c79a-41fd-b48b-6ccb089892a2,21.5,4765ff1c-dc4b-4bf3-a6ce-2d4d7af8c8e2,420.1600036621094,f6067997-e714-4699-8690-f65e20d56327,0.0,82b8e924-84f8-4b56-bc29-527db0db3116,71.76473236083984,148c48da-47f1-401f-8d24-f0d081bbfb03,288.47998046875,e22900de-5ffc-4f3f-81a7-cfd17f138b9e
001,5609,yes,94b41399-5942-4716-bf66-c07a90db6e2f,23.100000381469727,e00c8c90-5c95-42b4-a306-c2f8889d9cfb,22.5,d218abdc-4f87-4b80-afc4-9934005e59d0,437.1199951171875,dfa483f8-9097-4b47-aa2e-c95562c61f25,0.0,cf9732c7-bbcf-4afc-a9f5-9372fa9dd6ca,0.0,412337ee-98cc-4e1f-b563-dba757bf281b,44.0,
001,5611,yes,feabcf11-9f03-4026-b152-1c63a19ec259,22.799999237060547,3a4305d6-8b45-4712-9e9e-266a91e6432b,23.0,95c3374d-5c9f-42b7-a882-8f77515f92bd,422.0799865722656,c44212bf-7422-426a-a70d-a7811e5fe147,61.176490783691406,3c1dfd12-ba82-48b4-8943-e3792b73213d,0.0,d407968f-8fdc-48f0-82f2-36721c91bc1b,85.68000030517578,8f1acb7e-3bc8-4b86-80e4-29d09dfee0fc
001,5613,yes,83713f8d-4687-4c45-a8ab-a0ef633e23a2,21.799999237060547,41495b6c-a6aa-41c9-a8cb-4ddf75c85592,20.5,2cab24db-3350-4f87-8037-669e9c519abb,431.03997802734375,0171901a-23eb-4bea-ae87-91c3ac3d73f0,0.0,db2a0947-e737-4f46-ad79-a7e0b9fad602,100.0,78060606-473e-4d5c-bea3-91a9b4255871,232.0,
001,5615,yes,05c34b21-3786-42f9-93d5-2d670ed191ce,22.399999618530273,0951e927-4b70-45fc-b1cd-e194ef81486e,19.5,80135754-db7c-4e05-a27c-e7d5956a0f66,424.0,475f91d2-8e54-4140-b421-878031f2b2cd,0.0,b974a5e7-0833-431b-8cca-d3257a8dafed,100.0,a91189cc-0309-4d85-99e4-dc7096237ad8,224.95999145507812,
001,5617,no,72f06da2-7d2b-4e2a-8df1-a1cb8193b969,22.299999237060547,5c6ca768-62d3-4101-a731-e8d40c455016,20.5,7b456ad8-a6ac-4043-81aa-93cdeb76dd5f,420.1600036621094,e12fc169-ddb1-44ab-a0f3-81024817905c,0.0,3e859c4e-9349-49f7-8195-fc558e8a9e38,100.0,,,
001,Lille_Atrie,no,e036b14b-e97d-4dc9-a8d5-f6205fe2edb0,22.5,,,,,,,,,ba785b19-732f-4653-96a1-87404f2687fe,200.3199920654297,e123fc7d-c05d-4ed0-b0c0-3000dcd23018
101,0064,no,4b4ef6dd-0f96-4c32-9fc9-88a321d3a8c9,22.0,1643cbf8-007d-4e8c-9efb-5bc3321b32b9,0.0,,,2d6c8a07-08fe-40a9-bcac-af8dc084682f,14.11765193939209,0a448efc-9f7f-4cf8-ab61-7b12f1a630cc,0.0,,,
101,0070,no,0a4260c9-a7f1-486f-8f72-58295e2d0846,20.69999885559082,34f2d9e7-dab9-4175-a708-7bb61a46bbe7,22.0,,,158b0840-7c8b-4d2d-85bf-017c53db44f7,0.0,c2eb114a-8c08-4471-9aaa-bc4d32e6a8c0,0.0,,,
101,0076,no,8dcc8638-6daf-45ac-83ae-2675efc8bbb4,22.399999618530273,b02ca322-0f9e-4000-8371-9a2bdbc5a059,22.0,,,cbb05106-2d3b-4e08-9411-a41a3107bbbc,7.8431396484375,1ac9b42f-009c-4381-adef-d27defe943f9,0.0,,,
101,0124,no,ecdad9e5-86a4-4c26-a751-986cbcd956a6,19.5,,,,,,,,,,,
101,0200_4,no,ca39e7ca-4d24-4644-aa34-141f00847af6,18.94999885559082,89624f81-7e7a-44fd-a598-e33306247d42,0.0,,,325f6749-f557-4a9e-8065-ddb03630db37,0.0,,,,,
101,0254,no,36ee08bf-ac6a-46fd-a5fa-30347dda7601,22.100000381469727,1c498ffb-a9fa-42bd-b5c9-73d3286956e3,22.0,,,798f3f81-1027-44ca-8d28-2bec42472251,0.0,79dcffa0-20df-41f1-bf17-52883d383544,0.0,,,
101,0260,no,,,227098cd-0013-4888-9b8d-cc6b6624d9d9,27.0,,,df8fc137-0bc3-4358-a952-a36e9cdcad65,18.039220809936523,,,,,
101,0269,no,,,a599350e-186a-4b28-a6f8-ce0f3ef8f7ae,27.0,,,c560e73b-89e2-4379-9081-f94d481c49b5,100.0,,,,,
101,0270,no,9ab41483-ce31-440e-8c79-f101e1a5d81a,22.399999618530273,9f53e8bd-8abd-4264-b57c-ed22483afcad,22.0,,,858a143d-0857-4536-8e59-4ad0c73aaf0c,0.0,87244ba3-8880-4eff-97a9-465c26681850,0.0,,,
101,0420,no,d3e129b5-e725-46bb-b607-cf1e3fd0e890,20.5,,,,,a9cac0d1-5f50-4ce9-8c6d-5db7cadb7108,0.0,02da7136-420b-4829-b4bc-1c7922c681e6,100.0,,,
101,04381,no,533bb60c-98ae-4507-a365-6bf0e211036b,24.600000381469727,7be956cd-ff49-493c-96d5-258c166240a4,26.0,,,33e29fcd-6f5f-4c24-9ff7-41f1d9e806ff,100.0,1784eab0-220e-45b4-be11-871535eb0a6f,0.0,,,
101,0442,no,29912609-87bf-4315-a789-f0214274164c,23.399999618530273,ced6cba2-b106-439e-8d1b-ad5a22606a8b,27.0,,,f3e80b8e-f56f-4b2d-946e-4ffbb4442408,100.0,2fbc209f-def5-4491-85e3-8cdfb6c974b9,0.0,,,
101,0500,no,b02ad5f0-4744-4e38-a6a7-bd42ce14e08e,20.899999618530273,c40a3e2b-b7ab-41eb-8ab3-00e7dfe80ece,20.0,,,8166a2a3-617e-40f2-bb06-f95de771cfa9,0.0,c2029ce5-1e2f-47f7-9911-7a113c416b99,0.0,,,
101,0520,no,c282e088-c072-4f01-a46b-9fa233962495,21.5,,,,,d2fde221-b73c-48e8-b8ea-acf8f25a3d9d,100.0,297511c0-7714-4b86-aefe-7bd607f37239,0.0,,,
101,0565,no,6431a622-e331-4e9a-8714-cffdcf6f8bf2,21.19999885559082,7aef5cfc-90ba-49f0-b929-3eaa9f0f380c,0.0,,,,,6657dab5-6adf-476e-a2ee-b762ff492204,100.0,,,
101,0820,no,9580cd3c-bc14-4b22-9562-ec3867b888f5,22.100000381469727,a18684b6-a674-4ccd-9a6a-62cfdb35b44e,0.0,,,5f76c27f-968c-455d-a89b-d3b12ce85836,29.019617080688477,c9bd83cd-97ac-40b0-a467-aa260307076b,0.0,,,
101,1056,yes,98098f34-5915-4f39-a946-48554c4aeb37,21.399999618530273,70892578-255b-4abe-8dcf-ac973f19b3c0,23.0,99bb3a4b-0f83-4f68-bad7-4346e990f617,511.03997802734375,a5c4f6e8-0494-474f-9699-109e71ca0257,100.0,df7cf82c-cab2-46b6-8988-56b0712c0911,0.0,e833c437-0f58-4751-85b7-82e753a46747,153.0399932861328,
101,1071,no,f5485ba7-2938-401c-9e86-1c8814699b40,21.799999237060547,0b17d6d8-d590-4737-a149-6041c676d66a,22.0,,,35e354f7-4001-4943-8e06-aee485a74026,100.0,e8a7a940-2767-4d86-b9ac-ec6f6dfc8886,0.0,,,
101,1080,yes,b6bc06a6-2620-487b-af22-3b54968b65fa,22.5,58dad2b6-8e57-4716-a5d6-481ac0dbd275,22.0,f3c2da19-0cff-4b24-ba13-a5098d1b581e,457.91998291015625,bca37da8-012a-4500-8521-89547cf45ca4,43.13726806640625,2f06c63f-34ea-40ac-a55d-d562a8e69910,0.0,efdd0920-1603-4f3b-b13d-a89d79004fbd,1960.9599609375,78ba427e-effa-4218-9d2f-33d268b90cdf
101,1081,yes,4724d3d1-c2ce-4f42-9e4b-04e588bc0fd4,24.399999618530273,1674e0c8-6cfd-4cfa-b81c-673e43374cd0,0.0,cb271d0c-84c5-453f-8319-294197276373,0.0,5bd59a11-8a35-44a8-81af-5e844d86a8e1,0.0,0fbaff1d-e839-4fa9-9b07-a304af90a55f,63.92158889770508,af2a5fff-ec38-4166-aad8-76923038f3b8,284.79998779296875,
101,1083,no,402ca632-dc39-4523-8839-d09402a29f81,3.3999998569488525,,,,,,,,,,,
101,1084,no,db9d2a60-82c3-4d15-a319-6b5fddbe38f7,-19.399999618530273,,,,,,,,,,,
101,1085,yes,cd539022-9353-4b2a-ac2e-16e44be2ea2b,24.100000381469727,b2b71418-c579-4282-a7ed-6333cb52ecd8,22.0,d9d56060-d0ad-4d98-94ab-9d3d267e94b5,449.91998291015625,af66b35d-22fa-48e2-a36f-f01c2f66275b,0.0,ccac7351-19fa-4698-bbf1-71d6888ad561,100.0,c8f32e49-0db0-439a-b9aa-a97397ed0bad,534.3999633789062,a16dbd13-45d8-478d-99bf-477537ab0302
101,1096,yes,937b4121-5101-4d62-a2cd-ceb64ac18f20,20.600000381469727,0333f4b7-e29a-446f-a500-ad7b7e7109f8,27.0,03e0a2e5-6dbf-4660-83e6-fc8e4d8c0bb2,525.1199951171875,229714fd-c435-469d-bccc-9698a249b18f,100.0,7a298df0-07d7-42dd-a816-c0c0333363f5,0.0,117af9e9-bcd9-4d82-bcee-f34a411e094f,117.04000091552734,
101,1096_1099,no,77b53721-c212-41ba-aaa5-746a232cc0b0,21.424999237060547,,,,,ba2003ed-405f-4af8-8f26-b56e8ec9078b,0.0,,,,,
101,1097,yes,ac32fc6d-d2af-4b5c-91a8-645d6e7b86ac,20.899999618530273,604bf745-6882-422f-bd8f-d5a81ca4c665,22.0,37f48fbc-2f07-45f5-be79-5eecfc3e5d8b,652.1599731445312,adc66bee-96c0-4756-a8d6-e32fed58b4c7,100.0,a38378cb-794d-4b40-b6d4-4417c847f4a9,0.0,37519ab8-cee5-4171-8124-f387310306d5,108.39999389648438,
101,1098,yes,83b94d1b-51bc-46f3-9b0b-31703f1d9bf0,21.69999885559082,051430e5-59d5-4fbb-9e67-079a910d5c77,24.0,1774deb7-ee37-4de9-968a-2cbb2a63382c,476.1600036621094,185b5839-208e-4563-b242-46030c741ff4,100.0,c4a7afba-d662-4ee9-b044-95051c9fb921,0.0,4e6d4226-2a5f-4d58-b884-e9d6a0f32c33,58.63999938964844,
101,1099,yes,6cc09961-5420-420f-897e-f0f77ddd1b49,22.5,2ad688c0-978f-4c24-8a8f-821f2e2c79ba,21.0,be02ee14-3248-4083-a14d-9a2064a0b785,402.8800048828125,528a590d-49a1-475b-ba94-0fb315149acf,0.0,4bc01332-1bde-42b1-aeaa-8fcc570eb8d0,100.0,b550eab8-2dd3-4c32-8050-86cb07c653ae,1257.5999755859375,
101,1100,yes,0eebd907-e07f-41ad-ac7e-b9301434986d,21.299999237060547,1bbe94ec-cda9-4190-99ee-a653f464dcbd,19.0,9331f0f5-81f1-4a54-b1e7-c2ff677ca95a,430.0799865722656,640ec033-9b7c-4454-98c7-0209aba83b8a,0.0,4b962954-f2c8-4ce0-9f01-57badbd6e7e8,100.0,a35ab14e-f9bb-4e4b-9383-96c80de17ea2,436.1600036621094,
101,1102,no,5de45e24-74f0-4d20-a069-2fb5e4f2a975,20.69999885559082,,,,,,,,,,,
101,1125,yes,fe4e3ac9-1eb5-4624-a2c6-2f1f73d3e905,20.69999885559082,bba35f17-6105-4219-b543-9b89f968b4e5,20.5,f8784726-45fa-450e-9af6-b981de752faa,405.1199951171875,cc884e7f-b574-43d9-aba4-8ae80436a788,0.0,0aaea1a9-bd46-4b85-975e-5c19692a45a3,0.0,ec51f9c0-9061-4b6d-bfdb-32efbe74a8be,684.1599731445312,2a68a93e-95a3-4c16-9f60-b4531d36ad77
101,1127,yes,ac9ed6fd-c40a-4770-96ef-ad89e0893561,21.100000381469727,4a5842a0-e506-4fb6-bdd7-58d386b350bf,24.5,41078ebd-4842-4bbb-bd0b-8e3ee6cddaa0,590.0800170898438,c08f260b-b5c7-449a-a890-a9aaacd8bc59,100.0,ecefe457-0a7b-4c02-9379-5d1b030652d1,0.0,caec4b41-0988-4a7e-8bfb-041e2dc9dff4,967.6799926757812,1437d36d-7333-4bf3-8926-168860bccbca
101,1129,yes,d07c62bc-e9af-4f4f-9ea5-34596a9cda2b,21.399999618530273,0e27496f-987b-43cd-82b0-a598191b7592,20.5,18cfc606-fdce-4ca6-8ffe-067f69f24205,573.1199951171875,3f3f76f2-5dce-4abd-8f9c-72cf8dd74322,0.0,3b93aac1-0cbe-4d8c-8791-cee22695a928,74.90198516845703,41603631-ecb8-48bb-b403-cff1b0c2d3ab,1337.5999755859375,8fb8c42d-7e9a-4e1f-ad4b-fce491a5ca17
101,1133,yes,7b2a6f0c-9ed4-4aa1-9ea9-3fedef5678b3,21.299999237060547,43fd88f4-a236-466b-bb62-6444d54e715c,16.5,d4a0c5e0-b107-4194-b6cb-aa1d4c504a71,424.9599914550781,0d8ad9a0-1b0f-48da-a1ea-a998532aa925,0.0,8aeda602-a170-421b-922e-2157473609c6,100.0,35f2a6e0-c848-42c6-91d1-e4bd6b233e21,2872.31982421875,a5510b9f-49f1-4813-bca3-f188f976ba26
101,1138,no,0015d41b-1b30-4988-a4a1-ded8fefb529e,21.100000381469727,76f68917-5373-473e-86cd-23e9a5b3f0c1,19.5,,,aa514680-e828-4652-a138-0d2a4767098b,0.0,02a4c13a-e920-40e2-b4fd-74c5f20347b9,100.0,,,
101,1139,no,c5b393ed-2faf-48a2-bd22-c551356a41e3,19.100000381469727,4e5a1cb0-6731-4c88-9798-fffd1cdc0bcc,0.0,,,fe116dff-9aea-4353-aaf7-ab77b66ada21,0.0,5310d551-d3af-4f87-a1ad-3c4483781cea,100.0,,,
101,1141,no,d4c81068-a9c9-4b69-a68f-f97b4431bfa6,11.0,,,,,,,,,,,
101,1146,no,,,,,,,,,,,6911351f-f46d-455d-9164-93758c6d2fa3,458.239990234375,
101,1147,no,b24c88f3-46ca-44ca-8d7e-791dd96a211f,-12.399999618530273,,,,,,,,,,,
101,1175,no,0b30420e-8ffb-4ae8-8c60-0a7a177da9e3,20.100000381469727,b987fa6a-2113-41c2-a63c-95aac1b2690f,20.0,f7e0394b-0642-49e9-a96a-b75906bad77f,372.1600036621094,d3881862-4f6b-4b7c-962b-8f320993b163,0.0,f05a5d93-8894-4dff-b38c-e83bd2f8ccc6,0.0,,,
101,1248,no,,,,,,,,,,,bd1bfcf8-5112-47c4-802c-17e93693e313,397.1199951171875,d109e648-6360-4249-b4af-a6dea8191d96
101,1429,yes,93edb1eb-7ae4-4815-bc4b-6d8d6ce04a87,21.69999885559082,6c7654a5-8ef4-49f6-9d7a-afd338c27991,17.5,099d771a-dec9-4ca2-98fe-85103dbdacef,440.0,e29e5d56-b081-48d2-b839-e5b0a502e147,0.0,e33ee4e4-6b4d-41d3-8729-2e57924d2bb3,100.0,71b0e637-7d64-4240-b801-a5903947f79c,383.3599853515625,
101,1467,yes,84856733-2bed-4a83-9ace-08e01515f29a,20.299999237060547,a40ce7cc-565b-447e-ab2f-6003b08ebf2e,21.5,7506a377-048b-4470-93a5-9ffedf8d8cb8,412.1600036621094,ccf5b800-9810-4f25-8506-d3b5d7d57913,100.0,6446d6d7-1828-4911-a863-7a3ca32358f7,0.0,d357b3ac-c9c3-484c-ac0c-3a15a0149002,399.3599853515625,
101,1480,no,a5a24396-d42f-4780-abe5-9d75306f83ed,25.19999885559082,fcc726ae-a3bc-46c0-a610-0beeb114efb1,0.0,,,,,,,,,
101,1492,no,ba59c8d0-39e0-47d2-926e-e9f1ff455737,3.0999999046325684,,,,,,,,,,,
101,1500,no,322b7452-6ff5-406e-b319-933b731ffd77,22.0,,,,,65ab1cff-ce32-490d-8a2b-6ccebaf78134,0.0,41435802-3a27-4dfe-a766-91540874a139,0.0,,,
101,1525,no,a9d367e7-afbb-4a16-9efb-dca83c491cfd,22.69999885559082,1e7540a4-ba46-4e8f-9803-a3fd8fa27992,0.0,,,c404c9e3-d9ee-48d4-ad81-1b87c051a37a,0.0,5cb57922-918d-4862-b5c3-26225f5c5b9d,100.0,d18fae56-0f22-46d8-adac-c39081f076eb,204.47999572753906,
101,1540,no,73f474d5-4329-4804-b87d-5687841cf6bf,21.799999237060547,dcc700c3-5d60-4ed1-b9d6-6e21229e9130,25.0,,,63d1baf7-6e27-4097-9a88-3a0b1940c9f8,100.0,1e3b9eb8-2abb-4c9a-b854-1a1da7ac5f50,0.0,,,
101,1545,no,aa7eaadd-4348-4082-9f8b-3c1545b4aeb6,16.100000381469727,3005b63a-8dd8-450e-b3f6-f7e1c95347de,0.0,,,52ced905-ad1b-4c27-b4a5-f9d7b45bc337,100.0,e29a1a9e-a179-4193-aeeb-d5aba30fc735,0.0,,,
101,1560,no,123df4e5-29b1-450c-a2e3-a301431310d3,20.600000381469727,e923fcd5-af0c-4223-9cd3-6eb153239c51,21.5,,,5ca042db-a5f2-49af-89f9-a483d41ba523,100.0,,,,,
101,1565,no,b1e66c97-fa14-4cb1-897b-28c3239f6997,18.69999885559082,a8677765-2c04-4b03-85a6-1c7256066eb6,0.0,,,09768513-604a-42a3-9b2a-fec0bbf7e59f,100.0,,,,,
101,2056,yes,90257f68-692e-40f7-9a41-0486ba993ad1,21.600000381469727,b27db8c8-a462-48ab-9057-cacbda77f3c3,22.0,ebdff372-38ce-40a3-a8ef-36f0997e2bca,505.91998291015625,2fb09f93-f719-486a-aa7f-4925dab3190c,100.0,d4f4baff-60cb-4130-a0d6-6700f7284f24,0.0,f50a3e2d-c48d-4f93-b3cc-7fbe2d3779c7,38.84000015258789,
101,2057,no,,,,,,,,,,,6115badd-335e-4bf1-a447-ba899a629f06,40.15999984741211,
101,2058,yes,2e53ae04-5d7d-41df-918b-d0971fa3399a,21.799999237060547,fb59ba5e-e1b2-48e9-acad-aacbc5688743,21.5,d6fdb075-e198-456b-a750-d15eca7a565a,551.0399780273438,13b594f6-1c3c-4c30-9fd2-2d2225e8607b,0.0,e7d2dafc-f916-4069-904a-b759c217b850,0.0,5cd5f389-5a77-487e-ab15-19233d1bcb1d,37.459999084472656,
101,2059,no,,,,,,,,,,,8b3f68b1-59e4-4dc2-9432-69c33bc60404,35.91999816894531,
101,2060,no,,,,,,,,,,,5c48f643-c4dd-452b-830d-554c79497c96,37.459999084472656,
101,2061,no,,,,,,,,,,,55eae06b-f7c0-4858-97b5-14002d89918e,37.459999084472656,
101,2062,no,,,,,,,,,,,e923703b-b540-44f4-8cbb-dcf8db5a21d6,35.91999816894531,
101,2063,yes,cedad7fc-3ef1-4408-b3fa-9925db87f831,21.5,5a096359-3cb6-4650-9f1c-21a478e65ea2,21.5,1b73360b-7a65-4eb8-aa67-a886e3efcd0f,600.0,a5c7c47b-43b1-41ae-b831-0f650291d51e,14.901965141296387,dd101953-fafb-4345-a891-9239073f5f9b,0.0,d60e09cb-6a28-486d-a9ce-9875b0ad1f9c,35.91999816894531,
101,2064,no,,,,,,,,,,,bca9d76c-66dd-4268-9b47-4fa4ef743c49,38.84000015258789,
101,2065,no,,,,,,,,,,,1042c9af-6a70-488b-aa4f-780e5d044062,35.91999816894531,
101,2066,no,,,,,,,,,,,55373c39-aab0-4249-801f-1cb882124b33,35.91999816894531,
101,2067,yes,e5ed829e-f3bb-4d16-b550-dc512aa20268,21.799999237060547,b158900b-5195-4b81-9d99-e19ea4d45c3f,22.100000381469727,e779d295-1d44-4a6f-9951-7a3a6bdf882c,414.0799865722656,ea15ab0c-5e41-4e42-b9c1-5853a193881d,0.0,e3e216c2-9d44-4ab7-a8ce-bc7e0ba0c9f4,0.0,c3efc55d-d853-4dc5-ae25-06c7902c26a0,37.459999084472656,
101,2068,no,,,,,,,,,,,4c67be47-8ebc-4aaf-99ae-7d8fbdc68647,65.68000030517578,
101,2069,no,,,,,,,,,,,9510d62b-2ebc-4de9-9e2f-d564451eade0,35.91999816894531,
101,2070,yes,438af53d-d699-4fec-8be0-b20bf110024f,22.799999237060547,e9dc84ef-2244-49d4-9fa4-775feb5e1724,22.0,d4b7160b-364e-4e7f-b30c-5415c8c28471,617.9199829101562,a0f15a53-fac2-4a8f-b96f-39d8ecf216e5,0.0,8731e95a-4eb0-4a9c-b274-1f086c315afb,65.88237762451172,e1d9d93c-9933-451d-a468-1d9c2800bf3a,92.31999969482422,
101,2071,no,,,,,,,,,,,cf2eecec-786d-4bed-8a47-a0c2bb54e1cb,92.87999725341797,
101,2072,no,,,,,,,,,,,fc777842-8776-4307-b87a-9ed8b8d11c40,92.87999725341797,
101,2073,yes,1de74d40-c2bc-4738-976b-1a89d02c8112,22.399999618530273,d6643a5f-5940-4b41-b145-e95a11483f0d,22.0,1b9543e7-bf08-4133-8f27-45d8a12906fc,642.8800048828125,a71036db-56d3-42ff-8bff-7c7625e53a9b,0.0,713c8741-c154-466b-a0a6-c63d2b46395a,20.39216423034668,2eb29c33-76bf-4c34-8176-9c71782f6d06,50.87999725341797,
101,2074,no,,,,,,,,,,,c195016e-b2d0-4c1e-b9e9-1420ff85e9eb,54.91999816894531,
101,2075,no,,,,,,,,,,,386df2b0-5486-4f7f-9d33-04f9029a5328,53.0,
101,2076,yes,92b134f0-a3fc-476f-a392-7db6193f4943,22.600000381469727,1ded4cce-c381-4e1e-9dff-b0909cdb0838,22.0,3e5a1d76-c718-4877-aab4-75ed1a7704fa,647.0399780273438,36c57d27-02b2-43d8-9ef8-97714fa49444,0.0,f7d9da0c-d7d1-4cbe-abec-39d67d1ce97e,77.64708709716797,130daee8-1393-49c7-bc05-b8979ce4408f,95.75999450683594,
101,2077,no,,,,,,,,,,,ed0c3228-44c2-44ff-ac69-f2fd8d176c46,95.75999450683594,
101,2078,no,,,,,,,,,,,19ee9ea0-107a-47cc-9b41-92300dd383d5,94.07999420166016,
101,2079,yes,ab4801e4-7c4c-4998-881f-b6a2c97951f3,22.5,ad744b1b-5afc-49ea-b43a-f8eb98ca0257,22.0,741b20f9-a02b-4111-8728-897556da18fd,542.0800170898438,c5e83328-9d1d-417a-baa5-f7452110d957,0.0,b5c64ff5-fed7-450c-a1f3-689b0cc3602f,34.901973724365234,a64eb72b-e6cc-4ac3-ae7d-381f9cd606f8,66.47999572753906,
101,2080,no,,,,,,,,,,,414f1c33-4c37-4d92-9f94-680117ad35ec,140.16000366210938,
101,2081,no,,,,,,,,,,,c8814928-bea0-4db1-bb57-55492a9a5196,68.87999725341797,
101,2082,yes,71403be3-4185-4f48-b34e-f7d6e6a9fc3f,21.399999618530273,461ad819-6742-440c-aa8e-2dbae2e16213,21.399999618530273,364a5a6b-2c3c-4994-b229-c511f298d9d2,458.8800048828125,f5397816-982d-4fb6-b07b-59b4cb901a23,0.0,cebd4357-da85-4536-a777-fb37316f461a,0.0,2aae54f8-421a-4a97-bbb3-22a4193fe2dc,57.7599983215332,e092cfc5-cccc-4b89-9dcc-ffaac4ca86d4
101,2083,no,,,,,,,,,,,7e323574-5f3b-424a-a62e-c2ff805789c8,45.23999786376953,
101,2084,no,,,,,,,,,,,1a71f3f1-176d-4407-9666-5ad15a4f6849,46.39999771118164,
101,2085,no,,,,,,,,,,,b12b9248-366b-4bdd-9c33-432aa6affe1f,44.0,
101,2086,yes,1a03bc3f-0631-490f-a81b-aeb57f16ebc1,22.69999885559082,4e8050fb-1083-410b-9f93-2e80b585e9f6,21.0,1aef346b-06a3-4cec-98e1-ccbf3bc433e3,498.8799743652344,361fb30e-29f0-4ef8-b727-b21161eb97b5,0.0,edcef55c-5283-4287-a75c-fe803ee8eaa1,100.0,96465e52-ac35-40d6-a42b-da7884006a97,142.47999572753906,
101,2087,no,,,,,,,,,,,f16a09b9-0002-4342-8afe-27df0541e78b,144.72000122070312,
101,2088,yes,d055ab88-9fbc-407c-8fab-15eaa13b44f8,21.399999618530273,4228bee2-8842-4dcd-ac71-894dd48dd561,21.399999618530273,3e730824-b24c-4814-aafd-05c41328773a,439.03997802734375,4fab51e6-e4cd-4dce-8b0a-22f6a70230bf,65.49021911621094,fdb79b4f-de74-4339-84e6-e8946aa61e4e,0.0,4867c002-699c-4b38-a662-e270cf59acaa,44.0,
101,2089,no,,,,,,,,,,,61a06e07-2794-4b01-8648-8679d6f624a0,45.23999786376953,
101,2090,no,,,,,,,,,,,8721e5e1-5139-4717-b68c-47ccdc88cc44,45.23999786376953,
101,2091,yes,256488bb-ab2a-4a19-8f94-68071d16b5b6,22.5,e0d28a1b-3b65-4b04-aed6-f148378d04b4,22.100000381469727,a87be072-f4f2-4386-9052-c28775193c83,464.9599914550781,e4c88e68-e436-44ae-9c19-89b109a40fd5,0.0,ba75d640-ba9c-4406-892e-ab550c696abd,100.0,1c8691f8-168b-4e93-bf21-0323c1e572e6,120.23999786376953,
101,2092,no,,,,,,,,,,,5131eb0c-f84b-4ebe-b6f1-3a2dc11a2bc1,118.0,
101,2093,no,,,,,,,,,,,09c7f464-ed2a-4f0b-905d-68847da90098,118.47999572753906,
101,2094,no,,,,,,,,,,,440a0b0c-78f5-42be-afdd-0ca1ff90e3ab,122.07999420166016,
101,2095,yes,4b1c98bd-56be-4133-9c8c-5e5daaadf1a3,21.5,baa01580-fe62-4733-bc65-58a5fd3aba07,21.399999618530273,5d95f3be-5f97-4a77-a95c-e826b20379c3,453.1199951171875,d434581f-e526-48d3-a2da-82d04b7d66ba,0.0,49fd534c-537e-46b7-ac07-8bde59cdcb29,0.0,043d05f8-61a0-4465-a36d-d2400c8bb44b,42.79999923706055,
101,2096,no,,,,,,,,,,,56decc34-0a1d-47ab-900e-93d95ddd3114,42.79999923706055,
101,2097,yes,f238d77c-e69d-4006-a3c0-2f59f85de76c,21.0,ee0de592-8e8d-49da-886a-552b6797890b,21.399999618530273,ce8b4983-f8ea-4e4e-8649-73071266d0a6,437.1199951171875,f34870bc-91af-465e-b63b-b4f66d3d8cb9,30.196088790893555,9ce36970-47aa-4d4d-87a7-3fed543984dc,0.0,99cdb672-2436-4b9a-8b3a-9e6ab8d989fb,37.459999084472656,
101,2098,no,,,,,,,,,,,75a50cc4-51ad-4c2d-a83b-21545709e31e,37.459999084472656,
101,2099,no,,,,,,,,,,,5d13ff12-f1bf-489d-af8d-131ceca86307,37.459999084472656,
101,2100,yes,e8c2ce3a-94dd-4f24-852f-4ab58588a93f,20.600000381469727,0651ff93-00ff-4141-9f76-30f2b73011ee,21.399999618530273,0e57f81a-7eb1-4122-960f-0947ddebadde,437.1199951171875,3e5408dd-9e35-484b-8cd3-f0ffccc18114,100.0,c95445ea-09a8-43c5-9ed8-4569d0f8672d,0.0,2d8d2283-5e21-4d9b-9896-03d7bc5f6e5a,35.91999816894531,
101,2101,no,,,,,,,,,,,0c6219bf-a85e-42ce-b7c8-bdec1251be81,37.459999084472656,
101,2102,yes,0651fc23-308a-4543-be61-55e79a805578,21.100000381469727,955f26d5-df53-427c-b44a-fe59f6a6abd1,21.0,9ecc50b6-33c5-4df2-8e70-cc77a1dfd44a,426.8800048828125,9ed25e3d-babc-4a48-b6db-d0c4eae9ce35,0.0,e4586057-7d74-4111-9920-2bfbb42f827d,0.0,56c1114e-8949-4643-8bd8-416e1fccb048,34.439998626708984,
101,2103,yes,6d5c651e-cec7-4d7c-8a5c-11e97cb5bdba,21.19999885559082,aae015cf-dd95-4192-a0ab-e8d598e9c9ed,20.5,03e621cc-5d05-4325-8c43-6e7781dd5eac,486.0799865722656,183e38f3-10b8-481c-9955-ca2e9d78a845,0.0,6be16973-ab09-4504-bc5a-d0ceb9b61678,0.0,d06d6037-e577-4ecc-8385-53d2cef992e4,35.91999816894531,
101,2104,no,,,,,,,,,,,f714e970-03b8-4411-a539-7d581fab8b32,35.91999816894531,
101,2105,no,,,,,,,,,,,febeff05-bb7a-4d58-a2da-ba7212ce574b,37.459999084472656,
101,2106,no,,,,,,,,,,,a1a5f715-2a4c-4590-a22f-82ff6b434d58,35.91999816894531,
101,2107,yes,4bd5a4a9-06d0-418f-a4c6-c5b3aea52da2,21.399999618530273,c2ce4d12-6146-4623-b336-2dd9119d2f0d,19.5,6f4819ed-f9ac-46d9-a4c0-bab33662f1ef,468.1600036621094,159fa046-4f2b-4371-bf15-5d843fedb05c,0.0,4c1ba679-7128-4d93-9407-cd74c70cd68e,100.0,658171fb-8de4-4ea6-bded-b2a66deeae09,111.36000061035156,
101,2108,no,,,,,,,,,,,cc4a2654-c330-4ea6-9a11-29c1e03c6c45,110.87999725341797,
101,2109,no,,,,,,,,,,,ed9c3321-0b82-4e83-bb3f-e9e46544ee24,110.87999725341797,
101,2110,yes,de91b1db-22ff-4afd-b822-2ac1e497f626,21.899999618530273,10d9ac9b-cfd5-4615-b1aa-fd2352649d54,19.5,7ececeaa-296e-40c3-8bea-911c078f2667,561.9199829101562,52fb27d6-848b-4417-a11b-4e86a8f903a6,0.0,07e33477-ca66-414d-9bbc-dee35961ebd0,100.0,70c501ab-66bc-4952-8dc7-bcbe3c5a86a3,115.19999694824219,
101,2111,no,,,,,,,,,,,57f20088-23b1-4e76-b499-ef5edbedf5a6,34.439998626708984,
101,2112,no,,,,,,,,,,,b4e7e5c9-575b-45c6-b5a6-87529dcfc13f,34.439998626708984,
101,2113,no,,,,,,,,,,,7d8f2de5-2710-452b-82fb-2b4b34dfa5b2,34.439998626708984,
101,2114,yes,7af94867-2785-46fd-86ce-0cadbed9e499,21.100000381469727,9555bcf0-4401-482e-84f0-0731e895b7ce,20.5,84078cf0-3edf-40f9-875f-73bb23ea7863,477.1199951171875,2b8f51d2-0b7b-44b1-9c9f-0d0eee7e4b32,0.0,49830219-1325-4866-9d64-a27195e87f10,100.0,cdc6ae37-7315-4859-afac-f02335760009,116.15999603271484,
101,2115,yes,c56915f7-ab04-413c-b56f-145143c7f85c,21.19999885559082,3bca0a73-f4ba-4eba-87fd-1564c1642e49,20.5,9ca62f28-1cf8-496b-803b-5cc31c8b4601,511.03997802734375,16089dec-80d9-4664-a280-ac0ea1ebc6f4,0.0,3ab089a2-6689-47b9-94a9-581bae31d208,80.78433990478516,fc4e4f34-8e95-4948-a99f-3a3b8c767c1d,103.83999633789062,
101,2116,yes,e3fc54d1-06c1-43f5-bcdc-b9f33f9be1b3,21.0,d407d949-1691-43da-b28e-82f2ab7fe30e,20.5,b901211c-bc35-44bd-bd7d-8c28954385a1,536.9599609375,1d3322b3-a159-4e6d-a61d-fc334adf9aee,0.0,1c63101f-3e58-4bb3-89d8-c9606bafd423,100.0,568c0009-e1b8-4d0c-b5bf-69480d8c8526,113.83999633789062,
101,2117,yes,e1957d0b-f294-4e84-9d53-af5c866fb421,21.299999237060547,3eb22a57-7b65-42f4-b7cd-85fd00657929,22.5,9aaee4cd-87c9-4fc1-bd62-eb0895c69304,680.9599609375,b3cfcff5-8c57-40ba-9ded-143343248912,100.0,b96a3e6f-f27f-4fea-b730-28f119b3d8e6,0.0,23f773c6-cae2-4475-8b86-125eda1f76e2,101.27999877929688,
101,2118,yes,6d7d8e82-888e-4a30-ace3-fe34fb92ec05,21.899999618530273,cfa7dc4d-67f0-4e4b-8a83-a0670fc66b3f,21.5,374ec71f-337e-4830-b844-727e0fa5c784,666.8800048828125,556d7262-c6ab-463c-8ccd-dbab2b63feb7,0.0,e74ca494-44ca-488a-a281-4d8d0a350cb2,0.0,5cc0bf6a-d64d-4adf-aed0-559c214433cd,85.68000030517578,
101,2119,no,,,,,,,,,,,b1ff6ad3-529d-4586-8bdc-09ea3189a7c6,86.87999725341797,
101,2120,no,,,,,,,,,,,727e5d2d-a281-4877-a18e-809aab71a9a2,88.87999725341797,
101,2121,yes,8a3f6922-07f3-4863-9285-caec45dfd3bd,21.69999885559082,ad2cc7c6-5e24-4497-95e0-9bd5b4b1b2a9,20.5,c4e48940-f9db-4add-a459-7603dea3f1d5,578.8800048828125,5c8a4efa-ed76-4f5b-b95d-66340623dbb2,0.0,2de43d14-93ad-403d-ba1d-79a9511dabef,100.0,dabb238e-4532-403a-8741-0ecf3a3b20fd,228.63999938964844,
101,2122,yes,539db96b-1ffe-45f5-b42e-e62fbd490fc4,21.100000381469727,53db48ee-dc5f-4bd6-bfca-09e0c6729c0b,21.0,5b5763de-ef94-4361-a5c9-ef6a2cba3032,506.8799743652344,6c279367-3d7d-4697-a7da-8f2eca5be509,0.0,13f6acdc-b9a2-4aeb-9ad6-97e1cba8d09e,0.0,1581dc24-d7eb-4884-9252-f91098d8c16e,46.39999771118164,
101,2123,no,,,,,,,,,,,59d15afe-910f-457d-a14e-630e49e8944a,46.39999771118164,
101,21241,yes,0358343f-6edc-43e2-8793-787af2000abb,21.899999618530273,c0927aed-f282-4245-857c-1c88063c2f2f,19.5,bb8618c5-6b09-42e6-9d1f-5f09428791be,464.9599914550781,c155f2f1-6943-40bc-a9fe-0e6f7fbd5daf,0.0,e8f80bfc-1184-4d11-a92d-db4bade93d8c,0.0,40421596-6b64-4227-a677-b707c4cb4928,29.3799991607666,
101,21242,yes,52589005-c131-434b-995a-422d7b8cbd9a,20.799999237060547,022edb99-ca55-443d-9afa-2ee3c3abc9e9,24.0,194d8193-80fb-4b58-81c8-eba362d88a31,440.9599914550781,f2a8a11c-53c3-486f-a639-5776d87d9e6b,100.0,8841e359-1ee1-43ec-9e0a-93889faa3fec,0.0,46979eec-328d-4f5d-ba9d-75189fe217b8,77.23999786376953,
101,2125,yes,575c9969-e182-4928-acde-b5b35eed6781,20.69999885559082,20c58ce6-a5af-4636-8c05-fb9ae0d2982d,24.0,7f902b2a-2b64-4d09-9895-26fc042e4e47,472.9599914550781,3498b0c3-f651-42e0-acf6-1eac888ae837,100.0,ac0a357c-fbb0-4990-948f-aaf33847c0ab,0.0,005bfe8f-18d2-470b-a267-be87262d52d7,46.39999771118164,ce09184b-4b8c-4c89-adc5-23eea5c0b1c5
101,2126,no,,,,,,,,,,,9d58fd81-b441-4436-a569-ae4e24d7bfb7,32.73999786376953,
101,2127,yes,1b5439bb-69d3-4b4d-ac89-c26421d90ec5,21.399999618530273,dd8e40a1-8a69-4da9-ab97-46e0abe77284,19.5,959c1f96-da7c-4d93-9874-70a5adca6bba,578.8800048828125,8e2a551e-6fa7-4cf8-898c-22fd11e90965,0.0,d5d039f5-88de-4adb-a821-3c3dc5a25113,100.0,f60d217d-bf45-42e8-ac82-e96bfe4786d4,118.47999572753906,
101,2128,no,,,,,,,,,,,d1062bd8-c78f-46df-a91a-106b7e42b8d0,116.63999938964844,
101,2129,no,,,,,,,,,,,38bc2cbd-5036-44c0-bdf8-a3ad6826627f,114.72000122070312,
101,2130,no,,,,,,,,,,,113e2ded-0e42-408b-a78e-0c707b06424e,112.39999389648438,
101,2131,no,,,,,,,,,,,b96a6090-0cf6-4d65-9a93-a469a18c2832,116.15999603271484,
101,2132,yes,8e8354e2-8328-4603-832d-59d3d1760ddc,21.399999618530273,ee6fec2e-5d2a-4d3b-bc83-d7b11223ebfc,19.5,320597b0-f133-4f9c-a924-0404d766ae9f,495.03997802734375,77fb17cf-98d5-4625-948e-cb468b79559c,0.0,eb54909a-dfb4-40fd-bfbc-989a4122feb4,100.0,c98107d0-c308-4be1-910e-4363808b195e,107.91999816894531,
101,2133,yes,8657514d-2edb-4972-abcd-80abba90b5fb,21.899999618530273,729144c5-d66b-4266-b723-e2184612a2db,21.5,7860e5e6-34b7-4f1d-bc83-279bb82a87b8,552.0,1553b41a-8d8a-4b0c-a5eb-a68a0aae43f5,0.0,a8fd866e-8c5a-44f6-a588-36a734c3edf8,0.0,26be67c2-d620-433f-b4be-9437a8456940,37.459999084472656,
101,2134,no,,,,,,,,,,,8b64c9f4-3aad-4c75-af1b-7a1df02d00a3,37.459999084472656,
101,2135,no,,,,,,,,,,,b91c7d10-e2c0-4c6f-8633-941624204384,35.91999816894531,
101,2136,yes,b94fdcdc-6e3e-4bfe-a603-df3bc855bc27,21.399999618530273,c5a0906b-73f8-4dd7-ada7-ce4908486767,19.5,933fa7f6-4888-405a-aa3f-e31a3e39264d,472.0,424c44d8-9442-46ff-9797-3c77698d3f9d,0.0,1c83a39a-2038-4166-a50f-b2e0b67a0763,0.0,038c1154-ea70-4a8f-a8e8-29f4905ef874,34.439998626708984,
101,2137,yes,82c5d92c-b6bc-4136-839e-e4d3277b15fa,21.399999618530273,de1b3f55-2cb3-47dc-b359-e5a35c45fab1,19.5,a1270404-95b5-4ed6-b274-c6247dec97ee,616.9599609375,5f0fa3cb-b038-4f37-bf0b-0b436871c814,0.0,0193c001-d99a-4047-8631-9e75a77abc8d,100.0,84d3b7d2-3b99-4c2b-b55a-c3c1d923a652,116.15999603271484,
101,2138,no,,,,,,,,,,,0fa31e4a-e6cb-410c-a441-6010b87d833c,114.72000122070312,
101,2139,no,,,,,,,,,,,779519c1-33bf-44d5-a82e-3bd45d4a532a,117.04000091552734,
101,2140,no,,,,,,,,,,,1bb414d1-8fe1-4ced-8d03-d8230e0a8f01,115.19999694824219,
101,2141,no,,,,,,,,,,,4c8d3389-03da-4760-8cb5-294bc5c61ff3,115.19999694824219,
101,2142,no,,,,,,,,,,,9002e959-a1fe-4627-886f-83c0831b3cab,113.83999633789062,
101,2143,no,,,,,,,,,,,b06ac1b4-03e8-4809-9673-0fb2d125a5c8,117.04000091552734,
101,2144,no,,,,,,,,,,,58c69aaf-978d-43a3-969d-876aad2be1ab,117.5199966430664,
101,2252,yes,5d6240ec-2160-44f0-8535-123201182a48,22.100000381469727,96af5ee0-5953-4900-a28c-1e54bdbdced7,22.0,7df41bce-3e31-460a-9ec3-2fc1648dc771,473.91998291015625,92d68feb-5f8b-4921-8d8f-e1b35d5c062d,0.0,c01edd60-82a1-4060-a883-65a8868ac859,10.19608211517334,b6b8ab84-d63d-4bcf-a9e5-6279fa1289e4,170.0800018310547,
101,2253,yes,23ee0d89-b6ee-49d9-961a-3bace409eae1,21.0,15e5c671-0656-4e1b-91d0-eefe12237b05,21.399999618530273,dfa4e9b3-f15d-4cdf-954a-119d3ba1fd58,434.8800048828125,45d011b0-23ce-469f-88ce-56731af927c4,52.54903793334961,1eca538e-383a-41bf-9a57-a3f4ef6d376e,0.0,ed69362b-e9d4-492b-8ba5-38cbb7f1bdec,152.0800018310547,
101,2254,yes,b4425486-bb81-4147-9d92-a8a10c4f4a59,21.5,790b8a77-d16e-4c8c-8192-529ab1df7155,21.5,01bc4c34-6fc6-4222-8432-c33e603f00bb,506.8799743652344,f3de104d-2ee0-4ed2-9e30-a22c4eafc03f,10.19608211517334,0a31fe48-729b-4f7e-aa71-1c42c0bff12a,0.0,e5ed1b87-82cd-4540-ae4d-868fe44e11ff,152.0800018310547,
101,2255,yes,723f86c5-c942-4d78-95a8-889937131da4,22.0,2476c909-32a9-45ee-b4fd-3027578d5c5d,22.0,6680cef7-f2e6-4643-ad24-c3ccf4585085,512.0,db247ca2-89d8-45c9-b01a-97d4bb926f7e,0.0,b9b9b8ef-7982-4944-b444-b96a6756a64c,0.0,386e5fa1-803d-4752-b1db-5c0e6794b2f3,164.47999572753906,
101,2269,yes,b9e0694b-2db3-423a-b776-4915a31f09f2,22.100000381469727,0bbe4032-fd77-4f7f-9ac6-a815e2166892,22.0,2b377291-c58b-4271-a7b0-f30ebdbd6d20,495.03997802734375,ba7e1fc6-81e6-42e2-b466-b3d8d59f8d10,0.0,92d81eb7-a711-4a87-9725-7bff6adc9214,10.19608211517334,33c2a4c0-ad8e-4580-8988-7fc47d1f093e,437.7599792480469,
101,2270,no,,,,,,,,,,,,,4f3e0fe7-9f62-4fc7-bb8d-89d4b430fc31
101,2278,yes,1a89cd1b-63e7-4875-8e4a-7f60b59fc1a1,21.899999618530273,fc6b5189-bdd1-4f01-8868-7ecc77b45774,21.399999618530273,6e35970f-ca8a-4bd1-beb4-7f2d2bbf2d3f,465.91998291015625,e620ca9f-cb17-4e93-951e-ca968988cd37,0.0,20677d37-4bef-41e6-99a8-de9cdda0af90,0.0,b9744889-3ae3-453c-b03f-542ebba74411,152.0800018310547,
101,2279,no,,,,,,,,,,,,,686d7f8f-f62d-4661-9e8c-40d5fa8da038
101,2280,yes,b0defd05-2d91-45a1-a461-cc665fc47d12,22.5,d46b32d4-53ff-4a8e-aa6e-0b8ca6fbc516,22.0,acacd82e-f637-4663-94a1-8f4d1454fef4,620.1599731445312,37b96f5e-bead-4e69-adfd-3083f8f0ebc9,0.0,a61b3ecc-4726-4fb4-bc16-a557cd0111d8,25.490203857421875,6335b305-e4c8-46ea-b2f8-d40093e2ad1d,240.79998779296875,
101,2281,yes,9d69c6d5-8c0f-42a5-9988-4d94afd8f270,21.899999618530273,3f01d51f-96d5-45cc-b99f-a067b5b51669,21.399999618530273,74727409-801e-460f-a0e8-d0884ac3ec3f,465.91998291015625,f27b4b9b-2478-4d9b-a25b-e34e9d6c766d,0.0,02a68d99-f422-42d3-9dd5-6d07e2bb8f67,0.0,188380b2-7a58-4101-b0f1-f609c920b664,152.0800018310547,
101,2282,yes,a4ee19f3-e067-4d22-9628-65516dd6c8dd,21.299999237060547,51cd5c5f-9dc3-4103-9648-55ca4785ba59,21.399999618530273,dff46c90-7699-4b4c-8f87-f2a597e90566,460.1600036621094,2e297e3d-0c4a-4f90-824a-3a64c028d9e9,30.588245391845703,f6906456-8651-43f3-a862-bf1a155079c0,0.0,1b27af42-b891-4f1c-bed3-22221897e8f9,152.0800018310547,
101,2283,yes,4b6f61e0-88c0-444a-be45-b6b820c9cd0a,21.100000381469727,15e987f8-cdce-463f-bce1-b9136528bb81,21.399999618530273,95656807-771c-4bd9-9de7-9597662906e8,437.1199951171875,65d4a414-af76-4747-8663-5c8d0ab4a1c7,15.294122695922852,169536a2-7d8a-464f-9b3f-cdde9a80853d,0.0,a7d727b7-b0b6-444a-a5eb-132e8f62b7dd,145.59999084472656,
101,2284,yes,02470428-673b-4f94-834b-831904a17b8e,22.0,bb3fb699-8605-43c9-bc5d-709fa5839bea,22.100000381469727,b9ecb5fc-9db8-4f05-8c08-7b4f98b61565,447.03997802734375,0d174e74-7e13-42a9-9236-5bcd30cda820,0.0,d169f205-3168-4fd0-9493-66fceb3315ca,12.549023628234863,114ca108-1f2b-4104-b217-2250a3bb039e,196.47999572753906,
101,2285,yes,c096fb87-6234-4b58-b87f-d27d8f661fd5,22.600000381469727,9fca6e97-ebcf-479a-993c-9a0631616e96,22.100000381469727,ac37a4c0-a944-4d28-a0ac-7a6bdb079e06,440.9599914550781,5448bd22-cb07-494f-bc86-42e1099e144c,0.0,e8401b0f-e3fa-4958-879f-53c61fe7e0b0,13.333337783813477,f3cdcacb-ce58-4fda-8580-feb0d25f5a18,236.95999145507812,
101,2299,yes,0c824338-e7e7-4723-9614-4fca06de4e44,21.799999237060547,294643d3-94fc-46e2-b81d-98f312f5b370,22.100000381469727,89bcf6f8-87e5-42d1-b5d1-9fbde2e4711d,426.8800048828125,c5ad8fc6-4ada-475e-bea0-e9bd20267017,0.0,8dff84ed-612d-4dbe-b701-3f210eb286a2,33.725502014160156,53884866-aa01-4757-8fc0-f2100c4949bf,274.7200012207031,
101,2303,yes,e49005d0-f5e0-4856-9ccc-e1c2b41db927,20.19999885559082,e8fc99c0-3bf8-4cf7-9032-bc4dcfdb2a41,20.5,15109408-7d73-451e-b858-d22615c6c0e8,425.91998291015625,b4b5ca63-c30d-43b4-b168-48b4e5f4bc20,0.0,3be550ff-a8ee-484e-8cd3-500545a0403a,0.0,6bff9687-a894-4827-92bc-8886af4e08cc,164.47999572753906,
101,2304,yes,c6212973-c9dc-4456-87a0-c181fd4a8db1,22.799999237060547,811fdbc9-6069-44e9-b340-c3cd94b62aad,20.5,6d0ab34b-0876-4d2e-b6ac-04e13632b59e,447.03997802734375,4319bb8f-9768-49e7-9ca5-5f523cdf554e,0.0,95fee960-2ba7-4ceb-a483-2fce8cd7d4be,100.0,0762e462-1e11-4c05-aaed-cb52797f61a2,213.75999450683594,a4335d30-1190-4450-9d49-ade8b4d45d4f
101,2317,no,671136dd-28ca-4624-8e41-07cb299f2206,22.299999237060547,f30a99fe-ef8d-4524-85d9-f21ad528a85e,22.0,277bc9f2-b100-4454-add7-28ef042ad40d,501.1199951171875,ffd04b82-bd38-47de-9d8c-21d9a29664ae,0.0,0395d5ff-3580-4612-8651-de22223c5616,23.13726234436035,,,
101,2318,no,,,,,,,,,,,0ecb31d5-5041-4ce0-aaef-31bbc4a1c0d0,191.51998901367188,
101,2319,yes,5ba6bd97-417e-443f-b134-248c2302a697,21.600000381469727,5f849fa1-aaaf-4073-ba5c-294e224e43ef,21.5,ac817b95-d801-49fc-9b3b-ba5f207be5d5,508.1600036621094,5062db45-c550-47b6-8995-7853a1a8c12c,0.0,9bd901a5-2fd2-47d2-bc97-8f0000a4e848,10.19608211517334,edfaa2e3-cb8e-4a47-9015-075d51991987,164.47999572753906,
101,2320,yes,7babb278-3842-476a-b514-7d7b83ef5b4c,21.399999618530273,f7f137c8-a935-4b08-b498-3632bdf6f38e,19.5,b80e05f0-1783-418f-9f5b-d5594624c599,509.1199951171875,6228bf36-ad67-479e-9ca8-d116db0af638,0.0,fb8d8a19-9a7e-4cec-b836-636e9da6c353,100.0,d8396674-56e2-46ea-9d7e-e79c458055ea,499.5199890136719,
101,2321,yes,fcfca86f-fdec-422b-9cc3-5f02f37890b2,20.69999885559082,ab5a990c-c7ac-4281-a33d-544e85f9777d,19.5,16bdd7f8-eae8-4c93-ba05-1f38d469652b,482.8799743652344,c3e41580-bb5b-41b7-9e3f-0d597a5221e9,0.0,f9ea3259-b24a-45eb-85b6-e26d1d476316,50.19609451293945,af3ef350-11c6-48b9-9852-ec327a66a40e,267.3599853515625,
101,2322,yes,10a2aab4-2caf-4fc4-a359-4fbbad859e9a,21.100000381469727,69bef9c8-b10b-4087-b847-bdfd32ec9efc,19.5,a846142f-2cf5-4b8b-9f20-4ee3fe76a3b2,526.0800170898438,9b21e9da-949c-46f0-a4a4-e404041632b0,0.0,9e573039-153f-4a72-9b45-e63d3941039e,100.0,26460674-e3ca-4a60-94d9-5338585c6358,236.95999145507812,
101,2323,no,,,,,,,,,,,a32cb6c6-5696-4144-84d3-1623de8e7e74,1587.199951171875,caded959-ad92-4bf8-8dbe-5ef08d0385ad
101,2327,yes,e4da2863-4cfb-4e23-8408-98fb2a39c17a,24.19999885559082,c11593de-2d80-4801-822c-09b219a7b92a,22.5,45bbf166-4f92-4ca1-96d9-8b8ca496f654,534.0800170898438,67033303-8d06-47fa-97c4-14af84cfbf3c,0.0,6cf40c86-b336-41f3-b55f-9d82bc4bee1d,100.0,8e839d32-db71-464f-8c11-7b1c13a99c43,232.63999938964844,
101,23341,yes,5ef9690b-41f0-4d25-9b6f-5e25f6111c6d,22.0,d5e02f65-308b-4a6c-ac2b-59bbd2123bcd,21.0,7446323e-2316-47fb-8880-55f82adda3bd,457.91998291015625,7eb43696-b689-4cb6-91e8-ddb9ab300dcd,0.0,976fa98b-2435-4f11-a4e0-67838d41edda,0.0,146dd0ce-8d59-4e4b-93b0-cb5b9046fd44,31.099998474121094,
101,23342,yes,d694c8fe-9460-4df0-bbf3-5bac62235ff3,22.299999237060547,87d2783a-10d9-4670-b15f-9c354618b934,21.0,bad956c3-84a5-47e1-ae89-f65a7766b477,457.91998291015625,cc814b03-c396-48ec-ab5e-e02d9bad0539,0.0,73bf4d68-ef66-4c29-ab0f-02c8d7543986,0.0,fd13bd21-0c57-40d1-9248-9524438ad37d,29.3799991607666,
101,23351,yes,a8c06403-97a1-47e3-ae39-edf26aa94370,22.299999237060547,22a786d7-3449-477b-bf18-3fe0e63697eb,21.0,ef344451-035e-4d67-b5fb-b3f85448064a,433.91998291015625,7341e1a3-63c2-4333-b4a2-51089652842b,0.0,4d1d6d5a-3520-4fe7-b23a-e6ee923e556b,0.0,7cce3520-6fdb-4ea8-8728-63156d89cd35,29.3799991607666,
101,23352,yes,c90685c6-c615-4f3c-8470-b009f409b244,22.0,a694605a-97d2-468b-a16a-e91beae35250,21.0,5dce00cc-326c-4a4a-99b8-7c0d94cdd785,440.9599914550781,faaebb2e-632f-4f8e-b62d-d3c40630e6be,0.0,668d29d7-3a97-4177-8994-950f73d5f61c,0.0,782cad10-165e-4f93-93fc-07a8a446b780,29.3799991607666,
101,2336,yes,d47ab6ad-2de7-4a96-bd28-50ea1adeca5f,21.0,d6781c77-dfc7-43ec-854f-f911c82e9949,20.5,951c3693-e611-47fa-acb0-630000244c91,442.8800048828125,1db5cf37-2fc1-44b8-95a7-9518ccf1e98e,0.0,d8dd9950-04fd-4a01-b407-5bf0a7e94c9c,20.0000057220459,b6dcdabc-37d5-487c-95b1-57d9040237a7,288.47998046875,
101,2338,no,567f3f87-b542-4278-ad41-8105ecdbde2d,22.299999237060547,8db7c26e-00c8-4100-b366-e2b0c198471a,22.5,90dde232-0cf0-45d2-8b90-7623a9b4b156,514.8800048828125,13d7421e-78a2-4301-8a1f-25cc81e6b69b,23.92157554626465,f1877870-9b6d-4b16-a45b-fc559f0d447d,0.0,,,
101,2429,yes,00a94490-7ab6-4e12-b43d-dbf8323b8af9,22.399999618530273,12b32351-4dbe-48e5-a539-9eed9aee0137,22.0,e95d7a99-2131-4251-9ad9-451a315bf274,492.1600036621094,885db312-402b-4b61-8208-f9e471fc4849,0.0,21dc1c42-a216-47f6-97ae-06687335c38a,78.03923797607422,93a2a627-3045-412d-91dd-b16c50df3d1a,95.75999450683594,
101,2430,no,,,,,,,,,,,b12ccae0-f4ed-44d5-b9bc-1c6ddbc8371d,99.1199951171875,
101,2431,no,,,,,,,,,,,3a445a35-91e3-453d-b7f7-81300f3ca4dd,96.31999969482422,
101,2432,yes,1ea43950-6880-475e-910a-b7ac244d9886,22.399999618530273,d4f3737c-0313-411d-be05-34fbad032179,22.0,22785e5c-f105-4ae9-935c-063f8486fde7,468.1600036621094,b6a20814-e726-4d1d-897e-b769b34512dd,0.0,dcc3bb4b-a2f7-4222-ba88-4cb5e5dabf54,47.45099639892578,1f6f956c-166e-4505-81c1-ff675274e30c,77.72000122070312,
101,2433,no,,,,,,,,,,,33ff7c71-b0fd-47d5-bbac-513b84171c51,77.04000091552734,
101,2434,no,,,,,,,,,,,4309f901-6774-4b77-8ec5-3304c8180787,74.19999694824219,
101,2435,yes,3446c9af-150b-4299-90df-046551faba9c,23.100000381469727,9eebd1f7-2058-4037-9127-4a7f53e7ae25,22.0,af858971-8011-40e7-9581-c8e17c38516e,461.1199951171875,4f17bfb8-c83f-4ceb-b704-fd63c37156fd,0.0,d0b3a6ce-6c0f-4f9a-9a22-d38732da4296,100.0,bf3ca7d2-6120-4091-93ec-6d11d7a4e179,117.04000091552734,
101,2436,no,,,,,,,,,,,b60ddb38-d108-43ed-9467-2e5a9182e08c,116.63999938964844,
101,2437,no,,,,,,,,,,,c85c9f22-50d4-457b-a606-7e387a0d5698,110.87999725341797,
101,2438,no,,,,,,,,,,,ddddbc32-45ea-4196-9cb3-80743b8c9d35,115.19999694824219,
101,2439,yes,47a87768-6a3c-480b-a4e5-819b4c5d0974,23.19999885559082,17a15ea8-9a57-4ca8-af9d-ba0886ade890,22.0,84f32daa-fa92-4853-bf01-9860c8316df1,597.1199951171875,cb899a7d-7443-4a87-840e-8170d34b6925,0.0,80f7625b-301a-4902-908b-9d62fca51a09,100.0,7e4ae2b3-3821-421c-b5b2-e1e4d94143ca,114.23999786376953,
101,2440,no,,,,,,,,,,,c4316f75-d0a1-42b2-86ee-157c28235771,117.04000091552734,
101,2441,no,,,,,,,,,,,7ea6c57b-62e2-419b-848c-e74c207f92dc,119.83999633789062,
101,2442,yes,f055a80a-1079-4bf8-ac50-7895d98621fc,22.600000381469727,dd048666-9235-4935-b663-74e76e735754,22.0,ce1cc76f-0d17-4b06-8134-3039e5c155d6,480.9599914550781,e439fa1b-5ba9-4f2e-b4a7-0129ffc60c80,0.0,584823c4-7bad-40e7-ba9a-87cee3e8fec6,68.62747192382812,4d994559-dece-4997-8bba-a52b7bd50fd9,92.87999725341797,
101,2443,no,,,,,,,,,,,db80072c-bbcd-4bfc-9b8c-0d67879381c5,92.87999725341797,
101,2444,no,,,,,,,,,,,e3ce8baf-6ec0-46d3-a7f4-9b8abff826fa,90.55999755859375,
101,2445,yes,43b1abd5-b580-4276-a886-fedf2755d41f,22.600000381469727,8c8a6944-758f-4d7c-a858-54579a2e6fae,22.0,6e938b53-35c7-4f0b-a145-313858a8b524,538.8800048828125,ce935112-6696-4bfb-8c9e-62db305659c3,0.0,59dce63c-1f58-439c-b8a9-85eedcf88946,52.941192626953125,59415a9f-dcac-4703-ab9a-671ae59d81cb,77.72000122070312,
101,2446,no,,,,,,,,,,,ab059e4e-31a7-46be-b880-8c4629ff6779,77.04000091552734,
101,2447,no,,,,,,,,,,,11d030e2-3ecf-4ec6-a7b0-7ebe1344bd6e,77.72000122070312,2ec4a21e-325d-4704-90da-fa8b16521f7e
101,2448,yes,73cc370f-18d2-4024-95c5-a17029ee9306,22.0,03f36ad4-4b7e-4302-9efb-6fb7fe5825b8,21.5,d63fea25-05e8-4ded-aeca-207be19a3bb0,511.03997802734375,05851b45-3ac0-4372-9504-2c37dda03a1c,0.0,5ff6aaa9-7667-4110-b43e-269f9d8bb3db,0.0,3e145570-814d-42ce-89b8-8d7ad163ab6e,42.79999923706055,
101,2449,no,,,,,,,,,,,e16e2437-3d8b-41a8-92b4-c071a764b105,0.0,
101,2450,no,,,,,,,,,,,2a9343f5-6b24-480b-b0cb-14157652826e,35.91999816894531,
101,2451,yes,96fe2b58-b918-439c-8b9b-2f3799948c35,22.399999618530273,508bdbb7-e44c-4f30-bd7c-18b57cf4e9de,22.0,0606cc92-dc07-4a0c-b373-95e3a2b04267,560.9599609375,9329d374-d476-4bf7-b9e4-d9566e65a669,0.0,c16680c8-4bf1-4661-baa6-c3b2de719588,33.725502014160156,215812ee-c2ec-421e-86f4-9de22ec25bcd,58.7599983215332,
101,2452,no,,,,,,,,,,,f1a8130e-2d6f-4cd9-9e26-08ec56245379,62.279998779296875,
101,2453,no,,,,,,,,,,,dce00308-d7dc-43af-a5d5-97720315d168,64.0,
101,2454,yes,f8481364-39fc-497e-9933-d5a3c136b2a6,22.299999237060547,0df0f3f9-b909-4c36-a2d3-dcbe3f35e549,22.100000381469727,4693f120-906b-445c-a8c8-761cabe86476,415.03997802734375,ced6af75-71ec-435c-8d0f-fb739b82cb3e,0.0,cd6b6381-ae9f-4a30-8b8f-bc6aa162154c,30.588245391845703,ae1f9693-4f79-4c89-929e-823f655990f0,60.55999755859375,
101,2455,yes,1c06ae19-8a5b-490f-916a-7142ab6c0bb2,21.899999618530273,6ea0fd13-3d68-4321-b6ea-47f01ad892cf,21.399999618530273,4d212e2a-5b32-461e-87a3-36e123109ef7,452.1600036621094,ec6bfc95-d586-4af0-b006-21d30a41fcd9,0.0,15dd3edc-8bd4-45d4-8ea7-37ae108a9508,0.0,9fa5810c-14ae-4d75-8121-250af316e57d,35.91999816894531,
101,2456,no,,,,,,,,,,,d6170678-18c4-4fc9-96ee-44a5f39dbc7f,54.91999816894531,
101,2457,yes,1b475344-1640-465f-9044-c6709a1f9f92,21.899999618530273,93e06205-576e-4cda-842a-ca3af46f05a5,22.100000381469727,e727e3cb-be2d-46f0-9fa7-58f59dd968d9,456.9599914550781,4333a79c-939b-4b61-9942-4a6d5cde05c0,0.0,db8fb41c-176c-48f4-ac86-4abb0574b8db,9.019610404968262,c7055663-48c1-4121-abd0-988a22fe93b7,44.0,
101,2458,no,,,,,,,,,,,61e8a443-6f5a-4f77-85c5-a08e333cb9e7,47.599998474121094,
101,2459,yes,f8801365-53a7-4756-8a11-5e5b4d28dc32,21.799999237060547,9d57596c-57d0-4e0f-961c-42d43629d081,21.100000381469727,33fcad63-94a8-4155-922b-c8f65182656b,442.8800048828125,d52e2b70-d6e5-4d71-aba3-d5cfad07ef26,0.0,748528f7-cdc3-4451-9791-27347c2b7a28,100.0,893a0d1c-42af-4f97-ba2b-5b1512834f7c,114.23999786376953,
101,2460,no,,,,,,,,,,,f57b5c85-3120-45d1-9384-75ad43093d74,115.68000030517578,
101,2461,no,,,,,,,,,,,6fec42f6-579c-4fe8-8bac-3ebc108484b4,114.23999786376953,
101,2462,no,,,,,,,,,,,c219931b-0e00-4a37-8812-d6d3b24cf758,111.36000061035156,
101,2463,yes,16ab1ca0-7a58-4b50-8db9-a397b4766130,22.600000381469727,e440131a-0248-4383-bf4f-3ee1aa6b8f11,21.100000381469727,b326423b-0c77-4433-877d-568f8c4b652f,476.1600036621094,80c85ebf-a512-413b-8470-b38528df65fb,0.0,7c0bfd1b-b739-4bc2-974a-d1a4b5654cb6,71.37257385253906,5474d8d6-847d-4428-a43d-1939048f165c,95.75999450683594,
101,2464,no,,,,,,,,,,,a69d870a-246b-4fb5-97bc-3c4a568613a6,95.75999450683594,
101,2465,no,,,,,,,,,,,022314aa-4007-4e90-8dfb-8b276ea16c01,96.87999725341797,
101,2466,yes,f9f1edf5-0020-4fd3-b0c5-1b6250e648be,23.100000381469727,5257f3fb-b5a1-4a7d-8d0a-840c278127a7,22.0,6296afc5-b444-4173-99c6-dece67672411,508.1600036621094,c5f54676-ae27-4a45-9546-08113e7d4aec,0.0,9046b34a-a2bc-480d-9db2-17503887dabc,100.0,191b0ae3-13f4-4aed-9874-5a449e73ac39,111.83999633789062,
101,2467,no,,,,,,,,,,,a16aa197-4085-4c89-a041-11870ab93ee1,111.36000061035156,
101,2468,yes,6ec95b0e-9fb8-4181-a5a7-c821df58f7ce,22.299999237060547,228dfdad-67a1-40a7-8b5d-88c4e935a4db,22.0,48d672cf-445b-4285-a7be-21a973e01c90,472.0,885c758e-befc-42a6-a243-e1e15e5fcea2,0.0,e944fa6a-de22-4a82-b707-90e5f1d3d52a,100.0,e3a5472f-8d36-4bd2-8981-4bc90a3844d3,119.36000061035156,
101,2469,no,,,,,,,,,,,8988d602-9956-48cc-afab-df95d1fa0101,118.87999725341797,
101,2470,yes,07a26a9d-be52-407f-9a01-f329ab0b6802,22.5,693c57a0-8d54-4372-b7b6-77c6ac48da1f,22.100000381469727,1f367411-75e0-4204-9d5a-6ab563e88789,480.9599914550781,2ed8a364-6231-482f-a5c1-4edcf4f9e5a1,0.0,3a3b035e-f9c3-4ded-9acb-3b4a80ce3034,54.509822845458984,3efb184c-c943-4b6d-ba99-e76b4a104724,77.04000091552734,
101,2471,yes,ea359ea4-822a-4b79-b735-970ba910c9ff,23.0,2fbd8fc9-e767-4685-a39c-95a2dfd23130,22.5,2033c13d-72fe-4f34-9745-5514ab8a21dc,648.9599609375,8a394e8c-42b7-4978-952c-7b4e5102543a,0.0,422ada76-0c7f-421c-bf1c-e191e163472b,26.274518966674805,1346de4c-3378-470f-a8a9-d2d98f16418c,100.72000122070312,
101,2472,yes,a26c29bc-fa42-40a8-8ed5-e385260c2e4e,22.399999618530273,086ca0aa-023b-4b74-b29d-361ea0174963,22.0,978c028b-ea61-4e34-9c4a-8805f5f18651,535.0399780273438,ce808425-8b15-4515-a5d3-66d220cdaeb0,0.0,92d9bfe3-73cb-494d-acf4-c542ce71e72f,20.39216423034668,5eb8c8c3-8fb7-4986-9a22-481f87aa12d0,51.87999725341797,
101,2473,yes,6766bd1c-5492-4a7a-8d22-1122ec48ff76,22.399999618530273,87b5fa83-e02a-463b-bbff-223651d9b774,22.0,3292b490-753f-4d25-8336-d41d13ac6717,589.1199951171875,8438f74c-55e3-4349-baf8-511ef4bf49da,0.0,3e24fba7-7f30-4a1b-94d1-4cf780ebb47f,40.78432846069336,85120ea3-f48e-46b6-89a0-fd77eacccb73,68.87999725341797,
101,2474,yes,b83aa66f-2a18-48da-986e-ea1bb2bf359f,22.19999885559082,0e2faeeb-1580-45f7-89d6-58708bee9dfa,22.0,1d79c88e-948b-4f92-8a3c-5aaa64b42025,504.0,b81933b7-09fe-4266-9d75-b00cc77aed5d,0.0,66cce0fe-0940-4baa-91ba-d3d3beda48be,11.372552871704102,d2efd933-fa06-4d16-a6cb-13ea54c88b41,46.39999771118164,
101,2475,no,,,,,,,,,,,963ff0d4-4e8b-492d-b20a-c4162ce9cf52,45.23999786376953,
101,2476,no,,,,,,,,,,,0f35b093-ee43-4176-90f5-72182570d25d,45.23999786376953,
101,2477,yes,76c5cb9a-7cab-435f-9189-7a74eeca82a3,21.5,abd06735-4783-49e8-96fb-35ed31e8fb2b,19.5,90796242-b696-4625-8980-bdb13196d62a,556.1599731445312,175898bb-00db-4754-bcfe-1d7ef1bd3f7f,0.0,f6c72c7e-8491-4f1b-93e1-b42c89ec9c80,100.0,d93c6b54-5b09-4b85-a94c-adad3dcce0d5,201.44000244140625,c233af35-c679-465c-82f5-c24b51acf54e
101,2478,yes,d54fd7be-0a49-4774-8a8c-b16d3075ee2d,21.19999885559082,981a4455-5aa2-417f-87f9-5a2a39afe5a4,19.5,d3241bc5-b2a2-47fb-a661-b0f326558cac,472.9599914550781,2ae989a6-4611-46d4-aef1-e1d3d2b44ce1,0.0,4f453400-556b-4cae-be0a-d110e8d5e0df,100.0,aa5879bd-eb18-4299-8ce4-86675e08edec,106.39999389648438,
101,2479,yes,1428f4bd-55cc-4094-a4a2-53f624126512,21.19999885559082,2debe9f9-ec86-49bd-94a6-fc1a1ac2771c,19.5,5f344b98-576a-4c72-a4b0-5c3506204f31,464.9599914550781,0d823aeb-799b-4c19-a89b-a4fec465e483,0.0,a848b069-d02a-4f92-bb57-53e0115ff4aa,100.0,f98c122e-ea22-41c6-ae3b-515f3a7ce01a,111.83999633789062,
101,2480,no,,,,,,,,,,,b9abd9ab-9415-4454-b733-32633fb96705,112.39999389648438,
101,2481,no,,,,,,,,,,,b8ddc4b1-fc63-4947-a4b1-002f2ff3ac1d,110.87999725341797,
101,2482,yes,c891e803-2faa-4ef6-8f3c-d377e8a23761,21.600000381469727,7ffb57bf-0fc2-4b44-bcc5-58dcb0f9fe82,21.5,46f37027-9f1d-4198-bee9-249818838bdc,425.91998291015625,6c43c1f9-f3c2-4e6b-998e-cfd5e58e6526,0.0,fb7b2967-9a51-42dc-867a-55e688dc585f,0.0,0198d2d1-58aa-429e-a239-11cf051986aa,0.0,
101,2483,yes,5e2718fd-ec7e-4de9-9856-ae83de124c7a,22.600000381469727,164f59d3-67f7-4393-ae2d-d401a51ec335,23.5,fdb14c9b-7407-467c-a003-175977c87f74,526.0800170898438,b48b1d7f-e85a-4cb0-bb06-822bcb46cdc1,100.0,e85bb557-793f-48ba-a429-c0f944b2db90,0.0,96792e26-e236-4ad6-8f79-063f24fb693c,34.439998626708984,
101,2484,no,,,,,,,,,,,701d9f7b-fe61-4c05-8f2d-c60aeb8b34a4,35.91999816894531,
101,2490,yes,b720c669-f71c-4941-b9e2-4b35a8449cab,22.5,0e7bbf4a-873c-4abd-9b2e-9c8d9d172518,22.5,8cf6c2c7-d538-489f-85d1-9f8bd556009a,553.9199829101562,d7fe9777-b99a-45e2-b998-5258c8b93a26,0.0,74b251c4-03d6-4a9f-a5fa-fb1d702b1ba7,0.0,33711e95-0320-48b0-9e11-22dec5853556,35.91999816894531,
101,2491,no,,,,,,,,,,,a02cd6f6-6040-4651-87ff-170dbdaf3fdb,35.91999816894531,
101,2492,no,,,,,,,,,,,c79d34b0-bc0c-498b-b763-5fd0fad58251,37.459999084472656,
101,2493,no,,,,,,,,,,,a53a3109-f56c-4d7c-b226-58df41d27c86,37.459999084472656,
101,2494,yes,6e73f893-4b27-41bd-9efe-1ec52e4b1f32,22.399999618530273,377efa34-c41e-40c1-8a8e-7f398d9e9bcb,22.0,815e1271-384c-44af-ac9a-a3d87045c184,454.0799865722656,aed89799-2d82-4805-8175-f031d2596997,0.0,d078d4ad-1991-4568-9a64-7ec3811b7a20,50.98040771484375,6cb9a788-41ac-4d05-a31e-930a11e8a338,77.72000122070312,
101,2495,yes,2faaf8e3-f2d2-4859-b023-0f00c408d411,22.600000381469727,924b62e4-b4fe-47f9-a6c2-116d3ea9721a,22.5,ba6ab35b-750e-4118-b25f-9b2c1709ca5b,485.1199951171875,666a52f9-da3f-4105-980f-b512b168a646,0.0,18d40289-d04b-4504-b255-83af7a8fd965,0.0,35e01531-63a3-4839-8508-c20a584469f1,31.099998474121094,
101,2545,no,159593d5-4c60-4ebf-97b1-6435acdabd21,20.899999618530273,f77595b5-f71a-47fa-aa42-f8db090b903d,0.0,,,5c441fa5-ef91-4484-a981-ce7d1ab4e044,100.0,,,,,
101,2546,no,456977f7-5bf6-4e2d-b2ea-0833c980515d,20.5,c607c73e-239e-4096-a5eb-52d52f538029,0.0,,,3a64d15f-6e00-49bf-a034-48a69505b967,100.0,,,,,
101,2881,no,,,,,,,,,,,bc5d9a6b-6ef0-484f-8d09-2ffa6652bf41,439.03997802734375,83478847-dc5d-40d2-8005-9236e2ec3589
101,3054,no,bc68f61f-5400-417b-9007-b10de9c23d0c,23.100000381469727,385ebdc4-9845-4976-aa92-1f6c38b10552,23.5,,,76b40776-9cc0-45ea-93ba-22a393d77428,0.0,8327d4fc-07e4-4345-b9c2-55b3b99627ef,0.0,,,
101,3056,yes,3caeee9b-0d0a-483f-8a9f-cc2c84c9d886,22.799999237060547,cc328916-46ed-469b-8a5e-c3a6baa602e4,22.5,534ca09f-cf36-414b-b8e3-6a7cf8ce8c94,442.8800048828125,ecf16d2d-899b-48e6-98ff-800e70c088c6,0.0,e661ab4d-5a72-4d33-b99d-07c94729db9f,10.19608211517334,06a60169-829f-4a95-bbc6-e66e150bab12,45.23999786376953,
101,3057,no,,,,,,,,,,,dae21dc2-f653-448e-b419-bc8665511c0f,45.23999786376953,
101,3058,no,,,,,,,,,,,d9214e40-771b-4c98-b836-99bee78e281f,42.79999923706055,
101,3059,no,,,,,,,,,,,953fb3ed-dab1-4d5e-9143-dd5833ca31f5,45.23999786376953,
101,3060,no,,,,,,,,,,,5ea7109b-d6fe-4cb2-9b3b-8fa3258b288a,42.79999923706055,
101,3061,no,,,,,,,,,,,76a5e152-a440-4623-8c1b-8415c1dd65be,45.23999786376953,
101,3062,yes,cafa1593-7b30-40e5-ba0b-bca12daea3f9,21.899999618530273,edb7551f-c1b6-4672-a1ce-216e98abb7e1,20.5,82ab6ff4-b491-4577-9b88-d0225ded495d,478.0799865722656,9f4cf844-2fe5-486d-b3a0-aa36b715d878,0.0,df4b9c9a-4bf2-4c57-baf8-f2537e710bf8,100.0,a9a9c99f-7c28-452b-91a3-f32c5bb8783a,198.55999755859375,
101,3063,no,,,,,,,,,,,7111a41e-f5dd-430f-9982-84be1c331a41,193.27999877929688,
101,3064,yes,af239c7b-a442-4614-a499-342daeec088d,22.600000381469727,b1752948-b034-4a55-94b5-b49c92cbed76,23.0,00f21658-c4c7-44f0-b925-c6228109cb13,463.03997802734375,9799bda4-bab3-4c89-9e83-306e1d411b4c,0.0,9cf1c14b-2a1b-4847-9d7f-ccf3d2ef0d91,16.07843589782715,0ad867f4-d60a-4a4d-b20e-66ac4cf4692e,51.87999725341797,
101,3065,yes,20430de5-b67d-43cf-bcb8-0dd1198e1d0a,24.0,0f1ca660-c595-45d7-952c-be7151dba9b3,19.5,076bc867-23d9-47d3-beb6-545c4ac099a4,543.0399780273438,784330bd-2594-4f8d-8a14-89abe6a41d86,0.0,c3453287-a539-4f08-9040-f93f4d40dfed,100.0,1178af97-85ab-4920-a389-2dc53a32b7ae,117.04000091552734,
101,3066,no,,,,,,,,,,,7fa58a3e-affa-4445-a41c-4d238ac55975,117.04000091552734,
101,3067,no,,,,,,,,,,,90d00305-db7a-43b9-89af-c4dfcbc8554c,117.04000091552734,
101,3068,no,,,,,,,,,,,e638c28f-81cf-4254-b14f-b921feec51b4,115.68000030517578,
101,3069,no,,,,,,,,,,,24e88005-51cf-431d-961c-dd4dce8fac4e,115.68000030517578,
101,3070,no,,,,,,,,,,,ae3a7339-1cf9-4300-8475-d3318a6cd60d,121.1199951171875,
101,3071,no,,,,,,,,,,,ba5523cf-fcb8-4ad2-b52f-a79d83c48798,115.68000030517578,
101,3072,yes,0fd2899b-4556-406b-a13e-ecc2e9d36c81,23.0,c0c7b32f-0107-4a1a-a185-0e8e32e76456,23.0,9aa6e23f-568f-4f2f-a0e9-29bd06fdcac6,447.03997802734375,c45a8791-c950-49ae-8064-07b3c9c8cfe1,0.0,dc5d6387-0442-4fa5-bf02-2e606d4fbfc4,0.0,7c477a5f-1675-412c-a5ca-286308c07ae2,38.84000015258789,
101,3073,yes,fa4d7643-367e-45ea-a5d1-7d42a8c5f84e,22.600000381469727,38f50da8-e062-4a38-b79a-8b100e90d356,22.0,f7df8cdd-fb5b-481d-bd56-ceb3b0cb999e,458.8800048828125,70cd5670-e6d6-4859-9727-6628de9adbcf,0.0,5d19a9fd-1fce-4aa1-b772-7fe706f4be20,20.0000057220459,2263d94e-7984-4d7b-9a15-ed37b575e952,53.0,
101,3074,yes,5851354f-ddf7-4db3-a796-6ab328843452,22.899999618530273,3b0c9e08-f1b4-47be-92b0-9390e083c45b,18.5,0c17d76e-d9b0-49e9-a30c-7c915395949b,457.91998291015625,95f288ac-a7d4-4549-8fec-5f9bc84b8fe6,0.0,a9f11a61-746d-4abe-94db-436225fee966,100.0,02a5a649-ba67-4070-9fe2-1662d1dcb652,122.07999420166016,
101,3075,no,,,,,,,,,,,d03cd890-7ad2-4e23-81a0-870a56423c54,120.23999786376953,
101,3076,no,,,,,,,,,,,944625fd-d100-4349-a5f9-07177468813d,118.87999725341797,
101,3077,no,,,,,,,,,,,784e8471-4c7f-482d-8037-56da9c454c8b,118.0,
101,3078,no,,,,,,,,,,,de352907-2eb5-44ec-aad4-6c09843051e5,119.83999633789062,
101,3079,no,,,,,,,,,,,a56d3fc9-4a08-4b02-912a-8af941ee3543,121.5999984741211,
101,3080,no,,,,,,,,,,,f09d8289-8010-4951-8c22-52b22df8a70b,121.5999984741211,
101,3081,no,,,,,,,,,,,41d4fcdd-8a28-4bd6-94dc-e4fdcc51d7e8,121.5999984741211,
101,3082,yes,cd0314eb-113a-4989-bdb3-68cd74af0c6b,21.69999885559082,35df170a-1347-4a07-a269-8474ccac4b0d,19.0,f9102b65-da98-46df-b463-64ab73f10682,471.03997802734375,b583fad6-7e25-4cbd-ab46-0efc1dd42ddd,0.0,78f562ec-4044-496f-a7ea-b4711cb5f9fe,100.0,a751bf82-f964-40cc-b45c-c69cf20b48aa,140.87998962402344,c31b5314-c269-47c8-87a0-d71ed0266768
101,3083,no,,,,,,,,,,,cc46d16f-cf9a-450b-97d5-1e8818632600,140.16000366210938,
101,3084,no,,,,,,,,,,,4c4a0955-d16e-4eaf-95f5-f53a9731c7e1,141.67999267578125,
101,3085,no,,,,,,,,,,,64331690-68a9-4f05-bec8-8c55ff76002d,140.16000366210938,
101,3086,no,,,,,,,,,,,e4ef9771-cfb4-43c8-b22d-0444d8e2f60c,140.16000366210938,
101,3087,no,,,,,,,,,,,03f43405-78c5-44da-be51-27cdd6966f45,140.55999755859375,
101,3088,no,,,,,,,,,,,42c3d526-7d00-4c44-bb4c-522a6a129d09,139.75999450683594,
101,3089,no,,,,,,,,,,,53e6fd1e-d8ed-4ff5-b149-404d87fd3bf8,141.67999267578125,
101,30901,yes,7af9441f-dd57-48bb-aab0-aca313a5f46d,21.69999885559082,79855392-a36a-47e3-8075-efdf402769c7,21.0,9242c4a4-e129-4eb3-a16b-c75bd0ed8021,470.0799865722656,0111183c-8403-47de-9a49-3bba8c969500,0.0,3220e709-0324-48b0-b58f-d5c7aa8450e3,64.3137435913086,6f63643c-f76f-41f8-ac2e-4f49a0bfdf0e,173.59999084472656,
101,30902,yes,8243951c-7954-4455-88b1-430276ab6b31,22.399999618530273,c6706df3-b13e-4ee0-91ce-987e8691860a,21.0,e7766ca2-db53-4953-bfe9-645ddb80fc77,440.0,f7d38495-816a-4dbc-a1c2-f72f9b83afb4,0.0,ee5387fc-8800-4da7-934a-bf29e388cdb2,0.0,ddfcce7a-14c4-4750-a627-1c3084f72b41,53.0,
101,3091,yes,c73ded61-9ccf-480c-8805-1fb1aae70446,22.0,7b079926-db95-45d3-af61-8b8b1b969b37,19.0,1628955f-6f04-43b3-b074-9e48f5c722d2,554.8800048828125,58a0116f-6fb7-4c01-9595-64315a04400e,0.0,acbaf1ae-6f3c-45e8-acd9-e996815381ce,100.0,3773b9ea-3a2e-4e34-b466-9b38b3939da7,118.0,
101,3092,no,,,,,,,,,,,57b9304d-de4f-47de-a94e-2fc6de6dd89a,118.0,
101,3093,no,,,,,,,,,,,32c85e97-0856-464b-a462-4fca95abab02,118.0,
101,3094,no,,,,,,,,,,,5dd2fce2-6461-4f04-ae89-e6448e3a6262,116.63999938964844,
101,3095,no,,,,,,,,,,,bca09493-fae2-42f8-bfb2-c4f9b1a8ed23,117.04000091552734,
101,3096,no,,,,,,,,,,,293ea4ae-1855-4079-974a-7d6f0966374e,117.5199966430664,
101,3097,no,,,,,,,,,,,832f8732-ccc7-4175-9b9d-8e16cecde587,118.47999572753906,
101,3098,yes,b597b4ee-39dd-4534-b215-3ef7bc80e787,21.0,66229dee-770b-4b94-9592-e414011dd4f3,19.0,4fce79d5-7a07-44e9-995b-d3fcd67e94e5,457.91998291015625,aa9e7af8-9c2f-4285-ba28-b7a2ab496df3,0.0,d5058130-194f-4bab-b42a-fccae5950901,100.0,a77bfc41-8543-4666-bc27-0435b5e28da5,112.39999389648438,
101,3099,no,,,,,,,,,,,701c0740-967c-4eb3-9097-eedfb0f595a4,107.91999816894531,
101,3100,no,,,,,,,,,,,95d1bb7a-9292-4e1d-be1e-cd4f49d9bb14,107.91999816894531,
101,3101,yes,4a817d43-acae-48e8-96b5-b23e73730b41,23.100000381469727,cfdeeace-4c5b-46bc-9b7a-338248b87689,24.5,a6efd97e-7305-42a3-85fd-ec15bcd8c942,704.0,305ca012-948b-44ae-966a-10659e2fe3e5,100.0,78f66dfc-4ae1-4a4c-88fd-61ddf3a0fd2c,0.0,36c84c51-371c-4628-9d05-96219b86cd7c,82.4000015258789,
101,3102,no,,,,,,,,,,,540d3b53-7fbc-43fb-8c21-e429b17a4435,85.68000030517578,
101,3103,no,,,,,,,,,,,34872355-7bf8-494e-bedc-b29e34ebf13d,86.87999725341797,
101,3104,no,,,,,,,,,,,569722ad-14e4-4843-8e53-178ee1941952,85.68000030517578,
101,3105,no,,,,,,,,,,,fc8e7e0d-d0de-49d8-ab3f-1ce73ebabe7d,81.1199951171875,
101,3106,no,,,,,,,,,,,fa3cf135-82ce-4866-8005-c00faf639370,85.68000030517578,
101,3107,yes,304b7373-bbc2-4485-991e-b2cd454847ea,22.299999237060547,c20e2b55-c6db-487d-b7be-339e6850f417,22.0,5aa68eee-722b-4885-99ab-60af34a6d3a3,654.0799560546875,f2027940-9e91-47bb-929e-3d41e8e8f084,0.0,03439407-1030-44ab-96b4-4e666927593b,10.980395317077637,9145b5a2-3743-4e3b-8da7-4031bb359182,48.68000030517578,
101,3108,yes,c7a2df45-9217-4140-a661-52e31dd13c29,23.0,d17ccf47-f798-4e91-b0b4-9015ece6c752,23.0,b30270ae-1ad4-44b8-bbf4-c68cf1b133ad,632.9599609375,ebccad9d-a982-4036-b167-475faebf0e94,0.0,cb222bf7-8099-41e8-a709-d5832164216f,100.0,9994aeaf-d4fa-4f3b-8380-4cf012e4ba5d,108.39999389648438,
101,3109,yes,3856b74e-0429-4c2a-aaec-d8f3c9cc0d3a,23.100000381469727,d17d05b0-c2b1-4fc4-b8b5-7cd16f20c9bf,20.5,4aa3f823-adfd-4cec-9503-dc2ebccc3e0c,493.1199951171875,40b1b65f-9828-48d4-b2e3-dd49eb49b5dc,0.0,048311f1-802b-476e-b2ea-aa12b17b6c76,100.0,586b52ae-fe35-47c7-84bb-2d4f403ead6e,119.36000061035156,
101,3110,no,,,,,,,,,,,7a2ffebc-5802-4e26-a7d4-932e4d6a0763,119.36000061035156,
101,3111,no,,,,,,,,,,,a53c2c0a-54cf-4dd9-b486-9b24f3b06b9f,119.83999633789062,
101,3112,no,,,,,,,,,,,53815f03-d09d-48c6-b55c-78e1eff47b4e,117.5199966430664,
101,3113,no,,,,,,,,,,,abd6f9d3-5a9b-4daf-b2b0-cfc4d2b926bc,117.04000091552734,
101,3114,yes,4dcc0de4-62b2-4eeb-b669-b73308d7526d,22.799999237060547,34186976-e32b-494a-99f8-4e894729ffaf,23.0,1d1deb6f-ad3a-40ed-bfc8-98be763c6129,432.9599914550781,d4b0d81b-3f1c-436b-be56-0dcc8ab3a8b1,0.0,c6e688b1-c941-4508-8010-681a7fa5db2a,42.745113372802734,14e29327-7489-4ed6-a18f-ef9d724bd2cb,76.31999969482422,
101,3115,yes,ab345477-bfa3-4a79-a83d-f93577305a4c,23.100000381469727,f241c0df-2591-480e-8fa7-b57de20f774f,21.0,4b0c4f7b-2959-4114-933d-15e424e5d55f,466.8799743652344,5010ce4c-98fc-4a87-a945-31e255b96fbc,0.0,5d681ba4-4ee9-43fb-9dbc-c95155069ca3,100.0,e0aa9340-382f-42a2-bb8c-10baac085475,110.87999725341797,
101,3116,no,,,,,,,,,,,6550295e-1153-474b-bd61-5f6f0f26f04a,111.36000061035156,
101,3117,no,,,29247927-5b72-4ee8-a647-447c38491cd2,20.5,78c8b67a-375a-47d3-9c78-869399c74817,431.03997802734375,46b22d24-886f-4776-b270-f56da33d90b4,0.0,34a9b1d4-3056-4e60-81af-9edfd9768e7f,59.21570587158203,94cc533d-426b-49d3-bd28-a7eefd69a719,83.75999450683594,
101,3118,no,,,,,,,,,,,2a61129a-009c-45cd-b5bf-0fa25337dd00,86.87999725341797,
101,3119,no,,,,,,,,,,,7a248aeb-73a9-4b6b-8992-acdf4ab3a2fe,84.4000015258789,
101,3120,no,,,,,,,,,,,2ca73956-51bb-4284-b3bf-8deda8a0dd63,84.4000015258789,
101,3121,yes,90beec41-8e92-4f3d-86c5-dfa3aa7b2312,22.799999237060547,24dc3bcb-7d97-4ef1-96d3-1b4e78c1d825,21.0,b7345dc6-9eb3-4d2c-aa95-a45e94cde2bc,626.8800048828125,e15f343e-8f9a-4adf-a50e-ebc647c6427f,0.0,3f39245a-1683-4617-a5c3-faf05634aab2,77.25492858886719,c2b32aed-9236-4827-9fb0-8d44207a5548,124.63999938964844,
101,3122,no,,,,,,,,,,,62327037-ee28-48b4-8415-782213e88032,127.27999877929688,
101,3123,no,,,,,,,,,,,ca182e64-e48f-43f9-9113-ef72389a2952,127.68000030517578,
101,3124,no,,,,,,,,,,,569fa1c5-01b7-4dd1-949d-6c87d5991489,127.5199966430664,
101,3125,yes,6d5ab850-5e3c-4abb-859a-db43ee301752,23.600000381469727,49f2be5d-b2fa-40ce-9843-32aa330bd1a1,21.5,1dd4273a-0f44-4659-b919-17d663aad433,470.0799865722656,1c0d15bc-b75b-4bb0-b6f1-0d1804cd16d7,0.0,1ad59a6b-aa25-4395-ac89-85fd51ff3c51,77.64708709716797,233e5805-7bdd-4573-92ef-619f36d914f6,127.68000030517578,
101,31251,no,,,,,,,,,,,ac95d287-038d-452b-a9f2-6d7d9546a442,127.27999877929688,
101,3126,no,,,,,,,,,,,2196cdc9-d4d4-445f-892a-6980e4a0d32f,98.55999755859375,
101,3127,no,,,,,,,,,,,ec5ef4bb-a7bf-471a-9aaf-56e36a7e9a80,100.72000122070312,
101,3128,no,,,,,,,,,,,61cc7bb5-e3f9-4302-ba1d-578df23b3f6e,100.72000122070312,
101,3129,no,,,,,,,,,,,e85b5b03-8d93-4491-b19f-590c7cef843c,101.27999877929688,
101,3130,yes,c8b8da57-569a-4958-9f21-9068596c34ef,21.600000381469727,d6df942f-2a88-4121-b26a-f5c7406b9310,22.5,c344b7e0-990a-46c8-82b7-9888cb084dad,446.0799865722656,0437703e-8593-4403-ba09-03f830ad900b,0.0,f63ca3df-d0f6-48dc-89f2-dac76c328b31,0.0,1ecaa6ba-b108-47b2-b826-ada1c8e2468f,34.439998626708984,
101,3131,no,,,,,,,,,,,90d6124d-ca1d-4791-8443-2ca855d72ad2,40.15999984741211,
101,3132,no,,,,,,,,,,,93228664-9e94-4727-9da6-ed439d29375e,35.91999816894531,
101,3133,no,,,,,,,,,,,cc9690cd-22d0-4189-a625-b16202b1dd39,114.23999786376953,
101,3134,yes,aad1da93-557e-4e5e-8b6a-65970bdf6c9e,21.799999237060547,82e9d3d3-1393-4847-a25b-254ce5af931f,19.5,3ea1428b-a923-4161-b0ae-71c123af5f23,452.1600036621094,f8e7e516-20af-4364-afb5-609e981f01d1,0.0,62f6ca5d-d648-40ce-a94e-c9736e302e1b,100.0,ed5235fe-948d-4e90-90d3-1d81757efe7b,114.72000122070312,
101,3135,no,,,,,,,,,,,d738929f-5ace-44e4-99a0-7c616850f0ff,115.68000030517578,
101,3136,no,,,,,,,,,,,b3c713b8-9b5e-4692-9c63-83059d4414c1,114.23999786376953,
101,3137,no,,,,,,,,,,,9e6cb486-9fa3-45b4-8993-34afa55c8126,115.19999694824219,
101,3138,no,,,,,,,,,,,f95a7ce5-ae25-43e3-b087-8e71a895fa1d,114.72000122070312,
101,3139,no,,,,,,,,,,,d04fd17d-4a6c-45c5-a7d9-034abeefedcb,113.83999633789062,
101,3140,yes,56af45ac-67a7-41da-9a94-e32208f66571,22.799999237060547,0fa1c3fb-4c6d-4615-b058-9b198d36b034,21.5,9ea866c5-0698-47e6-ba41-8054e6ab4c5a,573.1199951171875,c69c50a3-8ad6-43a4-84c0-d6552c2e30f8,0.0,a300a80f-3d08-48fd-b949-770e334ec35a,27.0588321685791,5e5369d7-d85e-4620-9f43-df70741eaf12,88.0,
101,3141,no,,,,,,,,,,,8616541b-35e3-44f2-8484-39a90072b010,105.04000091552734,
101,3142,yes,ba2c95d0-0526-4856-a483-512787769895,23.600000381469727,de9201c2-99f4-4658-b018-f3c344b41291,22.0,0dd61f31-d92b-4feb-9e19-219f7bac97c8,518.0800170898438,a4c4d145-e9c3-469f-bdcb-b497defe15e3,0.0,2dcbfebb-cfbb-491d-9624-238ff0222439,0.0,61eef6f7-900b-4636-8b06-042a9e44fc7c,35.91999816894531,
101,3143,no,,,,,,,,,,,a07a855f-d1ff-4488-a0a9-29b9e76f25bd,38.84000015258789,
101,3144,no,,,,,,,,,,,73b46709-d096-4b16-b3f3-5450eb450f58,35.91999816894531,
101,3145,no,,,,,,,,,,,96a29fb8-fec9-4a9a-804d-c50c59224323,35.91999816894531,
101,3146,no,,,,,,,,,,,a09c1243-aa2a-40c8-a501-51035acc3c47,37.459999084472656,
101,3147,no,,,,,,,,,,,4ed58b71-24f8-47d0-bcbc-0a0e12467b69,36.619998931884766,
101,3148,yes,38e235c1-400c-4574-a7ac-4369bb3f404f,23.0,b47cd273-76c6-4d25-af8c-fb3a75c06cb7,22.0,61b8d2c0-0ec9-42a5-90a8-548d66ceaabd,439.03997802734375,6f5a36b2-99cd-4675-9803-c0790b4d8860,0.0,53d72a3a-7059-42d7-90e4-eed5abe3370d,100.0,ac7482a8-17ea-49ea-b8c8-9d902a6be294,119.83999633789062,
101,3251,yes,ae0c75c0-3148-468d-a4cd-76fa220f7641,21.69999885559082,67f75a93-3e7b-4a6e-92bd-fef4d6eea80e,22.5,fa1c0b02-048b-4f44-8b06-e65b6900f85f,452.1600036621094,b6557f73-4b08-4ef1-967a-7898823410b5,0.0,252ed463-cedb-444d-8f9b-3d87d6844161,100.0,81869610-15ea-4d3f-b440-517f7096d9e8,152.0800018310547,
101,32521,yes,0b5296a4-8fa1-4669-89e8-db4085a547f4,22.19999885559082,8642f2fe-2192-4844-b0a4-9ebee9adc719,21.0,2c352298-7cd4-42ae-a362-373bb582dedc,436.1600036621094,7248a1ad-c37f-4330-9830-a7267bc43e13,0.0,73c8a3d9-3fa5-4c1b-bfc2-3a501ae64360,100.0,b21239c4-57a6-4fe4-a55e-2aa7b7fa0375,244.79998779296875,
101,32522,yes,44b2894e-3fc1-4e07-a276-275a2e41b320,22.100000381469727,0846b52f-f8c2-46f5-b20b-edcdbbafc2ac,20.5,d1371a10-e9dc-4324-9723-acb353b6301d,446.0799865722656,b3da4b72-c29f-4207-8efe-88a5fbda6f1d,0.0,9c73a0c1-34b1-40a5-b8e5-623e83e9d6e7,100.0,96f00dc1-f11d-49ff-bb80-1bf7034c728e,256.47998046875,
101,32531,yes,ce4ec339-dac0-4ac2-b491-2fea6bb24a06,22.600000381469727,9b2806f9-4908-4ee9-a196-90f6f5b3ae2b,21.0,f4b473b1-5952-487a-bda9-4dc49143651b,457.91998291015625,e8ebf331-a3e5-4731-8736-f9fc75a77c9b,0.0,3be59266-64df-42ad-81f2-ddcbe098ce1a,0.0,e763a1e6-8eed-48ae-b968-aa7e38e08b8a,31.099998474121094,
101,32532,yes,2df702aa-bf1b-466c-bd04-f6e29ae3b42b,22.5,501b2ea1-698e-4c17-86b6-9d61913ded0d,23.0,31f00958-6d8d-4007-ba8b-1f77dd48618e,476.1600036621094,f447537f-b6fe-4436-8bba-88ad3eebed04,0.0,e266f1a2-85c9-4afe-9292-ae01b26c80eb,0.0,4488a65f-fa07-4ff6-800f-d58dca42f8a1,27.399999618530273,
101,3254,no,741ed453-8472-466f-9325-4358cda7688f,18.69999885559082,,,,,,,9d08526f-6a29-4c4b-b09b-ca8a584e678f,0.0,,,
101,3255,yes,0a7e882c-ba82-4db8-9f05-1e05336e758c,22.600000381469727,873096f9-389c-43ce-966d-35e144f07085,20.0,03fab8ba-4b22-44ec-a1cb-27a0a7839119,472.9599914550781,4dfd209e-0701-4f73-a84f-09510b0814f1,0.0,f5e6afdf-0e47-4d3f-8813-6db2f622aabc,100.0,8492d10c-9578-42af-9c77-09627881023c,499.5199890136719,
101,3269,no,,,,,,,,,,,c1fec733-ad29-4e98-9d86-b8f952062650,1382.4000244140625,0fcab2da-d296-4645-a2dc-c50757b6e618
101,3270,yes,67dc4f73-529b-4386-ad97-3130e30c45c2,22.899999618530273,eaf39228-e121-4de2-83e6-0c2b1e39cdc2,22.0,9dbeb0af-2546-40de-bea2-1d98075a6187,433.91998291015625,5e7ae4ce-019b-44fb-860b-4a4daea8ed95,0.0,a3fdc2d1-9cc5-44c9-9fbb-94d560348205,0.0,eb856412-82ca-4803-af9a-72add8a755c0,158.55999755859375,
101,3278,yes,b26643ce-7768-414e-b567-97ba16665307,22.5,0da95a64-421a-45e1-bb93-d462326349c8,22.5,9f2aa15b-740f-49a3-bb98-da6f479bf12c,458.8800048828125,7a221de9-19b6-474b-acc9-9647cb73d014,0.0,3719906f-8375-44b5-aaf3-7ac8075523b8,0.0,007976b4-1715-4f6a-9e10-b384434ac1b5,164.47999572753906,
101,32791,yes,16f65b82-8cdb-4faa-bc0d-1d5e6537908d,22.5,27be95f3-4a11-48dc-9e4c-f51daaf44729,21.0,8a46e433-1dfd-44cb-b0c8-415cc83871a7,441.91998291015625,54c20fae-d439-442d-8a4a-029880db64bc,0.0,2a8337c9-8ff6-4c47-8f30-3625478c234a,0.0,4adfd688-cfe1-4c62-967b-8e92b9054aef,85.68000030517578,
101,32792,no,,,,,,,,,,,955ec667-9009-4358-aa04-cca8b989a454,1376.0,68501e3c-2b5a-4490-b3bb-754c479c6449
101,3280,yes,2828984d-e1d8-4201-8bd9-2801060c00d9,22.19999885559082,8a1cc69f-3265-4d6f-b03f-bd61cac5883f,21.5,0ca655a1-6ccd-41dd-b883-0008292048c3,477.1199951171875,86e8ee86-5b31-4381-b330-fe96f8d08b2b,0.0,69015939-c71f-4890-8ae3-dd19492dc573,100.0,cb491ee7-ae1d-40f8-b368-40e28956eafc,576.9599609375,
101,32811,yes,e6d68421-f831-45af-a73f-d5e4ef314800,21.799999237060547,f40c6571-9411-4406-adad-553419a0639f,21.5,f7df394b-3dfc-4350-ba5c-12e9b012f8f5,504.9599914550781,89f11ce5-711c-40c3-b359-9bc260eca7e6,0.0,cd840d43-8c83-47c1-a938-66b4c9a1e7c0,0.0,a27841c1-373c-4875-b404-f5538d813791,35.91999816894531,
101,32821,yes,dd52c775-d727-40f1-8468-44f9a35c7295,21.799999237060547,299d134b-6ccb-4e97-968a-b25ac4038560,22.0,60c7b870-18ad-4b77-8050-d6f4dd108072,460.1600036621094,5e3fb701-13ef-4a8d-8220-7364eea208e3,0.0,8a905aff-64bd-4e20-a3ec-d698165eec8a,58.431392669677734,1cd41039-224e-4294-94c4-52d8b9ab3214,88.79999542236328,
101,3283,yes,d6594659-50b1-430b-9d7b-b7e1b77c30ab,23.0,c612e7d7-7e50-49a8-a5dd-95f92d2b4f4d,23.5,79f71563-ffab-4776-80a6-b447071aab58,495.03997802734375,20f9cea3-4dd7-4ac4-9f84-8ecd84173d08,83.13728332519531,7a89c275-1bb1-479b-8bea-b3a5ae8de2b4,0.0,9e5fed49-8c3d-4d89-9a44-a3eb972847aa,152.0800018310547,
101,3284,no,,,,,,,,,,,ddf88658-bd23-4721-aa5c-19ab02c31444,152.0800018310547,
101,3285,no,,,,,,,,,,,4a689393-f2ee-4edc-859b-d54d85913c11,495.67999267578125,
101,32992,yes,aae58a7d-d986-428d-b394-2d5f04cbb2b0,21.299999237060547,ec1c7c2b-1d4e-4b85-85ea-2a7d73cab74b,22.0,31d51228-53e1-4ddc-bcde-a2372f8e1ebe,460.1600036621094,eb8dcbe4-f2c9-4b13-a3d7-e7b903b293cd,100.0,d093dce2-16bf-4531-b1d7-52f070b353db,0.0,e0061865-83dd-4b81-9ef4-433a4e754825,124.0,
101,32993,yes,a48a203b-2af3-4126-8232-f0da517abaa2,21.299999237060547,33e5fb9e-c589-4968-b7e8-72cc2177cabe,21.0,ce3cb72e-e4b1-4909-a68c-5cb7d74003b8,473.91998291015625,7d536c1b-b898-4cd7-88eb-7e6295f66005,0.0,e9857e81-3c1a-49a8-b5c7-d40691ee2211,0.0,b1c93604-35b8-4d86-ac41-0cd7263ce7d8,34.439998626708984,
101,3303,no,ef544f63-1728-4c91-b0a6-aed80881bdd9,19.100000381469727,5683c067-38df-4e6d-ab8c-75dc35cc0246,19.0,,,d8b1f7f1-5561-48a3-9ed3-b110034e4380,0.0,6b210432-d325-4b13-9058-8ec84527e65c,23.13726234436035,,,
101,3304,no,,,,,,,,,,,a8bfcef5-c37c-4c7d-9de3-2ab69529d11f,2553.599853515625,a06f699c-8593-4c4e-94eb-ae2e33206df6
101,33171,no,,,,,,,,,,,,,1aa8332d-0b75-4ad4-a6c7-52accca2f3c3
101,33172,yes,6c7437e7-2f31-4d27-80d6-7ebc1ffa1c7b,22.299999237060547,ccaffdcf-7991-49c6-8900-3ad73554977a,22.5,fa3e16d0-715e-487d-8348-e58030c9a896,474.8799743652344,93ba22f6-9446-41cf-b9fc-4a62eb5a6a2e,0.0,2e71d8a7-d37f-4437-9c0c-303191df3eba,0.0,f373d519-373e-488a-98e2-09d42ad25761,35.91999816894531,
101,33173,yes,a16c7762-85e9-4cea-b28b-dbc1c8733411,21.799999237060547,efd67f6b-de8a-4e5c-a39d-8b60d7a08510,21.5,1eb3def6-d906-45eb-8650-db8ebf62abd2,446.0799865722656,82ee713d-2c01-41fd-b143-1a29111f713e,0.0,ee7a2b68-6231-4bc4-82d3-51c9da70a615,0.0,29cf647c-301a-40e0-9890-ac08dfeac1ca,116.15999603271484,
101,33181,yes,2ebeefed-b628-4381-bac2-53f9ae77a8aa,23.0,a5ccee99-5ae7-43ae-b18a-9793c96999a8,23.0,1a3ffae7-e7c1-467d-8eeb-e3260e78d7c0,442.8800048828125,30f8c174-7f27-4592-a03e-6faf9dc57c2e,0.0,17f57226-56e1-41f5-a975-9a62ddd0b696,0.0,05d0ed24-fcec-44f1-a853-6c38381ad29d,152.0800018310547,
101,33182,yes,3c5a6031-a80b-4f33-b5e2-a8afd588f4b5,22.0,987ee217-9aa0-4efe-a937-6469c98e29d1,21.5,0c185e68-2240-403f-9dad-dfbc37923d43,424.0,b54ef856-d19b-43f4-86bd-34da4e6fbe72,0.0,0a362b7c-9b2b-4a59-baca-ff35f046b475,0.0,54dd29da-5035-4ce0-8381-7524e6e5da2b,35.91999816894531,
101,3319,yes,57b6e55b-eab2-47f8-b53c-8157a9e3a820,22.600000381469727,c43b5fa6-021a-4a6c-adc5-c6606aa6134d,22.5,2d956eba-3dc4-4941-98a1-5cd82677d8f3,439.03997802734375,5f21eda8-62db-44f3-bc28-1dfb3e345a37,0.0,4248cb14-136b-46c5-a459-f8d073552fc4,21.568634033203125,d26afeec-9208-436d-a68f-a9e6afd30fef,220.0,
101,3320,yes,8e205312-340b-46ca-b3dc-552c0be7a7db,22.69999885559082,0faffc96-9c37-4ed7-a925-8451aa76dddc,22.5,73db5889-123e-4c0b-affa-0bfaffba14aa,457.91998291015625,8e890486-4a19-44cd-83f4-465ca5ad0c9b,0.0,877a4455-277e-428e-aef7-656a863c858d,0.0,8c2858c0-1dc8-4fea-b70e-cfe97a44b3f2,186.55999755859375,
101,33211,yes,208b294a-76ea-4ea9-8c80-802935130933,22.799999237060547,6c90685c-e360-4584-96a1-1935810b2c88,22.5,5e9e0940-62b7-4141-be9b-7f84688eeeb7,453.1199951171875,4cb32ae3-29b6-4fd8-8958-e9afcbdad4a8,0.0,e0627826-c259-489e-b42c-4f01cd6ba8e3,0.0,f6a15a46-3076-4bb6-88b0-845174f6d487,29.3799991607666,
101,33212,yes,6c145872-636c-4258-be00-90baaae936a4,22.100000381469727,b5534fb2-f116-4232-9c63-dec390eb8c2e,22.0,2df47af0-c610-4939-b0fa-b954408dbba1,472.9599914550781,96071f24-1c8f-4997-9d64-9bd3564bf4f4,0.0,d07186a1-3432-4d9b-bbda-7da6c3d56e27,55.29413604736328,991e5a6b-e4d8-4115-9c57-c77bb462aa8a,68.87999725341797,
101,3322,no,55903766-78d6-436d-811b-6b24449ebabe,22.100000381469727,42548ee4-e98a-407b-9c16-37e0847d9037,20.0,,,53cfd0bd-cdb7-482c-9363-f66a129e0aca,0.0,be6ae9dd-8191-41c8-b8de-3b1b46d4acb5,100.0,08b57974-9438-4b88-af97-65aefab15053,499.5199890136719,
101,33261,no,eb7d336b-4c66-429e-9261-d270480f486e,23.299999237060547,,,,,,,,,,,
101,33262,no,4558409c-44a2-453f-aaa7-116b103b6ace,21.799999237060547,,,,,,,,,,,
101,33271,yes,99786d87-43b8-40ee-9e5e-2e0d79529836,22.799999237060547,3f44fb10-46f5-4422-8b30-bb39df3572e5,23.5,01c209a8-b761-4cd9-afba-3bf222833083,426.8800048828125,7f1dcbdb-81a9-4d79-a293-10b3de56855b,0.0,fd43a5dd-7ee5-4b38-b73b-a3a9201617f5,0.0,148a781f-6fda-4ddc-a2e6-1e660d7b601a,29.3799991607666,
101,33272,no,,,11059f0e-9dd1-49a6-b0a0-0dc725dca0d3,24.5,a2aecc7a-163b-46ae-9365-b818775b414b,421.1199951171875,fe63d1bb-18bc-4935-941d-f043a6f486d7,100.0,04db42c2-0a5d-4f02-b6ba-37e0f0d0948c,0.0,70b83e7a-c5a3-4eaf-b099-7421e4b3ad38,116.0,
101,33272_1,no,f3d572fa-aea1-40f9-ad6f-86cabeb9c318,23.600000381469727,,,,,,,,,,,
101,33282,no,2830183a-df38-4398-81c0-6add759333de,23.299999237060547,,,,,,,,,,,
101,3334,no,,,,,,,,,,,e4d1aaa5-ca80-452c-b4ab-f6cb3342f900,1141.1199951171875,
101,3335,yes,787c6a57-e09f-4fe1-9645-f631850ec398,22.0,4bab817e-7813-4c78-ac6e-fcb358da6e4b,22.5,a2a5709b-3794-434c-a794-18cbe31b3f2a,436.1600036621094,4af7ecdd-3689-4621-a9bd-c185c2613569,0.0,570ad84a-71c3-4901-b1f0-7a1e04b722f5,0.0,c3d7dff6-9d46-42b9-a0b5-cc389c078c5e,196.47999572753906,
101,33361,yes,df5dbf5e-cd68-4167-8062-813022ed153a,22.69999885559082,e366d91d-4ce3-4ef1-ae96-9cae8fb30e64,22.5,6dd1ffb5-eacb-48d8-8ae9-33d8996616b9,472.0,c1b5640d-0705-4599-98f1-08351252c943,0.0,29ce57c4-40bd-4e5b-8617-a999e535cac7,100.0,4c8cb88b-b7d9-4c64-ad7f-7691194015a9,236.95999145507812,
101,33362,yes,9ce0ee6e-13be-4a61-825f-74dd4dae5695,0.0,d2beb337-0de0-449f-811b-dd2c90e73bbf,0.0,b35b67dd-02b3-4891-9da7-2263908640e6,0.0,96409eca-d13a-483a-8e9d-7c3a2f8d66b1,0.0,919a6e0c-157e-483e-be51-c4151c2e88ec,0.0,5c185a33-3fd7-490e-98ef-1032c5aeb6ab,29.3799991607666,
101,33371,yes,f86a3199-dd9d-40aa-bc07-705a9e011a0a,22.799999237060547,372b8235-5ae8-46c0-8662-770e11a79555,22.5,3d75ce38-c5a0-48b4-bb6b-7307255d77b2,429.1199951171875,13297f71-f2fd-4db3-98e8-5cfa8defb392,0.0,e57838b8-feb2-424e-b756-bcd470778988,67.8431625366211,07ddfd1d-4f0e-4982-8244-332a01eac4d1,181.27999877929688,
101,33372,yes,56b363ef-5bdd-46bc-81b3-9dbeaabd26ef,22.899999618530273,3d8d4cf0-2f68-472b-acd7-2753647345d4,23.0,ff73e4dd-f16c-4b94-9baa-3d0e0dc3ac47,442.8800048828125,bc115f53-b16b-4b3c-a57a-514b7a5ce518,0.0,62de57a0-7a08-40bb-8d47-08928ea22bc4,0.0,a43ce8a7-300c-4c24-be7b-52603f687f61,80.68000030517578,
101,33382,yes,bd965508-f90d-4b1f-8601-b1817a245099,22.19999885559082,88c18a4c-c0a8-44ae-8177-47a7c120d491,21.5,edcdd400-9795-487f-88ff-948c6cd6dd49,428.1600036621094,b92070ed-5568-47c4-be6e-eff098c3126f,0.0,ae3f306b-280f-4d32-b9e9-47ed874744df,0.0,2c22e469-0e07-413e-b410-d4168215799e,307.8399963378906,
101,3429,yes,f9a2bf44-7d94-4de5-8c00-1baf5d7e490a,23.299999237060547,12c48870-7df6-4f60-93e4-338fd9c0826e,21.0,2856ad55-736e-4f3d-bf11-bd5029e7f56a,488.9599914550781,c34e10b2-a0e3-4df7-823c-6b788f51cb31,0.0,af9f9ce4-7163-4d60-8b99-a928867f100c,100.0,06c49384-c20d-4564-a550-79a191ae3bd9,118.87999725341797,
101,3430,no,,,,,,,,,,,c859af0e-3d4f-453a-bcba-24bdd7fc6891,118.87999725341797,
101,3431,no,,,,,,,,,,,51238197-865c-492c-a4e0-466ead97e39a,116.63999938964844,
101,3432,yes,cd6aae84-6c7a-450a-b5dc-735b008701c6,23.399999618530273,1d497d41-5d67-4681-ba5d-508955e6a3e0,20.0,1be6f90a-48b1-4507-8690-e210fa2e3e9a,448.9599914550781,1da70d9c-0793-4841-bea1-dff5ac69cc71,0.0,f1274de4-2e17-41a6-b8f5-26d1e8d5afde,100.0,16d524c5-1c41-4fd0-9c16-19357b172a5f,114.23999786376953,
101,3433,no,,,,,,,,,,,9409236b-ea11-4966-ba36-1e0b17ffea18,114.23999786376953,
101,3434,no,,,,,,,,,,,dcab2dde-ea82-4d8a-bcc7-d7a17ffb7845,113.27999877929688,
101,3435,yes,3226a2c9-43f1-427c-926d-528c6517460d,22.600000381469727,a4d2ce77-8029-4cd8-bad6-2e5a57d4e1fc,20.0,c38662fc-9a81-4223-a4e2-1e462c149fa5,447.03997802734375,e36c4aa6-002c-4dac-983f-bc1e84ad8c36,0.0,cf1f1b2e-3a1e-4055-9d48-b625cff4ef86,100.0,d6328a2c-44e7-4ecf-90fc-e465cffcc66b,110.87999725341797,
101,3436,no,,,,,,,,,,,0962041f-5127-4f55-b685-c3c13b2d325c,112.39999389648438,
101,34371,yes,e3d4e485-2cd8-4d45-af6c-255177be848f,22.600000381469727,6fcfd9f5-ae05-41fd-bbc1-42b4513571cf,22.0,74d3250a-a693-4c1e-840f-38a81b786ebf,444.1600036621094,202d78ea-4bae-41cf-8faf-e762273fd7b2,0.0,9eab8384-d9b9-4e83-bc56-2a94bdc2e21c,0.0,b0e39d1f-f299-4e5e-95d2-5bac27b1ff87,29.3799991607666,
101,34372,yes,d7b85493-421c-4cb4-a92e-970d8323b034,23.69999885559082,a4db5161-ed6d-4dd0-85ef-213d428a01e2,23.5,6c342ea6-d7be-4555-8774-23d58f237298,448.9599914550781,ca68c7ad-e855-4524-a2e2-087e00bec96c,0.0,e5a32aa6-c9ee-4257-8200-5bc53e3e2ec5,20.39216423034668,9b1079f2-c3b3-4c60-bc5c-116fd8f37817,45.23999786376953,
101,3438,yes,a758af9b-04e6-4b2a-a48f-0936284f24c4,22.600000381469727,68bec1b6-fd9e-493d-bc13-a3a79795891c,22.0,89c03047-5551-47e6-952f-8726caa1ab83,530.8800048828125,f3577fc9-b291-46e5-a170-6f9e6147eb4a,0.0,a33cc1ad-96b7-4f11-ae69-3598d62f806c,0.0,8918eed9-cf00-440a-920a-46cec3da1056,35.91999816894531,
101,3439,no,,,,,,,,,,,a12334b9-79f0-441b-9eb4-feb2560d84fc,37.459999084472656,
101,3440,no,,,,,,,,,,,148d9c53-69c2-4189-95d3-7d1e0e826e3d,35.91999816894531,
101,3441,yes,641cfc1c-4b0d-4a5a-9872-d2d8a00bb612,22.799999237060547,35f1cbe2-7ec9-4153-a534-266743bbda61,20.0,85851628-70de-482d-8430-5228262116e1,508.1600036621094,65b15201-040c-4602-9d02-8c1035d7eec7,0.0,7869071c-7d5f-4d85-ae33-bdacedb27c2a,100.0,35261c79-9a67-46f2-b898-2cd588e4b015,114.23999786376953,
101,3442,no,,,,,,,,,,,85fa1426-892d-4692-a525-6101e3d8fab8,115.68000030517578,
101,3443,no,,,,,,,,,,,a2bb602a-c6bf-468f-99a1-6faceb6ed228,114.72000122070312,
101,34441,yes,b7f21f69-7724-47ce-a832-6b8461b0eea4,23.299999237060547,85a99274-a053-4b79-9faa-44830a4443e7,21.5,59abd55a-7d4a-421e-9713-27ca8ec85ac9,530.8800048828125,44a06d3f-c78a-4436-9192-9582195b0ae2,0.0,5c4974b5-9c75-46e0-b3c8-a3c3ceb11d9e,0.0,8c4bc0e6-03b1-43af-b163-6650d13da33b,38.84000015258789,
101,34442,yes,c241d0f3-3896-447f-bab7-a150e7ec2395,23.19999885559082,ea48052c-2019-4ec0-ad11-9fc5048fe510,23.0,0d55cf81-b886-4127-8765-73691da63797,461.1199951171875,1c63145e-4315-4d98-93a7-75b24d020937,0.0,5eae49aa-655a-4f73-ab59-04f0933c31b4,10.19608211517334,8618c0c6-4c37-4ff3-a611-f7275624c14e,45.23999786376953,
101,3445,yes,068a019a-2335-48bc-b455-45b20ea4823a,22.899999618530273,e3bb65c1-0d89-497e-b0c3-23cff445580d,20.0,2fdfce9d-436c-4db1-99b4-1a74c103ae74,462.0799865722656,e9694f63-0b81-4354-8a02-c15bc8b51d3c,0.0,9d21bfd2-020b-48a3-a793-ad699eacd362,100.0,c23412af-1655-4ee3-8571-f7f332142ad5,123.36000061035156,
101,3446,no,,,,,,,,,,,6f965927-e44b-4f67-b5f9-c9ba86b16959,120.23999786376953,
101,3447,no,,,,,,,,,,,be3f74e5-3641-48a3-bf30-276e05ee60ae,120.23999786376953,
101,3448,yes,45883985-9437-4784-be44-2aac4122130c,22.5,03a89de9-09ae-4931-aa9b-8cbf71184397,23.5,014edc51-98b6-4717-998b-9c5d40b04ed9,442.8800048828125,1869c164-f930-4783-8b43-afa10d40584f,100.0,9a5c880c-e9f3-47c0-bf18-f3b7a992aa89,0.0,479e672f-5763-4025-9d82-94b82f812f8a,77.23999786376953,
101,3449,yes,ca74536f-f598-4b24-b09a-a89740689014,22.19999885559082,eb94d7a3-0896-4fbf-b8bb-3aacbd9e482f,21.5,dabef6fe-8089-4ab7-bbe2-0cab03b52c89,484.1600036621094,d2d3c0dd-079c-4647-8bb6-3f4aaafd0419,0.0,c4083a75-7cf6-46e1-a960-6b2eab2185a2,94.90199279785156,806555f5-1426-4645-802f-0d3e5730a7d1,122.07999420166016,
101,3450,no,,,,,,,,,,,3f879b31-fde9-435d-85e2-6ce882db8e21,112.39999389648438,
101,3451,yes,ac8d65bd-9ab3-4a21-9d91-c56f9b35a88d,23.299999237060547,68798411-563a-4e17-bd84-ce4aa89e87a4,24.5,0446bb25-ffed-4a7b-9cab-f0d5de9fb0dc,463.03997802734375,82d47894-2364-4c7e-bc22-7ef81e35e08f,100.0,0654a37c-5ee7-443d-bd0a-4729997deca8,0.0,8a0530fb-ef6d-4773-ad71-3286fbb283ae,35.91999816894531,
101,3452,no,,,,,,,,,,,fe17686e-7ac6-4ae5-a69c-b259f88e2460,35.91999816894531,
101,3453,no,,,,,,,,,,,73d8cd8a-1a0b-4433-8203-bb7095a929fc,37.459999084472656,
101,3454,yes,b85a1422-2983-4cc7-ab35-48d789fb06e0,22.0,532d0e71-6bf7-42db-9c83-28167dbf33da,20.5,50f6e8fc-1f02-4949-8653-4f2c8584bb07,448.9599914550781,0c7a1a37-9877-4375-9c99-7331e8c477e1,0.0,2c00d3d7-41cd-4d6d-b584-f26ecbac2c06,100.0,563f48bb-57ba-4ae2-b61a-fcd1f1e4d720,267.1999816894531,
101,3455,no,,,,,,,,,,,afafee0e-e69b-49e1-aaea-8bf2ea548686,270.55999755859375,
101,3456,yes,99937a7f-785b-4a91-b8de-f6f08391e0b2,22.5,105a5d21-8ea9-49c7-856d-0c005e844d02,22.5,697f3172-933f-4cab-9241-3a63a1999b27,456.0,8695e78e-0550-4eee-b4d7-f8acb0e31bdb,0.0,a2baeb2b-ed5a-4712-b990-0e5d78e7ce8e,0.0,44a8e372-2f23-40ad-aa0d-57a9143be0a4,35.91999816894531,
101,3457,no,,,,,,,,,,,93b1b249-9d80-4275-9ba9-6f3541d6fcb0,35.91999816894531,
101,3458,no,,,,,,,,,,,da2adcee-ad81-4303-9693-857c7e2e9ef7,37.459999084472656,
101,34591,yes,ec507602-2d67-4c11-af61-f39f4f97c422,22.799999237060547,9c251fc5-7d46-4ad5-98a5-b8c14fda8583,21.0,c49a8063-7e54-483a-8697-1bd3e3688eae,517.1199951171875,9cb92cad-9ec4-4fc4-bca9-dbc585dee646,0.0,9c110568-ccf6-4d32-bb08-ed54dfa6c8de,0.0,1abe46f2-3098-4ff6-bff9-aca3477d699a,34.439998626708984,
101,34592,yes,2985605f-b520-4e04-8cdb-a3405d36bcc7,23.100000381469727,88952650-e725-41ea-a501-2c9249cd1566,22.0,e1aa4a82-9221-48bb-9b12-96e1490af648,454.0799865722656,4c7730c6-e16d-4fe7-bde4-102b1ba8072f,0.0,2b5a2a64-0e82-4d80-833a-b3efbfaedbd8,100.0,c5ad392a-7e6d-41c7-8cef-f762831153e9,92.87999725341797,
101,3460,yes,11384c2e-7ac6-442d-ad55-cb7e01a6d529,23.100000381469727,fe67a8da-7978-4ce9-b522-f2faae4e1439,22.5,e59d1c0e-7671-4b12-916e-594223670df4,520.0,bbb62fbf-fbc0-4034-acc6-70ad40269970,0.0,fa559a4a-5403-478e-9957-0addb190af4c,0.0,c0052568-c44f-428f-9d4a-22c9d47e90ff,35.91999816894531,
101,3461,no,,,,,,,,,,,18cc23b8-df64-4018-b8b2-c9192704ba97,34.439998626708984,
101,3462,no,,,,,,,,,,,13521a35-2bac-42cd-8c0b-c98889084143,34.439998626708984,
101,3463,yes,64f8cdc9-9720-45bb-bf5e-c217413aea2a,23.100000381469727,51c8d309-910f-479e-aa2c-57f5f5e5ce5e,19.0,3508df28-d370-4d53-80c1-296a68ecb087,444.1600036621094,f35a8c68-be28-4602-96d0-23c74c7591ec,0.0,d91ee252-13fa-4ed1-a142-b4f0e42adf6e,0.0,b8384778-a0bb-403b-b1ea-5875c00f5925,35.91999816894531,
101,3464,no,,,,,,,,,,,cc764843-11f8-4408-82ce-796b304dbfb0,35.91999816894531,
101,3465,no,,,,,,,,,,,b3359a45-679a-40fa-aef2-535f8c7d4449,35.91999816894531,
101,34661,yes,78cad1d9-c92a-4275-b211-19d474ff3199,23.100000381469727,a1671af2-9e52-4495-94d0-2ffa94d6a644,18.0,d1e35e63-ac04-4adf-928a-570a85b75c80,510.0799865722656,f4b09c28-32b5-41ce-9f57-2b7e00a3ce3d,0.0,22cc3bb1-ce89-4934-bc5a-d0588407e289,0.0,79487749-3a07-4fcc-91b3-9ca4545ec295,35.91999816894531,
101,34662,yes,2a71846e-8fc9-4e7c-9d41-1bb947ba7056,23.100000381469727,a27b6ca1-fb05-43c1-ad86-be5a45c72234,23.0,239c0ce9-c50b-42af-8b65-a8b7035f0272,426.8800048828125,ced30c31-3bc2-4938-9b7c-554954e7c737,0.0,c79f253c-51f1-4d63-921e-a4c56f181b0f,63.92158889770508,a89f6edc-d1e4-48fd-82c5-7f0bd4cf14f5,67.31999969482422,
101,3467,yes,2a60b513-9c8a-489c-bda0-898038a57cd1,23.100000381469727,b63bccfb-0fcf-4262-9be9-d473ed509f0c,19.0,252cf172-3fa8-4967-a01e-48fb01f50cd3,533.1199951171875,cee31538-7d0d-423a-8474-4cadc1f8f42d,0.0,ae11bb2a-3060-4b84-bf42-a34b1e3b61fa,0.0,18b2d607-3932-4842-bc3c-5717724b09cd,34.439998626708984,
101,3468,no,,,,,,,,,,,d0efb952-c068-41fc-a3ea-ba95a2279335,34.439998626708984,
101,3469,no,,,,,,,,,,,db8fccf2-aace-4967-b83b-496f36209933,35.91999816894531,
101,3470,yes,fa39f597-c00e-41cf-ac78-6c4ebf2c896f,23.100000381469727,5b85871a-2f2c-4077-8d2e-cb8dadc65f24,18.0,8343b8a6-eea0-4672-ae1a-e85469110566,540.1599731445312,089c79d5-977b-4ba0-b035-b482bdc142e0,0.0,a6ba0966-1bb3-4b4f-bb7c-49f474d231be,0.0,7a8a6f27-2ee6-402f-9a85-99cfdffa751f,35.91999816894531,
101,3471,no,,,,,,,,,,,ef82af23-f5c1-466d-a60c-0da1005b0001,35.91999816894531,
101,3472,no,,,,,,,,,,,54024b38-a341-4afb-b6bb-e35dc683ced9,35.91999816894531,
101,3473,yes,87abbca3-be12-4ccd-80ff-bd1e62277004,23.5,5ef8d2dd-33d8-4aba-82c6-f67632e77315,19.0,c1b3f5ad-72bf-4b28-8248-d6a624b57188,536.9599609375,fc21977d-63a6-47d9-a52c-aed8617b2a1d,0.0,84f23dde-38a7-4323-9773-a223c5677260,0.0,928cfc5f-096d-40c3-bb58-e1c4219b06c6,38.84000015258789,
101,3474,yes,729a62dc-73ab-432f-bc7e-26347be7a83a,23.100000381469727,100c1c66-b454-4628-8c4a-2658a28faa56,16.0,d747fd1d-44eb-4d28-ab17-3a0fb8d25be1,453.1199951171875,7802e575-f13d-44a8-8068-3bd38be71edb,0.0,fd174f34-0ce0-4e79-b8b2-a027bd656e6c,0.0,c5611195-2909-4a98-899e-b71899a1edc0,35.91999816894531,
101,3475,no,,,,,,,,,,,525a0512-4d69-4e98-b872-377578854110,34.439998626708984,
101,3476,no,,,,,,,,,,,4020a996-d46b-466c-b470-f4368d9c44f7,35.91999816894531,
101,3477,yes,7f23ff1c-80dd-4e0c-9dbd-6b91b939026d,21.799999237060547,79fab142-567a-4c4b-8564-4e462bd3781c,19.0,01b2cceb-4893-4d67-bca7-edcc571ee3d4,450.8800048828125,c58c1d7e-2465-4c5c-b447-707a305a9db3,0.0,de2419e6-3fb2-4d6a-bec2-f57ead01f86d,0.0,0831c58e-317f-4426-b2db-19316ef5de83,64.5999984741211,
101,3478,yes,189f64c1-7d3c-4ea1-b30f-fa93443c6471,22.799999237060547,bfcb3cf6-d814-44e0-9bed-4f57353ce010,20.0,c8689ef3-3a0d-4e8e-af05-43252f9ab128,517.1199951171875,13c943b9-0996-4336-a6fc-0415738805a1,0.0,0735d20b-9094-4248-b401-357913915aa6,0.0,6dd7e9d0-0bbc-46d4-80c7-f4a874b7533f,35.91999816894531,
101,3479,no,,,,,,,,,,,4926b944-2b13-477a-92cb-9f9ddc775eb2,37.459999084472656,
101,3480,no,,,,,,,,,,,e5ff7a87-ce0d-460f-a022-e97f3691bc2a,37.459999084472656,
101,34811,yes,ca3208d5-b080-49cd-8210-48f9b516d89b,22.799999237060547,9acbf2b7-fae6-49a0-a25a-1477ba1789b7,18.0,6dbe1049-f846-453a-b43b-334c0091c274,434.8800048828125,3b2e7d8c-548a-4515-8583-2d6b1bc64333,0.0,c3d95f76-2eb0-45bc-9e1c-3045ef6dd643,0.0,d7140953-044c-41c0-a19b-bf82f78b2b57,35.91999816894531,
101,34812,yes,3a6033b0-96f5-40b9-b852-c38177fbba12,23.600000381469727,b5ac4856-7354-4564-8beb-def91fc0b059,23.5,6b4eaa6b-3ebe-404c-8af4-323904193305,496.9599914550781,4eaa336a-cedc-4d6c-a048-76a5d4353ccd,0.0,e9d960ca-03d1-42d8-8ad4-850924579915,10.19608211517334,19c7b845-6d3a-4a5a-8a01-ce1345a2c143,37.459999084472656,
101,3482,yes,98ee2939-e45a-4d96-acff-bca1d7b30b23,23.600000381469727,94acc08a-f3a9-496b-92cc-17f21bacc32a,19.0,092d3ed7-bdad-4015-a6ad-7f7ec36a4624,560.0,6f7bea67-75a2-4f06-a42e-df36afed5bf8,0.0,8ab34354-60ff-457b-b652-e98cc03f284e,0.0,6aff1638-7391-4cc3-9477-006f011ea8f6,35.91999816894531,
101,3483,no,,,,,,,,,,,ac211d6a-e478-4c46-9e2a-bc053f533fc5,34.439998626708984,
101,3484,no,,,,,,,,,,,0f5a65c9-f404-4067-b42b-2d67b4cf55b6,35.91999816894531,
101,3490,yes,c7794819-59cb-4735-965e-8ef9bdc4dad8,22.69999885559082,9f6c5771-d1a1-456b-89dd-bfd660c61774,23.0,e22ad677-df6d-41c3-ac94-13723911c95c,473.91998291015625,7a53bb75-ad5b-4470-8dd0-6c49d46030e3,0.0,7cd05d53-ceba-411c-88b3-85b9e56e2d26,67.45100402832031,bea1e464-3471-4aaa-937d-cde1b561dec8,98.0,
101,3491,no,,,,,,,,,,,808c8bf9-e3ed-43b8-ad48-55180e8fe9d4,93.5199966430664,
101,3492,no,,,,,,,,,,,fbb7f866-4c75-44c3-b1a6-8b2b4521ab89,96.31999969482422,
101,3493,no,,,,,,,,,,,2b1dd853-ac21-4ed7-945e-2db6cadd1b5a,92.87999725341797,
101,3494,yes,aa44fe33-9493-491e-a5e8-7482679d1902,21.799999237060547,a2713497-2010-42fb-8231-e07c63268b14,24.5,70caf24f-5176-4136-bedf-2f9c7895479a,426.8800048828125,c99d05f9-9458-4ced-b027-7efb3adb51ce,100.0,8fbb56f2-4516-4d71-a031-7ee4201372ab,0.0,37b83d2c-5bd0-4a35-9824-ccb7c6f0a58e,37.459999084472656,
101,3495,no,,,,,,,,,,,93c41602-0466-4774-9076-a7ddbc2b94b2,35.91999816894531,
101,3496,no,,,,,,,,,,,0b31f884-9b6c-4a4d-aa29-3fd2edf307ee,37.459999084472656,
101,34961,yes,8bcfa96d-f8e8-4671-9548-f665c6db25ef,23.299999237060547,b63fc26a-4905-48b1-a96c-c50a50e425db,22.5,96b717b3-b194-4a25-b242-04df000f666f,439.03997802734375,f62d24c2-2df7-49b8-add9-128170c1792a,0.0,079a694c-78a1-467a-b497-b18a1924df1d,0.0,6af10792-3f20-4302-b869-94f754d6645b,37.459999084472656,
101,34962,yes,5585d708-f361-49b3-bbb5-c15b624e8aed,21.799999237060547,ba12d85d-7725-4f94-adcb-9c9e3a90d4da,19.5,839fd0ef-e54a-41eb-a064-c4adf08e2db7,410.8800048828125,96b48d36-c760-4b4f-bd36-8eaa7211ce90,0.0,1f5bbbdc-6e76-4225-ad01-3f0ffe7e5c74,100.0,b364a70b-db5e-46a2-a075-67be4066ba08,101.75999450683594,
101,4001,no,,,,,,,,,,,0a80a916-938d-4048-a8a8-be996b98e020,79.1199951171875,
101,4055,yes,35ba40ba-5950-4d5f-aa08-25e2cdb35480,22.600000381469727,1605a37a-edfa-484b-8152-129bd7427793,19.5,af634ec0-a79b-4fbc-aaf9-2a16ea1626fe,631.0399780273438,1ce4d1c9-060f-46a0-90b5-477a97334fcd,0.0,0ff55780-61bb-4ebd-b183-762bf7cf79ca,100.0,ee1d1ceb-f475-41c9-9335-37e87f4a9050,108.95999908447266,
101,4056,no,,,,,,,,,,,274121b3-8438-4b41-a317-c51401af0f24,111.83999633789062,
101,4057,no,,,,,,,,,,,3635174d-7458-4993-ab48-d47576002079,108.95999908447266,
101,4058,no,,,,,,,,,,,5c4e8c18-f386-4233-837b-25140536fb98,111.83999633789062,
101,4059,no,,,,,,,,,,,cd4b89ef-9331-4730-9685-4b0eaa643037,111.36000061035156,
101,4060,no,,,,,,,,,,,3dfa2564-6078-45b6-8ccc-ce0441b7e9cd,114.23999786376953,
101,4061,yes,db933b52-3257-43a5-ab80-44f46640513e,22.399999618530273,77d80eb0-3865-4e8e-a984-7b033d000e3f,22.0,12d12441-bf49-4670-98c3-ef738b476351,575.0399780273438,2087a77b-12bc-4e90-a8fe-a42989286b4c,0.0,afecd24a-d3d5-456d-91f7-35fffe6f0580,100.0,c58d8af1-c6a8-4a42-90ef-ca0bae6042c8,111.36000061035156,
101,4062,no,,,,,,,,,,,ff002269-7fd6-4b1e-8462-f1fddb6a0a20,40.15999984741211,
101,4063,no,,,,,,,,,,,44cf32de-c804-499d-96d1-47ad93173645,37.459999084472656,
101,4064,no,,,,,,,,,,,6ea280ef-1f34-47a8-b595-a0bccdbb2363,35.91999816894531,
101,4065,no,,,,,,,,,,,ca2a1286-5d08-4ee8-8660-4610d9583d44,37.459999084472656,
101,4066,no,,,,,,,,,,,04fb1fb0-8417-4f1a-89d2-1cb1d486ea46,37.459999084472656,
101,4067,yes,3b19afdb-35e9-4e69-80cd-745eb6be8a22,22.0,3eb11988-c04f-41c0-9667-a116a6a2d1db,19.5,3ca59259-9ae8-4823-aa35-e1e9c1df1489,471.03997802734375,0f138f12-507d-4ef8-b8d7-63231ff77668,0.0,3be39351-8d20-429d-9b8f-caef6fb71805,0.0,abd66649-cb27-468e-9765-f5c2582b3370,38.84000015258789,
101,4068,yes,54ff4cb4-5e87-4533-9bff-db2af171e57b,22.19999885559082,3b962f17-7a8b-472b-b758-6b94f7268055,20.5,f7412b9d-24d8-49be-8cfa-ff7e6c35f0cf,519.0399780273438,f7cff549-5434-4362-8fe4-cd5b4a3f16b8,0.0,f94fad20-23d9-49d9-845e-9905af706e28,100.0,429bc974-8e44-46a9-837c-f515cc5b43ea,75.5999984741211,
101,4069,yes,3bf059db-e5c6-4068-b864-8e706603d443,23.399999618530273,920fd070-9a42-4289-9dff-a27b5e1f84fe,19.5,b6fbf08f-c8e3-4f67-be8e-d32c14870a33,624.0,04bfa4cc-5be7-40ba-8880-b07d37180cb6,0.0,82f879d2-541a-49b5-9a9a-1588582e5d32,100.0,7fbe3c87-3bfb-442b-9c15-a457b72d72a1,77.04000091552734,
101,4070,no,,,,,,,,,,,d96ff4ba-38fb-49fd-80c4-3fa167556c64,81.1199951171875,
101,4071,no,,,,,,,,,,,8f8bab04-a817-4257-a1fd-c7c66000a183,79.75999450683594,
101,4072,no,,,,,,,,,,,b8e210f4-37fe-4cca-a412-68a173f79577,76.31999969482422,
101,4073,no,,,,,,,,,,,e84c7470-1284-4a7e-b3bf-97bb333e7622,79.75999450683594,
101,4074,no,,,,,,,,,,,b4f3228b-7a8c-4314-8e53-da90c4cca817,76.31999969482422,
101,4075,no,,,,,,,,,,,f514407b-6f63-4a48-98b9-0358a8747100,86.87999725341797,
101,4076,no,,,,,,,,,,,b54d48e6-131d-403c-9523-f9cb04d7bea2,77.72000122070312,
101,4077,yes,80606042-d987-48f9-bdbb-888e0b2ece8f,22.69999885559082,4aa87806-dfe6-4fc2-8e01-e4b1e70d966b,24.5,0c42ed5a-42b9-4c94-b6c0-a92488236ff8,661.1199951171875,41a250a8-ebf4-4655-a19e-f2bba09a01b8,100.0,59ed52a5-955f-4af0-8a35-be3f737f8a01,0.0,2bde92ff-6627-44bc-846f-a2e342b4feaf,79.1199951171875,
101,4078,no,,,,,,,,,,,a90b2c47-76bf-4e84-9f6e-f1ecd453ebd7,79.1199951171875,
101,4079,no,,,,,,,,,,,2e2021b3-23fb-4430-9e0d-056113271e53,79.75999450683594,
101,4080,no,,,,,,,,,,,b90731bf-204b-47f5-9a76-7ce691a61227,79.1199951171875,
101,4081,no,,,,,,,,,,,f11bec38-5b53-4d7a-88a2-e822d1a7ab56,79.1199951171875,
101,4082,no,,,,,,,,,,,9c010484-7bc5-48c7-a4b6-7c45cb3d3425,96.87999725341797,8bceec9f-589f-444c-9ca3-35490bc75e06
101,40821,no,,,,,,,,,,,156ea6d3-ec33-4f72-a952-d23d41d597ea,94.63999938964844,
101,4083,no,,,,,,,,,,,e586b81c-ab09-4f8b-9d75-7c09428a2154,98.55999755859375,
101,4084,yes,b4bbf367-935b-4fc1-85b0-aa401797825d,22.19999885559082,545dcd00-554a-403d-bef4-4d6302cea256,19.5,28287ca9-dfbf-4faf-ad89-f621be29ef76,550.0800170898438,cf5408dc-497d-46db-9aac-fc1ea0b5bb04,0.0,dbe5a8b8-1444-4e15-8e54-4c2a4f3048b8,100.0,a825560c-399b-4c63-9c4a-8b7d930421e9,94.63999938964844,
101,4085,no,,,,,,,,,,,39f30ed7-ebc9-441a-8904-1c8cc29f8da5,98.55999755859375,
101,4086,no,,,,,,,,,,,faa2fb23-73db-44ee-83dc-c0cc4081c12d,98.55999755859375,
101,4087,no,,,,,,,,,,,381aa795-30e3-476e-9def-32d6fd70d95a,96.87999725341797,
101,4088,no,,,,,,,,,,,550aabc9-b755-4039-babb-d369d3f98034,97.43999481201172,
101,4089,no,,,,,,,,,,,abc345db-7f07-4e7d-8d99-edf87baab032,97.43999481201172,
101,4090,no,,,,,,,,,,,53ed71ef-ff7c-4034-a725-b551a8c5a482,94.07999420166016,
101,4091,yes,8c673021-c8bd-4797-95f3-fef9eeb3a47c,23.5,81fc606c-b85b-4a12-a618-835b321cc8e3,22.0,a015262b-e8f7-45de-be3b-8f4aef12f87d,528.0,4bc7a152-1471-461c-b4cd-a68f5eafa283,0.0,8788509b-e16a-46c7-b98a-03fcba4fada7,100.0,5e922a9e-83e2-4065-9641-2993cf51bc02,79.75999450683594,
101,4092,no,,,,,,,,,,,77aa38fc-0fe9-4e1a-9319-1d86be2882b4,79.1199951171875,
101,4093,yes,46acfae2-d3fc-4531-ad96-95e34ef99dd7,21.100000381469727,f9001452-3bcb-4f40-a8db-5a02592a0954,19.5,2d9a7a82-25be-4815-b9d6-397715e41fe4,445.1199951171875,2f3de1b0-d545-410d-a02c-5dbdeee5a6ac,0.0,8907594d-5420-4242-9838-66e06a57c0cd,0.0,ba853a78-0454-4628-ba33-4ff10c5b6ed9,78.4000015258789,
101,4094,yes,2b947b56-203a-4336-9a2d-9d19e44d9f46,23.19999885559082,47892d31-2d91-4815-8bf6-f58e933e0d26,20.0,3882637c-4f8e-41bf-a8fc-5b37faf09bb4,576.0,fc23e390-f73d-4f2e-9905-ef7bd840ad96,0.0,6246459e-88f0-4b46-9b0e-e9608ad8ab9c,100.0,ede98899-7b7c-48b3-88f6-0578988df862,35.91999816894531,
101,4095,no,,,,,,,,,,,8ef771cd-b214-400f-a50e-29ca78db5f9a,35.91999816894531,
101,4096,no,,,,,,,,,,,e7e27c9a-5564-454a-868a-10e23fc9bc22,37.459999084472656,
101,4097,no,,,,,,,,,,,73b0abb3-ea1b-43a3-9308-30edc0d90c54,35.91999816894531,
101,4098,no,,,,,,,,,,,1d318fd6-1d1f-4e25-a53d-4af8db2274b6,35.91999816894531,
101,4099,no,,,,,,,,,,,b3cb6f40-ef42-446d-a789-43cc3ace6f21,37.459999084472656,
101,4100,no,4834c5d2-1fec-43d0-b816-5eb6325ddeb9,23.0,1931e96e-6ffa-4b6c-b0ae-2c40d924a987,23.0,0cd8b977-2d04-4599-9ace-fc5b4b8accf5,504.9599914550781,,,,,57224340-35a7-4182-824e-cbb3430d43e2,79.1199951171875,
101,4101,no,,,,,,,,,,,618862c8-6fd8-40e7-a0a6-8c317f47d344,37.459999084472656,
101,4102,no,,,,,,,,,,,312b92ba-6e6f-439b-93aa-773daa2e9144,35.91999816894531,
101,4103,no,,,,,,,,,,,f20e2a7e-686d-4587-b8bd-2bf5b8dbe695,35.91999816894531,
101,4104,no,,,,,,,,,,,92eeec96-24d3-4b2e-9d32-b11722b3cc98,35.91999816894531,
101,4105,no,,,,,,,,,,,82862aaa-b3df-42b9-91c5-653776149c42,35.91999816894531,
101,4106,no,3c46aaaa-f696-43df-ad68-fe5e046dca1a,21.69999885559082,0a4fa633-5838-45e3-b633-e7ae968aa804,20.0,90ae64fc-db91-4b70-b837-3fe4bdcdd6fe,492.1600036621094,,,,,90aa4433-73c7-4672-964a-6a5829690230,79.75999450683594,
101,4130,yes,5b48a7a4-a06b-42bf-a28e-31b1670dcb7c,22.0,aff720ab-f7ed-46c2-a564-f0c82c072ba9,20.0,7c64f9b7-904c-4bb3-8500-cc71cec5f95f,465.91998291015625,40e439c3-35f3-4db2-81c8-6d5261d3031d,0.0,db7dec8e-50ae-4243-9d8c-6a6e62593889,38.03922653198242,58ee2806-a0cb-4031-866c-a91a83b073ee,75.36000061035156,
101,4131,no,,,,,,,,,,,720bec4f-bb93-4a2a-9359-5cdf8eea4108,75.23999786376953,
101,4132,yes,11b2632e-6480-4483-ac4c-04ace0fa9681,21.899999618530273,2e156023-ed7f-464a-b793-005901ae1f67,22.5,83295eb3-2121-40cf-919d-e11074d46214,526.0800170898438,3436a1b1-2bc3-4a3e-8bb0-ead1763213d1,10.19608211517334,c8d7d459-af6f-4400-a29d-93ff1d7b06f3,0.0,ad85fa65-b065-465f-b39b-c761dca7a736,45.23999786376953,
101,41331,yes,3686a01e-f05f-4322-9b5a-b4ad9eeed9a1,21.399999618530273,f817030d-ceb3-4ca0-9df1-69d38645a0f3,21.0,0d69ec69-cd4d-4edb-a4b9-e97974024656,550.0800170898438,159c58b7-3d81-4598-83a5-04abe5480b90,0.0,af468bd6-3895-4dea-bb9e-c81cf7fadfef,100.0,4947b530-6866-4bc7-a375-d0b4cb0e20c5,35.91999816894531,
101,41332,yes,8acb1f20-4314-4831-a97f-57b7433e57b2,21.799999237060547,104cabef-c59b-481a-b01a-977428ec144c,24.5,c9c87cca-cdc3-45ec-84e8-c14187bb5f9b,461.1199951171875,3050d6a6-7601-40ef-9134-07c31f8ba64e,100.0,693979c1-d131-474d-9752-92f9033c9efc,0.0,63f5184c-12db-4b2e-8249-bbe42f952b50,123.75999450683594,
101,4134,yes,73c82af3-c5a6-4743-bf8d-ab8f8fa6198f,22.600000381469727,6ae246a8-833b-46b4-b66c-0c1ac225a632,20.0,5bb2be1e-6986-4c21-bb79-71e5c12b7695,550.0800170898438,56cca98d-e601-40ee-8e89-35689fa69b1f,0.0,fd3d26cc-96f5-4469-a51f-ba6a9d52e3e6,100.0,38a89550-bbdd-4643-820d-bf912be785ce,38.84000015258789,
101,4135,no,,,,,,,,,,,66951528-8c58-46a6-8639-1cf90aeec6eb,40.15999984741211,
101,4136,no,,,,,,,,,,,88bd59be-1300-43fe-a62b-6594adefb818,38.84000015258789,
101,4137,no,,,,,,,,,,,d81b2110-a910-4029-971e-775ffea45df6,40.15999984741211,
101,4138,no,,,,,,,,,,,dfae6c0f-7647-465e-9f72-2a75ebaefd94,40.15999984741211,
101,4139,no,,,,,,,,,,,b28a2ca3-fa8f-46e5-8267-23bfc845a5a2,35.91999816894531,
101,4140,no,,,,,,,,,,,227f768f-f2d4-4885-9f65-f87080fdffbe,37.459999084472656,
101,4141,no,780010c9-b795-488c-a178-3b146db8b94b,22.899999618530273,d2a8bb09-2f93-4244-8fc8-e3717ab17ef9,21.0,737bd1eb-e733-49fe-bad3-c3bf0080b891,535.0399780273438,,,,,39a4436f-827a-4947-ac33-73eff08d3a7e,75.5999984741211,
101,4142,no,,,,,,,,,,,180c8a94-4de3-453e-afb6-bcaf901bacaa,76.31999969482422,
101,4143,no,,,,,,,,,,,8973f91a-84ec-429b-90c6-704326fef32d,72.68000030517578,
101,4144,no,,,,,,,,,,,b4ebc6eb-43dc-4337-bcda-c59f2599fbd1,79.1199951171875,
101,4145,no,,,,,,,,,,,1230142d-776c-4760-a4d2-de1e3d32f994,79.1199951171875,
101,4146,no,,,,,,,,,,,6dd4c7f5-f31f-4bb1-8611-de480dca3dcc,75.5999984741211,
101,4147,no,,,,,,,,,,,5266ac04-6d88-4bc4-a6fa-ff4bf366814b,79.1199951171875,
101,4148,no,,,,,,,,,,,3ca2f900-d94f-4603-a54a-536bfbdfc1e1,76.31999969482422,
101,4251,yes,6ebf8b7b-c11d-4b26-8e32-18d8470dc1bc,21.299999237060547,aa18958a-4e73-4ad8-9e6e-6e0c29d32908,19.5,4eec4908-f624-420c-a530-9fc741bfa46d,412.1600036621094,daea9512-1f75-4236-b154-77de98859d96,0.0,17c5d4df-f0ab-469b-b8a8-363007fa5417,0.0,9c32bdc1-c08d-432c-b8f3-103476a0d18f,164.47999572753906,
101,4252,yes,bd0caecc-1fbf-450c-a1cf-5c7e32ae1e9c,22.600000381469727,b3da7396-50c5-4b7d-8efd-ab2828dfcc17,24.5,f789e64a-2c87-43a6-b8bb-3a4a93af54b2,532.1599731445312,0f77182c-3968-4b20-8e90-169a6d5a99e2,100.0,4e39d23b-fac1-496f-8c85-d75286081bac,0.0,065ff23f-75e3-4dca-afcd-fb625f26e023,138.95999145507812,
101,4253,no,,,,,,,,,,,d83d5219-3362-49bc-9123-d9b2cbe88659,138.95999145507812,
101,4254,yes,fa8dd055-4a8c-43c5-840a-31aa20f5749f,21.5,6d882403-713b-486d-9409-81e6ccdcb2ce,22.5,9de62ba0-4824-49ec-a4a5-15bd4128eb8d,437.1199951171875,b98385eb-10f6-42f5-9c9d-136d81c457ed,100.0,f0f037e3-caa7-4b4f-93c2-318df13e1a60,0.0,e50aa509-8128-42e1-a5e1-447554a719db,152.0800018310547,
101,42551,yes,c667e4f0-c910-451a-a522-c5faa1705cfa,22.799999237060547,7f10f73e-cc6b-4ddc-b87c-703b5176b744,21.0,03f94574-3df3-408b-b301-f38228deb738,445.1199951171875,7fb9b648-f64c-42f1-9687-7e4b9b58b042,0.0,0476f4e9-63fa-4426-bf6a-c7baf9fafb9a,0.0,6d15aedc-7b52-4a20-ade7-7dca62439789,45.68000030517578,
101,42552,yes,952c4c31-e9bc-403a-81a5-aa3545bb1e68,22.0,d91f109b-0b59-42e5-b9a3-948d43204e44,23.5,8aee19c5-9b66-401d-9006-8a138c47db2d,521.9199829101562,fc36071e-d37b-4fe1-a010-e96db1ff09f8,100.0,a0cb0325-e962-4db6-9f62-4f79077944ce,0.0,0329edf6-9888-4d15-b91c-52eaac1ee7c8,54.47999954223633,
101,42691,yes,e4397331-46b5-4c00-9b1d-b09624f8c6e5,22.600000381469727,a387f480-123b-411a-b1a0-049daf7dec9d,24.5,f40b0017-bc12-4780-9686-fccfd1a4c22d,448.0,ba7cee80-891b-41b3-9f91-6111f7045479,100.0,23d3ba41-ddd6-4ca1-a4cd-079c6a3271e0,0.0,8f225f6e-f418-474b-89b0-c23aa857cfb1,45.68000030517578,
101,42692,yes,412b2279-8689-41e9-b1b0-40abf6cd971e,22.19999885559082,fb36bc89-6296-4e19-8165-50448ab5bc36,24.0,fa063f37-962f-4b18-bae9-e13cc9ca4860,437.1199951171875,43b2d12e-1353-4262-9bf7-dce7d5e0575a,100.0,5cc67704-fd7a-4545-9d6c-84e4c7b82b56,0.0,ccb94f16-d7bb-40be-a81d-f58a56ec8aea,96.23999786376953,
101,4278,yes,07a66892-d95a-45fe-bfcb-68ee9230415f,20.5,a60e29fb-6c3c-4b9f-9f4d-8f1ce35b8728,20.0,4ac60599-b04c-4e2a-80f9-b37c572f42d6,440.9599914550781,43bf2a11-6b9f-498c-b3fe-17d34ef3f881,0.0,d0eb8f50-55a3-4f46-b5c6-4d9eb3508171,100.0,f788ef0a-34ee-4cd8-9d91-eeb047d47cf7,267.3599853515625,
101,4281,yes,f4ce83f6-9704-42a7-abfe-ac55b8e8554c,19.899999618530273,b7233bf9-a0db-4293-bea5-4cdd29625ba5,20.0,a3f9b372-429e-4422-a936-ec6cb8386798,456.0,3c6d648d-52ef-4aef-a797-a80be17c27fe,20.39216423034668,dd889154-a78c-411a-940a-e946e4a5e1ed,0.0,418292a3-ee7f-418b-a298-95ece04e9dc3,380.79998779296875,
101,4282,yes,6028a6f6-c991-44ae-8ff8-0d49469a3169,20.5,24d131c9-8fb9-445e-9715-48ddeaec0059,22.5,f046e5f1-ec19-40fd-8701-7122fe7d58c3,453.1199951171875,bffdec93-02cb-4831-881d-e313cc32e5b0,100.0,07a26e5a-bfb7-433e-8eca-c77e01d856af,0.0,33f77f98-8884-48bb-9d72-c1b79fb6b9f5,378.239990234375,
101,4283,yes,66de7f3a-c7a7-4c0e-92f1-23ae12d5d14f,22.600000381469727,dc7e4c78-86bc-41a7-8a8b-16c9d0b5851d,20.0,d3b07b11-1462-4315-a931-5d250e24e26d,456.9599914550781,e25fed24-7205-4bcc-9174-60abcb86de9e,0.0,1520492d-3205-46c3-8e2a-e87b49a96260,100.0,406f42f0-606d-4c7e-96a6-19ecc8705e2c,317.1199951171875,
101,4284,no,,,,,,,,,,,a680e2ab-d301-4753-afc8-5ebcff441a14,320.1600036621094,
101,4285,no,,,,,,,,,,,11223eb1-e452-4179-b84c-d9662f01f998,331.8399963378906,
101,4299,yes,2b7afdf1-9cb3-4850-be92-bfa652ec2acd,21.5,cbd0daaf-3d64-4e1d-a2c7-508265f0c11a,21.5,fbcbb2cb-47ac-412d-a797-9911c8a68dcf,444.1600036621094,c8a906b2-0ebe-446d-bc67-b0cc2288e2a2,0.0,97cc6d85-604e-43bd-a39f-de66fb978d1c,0.0,6aa9466a-478c-4dc3-900b-c2ffc6e1ecd8,181.27999877929688,
101,4303,no,,,,,,,,,,,c50b20f7-02aa-4be5-b1d3-deb2970bb9af,3118.079833984375,
101,4304,no,8e6dc837-005b-43f8-98d5-ace4ed02a51c,22.19999885559082,6318dca4-4e2b-4703-a78c-45f944506a53,21.0,aea190cc-1704-4593-8c67-53c7b521f8ed,461.1199951171875,,,,,a7261a84-1638-4660-83be-58e531498b73,320.1600036621094,
101,4321,yes,53c04af7-0b3a-44af-8454-f39576e2e69a,23.0,c9db80c4-e2c3-4f9a-8f29-48ca13fc6517,23.5,c165d3b9-5f38-4f8d-9f26-dd07d2099b65,488.9599914550781,987282be-0142-4af0-8b86-bbb7c9008fc3,70.98041534423828,565eacca-63f6-455f-a13d-204bb6811a0a,0.0,76bfb1ee-f9dc-4ad1-8352-6396c770f13f,145.59999084472656,
101,4322,yes,cb5d57f5-c0bf-469b-b153-5fe7603858ad,22.5,77d925e5-da0e-4ad3-9731-a1f4a57269fe,22.0,b2454759-69a1-4bdd-b8bb-d360b9c8310c,528.0,84c76697-c720-485e-9e36-0dc044b63f16,0.0,fb5af717-e2be-452d-bf70-f0b619e4ffbf,61.176490783691406,bdf2a116-67ef-4c4d-85eb-af144fe7c267,181.27999877929688,
101,43272,yes,9bf0974a-c97b-41ef-a5a2-28b73e072681,22.799999237060547,90c41d41-23b9-41fc-9a00-259e9f30792d,22.5,0c064e22-5d98-4b20-a0e7-1179b3fc395a,535.0399780273438,4b043861-2cc3-447a-abe5-9398dd8b5659,0.0,2ba6a574-8eff-46de-a489-452a7ed25b5f,21.176477432250977,3cab6995-23d5-4c42-8d37-47915e2833e5,53.0,
101,43273,no,657101ab-7eaa-4973-8297-bb1d072b954f,22.799999237060547,,,,,,,,,,,
101,4335,no,896e9068-99be-408d-9afe-6058ae2da5d7,22.0,87a046af-0165-47f5-a52c-607f57dec50b,21.0,40f4e5dd-e152-4120-a00e-7a947a5509e6,439.03997802734375,,,,,00e87f90-fa12-4e9e-9f3f-d9920c85244a,152.0800018310547,
101,4336,no,,,,,,,,,,,dce3c722-18f8-437d-a048-6190124e86a1,152.0800018310547,
101,43371,no,3da38662-2978-459a-ae93-04aeb7c74cad,22.299999237060547,ab8dbd7e-6c7c-4b28-bd25-fe233bc982b2,23.0,c4910573-024e-4719-b856-e203881cbc6a,431.03997802734375,,,,,bb931df5-bf94-4c4f-a857-b880aa3584a0,124.0,
101,43372,no,ae6c5540-4e28-4a7a-83d2-7dd695f8f0e8,22.799999237060547,f4595e6c-b137-4f5b-9c1f-dcfd6c085240,23.0,405420ab-3af5-4097-ae5d-1cb2752fecee,449.91998291015625,,,,,0ab3b477-ab6d-40da-80b2-4770ac22ae3f,29.3799991607666,
101,43373,no,9ba605b4-8795-4be1-be4b-efc39d2a2acf,22.799999237060547,1ccfc818-a241-4203-b3b4-1f98f4df9146,23.0,ca1a2514-0deb-4ac9-a691-d69b8e90cc73,429.1199951171875,,,,,60dbc8c7-a844-487e-bb6f-56e5fb80399b,54.47999954223633,
101,43381,no,c201f8cc-be23-47e9-8dee-dacc2e0da485,22.5,6cd830c3-9d26-4565-8b97-0a880dfa9a62,23.0,e8f87cf0-173c-4994-89e3-5e765772f36c,442.8800048828125,,,,,3c33ef4b-5bad-4db4-bacb-fc92d2e180a4,131.83999633789062,
101,43382,no,c266d6b5-b0f9-492c-9ff4-dc80a9a4f4d2,22.5,47d2bfc0-b913-4695-abdb-a6694aab9e51,23.0,a2fde04d-63ea-4a55-ac65-795f3f61d30e,424.9599914550781,,,,,d7af7c61-99e5-413e-bb11-969d679dc387,48.68000030517578,
101,43383,no,aceb9803-e9d2-4a0a-bde2-8d6dc2ae081b,22.100000381469727,6e7f02a9-d258-4014-9e13-8f3f90b1bda8,21.0,8c0d52d5-ea12-4652-95b2-75d44534f8c9,431.03997802734375,,,,,366bb4f5-dae9-4336-886d-3c93fc0d7166,29.3799991607666,
101,4429,yes,00f55756-d466-4562-a14c-7a6ba0cc6efc,22.299999237060547,4f135ba6-6917-4542-9849-93d864c39f95,21.0,fb391127-084e-4b7a-bdcd-964c4f227d59,592.0,eb32e536-791c-4e1e-b83f-68e7c41b44dc,0.0,32613326-e838-42df-882b-b40e2b6baf27,30.588245391845703,46922c96-3c20-4e54-a91a-c0c94cef7d31,55.91999816894531,
101,4430,no,,,,,,,,,,,f09b451f-8ac7-4365-b3d6-1dd0ea8ee85a,0.0,
101,4431,no,,,,,,,,,,,a734c8fd-191b-4093-a68f-041a0bbd2c16,58.7599983215332,
101,4432,no,,,,,,,,,,,77e105a4-3426-4bf7-a39d-22aca1cbe0cf,53.0,
101,4433,no,,,,,,,,,,,fe507837-51aa-4e2b-8abf-3be744fc16a7,53.0,
101,4434,no,,,,,,,,,,,35189929-5454-4000-a1c9-d31538d3fcbc,53.0,
101,4435,yes,f8c413e0-42e7-4cea-ad4b-59ebf7babcd2,22.5,898668c1-946d-488b-94d9-e9f24e7f3135,22.0,0266bece-f3c6-475a-8ab8-c2a09657baa2,570.8800048828125,fad0ac29-b4d6-4ba3-8254-e0db198dfced,0.0,1f671e26-e8b4-4bd9-ae60-3cca6bd6b850,100.0,f11e8825-a447-4bc0-a31f-3200adb56b63,111.36000061035156,
101,4436,no,,,,,,,,,,,a7d45253-3d5b-488f-ad6f-eccfd1ba4980,109.91999816894531,
101,4437,no,,,,,,,,,,,a02bb49e-7bf4-4ec3-8a67-0e5dc2b6b66f,114.23999786376953,
101,4438,no,,,,,,,,,,,9a74df59-b9fb-4d42-aa62-be57c5822a3e,114.23999786376953,
101,4439,no,,,,,,,,,,,8bef18be-dda9-4e6a-88ec-6a6ff79e9422,114.23999786376953,
101,4440,no,,,,,,,,,,,b610f149-efdb-4d6d-add5-eb38304e6173,110.87999725341797,
101,4441,yes,4a47d8bf-d172-42b3-ad15-05ad8e2fbee1,22.100000381469727,ae82b3aa-fc02-485f-8feb-6588c934bcd5,19.5,e791b595-c186-4bb1-bbad-2567c5342ddf,503.03997802734375,0408adac-fcf4-48e4-bcfc-d81554e5553e,0.0,69233680-62f3-4aa8-863c-7063735793c7,100.0,932e32a7-c627-438f-9373-b8172034e264,75.5999984741211,
101,4442,yes,0327666a-31a6-420b-b309-4476ded6f881,22.100000381469727,d16ad0af-15e7-40e3-a2c2-cf9e1af885c7,19.5,b93a8a7d-b107-41b3-bd0f-0b5084605561,495.03997802734375,6a9da78b-c5f7-480c-bc77-04da1784d2c4,0.0,30f7083f-7a8e-4569-b8c6-38ad28629c94,100.0,b3a6aead-2d75-441a-acb5-8323cd5a68a2,76.31999969482422,
101,4443,no,,,,,,,,,,,0d19f3f5-9fd4-45f0-92dd-7f19711715d5,76.31999969482422,
101,4444,no,,,,,,,,,,,f62fc811-c691-410a-adeb-f11427fff90a,78.4000015258789,
101,4445,no,,,,,,,,,,,e7aa6673-af86-4fbc-baac-1ff8bf416091,77.04000091552734,
101,4446,no,,,,,,,,,,,840ef356-a144-43b7-88ed-a1c5e7aa924b,76.31999969482422,
101,4447,yes,9608ef55-584f-4917-beea-159b7eab7739,21.899999618530273,c3f11e10-568e-4bda-b0a9-e59843fd8107,21.0,e4a4c79e-ee01-4bbc-9bbe-a95566ebb4a0,430.0799865722656,97040791-14b5-4339-8552-623cb4bc5a28,100.0,24444612-fa0a-4997-ab23-e10f981cf6bf,0.0,1db350b9-dfaf-4491-8a13-a2b4f9ae963b,77.04000091552734,
101,4448,yes,b943b0bd-129e-4038-876d-76729d9c520f,20.69999885559082,5c83ef30-d836-44a5-a58c-04db63a92353,22.0,f3a0bf8a-57a7-41e5-9cdf-775cfa79fc49,454.0799865722656,e5ac964f-63c2-4ebf-a701-0afdd7a42290,100.0,1eb1afc7-8b12-489d-a66a-9c36ef2b0dff,0.0,4bd80bc6-3914-42b8-b8db-38938c296e8b,165.75999450683594,9e759bfc-37f6-4ff5-8cf7-6c8e7d165b6f
101,4449,yes,cf7f6141-725a-437a-8cf4-7f4f911f6c81,21.600000381469727,b8acf5f2-d985-4ba2-95eb-cf260b04fd62,20.5,c461d586-c765-494b-9e5a-ae5fce289c39,437.1199951171875,a1bf9e5f-6cf8-455f-bf9a-ad751a33d544,0.0,109f54d7-fdf1-4775-9078-76d566656e4c,100.0,6a0a0da8-da2c-4fc6-8311-6b28e42277cf,163.0399932861328,
101,4450,no,,,,,,,,,,,ca11d7c3-8f28-43f2-927d-267d9da953f9,162.0800018310547,
101,4451,no,,,,,,,,,,,0b01b9da-d937-4409-b9c4-cad0bfa8bc8b,79.1199951171875,
101,4452,no,,,,,,,,,,,c8591257-350e-4002-8430-e00ebcd5ba99,79.1199951171875,
101,4453,no,,,,,,,,,,,f97653cd-3427-414e-a50d-6fbe27647f34,78.4000015258789,
101,4454,yes,6b1f0bc3-8ea6-448d-892a-72bdd6701001,21.799999237060547,5a9877c7-a69a-43e3-9b75-deec7ba27647,19.5,4e4982d5-992b-4e68-b1f3-60dae5790345,448.0,4b8a6912-4059-4236-8046-3d4640e8c886,0.0,aa71c045-dca1-4430-821d-f3f61c523dde,100.0,91a2cd36-2099-452c-af65-e60ff4dc2949,118.47999572753906,
101,4455,no,6edc6a91-6536-41fb-81ee-ece8ce23d720,22.100000381469727,0afcd6aa-e307-41bb-b745-ebf4484d0a1d,21.5,153a20ef-dea4-4c0c-a8fe-a2cc7ccafcd5,504.9599914550781,,,,,6f49fd79-7262-440d-9901-e570989a996d,119.83999633789062,
101,4456,no,,,,,,,,,,,5c5e33d8-16ed-43bf-b359-6b1c824c279d,116.63999938964844,
101,4457,no,,,,,,,,,,,20f7c8e9-116f-4dc1-86e3-a5eaf40a1f8e,119.83999633789062,
101,4458,no,,,,,,,,,,,26700391-9ca8-4be2-80af-a562f88af842,119.83999633789062,
101,4459,no,,,,,,,,,,,ce789775-5a67-41b7-8293-893ebb66d261,117.04000091552734,
101,4460,no,,,,,,,,,,,4c37f21a-95cf-4583-bc90-ff7dc6dbf171,114.72000122070312,
101,4461,no,,,,,,,,,,,e941b934-6892-4013-8a3b-ee8481ee771c,119.36000061035156,
101,4462,no,,,,,,,,,,,6be5e14d-dcda-4ab0-9d12-40e9ef9c8b10,119.36000061035156,
101,4463,no,,,,,,,,,,,e7b42916-5a2a-4f88-a1f1-2a32782c9307,119.36000061035156,
101,4464,no,51c170aa-e30a-4812-9602-ae374445b400,21.69999885559082,178a5f36-046d-4323-b1eb-fce1c7d9a9d9,21.0,f0e8368d-8f17-4919-81c0-41726447408a,433.91998291015625,,,,,a371a1f2-392c-44bc-abc1-fa152c7f7661,108.95999908447266,
101,4478,yes,2adad4d5-eb4c-4141-b168-41973b0db2c7,22.299999237060547,e046ebc4-a1ee-4281-b257-dc576f011ad8,20.0,0d1d5503-5c0e-464a-9b61-dabd7162b054,493.1199951171875,2484cf16-71c0-4e98-830d-1730f9d0b6e6,0.0,ca7486e0-6c33-4bb8-ab82-b26fd1f24144,100.0,096d3f6d-8346-4e30-996d-52543d3937fd,118.87999725341797,
101,4479,no,,,,,,,,,,,12eae52f-9026-4108-9459-1ed7ffc0c91f,256.79998779296875,
101,4480,no,,,,,,,,,,,f2823cd9-221e-402b-a9f6-dcebb0fb1b94,120.23999786376953,
101,4481,no,,,,,,,,,,,8d495ed2-3135-400c-bd46-cf53e530a95d,119.83999633789062,
101,4482,no,,,,,,,,,,,db79597b-edba-4967-8eb1-9e66bce0342c,121.5999984741211,
101,4483,yes,60aa8795-36e9-4b83-8244-a3a2ce5d5757,22.399999618530273,5fc768a4-8f48-4144-bb56-99f525f58841,23.5,85c4f45d-93df-4976-a58a-d801b5f6c90e,434.8800048828125,a9fca850-5b75-444b-b399-e1317f806154,100.0,45b7cdfd-06c9-4bcb-8531-503229e9afa4,0.0,50a9f63f-7c8d-448c-927c-9f429a153c9d,35.91999816894531,
101,4484,yes,2a9b66cd-87e2-4ef6-831c-7bf96aba4d52,22.69999885559082,722ac601-ec6a-4393-a24e-a616f85d980c,19.5,d4fbef83-b7df-45b3-a096-e1a561bf9a74,462.0799865722656,90f6bff4-85a5-49d1-8077-e96435d5dd5b,0.0,89a65af2-a731-4101-be42-1f6f7d7b2c00,100.0,9ce13b9e-8d09-47fd-9bf8-1ba71ef7e567,117.5199966430664,
101,4490,no,ef099755-2625-40f8-aa39-11758ab09122,23.0,9e329bfc-d832-464e-81e3-23d89d0c979e,22.5,611a1cb5-f225-4fd5-a87a-46473a340ecc,536.9599609375,,,,,dbfd4eeb-93bb-4a14-b774-64eb639efcc3,71.19999694824219,
101,4491,no,,,,,,,,,,,5dc3e176-be90-44f7-bb1e-827826982acd,71.95999908447266,
101,4492,no,,,,,,,,,,,2914a41e-3d7a-4298-bc65-fb183340ca67,72.68000030517578,
101,4493,no,,,,,,,,,,,5664ff10-d314-4b63-b669-e2c29f571492,71.95999908447266,
101,4494,no,,,,,,,,,,,cb7515d9-8950-4ceb-a862-ff52890c17a8,74.19999694824219,
101,4495,no,,,,,,,,,,,29baa37b-2dcb-44fd-9f27-57a5b1565ee2,74.19999694824219,
101,4496,no,,,,,,,,,,,cf03bfb2-a19e-4a05-b374-bd042bb6028d,71.95999908447266,
101,5001,no,,,,,,,,,,,a8f41216-9dae-4108-b558-78864c26e04c,37.459999084472656,
101,5002,no,,,,,,,,,,,5ca0c584-df2a-4b9b-98ea-d43741626893,35.91999816894531,
101,5055,yes,650de7c7-7739-47b3-83c3-f61f8c79077a,23.0,13d20d49-e5dd-49fa-8490-c5dfb2f32a2f,23.0,4ac8c59f-409d-4fd2-87a1-17ccc360e1d8,572.1599731445312,c5298987-6c07-4027-b40d-9530e23ed3d7,0.0,9b643bbc-2a9d-4f6d-9c57-de91f5c2f6db,0.0,c42abfe9-50f8-4804-8741-316dbcc47f4d,34.439998626708984,
101,5056,no,,,,,,,,,,,a75f5173-0f77-46b5-826c-98a386419169,35.91999816894531,
101,5057,yes,db2bae6d-a7e4-4523-a221-3aefb0222e95,22.299999237060547,fc04337d-19ca-4f95-a76a-b124fddad678,21.0,212b805d-a335-44de-aa6e-5761e1b8d579,542.0800170898438,200ffc89-ec33-468f-b5ae-2fcb54821680,0.0,97715902-e971-4ef2-9323-27c02e284867,100.0,2b031466-c2b8-440c-b97f-76c22d5475d8,430.3999938964844,
101,5058,yes,8f4be303-5477-4681-a32d-9e3b8f7afcaa,20.600000381469727,12d7745c-9700-4492-b90d-60636deb3bd5,21.0,4a37e9e2-1f4c-4666-82f8-9f02c022623f,429.1199951171875,6eb97310-333a-45bd-9408-c38bee728bd6,0.0,882bee1d-1a52-41db-a0e9-fefafbc9de8b,0.0,461916c0-6db9-43cb-b2a0-ebdf7f91b877,40.02000045776367,
101,5059,yes,bc4eb1fb-a4f7-43eb-aaa8-a8e7eae94679,22.100000381469727,8b3837e5-3d28-463d-9e61-658014853d84,21.5,096852b5-c08e-4a82-80a3-2018c9ecf3d6,632.0,7657d346-26f4-44d3-94de-046fa5c97f2c,0.0,dfac0c74-6e05-4a74-b1ce-3c64102d5178,32.54903030395508,9315d956-dd74-4a10-8aad-ef754c753226,64.0,
101,5060,no,,,,,,,,,,,3978bac3-d6c7-44a8-9ef1-0e0f0f4cddf0,62.279998779296875,
101,5061,no,,,,,,,,,,,b3b1f9c4-2d17-4fa6-8e6d-0eff931d8c4e,62.279998779296875,
101,5062,no,,,,,,,,,,,3abfb1f2-9a89-4b2c-b84b-a29d3434fbff,61.439998626708984,
101,5063,yes,86f16d6a-5367-4db8-aee3-5720d5a39e36,21.69999885559082,3117c1f2-3a4e-469b-80e7-918f6e64021d,22.0,ba004638-c971-47f7-b18c-fb4d85affd2c,668.7999877929688,4a4fcaba-f799-4499-89ec-f3c6f62018e1,22.352949142456055,5eda78a1-28e9-471f-b35d-73155beeb080,0.0,6b70332a-7ac6-44d8-95e6-ca87de13cf49,68.87999725341797,
101,5064,yes,eb404361-b463-4494-9022-05f9c37004e4,22.299999237060547,0325211b-2f12-4e11-8de4-6ca2ddd49e88,25.0,491c01e3-1727-4706-9cda-2e0895eb3768,533.1199951171875,e6f90a00-2457-4d20-b390-2ee6cdb4a711,100.0,502af64c-ebfc-4a15-9a58-4899fd3e9838,0.0,7f318039-7bd9-4ab9-a47e-de5615fdef42,35.91999816894531,
101,5065,no,,,,,,,,,,,e58e2049-722b-4d46-a59c-f6e84bf560c6,35.91999816894531,
101,5066,no,,,,,,,,,,,6f695dde-fac2-4f3b-8e8b-1ec4f5f5cad0,34.439998626708984,
101,5067,yes,7f743eb0-48f1-4950-bb2d-0b280a781a2d,21.399999618530273,5b3d0e4f-ba8c-4ec2-bd5d-e4820c73d299,21.0,f5fa75f8-343b-44aa-aa28-a70b9052e281,496.0,138bfeb2-d2e6-48a0-971a-c52d436472f5,0.0,452ff6d2-7519-45e9-815f-819e74d71821,100.0,28d390c7-dd85-4764-8f07-cc9fee54866a,117.5199966430664,
101,5068,yes,cc98edcd-f4d7-49de-9ecc-424cab1da05c,22.899999618530273,251765e4-baed-41b4-be1d-ce9b2647aed3,22.5,b7233146-e0ed-48c4-a7d8-adf6624f4967,557.1199951171875,692cf1e4-f257-4a0e-aea1-f2f1baabf7bd,0.0,474ba385-7866-468c-9aef-ee0ba844917b,30.588245391845703,63ebd335-6b25-48e3-9abb-290d34c77f5b,61.439998626708984,
101,5069,no,,,,,,,,,,,f557132a-557f-4aa7-8cf9-8dedf8902174,64.0,
101,5070,no,,,,,,,,,,,ffc65288-c20a-4e26-88f8-11df072127dc,61.439998626708984,
101,5071,yes,7f5266c0-4103-430e-99d4-f8ac18c2b758,21.69999885559082,f1978446-29ba-4197-80bc-6b3bd04a53c4,21.0,c8a28809-86b4-4d0e-a1a1-46caed11f206,509.1199951171875,49fccff7-b13e-429e-ad16-3564d3d9d8b8,0.0,7dfa9a5e-e67a-485f-be32-85bd8ac18a6c,55.6862907409668,b0d64057-4e96-4ca9-80be-9f07248b9123,79.15999603271484,
101,5072,yes,41222ca9-ad28-4a75-bac6-3bed766c9f91,21.899999618530273,ebe9cf84-ffe0-430d-888b-44c559c4a622,22.0,06dbe94b-0daa-440d-b8a0-fbc6d127842a,521.9199829101562,a60fa3f6-c35a-4b66-8bf9-ad746f5040c2,76.07845306396484,8bcbe880-805a-430a-a0ea-24f06590cfc0,0.0,bb25933e-885f-49b9-b419-611f0fe1c4af,37.459999084472656,
101,5073,no,,,,,,,,,,,433d7666-a64f-4ee9-aa71-f9c16a54d31f,37.459999084472656,
101,5074,yes,482191e9-0e2e-4a1b-8d34-49f49550cb20,21.19999885559082,5af63233-ee2e-4cdd-bce0-52258c90d42a,21.0,50c924ba-f231-4894-b9c1-2a6db7d5561b,525.1199951171875,2de89790-dcff-4ee4-a18f-b62027a23ecc,0.0,56b6650d-d143-4598-b759-a21be7f4ff35,89.80394744873047,c587d79a-41ef-48b9-ba07-94b8e2b57ff5,113.75999450683594,
101,5075,yes,9b1e5498-d97a-46cc-8709-5be9d11a7646,22.0,c9efe33d-04a3-49f4-9f26-a5fb0f7ec8a1,22.0,daa35914-e5af-4abe-b730-1ea94d80a1f7,552.0,fff34eea-71c1-49b9-899d-1878e4f31426,50.588253021240234,7d76aa02-5ee1-4255-9e7b-5ca21be9a0fd,0.0,794ef3d4-3852-4e86-be56-991c3206cc76,51.87999725341797,
101,5076,no,,,,,,,,,,,2f2cd720-c856-4592-8ffa-a4937eb8c961,51.87999725341797,
101,5077,yes,ef90a7e3-1a04-4fdb-8e33-5f970e73b4e0,22.299999237060547,bbd14856-f8e5-4a09-a054-20ffae54b527,19.5,9585ef1c-0d19-4e3e-937a-a0d1313ee506,573.1199951171875,16257549-3b72-4a1b-86bd-539997c04ac4,0.0,c0689a69-9c4d-4b60-a60d-1c5dae44aa57,100.0,265fc555-04d6-44ef-9021-7d721df874bc,117.04000091552734,
101,5078,no,,,,,,,,,,,b34e118d-0ae5-45ee-bfc9-d7436138b96b,115.19999694824219,
101,5079,yes,e75e11df-11be-4000-a665-75264541870b,23.299999237060547,4e68933e-8782-42c5-95af-2aff3ab2b74a,19.5,83e10530-7ffa-41dd-82a2-0075c077d6b5,2000.6400146484375,be98dbbd-7270-4d71-9725-f41ae6763c19,0.0,5ac688f8-f6c5-47cf-8a0b-06bda2bac374,100.0,7719a69b-70f2-4fff-b93c-2cff86a5a6c5,118.47999572753906,
101,5080,no,,,,,,,,,,,8194d964-0e5c-456e-9c2e-4ca5fe51eaef,118.47999572753906,
101,5081,no,,,,,,,,,,,049d13de-5c49-4296-bc1c-426a7ed5a8ff,119.36000061035156,
101,5082,yes,15dd7356-0e03-4a0f-b9d7-3906b03c2697,21.5,6d5485b6-5d7c-471d-b8e1-fdfb836a8721,22.0,ed6d9b42-e831-4f08-963b-993436bee037,621.1199951171875,fa5009dd-d9f1-45c7-aaf4-afed94473384,11.372552871704102,25098dc2-0c34-4cb6-8543-334cde510460,0.0,dd449c78-b9ef-4988-b66a-fcfd38ebb2a6,57.23999786376953,0570f3ea-01db-4a2a-aeee-62104150f9cf
101,5083,yes,a77d9752-2aba-4486-8fcd-902fde47d22a,21.600000381469727,b5f75c4a-b4f7-4a9e-8da9-6c42a96a4e1a,21.5,8d596123-9251-41fb-9445-e2c0c10cb833,557.1199951171875,351d2cde-2b5a-43a2-9d54-18ab624fd930,0.0,85e5e367-a6d8-4dc4-9a76-e0195b9cf826,0.0,6f8dc48b-1114-45a7-9229-caa50c713675,236.95999145507812,9b772466-469f-4329-ad23-c6134cafc82b
101,5084,no,,,,,,,,,,,2fe0ddba-642a-423b-b387-c775430973dd,75.23999786376953,84c564f1-2b44-49ab-8a6b-ec602742fbde
101,5085,yes,b575ee0e-3569-42a0-809f-fe56599569df,21.600000381469727,0a1e6658-f58d-4bbe-b25f-a17a86917967,19.5,665db27c-6f44-4ee6-b077-5314e7f00280,568.0,fad5b28c-cc73-46dc-b13a-4d92ab834a0a,0.0,0f2f4f00-78d3-4a5b-bfcb-68ad8a63a2cf,100.0,4f58844e-5d00-4656-b713-7ccbbaa91168,142.8000030517578,
101,5086,no,,,,,,,,,,,50f73c23-2e12-4e0f-a97f-314acc92c122,145.83999633789062,
101,5087,no,,,,,,,,,,,e9319869-732a-4e16-b989-72b91ea9b103,145.44000244140625,
101,5088,no,,,,,,,,,,,08281f4c-b4de-4126-a1d3-290853888575,146.239990234375,
101,5089,no,,,,,,,,,,,4bdae87d-1887-4b9d-b4ab-0dcb44d304b7,142.8000030517578,
101,5090,no,,,,,,,,,,,00fe3197-49f4-4b77-9b5c-21bf4d710045,143.1999969482422,45f5ed6c-5fe7-4a73-8dd7-f93b0bf175d6
101,5091,no,,,,,,,,,,,27dfc815-80b9-40f2-b361-316287404bc4,144.0,
101,5092,yes,81d07bfc-f89e-4d18-a4b3-505e01532aa3,21.5,07ecda19-986a-45d4-82a2-35c2dafdddc6,21.0,d8d66952-c06d-408e-a471-26ab6f3d40bc,803.2000122070312,95861898-b56f-4dc9-a97a-094b690b84c1,0.0,5a30498d-3174-461e-8878-d674e0769c18,0.0,8be72ca3-e735-48f8-8d02-24752c4bf65b,113.75999450683594,
101,5093,yes,2d917196-660a-4bd6-9979-00a20a174a19,21.5,f4a22523-632b-4270-b206-5cf1511a1a15,20.0,69b587ab-ad96-4f86-8efe-8f1ea5393790,553.9199829101562,d2a85867-2a76-4aee-86aa-fe8161726653,0.0,8d6b94e1-d2fb-464f-85b8-331a1155fb5d,50.19609451293945,99b3a98a-544c-4bc5-88ff-57f70198ad30,77.91999816894531,
101,5094,yes,07abf771-0a0f-49fe-a1f1-fd5459612fff,22.0,72e97251-3fb3-4bd5-8c30-93c66791cf15,21.0,6bb0b53b-0567-4007-b6db-f830f658c627,492.1600036621094,6c98098d-c3cc-47fe-94c9-fee51d92b81a,0.0,ea89dd02-dcc9-4eda-b396-a23857695a76,68.23531341552734,b9b294e1-4d24-4f2b-b334-ec78e0772300,92.87999725341797,
101,5095,yes,058aaeeb-bd1c-4568-9589-f04309525f78,22.19999885559082,2e3ea217-c56d-4df9-8fa0-4fcac2fde5a2,20.0,28d4b221-cf84-4395-9345-8eb7aca9bc33,478.0799865722656,9f0a0281-de9c-4405-b11a-6a14cd5aadfb,0.0,4da6dc71-852d-42ed-b591-72a04bd77c9c,100.0,5bb91f83-5475-406c-beec-6f8b39fc6946,116.15999603271484,
101,5096,yes,ff6e209b-039e-45a2-bf01-aec654570d79,22.5,2978ed2e-1822-4dad-b48c-bd69dd635ed7,22.0,7b64bf0f-09d3-4e9b-a06e-a670c39d39f2,526.0800170898438,1ee86e08-1a15-4b9e-9689-4bd99d7b2e35,0.0,a0eaaf01-e050-4194-9585-dd76eff8727e,40.78432846069336,e4c815f2-3b2b-406e-b41f-90be66ba8384,67.31999969482422,
101,5097,no,,,,,,,,,,,efcd848d-0f0d-4915-b076-515d7b974a49,70.43999481201172,
101,5098,yes,6e6aa4ce-bdfc-4fa4-b4ae-c0bf5c42fb84,21.5,fdd0aa21-d919-4679-b4b3-cf662fad2ac0,20.0,d48be4e9-82fb-4bb9-9a2f-fc01b53c3199,544.9599609375,1869737e-d36f-433f-b9dc-aad8774cf2f5,0.0,bf3b7372-d52d-4415-a483-b42e511ddcad,47.45099639892578,3d1a0a29-cbea-4963-93ef-09af346b3de9,76.47999572753906,
101,5099,yes,b1cd6738-1ecd-4016-838c-fea4c697f3c3,22.100000381469727,f9e67860-5ee1-4a9d-8c9d-aecc4aae3c38,20.0,08cc8f89-9801-4501-88bc-dea1855733d9,543.0399780273438,d6441e1c-8165-48c0-ae8f-30f4773964ef,0.0,154d2741-767d-4747-9b35-b614721eaba9,100.0,82a8c34a-8199-4515-8081-15ac02ffa5c6,115.68000030517578,
101,5100,no,,,,,,,,,,,5dc0c1db-40bc-420e-a369-53c0785b554d,120.23999786376953,
101,5101,yes,b3a0688e-5d37-48a5-831b-28a49d05db0c,22.0,5dddc0de-be5a-495f-939c-ccaf9e7d35a8,25.0,cf54d887-8d50-4f7f-9708-9bb8aaf72c08,482.8799743652344,2a3822e6-5d47-45cd-b759-8e87468a5fbb,100.0,8f777b60-c20e-4790-baf2-1b8db011ee2c,0.0,d1712656-170f-488a-9716-6fa85c4b229a,35.91999816894531,
101,5102,no,,,,,,,,,,,548597d0-3f64-4307-a2be-17a7f12c91b5,35.91999816894531,
101,5103,no,,,,,,,,,,,00161f15-b386-4a67-9d1d-1f53f24cc062,35.91999816894531,
101,5104,yes,79544671-8645-40a3-9954-f0fc38b9500f,22.100000381469727,f875e3e4-ac39-4e7c-bfe9-f110c15b82d1,22.0,6399e1eb-1887-425b-be34-88c0a6d5dc82,519.0399780273438,91e973ed-cf1a-4bf6-b8c2-16ccc5ea3716,0.0,f67edb79-c5af-433b-9bee-700e5e9b7d07,0.0,6c0056c7-b676-4c43-b5e9-2ecd3ad5c9da,40.02000045776367,
101,5105,yes,a2e44e76-2879-4178-8dec-18fa05f2be68,22.19999885559082,c6cde762-939b-47a7-a6a9-25e99a13c3b1,21.5,1a0e01d2-f50d-4477-9703-25ffc08e6ac2,504.9599914550781,9ceb6f5b-1ca0-4ec5-bcfd-4d3900d4a3b1,0.0,1bb4d9fd-0fda-4d2d-9f15-03d7fd5758d4,0.0,4f607301-77e8-448c-b1e2-a123cb93b68b,35.91999816894531,
101,5106,yes,f9218c51-2bb6-4047-94c4-7529911c5f53,22.799999237060547,2b330491-812c-4d36-8a2a-259741b652eb,20.0,fb9ebeb4-45d8-4717-ac38-71c3f51f2393,559.0399780273438,b510ff10-dcdc-40fc-8001-db0fddafb079,0.0,a7eb6f4d-1eeb-418e-aea8-c01f1a402546,100.0,beb61340-99c4-494a-884c-ad0905e83c91,115.19999694824219,
101,5107,no,,,,,,,,,,,37b1d86a-c22c-4b81-849e-9bf226ac6535,116.63999938964844,
101,5108,no,,,,,,,,,,,eb8f0aac-a64f-4f30-bf56-9982d083d455,110.87999725341797,
101,5109,yes,cb15da3f-99f9-4105-b708-ec269f7af293,23.0,5d82004a-665c-4b9f-8f4b-450176f798bb,20.0,12e10aee-b492-4b10-8d3b-090fd32f2156,562.8800048828125,2e9b4ee0-da61-47ad-8aef-ee26c8e2ea40,0.0,35903475-501c-45e6-8c88-3be98fa5e630,100.0,8bf6eb2b-b11e-451e-ad25-99498ca01290,109.91999816894531,
101,5110,no,,,,,,,,,,,29d21cf9-8fdd-45a8-9ebd-e2c53577e37d,113.83999633789062,
101,5111,yes,d606dab2-08ea-48a4-9e5a-e5c2b7f0593f,22.299999237060547,d7dae953-4a13-4cc4-bbf0-26d05739b09e,22.0,74dc7285-a1e7-4a6c-a173-7416cf6de4b6,497.91998291015625,772aac36-2efc-49bf-a89c-d1b00d2a1acf,0.0,6973dab5-a573-47c9-91c9-9744c4ccec99,10.19608211517334,0377567c-87a6-4d4c-a6e8-cf946735a718,42.68000030517578,
101,5112,yes,5acaf4b5-9e6f-4713-8af3-c62be74a9e35,22.399999618530273,27196ef2-bbd7-4be0-948c-fd2a12c42f6f,20.0,acf426cb-f227-454d-a798-6a93ffef2958,512.0,e2dcc82d-8d16-465d-9a8d-fd9095afe474,0.0,cd8f17cf-eafa-4f71-8d2f-316c64397fe3,100.0,b49fab09-954b-4c48-9d59-dfb03394418a,118.47999572753906,
101,5113,no,,,,,,,,,,,0b93cd4c-2d57-4930-be84-461df4369d1b,119.83999633789062,
101,5114,no,,,,,,,,,,,3d33c88f-5584-46ae-bc03-ec1162de4b9c,243.1999969482422,
101,5115,yes,f7becbec-023e-40c6-9cb5-0c77ca0f01cd,22.299999237060547,d2b688b1-511c-4168-b3a9-a19614ff1185,20.0,f6078497-4eb4-4f24-bf57-f64845dd7e9c,478.0799865722656,35d4de13-a2fc-4de9-a94a-845b7e8f0c75,0.0,1883a864-0bae-4964-bbad-d890778c93b9,100.0,bf84db34-8027-4ae0-a82a-15f92ebc38d7,115.68000030517578,
101,5116,yes,31564cd9-67c4-4ec3-8d88-eaf422236e67,22.600000381469727,f7f3ba7b-643b-45f6-892f-05df1826cc38,22.0,6c1eeac5-20f1-4247-b55a-33db063b6461,528.0,a2f92421-d815-463f-b983-84f398f07ccc,0.0,0f11d284-5122-47ba-98d9-46cede57f5f0,0.0,1eed428b-31fb-4999-b691-2503c91b4855,42.68000030517578,
101,5117,yes,a32b2c00-4fcf-4b4c-af3b-b5583f3caf53,22.19999885559082,f0932cb0-2539-4f1b-9530-dcbf0d24eec1,22.5,d8282df5-e2c2-47c0-aa04-585ad454920c,551.0399780273438,e5a24825-f148-4ac9-b24c-960250b02d43,100.0,e7385e5d-4320-47e2-8752-270a52c409ba,0.0,0fa912bb-fbf6-4728-a512-9c6688febf61,35.91999816894531,
101,5118,no,,,,,,,,,,,78ee3473-9bb5-47a2-b57a-67a515e2c3a8,34.439998626708984,
101,5119,no,,,,,,,,,,,6fd6a6b5-e667-4c67-b33c-24d9ffcff276,35.91999816894531,
101,5120,no,,,,,,,,,,,15a05476-4186-4066-8a21-d389a15b76af,35.91999816894531,
101,5121,yes,777ff2ff-0ccd-4ae5-a565-b34f9e8c9348,22.5,e10bf26f-3d67-4852-962b-8fcb2079e5c0,22.0,5ef7c781-ce5c-4acb-afaf-8f9902bc3b0a,528.0,c251256a-b002-4035-8f44-88120cb63e6e,0.0,2c37e9c2-401f-43d4-bde0-496308b8b370,0.0,dd05b15e-1ca4-40cc-86dd-88c084e052b0,149.44000244140625,
101,5122,no,,,,,,,,,,,b673afd3-85e3-43ab-8357-de6882253ed6,151.27999877929688,
101,5123,no,,,,,,,,,,,fa1b7b19-6d9e-4eaf-977a-c0d807bc01d1,150.239990234375,
101,5124,yes,9e8546c9-5db6-4763-b8df-34c1ae2bcf2f,22.299999237060547,63a7f46d-06e4-44bd-9a65-b198ad4caf2b,20.0,05a23649-042d-4f03-9f2e-78cdcf95ad65,543.0399780273438,51208aa2-e790-4cb4-af9f-74e7639ec5cd,0.0,b719b9c9-5417-4bb2-ae19-0313191ba25b,100.0,d33b06d4-8632-4aa9-b0d1-fe1d7150088f,149.83999633789062,
101,5125,yes,9e5ac01d-0506-4282-99c1-143e3301a2cf,21.799999237060547,985c931b-79e1-467a-80f2-0422f6bbc952,21.5,32a985b8-51f7-40d1-953d-ddcb0e7f1e93,472.0,8d9ed676-1cd3-4d64-b01c-7f5a3bf740ae,0.0,d87c9105-35cc-4868-8469-ab42224ec4e9,10.19608211517334,11198923-e9a8-4f5c-a167-e51bcc473dbe,150.95999145507812,
101,5126,no,,,,,,,,,,,73b46def-e9b5-4fff-9096-3c16d0767df1,149.83999633789062,
101,5127,no,,,,,,,,,,,0ca7d6f4-ce81-4257-80fd-2a8f8d1a747d,119.83999633789062,
101,5128,yes,c3289ebf-bc32-4e9d-816d-28126fc2ad61,21.69999885559082,e1e2b117-9151-463a-a61f-dd0d706476d3,19.5,7e195c43-dc18-45bd-8a4a-b2a6b5302ccb,421.1199951171875,a07461db-2c39-4ca0-ac30-6527fdf4e2fd,0.0,26bc0d90-42b3-4da0-b4c0-206a48c5d58b,73.33335876464844,c8cb5235-6cd4-4224-bb74-fdc36f76fead,121.1199951171875,
101,5129,no,,,,,,,,,,,232d3ad7-92bc-43de-80ab-ae4a378cf55c,121.1199951171875,
101,5130,no,,,,,,,,,,,b901b64f-da52-4f0f-9179-acc5681b5414,119.36000061035156,
101,5131,yes,f17d620e-d1c1-44f5-830a-db26b12e0414,21.5,894e99a2-502e-4d7f-8b2d-2762e6fff830,21.0,d6802234-552d-4156-ba2b-93861be2eda1,432.9599914550781,340d24f8-5731-43e1-a03d-2b808c9f78dc,0.0,1c8cb058-808d-4e15-8b85-3cf03f1fd9ed,0.0,73ce7dce-0083-4949-8308-0b3b55ca7c65,116.39999389648438,
101,5132,yes,cb4ddc9b-c2a0-4ac6-9017-505f57158845,21.600000381469727,f8544461-2ffc-4382-97ff-d777ddca2a95,19.5,437a074e-e4f9-4eef-9071-af421cef29f4,466.8799743652344,a7ca72e9-4f8a-43b5-9e0e-94eddf12a0d0,0.0,6fff7166-3708-4365-b05d-5feead3220c2,0.0,a0bedcff-c23b-4f68-97d0-7602a2e7d7c7,121.1199951171875,
101,5133,yes,0b44fb3d-b807-4056-9c3d-735b55a2ac45,21.899999618530273,d033cb4d-a2f4-42ec-972d-0441b26b09e2,21.5,dbfcf12a-da61-417d-bebe-696535e7cb37,497.91998291015625,32f8e260-d344-4fa3-8fa5-99beeb5f7e57,0.0,7278368f-906b-466a-9788-489fcb8c8d49,0.0,86895941-4333-4ebd-bc88-fd1dc1cac9ad,115.19999694824219,
101,5134,no,,,,,,,,,,,00e740a7-c3b3-46df-be15-f24c3684bfbd,115.19999694824219,
101,5135,no,,,,,,,,,,,d481032b-9955-4723-a48b-30e9513d79eb,116.15999603271484,
101,5136,no,f65312dc-89ae-4ef0-9b8b-a7309d4bec07,22.100000381469727,0774d3b7-ff0c-441f-92cc-ddeb5a1fe308,19.5,ed85e794-f623-4169-a4ee-b8e52b0a15a4,520.0,,,,,c95faf49-e74d-43b3-ab79-c11c3a0a6d1a,121.1199951171875,
101,5137,no,,,,,,,,,,,62e1c043-f54e-4031-b8ee-e51c36dd5895,121.5999984741211,
101,5138,no,,,,,,,,,,,8d0fe365-4f6e-4593-855f-4f45ad26b837,118.47999572753906,
101,5139,no,,,,,,,,,,,30939873-9903-4d14-93f5-6e2741e8c959,122.07999420166016,
101,5140,no,,,,,,,,,,,7dd08978-307d-4fb6-8660-c40558106096,121.5999984741211,
101,5141,no,68334834-c013-4b81-adcd-607a9f0019e2,21.399999618530273,529f73f4-3d4f-48b2-a719-b143e97fe000,21.0,ca4194af-91dd-416e-b8ae-1bbb87e4366b,450.8800048828125,,,,,3a78c326-0f58-4da9-9f7d-1a5e09843bd8,119.83999633789062,
101,5142,no,b57c407d-7b5f-4294-8981-72f03670d005,21.69999885559082,3c9b45b4-e7ce-4851-ac15-3d546ce298a7,20.0,d1d0bdc0-51a4-42e8-9cbb-9be19467e488,453.1199951171875,,,,,23fd2c39-3221-4b64-ab1e-afd16382a0e3,120.23999786376953,
101,5143,no,,,,,,,,,,,314654dd-a35a-4433-9705-ad395833c406,121.5999984741211,
101,5144,no,,,,,,,,,,,db23da58-4f79-48c9-8f9b-fe95fe3d4b5d,119.83999633789062,
101,5145,no,,,,,,,,,,,ec18a93d-2596-444c-a0d8-e8c16fcf7cf5,120.23999786376953,
101,5146,no,,,,,,,,,,,35c03dea-6fd6-4525-a598-0fe5e2b0f676,120.23999786376953,
101,5147,no,,,,,,,,,,,0d8e959e-bf1d-40dc-8490-1e023d05f188,119.83999633789062,
101,5148,no,,,,,,,,,,,162c1393-f058-468a-8353-f6e47cf19933,119.83999633789062,
101,5251,no,deb98e71-82ac-4173-abd6-f35eaa7ddfa5,18.100000381469727,,,,,,,68e158d4-4559-4cb7-8b66-52b1d91b0c07,42.35295486450195,,,
101,5252,yes,247fbf6f-e8fd-4770-9f16-9d8526825546,21.799999237060547,8f34ddd8-6eb6-4fc4-8b67-915d5c29faeb,25.0,ee0c2c36-2882-416c-b602-4220f12bcf8b,447.03997802734375,448481b4-f977-4f30-85f8-370ab7a918f6,100.0,4620647f-ae16-427d-ae24-dd10bed01240,0.0,9fe70cac-05d9-4af2-9395-b762eb0867b7,0.0,
101,5253,no,,,,,,,,,,,c2a081f2-0818-4e0d-8a5e-2a71eaf8bbfc,145.59999084472656,
101,5254,no,,,,,,,,,,,225aaa9d-b99d-4904-93ba-7e972466fcd3,158.55999755859375,
101,52551,yes,0d8a1220-a48f-4497-a373-6c66fda8f5f3,21.5,13fb0cce-d86c-465e-8119-b93186bb7a09,21.5,89e65cc5-9268-4da9-81e3-901adc16c53d,439.03997802734375,ca95e175-99f0-48ca-8788-d59d462a92e9,0.0,fc3212dc-6bf7-49bf-9623-6f531f3aea11,88.23532104492188,0219fef5-9c5d-4c44-93e5-da7549ba9a0e,133.0399932861328,
101,52552,yes,713a44f7-cec5-4c47-870c-b19b0e1d2b65,21.799999237060547,3e85c448-dc9b-476e-bcec-994f28945b59,23.5,d1f88ffa-5b3d-4658-81ba-7c0f94447363,437.1199951171875,ea277014-1fa5-4890-8bfd-1eb81528923f,100.0,7b7433f1-6a43-4761-b5cd-7863f5b45293,0.0,0c3f48c1-0322-411f-a0ae-7b9b3ceb762d,44.0,
101,52553,yes,f9f39e91-9600-4893-830f-6f7b54b932e4,21.69999885559082,6df94adc-ce26-49ca-9e62-96273ff8e36b,20.5,d85dfa2a-f113-407c-82ff-188958f7a18a,496.0,67e62d0a-319e-45a4-a0ef-7c6b5c3bdd93,0.0,1493f3de-3f23-4aec-8333-82b25442327c,100.0,fa09c985-9d45-48e0-8050-99bdab862c96,200.0,
101,5256,no,,,,,,,,,,,,,ee5521b9-c8bc-4f07-96c1-252e574ffcdd
101,52691,yes,bf5e51ab-bbb0-4279-a2b0-0d9dfeb43177,23.399999618530273,974e0c93-b91b-492a-9a25-dbbc1c6b205c,24.5,f2f4ba2d-87bb-484c-a8ad-b71944c80c83,440.9599914550781,fd431903-ff91-46fe-a97b-67beb1919476,100.0,0514d738-4814-4bbe-a180-98580e96e96a,0.0,a69cb60c-495b-4040-9036-f427ca486956,0.0,
101,52692,yes,3287dbc0-f31c-4455-b9f8-eaf95840edd6,22.299999237060547,995270f0-65e3-4a28-a467-9259bbab41e7,21.5,5c412007-bcad-497a-8d1b-af5bbc2cca7b,456.0,24d3713e-ade2-4013-acae-25de4ce30000,0.0,f30dd9d4-93c7-4985-b948-5df19fd739e1,39.60785675048828,9705db3c-796a-4ebe-a4d2-192fca426d75,405.44000244140625,
101,5270,no,,,,,,,,,,,c8f5a9a2-cd9b-4064-89f4-3d0ea0c90eb5,654.719970703125,d826ddd9-4451-44ee-8a41-eb9f4ca3012e
101,52782,yes,8e5c2688-bbbe-4644-ae3c-304fd7e7e0ed,22.69999885559082,fffe8f50-0f2d-4ac4-8e80-134f75f52c9a,25.0,d3f88c84-4d09-4500-b2c0-e5c12ea094e5,682.8800048828125,b63684ff-431a-4451-b3e0-b906b052de1b,100.0,e3fc868c-f586-4f5c-b145-5eb9409050cc,0.0,3e193125-553b-4c8d-bc8b-629b3160acd5,61.439998626708984,
101,5281,yes,936841d0-9ed2-400a-83d4-272d6c92a2e5,22.5,e127c7c3-1990-4947-bd1c-ceaf34c90273,23.0,96e9c0e6-867e-4ae1-8e94-aa8912e981dd,478.0799865722656,164dcb5b-c13c-4c46-a3e6-9fbfe4bc593a,0.0,e15179d2-2faa-43de-84e6-fa443eb11aba,10.19608211517334,3ebcaa59-e455-4e76-ba26-07cf00803956,158.55999755859375,
101,5282,yes,c5dd1516-e8c3-448c-ae94-f9a6ca0e26f0,22.600000381469727,a0899757-0c17-422a-b3d1-edc6fe062490,22.0,53759f65-5fb5-4482-8fce-304925965e9a,444.1600036621094,2183c141-2219-4228-b5bd-551b9aff0f33,0.0,909da3b2-f0d8-4f3e-b1ab-8ceb09ab93fe,26.666675567626953,35aeb698-da3e-4875-9eb8-29dac1df1353,244.79998779296875,
101,5283,yes,00176fa9-26bc-451f-9e2a-134f00fd4e1b,23.5,63ebcf4d-3258-4d61-be4a-b3666c19fdd6,22.5,32b1ca54-b9c4-4502-8968-dc99086512c4,668.1599731445312,9fa6acf1-f8b9-4ff1-84e8-1d2a6a7ecf08,0.0,197f237b-88dc-436b-bf4f-00d173ccbf6d,42.745113372802734,57591275-850b-4cdc-b397-98ff7a607632,278.0799865722656,
101,5284,no,,,,,,,,,,,987d7830-f23d-4662-8122-96ed278d90d6,158.55999755859375,
101,5299,yes,46a1a59f-ae67-4db0-9205-5cfc863b8978,22.69999885559082,4c9a33fe-099e-445b-9545-c8462b5b5039,22.5,c71ca066-73bf-42ad-9855-b7cefdd89f65,578.8800048828125,1403afb6-70aa-45a5-967f-ae944f7f0b56,0.0,4e58420c-10d7-4f1c-8942-7580519cdf5f,20.39216423034668,735de7a3-ad5c-4b1f-88e9-55b740d86a26,224.1599884033203,
101,53031,yes,ae6f40d1-eba2-494e-8a58-99e3d31f22d3,22.799999237060547,b81da470-fd3a-438b-95c6-be5a239501e8,22.0,839dd3c5-8120-4ff8-8869-ccd9de0447d8,429.1199951171875,baebe340-95fc-4262-b1ea-ae3e779286c3,0.0,b9b2c1a1-e4d8-413c-9796-41b9184a0f14,0.0,7757f893-778a-4884-b3ba-4e76cbcf2603,46.39999771118164,
101,53032,yes,ebe7c48f-15ca-41bf-9989-0784cf4502fd,23.0,522f536c-712c-4210-8f67-5c7f30bde9ef,21.5,29417287-5ce2-4b89-bd41-1cbe5137dcf0,450.8800048828125,30c2821b-52c5-4904-bbae-0fccde85d54b,0.0,b29c5794-eaf7-45ca-aa3f-85323c6ec663,0.0,8376bdc9-6e5f-4057-99c4-733ac371deb5,44.959999084472656,
101,53033,yes,eb2cecb7-743b-4c4b-8ae0-bbe04ee389b4,22.799999237060547,ac14cd4f-2884-48d4-88f8-b7a7a92a9619,21.5,d4494e6d-63fd-4721-a5cf-5d62fd6378f9,440.0,ba58f235-5448-4aaf-8768-f6e88f3e33ef,0.0,59eaed5d-0119-473b-bd8c-c92d2e8b8a3f,0.0,6e78a732-814a-498e-93d6-11f0d29a6dd3,58.63999938964844,
101,5304,yes,d4ad0f0a-e8a2-48ec-9a5b-2bf6b76c4926,0.0,4de12d10-d74f-4bc8-b6ed-ddbc873834ae,0.0,cf3465ad-2f02-4507-9afc-53475921961a,0.0,36a295bf-a148-4a16-a97f-40e4dfc59419,0.0,191a7254-dde0-434d-93b0-e4b012f6561b,0.0,f44fd504-33cd-45ff-b3d6-86683886d97e,2213.119873046875,
101,5317,no,,,,,,,,,,,292dd89d-8c11-4d04-89be-e27131a1c1bf,1694.719970703125,
101,5318,yes,3e6a6db3-aeb3-49d5-b745-e0d8d584af3c,23.100000381469727,567fa359-1be5-473f-8bb2-5fc33009f38c,23.5,6f532c25-b806-47c6-9821-720d1b79c4d1,456.0,5b3eee71-4a9c-4e4c-9360-590dd4dd8e6b,59.60786056518555,c11ef66d-3c71-4662-931d-778ed09468e6,0.0,77d4feea-756c-4f50-9b9b-120f324a57fd,158.55999755859375,
101,53191,yes,4431d2d5-5226-44f9-a9f5-226fc5167e23,22.899999618530273,64087cbe-c94b-4e33-b18f-bb691e7f9da5,19.5,8f212a60-4b33-4acd-ade7-1e941b7e470f,420.1600036621094,d56e6142-6c6e-4cad-a8a9-e576df4c01d7,0.0,d44881d4-71b2-4a38-92e2-41bd188887d5,100.0,f851efa7-ddca-4532-9e71-d5673df0b36d,94.63999938964844,
101,53192,yes,890f32dd-c58a-42e7-ba0b-9fd86d89320f,22.5,9ba47835-196d-47d6-8d79-885953d5d9d0,20.5,64da4f53-f3db-4fd1-b09a-c2dc3b9efed5,417.91998291015625,fd9be698-814b-4580-aa5b-cb4e9259f5ad,0.0,d82253ac-3b3a-44d0-b4d9-7e2d7e3f378b,100.0,1af8f41d-27df-45b3-b85e-4f72c9673879,94.63999938964844,
101,53193,yes,515d33a3-bd41-4ae3-8546-5ce47fb82d99,23.100000381469727,9e1054ca-d146-41fc-b4b9-ecce39d9f8c2,21.5,b45d7c0a-fe65-41fc-a8ee-b46b3343dd4b,488.9599914550781,7e32b32d-0fb3-4aef-85d8-b51bee888323,0.0,2c1ceb06-6ac0-4c29-8eea-51882ed5ab7b,0.0,6c78ea3d-6c59-48f2-a9a7-2169fba49520,27.399999618530273,
101,53194,yes,3361ee38-e91d-4a1d-ab1a-90a803367a87,22.600000381469727,a3d5e340-fe53-4cdf-ba40-02992e2ea35e,21.5,f8f2c074-18c1-462f-acd3-6ae3c0defc47,497.91998291015625,ce00c1f2-a36f-408b-96cf-d118c2a67ed9,0.0,b3ed7efa-57d7-488f-8dc2-f071b0db0854,0.0,8e8d7768-bb15-45af-8c30-eb5d32b7f8d1,59.79999923706055,
101,53201,yes,24a30363-82a2-49d2-a88a-7b852ef77bdc,23.100000381469727,dedd764f-5504-4550-9aed-a5534176997f,20.5,57b6cbfc-0336-45a0-8ab8-ae9679707e3d,432.0,bac28e51-637e-49d4-b541-7d68ae7cbbb4,0.0,b62b19b3-dce1-4459-8e9c-2a13d23839e4,100.0,8669b905-7797-481b-9aea-73cb64beda57,301.6000061035156,
101,53202,yes,96ad9fc3-e9bf-48f7-8735-e9d0aa4bf41b,23.100000381469727,7b508254-0ef0-4f2f-8ab5-e20641a4fd42,20.5,4b4eceff-3698-4547-85f9-6fb2e93441a2,448.0,67a34fa3-248e-4dcf-96ae-0b67e019170a,0.0,f770f5c2-7e5f-411a-bf81-a35306b91ad1,100.0,c6cc526e-02e7-4a3c-94e6-3ab072e2f168,99.1199951171875,
101,53203,yes,b904461d-0446-46e1-b5f7-c73ee58cbad2,22.899999618530273,8fbf6893-808d-4cb0-821b-6d6ed7c52b6d,23.0,bd701dae-2963-4205-86c8-980bbd1001fa,590.0800170898438,8ee34b7f-f814-4f3d-8aa1-3cf3a6e11897,0.0,3c91bcae-b76a-43e6-9ec2-a70b9ca8e8c2,0.0,64f200b3-0a1d-4e43-9b12-5e49a0b4ea73,152.0,
101,53211,yes,e6c5c289-340d-4e8c-b981-3b0f7ec7724e,23.0,708d7fad-101d-4358-952b-16d0612ef1e4,19.5,f53bb2dc-8da3-4b8b-8c3e-2b140951aba2,528.0,90349da5-e3dc-4d07-8006-edeff06cd461,0.0,0608c6f0-c60c-401f-9fd9-0c88f652849f,100.0,2be27e48-abe6-4c8c-991e-1678ed8e34b9,298.3999938964844,
101,53212,yes,bb019bec-e90d-48c5-8e26-b5c054628f5c,22.899999618530273,7b2b989f-579f-47e0-b254-409f2b9925f0,20.5,3068a769-06c3-4c19-9c72-69328bc74cf1,418.8800048828125,76e4f75a-4b0d-4555-b294-226fd0d4c486,0.0,e3821e12-90d3-4aad-b732-3d982f9efd88,100.0,4fc9a698-d6b6-4a45-b060-5ff15f82df8f,149.83999633789062,
101,5322,yes,b7d6b025-7f10-4f57-8fb1-ae1c57093267,22.100000381469727,37b51d00-6ce0-44f1-9897-717f03661837,22.0,f2d10ef7-9c37-4e58-8bf2-c4b697208554,476.1600036621094,1ff26821-b4ca-433b-ba27-9493cf29f05f,10.588238716125488,d27f44dd-6755-4ae9-9e08-42814f739d7e,0.0,5947107c-f24c-4fee-a055-458eb848cc40,499.5199890136719,
101,5327,no,91c85702-c3ec-4e4f-8f7b-3c5425759bac,22.100000381469727,76cea007-e07e-4cf4-af6d-2d408dc0474b,22.0,d0b08bb8-8d2a-46c0-90df-de1f4ae808df,481.91998291015625,,,,,0897c552-5028-4885-a3f4-ad6bd3e59b26,503.3599853515625,
101,5334,no,fc7c277d-4e53-4c1c-a691-a92a0dc32a7a,22.299999237060547,b46a10e6-8fe0-4a11-ad72-709360ebdbc7,19.0,3b93da18-dd5b-44dd-9f73-f609f4817772,466.8799743652344,,,,,513dcf6f-9b63-4662-91cc-5c7e32b21dec,507.5199890136719,
101,53361,no,2f1c47ac-9435-49c7-bca4-a10636f82e7f,23.100000381469727,59041302-da22-4d8f-90a2-f0f908363cef,22.5,8ad05dea-6368-45b1-9098-5b5df515c407,431.03997802734375,,,,,323cbae5-721c-484c-83d8-686d3e7f8cfc,200.0,
101,53362,no,88ea6ff8-4e5f-46cb-9282-e47993eedb21,22.600000381469727,23b7b26c-d86a-4d14-8639-be24f1e066f6,22.0,bd80ce3b-9f45-4bdc-bb4c-2d25a78ef74c,472.0,,,,,ebb2008b-d337-4006-a223-a4008f2eb721,200.63999938964844,
101,5337,no,9ec9caf7-402c-40d1-851c-4bcbe5c86a8c,23.799999237060547,363d9f5b-62af-4902-b4ce-a49ed38afd94,24.0,8865aec7-c7b2-4900-a5e4-fefd3cf25a59,415.03997802734375,,,,,527b306b-0396-442a-85ad-71b6fa7a910c,503.3599853515625,
101,5338,no,ed79b50b-e6a7-42a6-b5e1-7d557a51c8a8,23.299999237060547,a29d2f2a-336d-44d5-8c55-983b5fbc5897,20.0,fdddc146-fb7c-475f-8684-6b0bec852717,446.0799865722656,,,,,c2bb2682-136b-4511-96b0-dfaef3ee1f44,499.5199890136719,
101,5429,yes,259bf7fd-3992-4960-9577-7b92d38f489e,22.69999885559082,46720b25-4608-4a1b-93de-f562f049dfbb,22.5,1bb85859-ff82-43ce-8619-1f5e3af05aee,576.9599609375,0f12922a-138e-4292-904e-fd297ba3e81d,0.0,6345d7a4-4f1a-43a4-9f7c-c0f380b98c2a,10.19608211517334,1bffc4be-6e54-4fea-b7da-f01e02e13b42,49.279998779296875,
101,5430,no,,,,,,,,,,,e9461e39-bcdb-4cca-af35-04e85dfcc5cb,49.279998779296875,
101,5431,no,,,,,,,,,,,5514d510-a9c2-4fb4-a732-5d2e682338c3,42.68000030517578,
101,5432,no,,,,,,,,,,,bdef7bc5-e308-4d36-b8da-0544ea70d599,44.87999725341797,
101,5433,no,,,,,,,,,,,33488546-0bcf-47c5-93af-026bfb32d989,44.87999725341797,
101,5434,no,,,,,,,,,,,e0d660fe-daf0-4da1-8db4-73a2c8409041,42.68000030517578,
101,5435,no,,,,,,,,,,,e19e58d7-e1b3-4a32-bbf8-c2bcee2a407d,40.02000045776367,
101,5436,yes,89ec1304-9f3f-4777-bbb8-880ebfef1a0c,21.399999618530273,e509f0f0-a58f-4308-8719-282a3d9578e0,20.0,d2c97c6e-17db-4763-b517-3b2ffe6a4579,520.9599609375,ee5c46c4-489d-4dd2-b4ba-82ee79ff0d59,0.0,6713cd7e-a2ed-45d9-9481-5eb24fb8c4ed,100.0,e887ff65-9319-4554-928d-768d64adb734,120.7199935913086,
101,5437,yes,89e53f32-be10-4b83-9b29-c4ac7f73c321,22.19999885559082,2037283b-633d-4abe-b637-a36b883e50cd,24.5,a14b60c0-4c3d-4614-99c5-e236a2fd8892,478.0799865722656,032bfa33-f649-4a5b-a282-cb3df4ac4b36,100.0,0f8d3379-b467-4a86-aa08-c51323849b5d,0.0,e1d82c3e-62f8-45e4-bdf2-61cd39a3447c,40.02000045776367,
101,5438,yes,723b4067-b687-4850-a490-c6cbe51c1e28,23.0,90e4da02-d772-49c4-908b-c8e315e18f03,22.5,621d1c79-bfab-48d4-85ff-cdb72d0b7196,503.03997802734375,bbfb55f4-02ce-4098-9d8e-37dc8e8a1cc3,0.0,d22a0afc-a71e-469c-b9ca-a84052f65dd0,30.196088790893555,2f2389e4-ca5c-4ea0-ad30-ea4eef0421eb,66.63999938964844,
101,5439,no,,,,,,,,,,,79e1f1d7-d3a2-4aeb-9924-1cf35025c043,50.71999740600586,
101,5440,no,,,,,,,,,,,85ae70ce-9d2f-466b-9edb-ff3b2c42d9fe,49.279998779296875,
101,5441,no,,,,,,,,,,,9ea92379-2d4d-4514-b996-1b2530aed86e,53.07999801635742,
101,5442,no,,,,,,,,,,,6a40b739-dad6-4db0-979d-e00f2c57b8c9,85.36000061035156,
101,5443,yes,76b4a6dc-025e-4f7f-be98-1a23fbaeb980,23.0,ac595abf-08d3-423d-8f10-5a4911cb4b34,22.5,7a440418-45d2-46cc-969b-64798be35a59,608.0,78e58569-d325-46c8-b913-13df19b8181f,0.0,d544c8de-4eab-4381-b995-7b23a3cabd59,0.0,70be6ac2-bb2c-445f-bdf0-5702e2e8b35b,37.52000045776367,
101,5444,yes,f2423e44-b740-4732-b5c0-c9d6e411aed0,21.299999237060547,e38cda59-981a-493c-b607-0a064f6b5303,20.0,3f835f61-3593-40bd-818a-21acceb22dcf,476.1600036621094,0fab1b18-d859-4784-9602-2853b42f846b,0.0,09abb93e-4a20-418d-a89c-351dab3fdf35,100.0,f2a9d3ae-ae31-47a3-ae25-73f400a1ff70,113.75999450683594,
101,5445,yes,d867db63-58b6-4010-b874-4229aaa2f77e,20.69999885559082,e0129c5f-adc9-45ee-b961-11fe7edb8e39,25.0,be74022a-7adb-4366-b72d-564426cdb4cd,484.1600036621094,3eebf20d-2ceb-4bfd-be82-4d28671542be,100.0,27223309-8e27-4e1b-8fb8-3b4bffa35e64,0.0,a0ef8183-c9d0-4e0f-b48d-ce3d75f15c42,42.68000030517578,
101,5446,yes,7d9ff4ba-95e9-4b9a-a411-ffdcba7c49ef,21.5,37db648a-b96b-4f1d-b03a-2cfda793c3fd,22.0,87b3da0b-69fd-4d01-a352-4b7871f26b60,500.1600036621094,6e3f74a1-a0da-4c99-9693-c98458a58be8,96.07846069335938,d2f435a4-a003-48d5-96a7-3c9bb056c22b,0.0,7e7b1b7f-6bb2-4228-b33d-a05260833d24,37.52000045776367,
101,5447,no,,,,,,,,,,,ff24c104-100a-4cbc-8117-c127edbdcaec,40.02000045776367,
101,5448,yes,65a4ba6e-2d16-4288-899d-57a7c13ecfd7,22.100000381469727,49dd6703-a5cd-4af8-8fe4-dc95eba74098,22.0,c4f71921-98a1-4688-881b-9279fc1ee550,489.91998291015625,858f983b-49c0-40ae-b9aa-842d6681c15f,0.0,969d02e2-99d0-495c-a116-13022d71c4e9,0.0,1280c6bd-befd-44f3-856e-9c46245e3b8e,37.52000045776367,8e3ad9c6-3fa5-47f8-affb-b7e48253bde3
101,5449,yes,93cab683-c98f-4880-9cba-49863ca7e4cd,21.799999237060547,054e8890-10f0-4b53-b5c5-60e7d04b91b2,24.0,c2aeac08-24f5-446b-9bd1-5164cec82151,642.8800048828125,5f91f2ee-a0bc-4e26-ad1c-3c303fd175fe,100.0,f897fc40-0e58-44df-ab74-7e508ee5644a,0.0,a71f8c1a-7c88-4601-978b-178e5874386c,37.52000045776367,bd094230-9b67-431e-8f62-3f7f45dcd37a
101,5450,yes,e80c035d-bf8d-4eaa-b162-0c75d1090b52,22.899999618530273,81352b80-a3c9-4295-b7b9-6b64d8be43c2,22.0,967ad6b3-6018-49ad-b66c-58084eaa512c,448.0,41526140-7305-4ac7-889d-224c1dd34a71,0.0,6220ae82-4da7-4c4f-846a-7cd4d18dd9ed,43.92158126831055,b901ab49-6fb6-4ca0-b234-a48dfd8477d2,65.15999603271484,f8aed36c-a574-4e93-a2a7-3558ab292b5f
101,5451,yes,c3245046-e7cc-4284-8e02-a4e68c04cf26,24.0,56e2ac66-262c-469a-afd9-9800feefe0b1,23.5,de893693-a781-485e-bad1-ad3f15bb841e,441.91998291015625,cea079f7-408d-41df-9890-77fef18963f2,0.0,669142dd-dacc-494f-9931-e3524c095f45,0.0,7525e7b3-5dd5-4450-9f0a-201519f4a780,66.91999816894531,
101,5452,no,,,,,,,,,,,3a730b64-f2d0-47bb-854a-f15dd5e13397,59.79999923706055,
101,5453,yes,22f8b0d8-6e4e-4d24-a051-88247b8841ec,22.399999618530273,da1d7c3f-7e49-4132-8d70-21fd50950b52,22.0,b31911dc-a3b3-4f7f-b14b-bb45c788fc57,542.0800170898438,4ba91016-1a20-4d4a-849d-b749c9577571,0.0,15e99add-90fb-45d5-9bba-ffb36b809b41,34.50981521606445,a79aae1c-f05d-40b8-b78b-6e1f6b53897c,68.1199951171875,
101,5454,no,,,,,,,,,,,72ce9ce0-d671-4df1-9864-94032d31eac9,66.63999938964844,
101,5455,yes,a2032b38-0ae8-434d-b3ac-01b83760a104,23.19999885559082,6b6452b1-275c-47ba-8e05-3e0a9b822ae0,22.0,84392af3-dd27-49b0-8028-d0e89f123621,785.9199829101562,d598ce78-1f8c-4110-99e7-6a73a9ffb344,0.0,d6f85b50-94ec-4611-a697-a4c01a103f44,58.431392669677734,0815baf4-757e-40c4-81c1-67c27f1fbd07,118.95999908447266,
101,5456,yes,c33bd6de-f86e-4eca-a78d-641b91a5a84e,21.299999237060547,3702d1fe-87e7-4c11-87e3-190e93b6db30,20.0,87d748d3-36a8-4a71-9d69-8cc90ec1be30,591.0399780273438,36e1201c-c511-461d-9ce8-1dff7db64ea6,0.0,5a2257d9-374f-4b98-a17b-e40aa9547760,63.92158889770508,e78dae5d-9850-406e-9b80-aa1ac704693a,37.52000045776367,
101,5457,yes,b0c9535c-f757-45a8-a654-467be089ecf0,22.100000381469727,b3fd520a-6623-475a-a32b-6d4423a1e620,22.0,1bf980ca-2091-4f87-9904-e3146e84c9b6,554.8800048828125,16bfc294-89a0-49cd-883a-3178f3a03f8e,0.0,dbcbf9b6-85f4-4b56-95be-ba772cec14a5,0.0,3403965b-9064-4961-ac2a-036d3c14ca48,69.68000030517578,
101,5458,yes,2f9fcf99-574e-4fa6-9db0-c5250f3d2520,23.100000381469727,7a8205da-3d8e-4278-98fc-93a59a3d0658,23.0,569c9fdb-e7a1-4136-92e8-0b29cf6662a7,606.0799560546875,b3815606-c6ea-420c-a121-757a6bf62600,0.0,643d15a4-3cd9-4f1b-92c7-9740950325fd,0.0,dfbb7537-c7de-4db4-aed3-c73063591f3a,34.84000015258789,
101,5459,no,,,,,,,,,,,57d75ff8-1a69-4278-a3af-7a9f1e8848de,37.52000045776367,
101,5460,no,,,,,,,,,,,856aa78c-0450-444f-b0d1-188af2960cc4,40.02000045776367,
101,5461,yes,b75eef85-f3c5-418d-b370-867726ec2b0f,23.19999885559082,b768e8cd-6e06-4f6f-a370-7f819ecebc53,23.0,dc343975-54d9-45cc-b129-1fb8bd91c67d,718.0799560546875,5020abf0-b816-4452-8e4c-b3e942655e22,0.0,95f1a4b6-f726-4348-866b-ef73276f430d,0.0,66a7de40-49e5-4cfa-8f28-835ace33067f,101.5999984741211,
101,5462,yes,07dee058-e073-4e6b-8b14-1ae6ebf63c2b,21.899999618530273,5f2a16fb-2008-47b6-9584-3c97a58174d6,21.0,f49ebddd-cbcb-4be3-877e-7ac8508c50b5,487.03997802734375,46952908-4581-4068-9fce-23b944abd289,0.0,93330b7e-85dc-46b9-9ab7-292ac93a1385,59.60786056518555,5d8c327f-c98c-4dfa-90d8-f6a1e57b018a,85.68000030517578,
101,5463,no,,,,,,,,,,,4f2adf8a-de35-4372-92c2-1d5350038861,80.36000061035156,
101,5464,no,,,,,,,,,,,03f22d91-4b5e-43da-a5c1-4956ea3f478c,84.0,
101,5465,no,,,,,,,,,,,8b997d4e-8b8b-4454-8144-a3f4bdbab38e,82.87999725341797,
101,5466,yes,346dc5cf-6de5-4595-b940-7d3092272879,22.19999885559082,79b832a0-5e08-4b78-8af2-b08b818b12ad,21.5,67f83727-d31d-4a0b-89a3-148810259072,496.0,2fc06bbb-68e2-4adc-8be4-ab86253bc228,0.0,8d0d5094-e7de-4b5f-b709-7ca3eddad98d,0.0,5bdea591-90d3-41b7-b0d3-752eea83b910,40.02000045776367,
101,5467,yes,66316848-c142-4b47-ba8a-d0c64d2f6266,23.100000381469727,96fba03f-848d-4ed5-8692-d65d5ff952dc,23.0,5fce39ca-49e1-4eba-bbad-275883849297,551.0399780273438,5d1bd043-83f7-45e1-8015-624483580411,0.0,1f2c4705-3956-45e8-a5ad-4d4ee568e86f,0.0,f1770134-219a-4cb0-b9ff-e7162112c5a8,40.02000045776367,
101,5468,no,,,,,,,,,,,58d5b108-2e7a-4a66-8795-374a74b0cc57,40.02000045776367,
101,5469,no,,,,,,,,,,,8e3289c1-b5bb-413f-b2d4-d03711b04681,40.02000045776367,
101,5470,no,,,,,,,,,,,0e4fb390-6e07-4c65-9171-ea1e8f32969e,40.02000045776367,
101,5471,yes,e20e96c2-3065-4cd2-8cc2-e5864a106aaa,23.100000381469727,4b51f6d0-d08e-4ee8-b44c-091dd369f2f9,25.0,082292f0-2207-425b-a2e9-d4fe3c653e16,458.8800048828125,4043809f-8008-47c7-91e1-ee50ecad0b21,100.0,440c7c27-e571-4bf7-a2c8-e22f4cf4778c,0.0,7a490a56-b28d-4697-8fb4-10f176e23965,37.52000045776367,
101,5472,yes,aaff4d51-6f47-472d-8eb7-fe6c920bb8e6,21.799999237060547,29d11f4c-fb18-4c46-a388-5887e16cc325,21.0,4760ffe4-c7f1-401c-8e62-2757b6d5cd6f,527.0399780273438,c725e8d5-38e4-477d-bc27-3a87a8e64eef,0.0,84a9a93e-e978-461b-85d3-052a723a1e55,80.78433990478516,9a45c5b3-1ab6-41fb-922a-d7a6770fc6d2,37.52000045776367,
101,5473,yes,c27796bb-dd3e-43ae-84e2-940b19dcb98a,22.69999885559082,3f3942a5-4640-41fc-8a37-32281356fab4,24.0,5395883a-931a-4e74-8ae5-52e686392916,524.1599731445312,459eb9a6-4550-4da2-beaa-3d9569ca1869,100.0,eab7150d-d701-45bd-8db7-0cd137327c2f,0.0,3dcd8a1e-f845-458f-b1d6-4882ab39e242,37.52000045776367,
101,5474,no,,,,,,,,,,,058165ee-5580-460e-8408-0b2bf72a7706,42.68000030517578,
101,5475,no,,,,,,,,,,,a02654ed-9f7b-4369-951c-6800bb573a98,40.02000045776367,
101,5476,no,,,,,,,,,,,733d267d-f400-4fef-8dcd-b3b5413c7464,40.02000045776367,
101,54771,yes,7ef126b2-5a85-4611-8c9e-4b96bd88b4db,21.899999618530273,d8266623-2d61-4b16-b3e4-8fe0119d350a,21.0,c11064df-054e-48df-b952-8cfa9f89c980,436.1600036621094,a192af55-afd6-431c-a5cf-7482370d17dd,0.0,dcf3f2b0-0bcd-41f1-ba24-723fefa25ef5,40.39216995239258,9e05a60c-ea67-46d9-bec8-81513bef6055,120.7199935913086,
101,54772,yes,7ef527e2-2312-4b7a-9b9a-b9e365bc5f7c,22.19999885559082,1ffe59a8-cf55-4b86-b162-140f9325f37a,22.0,8a3f1212-fb40-4613-aff6-2c04ec5fe2a7,458.8800048828125,007cc224-854f-49f6-8d80-3b3205ddc916,0.0,2d4dc08c-7823-451b-a947-03a14c368684,0.0,d20112a0-6d38-4deb-ac3e-5985273ddc0d,123.19999694824219,
101,5478,yes,bb9abf41-4e81-4933-b0c9-2190a09aa109,22.600000381469727,6d2675e9-332b-48e6-a7a2-73fa8a56ba87,22.0,65c572dc-f2ea-409a-9488-8e1394e8313e,474.8799743652344,2cccbdc1-cde7-461e-bd13-be2ca57ac41a,0.0,96e0cad8-ab82-47f3-a285-b108fcad1557,0.0,28523ac1-9f74-4f08-8bbe-b82c90741642,119.83999633789062,
101,5479,no,,,,,,,,,,,f0841052-04b6-458a-874e-fe9575c341fc,118.15999603271484,
101,5480,yes,5b474646-4972-4dc6-85ae-6ae7cbcc0a37,22.399999618530273,2f7427e7-07fd-48f1-9df1-9dea0e396e1d,25.0,e28d7410-b809-4afa-abd4-10ffc7ba7311,477.1199951171875,308c5a42-0cfc-459b-a12a-04d07a692cda,100.0,df858f40-b15d-42ad-9a88-80482c8eff34,0.0,da3bf9fa-939a-4321-b82e-c8ad8b62c6e4,120.7199935913086,
101,5481,yes,d2e74479-7ed4-4687-a37d-317c9e570768,20.0,1ec5c144-41d4-48d4-b40e-588d1bd7bbc6,25.0,176e2f49-d4cc-4963-9813-fd5eee64d66b,584.9599609375,3631adfc-bc33-4ff5-9af9-516d60f85481,100.0,e46e371d-02ab-4494-9b27-59f2c726bf66,0.0,9bfd313a-6b57-4fbe-b9a0-3a7351d6832f,125.5999984741211,
101,5482,yes,1eed0c71-01a4-440e-940f-20c66f41f4c1,21.899999618530273,058c5793-ac7c-40a2-9e37-3a7a8435872b,25.0,288d8984-36c8-4eab-b25c-ae99805aeb3d,597.1199951171875,7567437c-798f-4963-9e92-a6e002b91ebb,100.0,be704b35-8e28-4da6-b43f-cfacdfc74856,0.0,6e598a36-dc24-45b6-9e00-ffcae6729f26,118.95999908447266,
101,5483,no,,,,,,,,,,,ce27404e-56bf-4074-bfef-9e20891a3a12,123.19999694824219,
101,5484,no,,,,,,,,,,,5e1ee57a-2ccc-4056-9406-d003ddcc0350,119.83999633789062,b6fb19f0-2336-43bd-bbf7-0da11e1af343
101,5490,no,d4425aad-87e4-4f92-877d-6aacf5e95ab9,24.19999885559082,66594a45-8726-4497-b6e1-1edb3ebcf295,23.0,fb13d763-b263-4978-ad34-9f9ec84521ca,488.0,,,,,48a3df5f-09c1-4831-9c8f-c766392a5696,119.83999633789062,
101,5491,no,59256e12-d697-45fd-88d3-8067f5b7cedd,24.0,ce43fe35-b1e8-4976-bb53-d3b960da0f27,21.0,29a68b50-860c-415a-8f68-9bdf4f6121ef,514.8800048828125,,,,,e57d948d-945e-43f1-9713-7a565b1b6bb7,118.87999725341797,
101,5492,no,4e95b1fb-2426-4511-9b3a-22eb94a32b5b,23.299999237060547,95fcc933-8430-44f3-9897-2f1b6d76e657,20.5,b7930d4d-4931-45bf-ad43-2c7d89b2c332,440.9599914550781,,,,,40340590-0ec2-4ecf-9594-6ea5cbc2d397,120.23999786376953,
101,5493,no,46e13f23-f0cd-4c53-b968-a260447493a2,23.899999618530273,b6e7afd6-2c9d-4c5e-b7b0-500bcc570606,21.0,2442b625-530b-40cf-8222-1569d7b58e50,521.9199829101562,,,,,2fb5d03b-b7db-47fb-9c58-36f69d982702,120.23999786376953,
101,5494,no,,,,,,,,,,,55d92ebe-d740-48f8-85e5-c561eb8c6da9,121.1199951171875,
101,5495,no,,,,,,,,,,,d021135c-af64-4097-9e9f-d34f2ce54ef8,121.1199951171875,
101,5496,no,,,,,,,,,,,7c2da8c4-4fdd-412f-bdcd-63a777b8e0f3,120.23999786376953,
101,6038,yes,d3f78fe4-877d-4d31-880e-f072c4651a43,22.600000381469727,f3fb70f0-b8ec-479d-b8a9-a83b99a5fc97,21.5,f31b91a9-a1ca-4718-8d6c-643fc0435473,503.03997802734375,7d44534d-8eb0-49e5-aced-4846d75be73a,0.0,9bab8c57-4421-413b-b21c-39fb22b11ef1,0.0,02516ce0-d355-4914-ba16-761ae009685e,35.91999816894531,
101,6039,no,,,,,,,,,,,1dd62b99-8871-47a6-910e-6f35646c3471,35.91999816894531,
101,6040,no,,,,,,,,,,,7810b977-ff2b-4edb-9d23-1a51c9ae3d78,35.91999816894531,
101,6041,no,,,,,,,,,,,cd017e29-c920-4f12-937c-076fae3097e7,121.5999984741211,
101,6042,no,,,,,,,,,,,a0c6b6ce-9f6f-4ae5-ac55-67aa7032f567,93.5199966430664,
101,6043,no,,,,,,,,,,,78e9a389-f4cf-4b88-abd0-d692090df29a,35.91999816894531,
101,6044,no,,,,,,,,,,,ccf0a7e1-0016-44ee-8cce-0a27d21fe191,60.55999755859375,
101,6045,no,,,,,,,,,,,552aab64-9895-4d57-83cf-f30ccff2193c,61.439998626708984,
101,6046,yes,613ae867-71e5-4992-b07a-47e5158f7f65,21.299999237060547,005be652-df77-4d6c-8b64-930e9f4aa5fd,19.5,31b93d68-47c0-4dc9-acdf-ac555a19c9e0,478.0799865722656,6742ebbc-929a-4e4d-847d-4d8630c94214,0.0,286be3a9-58be-408e-8555-754bb0188c4f,100.0,7b66520f-2be4-4eee-bf5d-2d71c954ef80,114.23999786376953,
101,6047,yes,88abbafb-10f9-4ea0-905b-f32cff72d688,22.5,4c61b3e1-d818-4975-9831-5c8485e453bc,23.5,448a877b-7d2d-4a57-ab2a-4273597219f4,448.0,503f0fa8-5f0c-4d39-be7f-319c50485990,0.0,266ba1b1-37a5-421f-a9c1-6e4d1bc6fd41,0.0,e812a89c-7a49-46e5-b92b-2773c040502f,35.91999816894531,
101,6048,yes,cd60a554-5cba-4509-bf11-0a61f7393823,23.0,2685dc00-2aed-4d3c-b68a-eabb7634a34e,23.0,85c7782d-e782-4577-869b-a57fa5826bcb,464.9599914550781,0848fcb7-4eb1-45f4-9a74-220e199cba76,25.098047256469727,a69032b9-1836-477a-b70a-23a1ef970c49,0.0,203d2b1f-8980-4444-8d71-649b85eb808b,35.91999816894531,
101,6049,no,,,,,,,,,,,866b10bc-4dae-4881-8db6-9f266aac01c0,87.5199966430664,
101,6050,no,,,,,,,,,,,d74ecf24-1267-42a3-b3f6-e016327839df,35.91999816894531,
101,6051,no,,,,,,,,,,,c84b89bf-094c-47c1-95c9-219add2e7a64,37.459999084472656,
101,6052,no,,,,,,,,,,,7e597551-7b23-4b51-b0ea-72e999834ad9,35.91999816894531,
101,6053,no,,,,,,,,,,,a1664bc8-3b42-4bf2-86c3-188d72864368,35.91999816894531,
101,6054,no,,,,,,,,,,,c8f3b386-fc2e-4f21-ab94-776d8fb56d58,35.91999816894531,
101,6055,yes,bf078bcd-00bc-4dba-b106-b2f45afe7b27,22.19999885559082,4a97e2cb-d2da-4393-b05e-77f44ae61cee,22.0,556ac517-fba0-46ce-b6ba-e431cdd609bf,709.760009765625,458dea6f-abbe-4cd7-8666-93fd7edd6302,74.90198516845703,8cf3d75c-a528-460a-9d66-3e3b1dbe85e0,0.0,c05ae24a-5522-464c-aea4-4e711427c09e,85.68000030517578,
101,6056,no,,,,,,,,,,,0171bd63-ec1d-4c08-87f0-f5d6ad52338a,85.68000030517578,
101,6057,no,,,,,,,,,,,d9a85d62-a6fc-41f6-b1f5-0c91ece55f13,82.4000015258789,
101,6058,no,,,,,,,,,,,58ab98b8-5b82-4293-bb93-528537218760,85.68000030517578,
101,6059,no,,,,,,,,,,,8bd31d1e-28d5-4354-ac5e-ae64151c65b1,85.68000030517578,
101,6060,no,,,,,,,,,,,62426bf9-2592-4190-be4c-bd5070261b06,85.68000030517578,
101,6061,no,,,,,,,,,,,841f9f4d-c1a6-47e1-978a-9f822278fb54,83.75999450683594,
101,6062,no,,,,,,,,,,,cb151a1e-2edb-4e0c-af03-3066369cae0b,86.23999786376953,
101,6063,yes,f4da81bb-f680-4a41-88fd-92d753062fae,22.0,5caa5086-0e04-4f30-9c0a-8640716ba7ca,20.5,3fc24210-66a1-45a4-8ad3-8424ae1d40dc,624.9599609375,02dccd98-8cda-4859-9258-d3be81b8f2dd,0.0,639855eb-b2f2-4090-a83f-fbbe22dc8783,100.0,637af6be-3b9c-4030-aea5-d165cda0e4fd,119.36000061035156,
101,6064,yes,997b846a-7c78-43c8-895c-236790a5e5ce,22.600000381469727,68e6e7b3-1472-41f0-935e-8e90b2cc8146,22.5,0ddb9fbd-e383-4d96-9ffb-f43128035e3f,653.1199951171875,03ed49f3-6901-47fd-9c03-85357f24d06d,0.0,7752167f-86bd-4223-9403-43476128f66e,3.5294129848480225,041f8b8c-d500-4e24-9d52-6d4d5335e403,66.47999572753906,
101,6065,no,,,,,,,,,,,afe30bd8-cd59-46fc-beef-e31710ed385f,69.68000030517578,
101,6066,no,,,,,,,,,,,720caee9-21bb-4bb8-a0e4-c43a6b0c080f,66.47999572753906,
101,6067,no,,,,,,,,,,,c0051746-e9cb-43e4-bf9d-3d17e09e7f3b,66.47999572753906,
101,6068,no,,,,,,,,,,,37942570-c686-41f1-947e-c5009a2d68fc,68.87999725341797,
101,6069,yes,2afd39d0-407f-416f-ac0b-9ec945334557,22.799999237060547,b60c3eca-0db8-484d-a49b-dda7bc390991,19.5,b4d5f76c-a30f-4373-85f5-2443542936fe,569.9199829101562,002894e2-5f52-4ad8-9ea1-1a2efef89a9e,0.0,08f667c9-8680-4452-9b9b-47e2471622b1,100.0,7e01a502-0d42-4753-a368-2ce59c253b76,98.55999755859375,
101,6070,yes,6b4c1347-9399-4c38-bc24-0d0840dd603a,22.799999237060547,24486866-333e-42d1-9d9f-a70d9611df4b,24.0,b7e3bf66-3fb1-4ee8-9e11-4eb7b9b51008,657.2799682617188,505ed661-09d9-4f8b-b8e4-5db21b36a7da,100.0,c008418f-dea2-40f5-8d5d-b4479c667031,0.0,c322be41-b932-48eb-8143-86a394bc48ff,72.68000030517578,
101,6071,no,,,,,,,,,,,0c0298e6-666f-41d9-a403-cf76c20a456b,68.87999725341797,
101,6072,no,,,,,,,,,,,c56c1527-8b13-4aab-94d5-87f629f33e96,68.87999725341797,
101,6073,no,,,,,,,,,,,0daae55d-5f53-4ea7-83d3-6702c48a2ea0,74.19999694824219,
101,6074,no,,,,,,,,,,,e002a674-b2a4-4fa9-b5a6-04073a475d59,74.19999694824219,
101,6075,no,,,,,,,,,,,b2d9eb0d-adb8-483b-98ac-3ca853c82a02,74.19999694824219,
101,6076,no,,,,,,,,,,,901e21b7-4e0f-4c6d-9206-f6439f99a693,68.87999725341797,
101,6077,no,,,,,,,,,,,92aa74a2-bed4-46ec-b724-9411522b4633,69.68000030517578,
101,6078,no,,,,,,,,,,,58bd9c26-75ce-41b1-8000-968e9ab96957,68.87999725341797,
101,6079,no,,,,,,,,,,,47507274-edc8-459d-8845-104b53a577df,68.87999725341797,
101,60801,yes,5b3d3cdf-a260-43e7-9c1e-4b9a766ed5f9,21.899999618530273,57834a35-e50f-4b83-9158-29091ca83351,19.5,6dd2ca15-40c6-4f74-bffe-762145ca80e5,580.1599731445312,6bd7e1b4-dac2-4ea5-ba75-58c58c2210bf,0.0,e077a5f2-9707-4cd7-a24d-a95f644fdfd4,100.0,e5c852a8-2434-4898-8679-e3d4031134d3,105.43999481201172,
101,60802,yes,c57371f4-430e-4510-b607-b996e893cedc,22.19999885559082,93642a52-6e32-4c2a-9568-9dca74280a86,19.5,67339327-50c9-4424-a6ff-4f85622e6096,721.9199829101562,1933c907-4562-4b25-b1db-449d3f2d39e5,0.0,31280c41-27da-446b-b1a3-2206339ff80e,100.0,6a87a390-5797-48df-9278-1a664dca871f,98.0,
101,6081,yes,93ad7e71-e0b9-4150-8c7f-30ba3439f6ac,22.100000381469727,5668855b-34f7-4393-92ba-ca52da2ecdc4,22.0,204a3ad5-c215-4040-b233-e64b8e50a797,591.0399780273438,b26391c8-7aba-497a-8942-97b7cf6d3d0e,85.09806823730469,2b627507-6e47-4e8d-b0fb-8a4dd3f9f899,0.0,98af2b87-9257-46c3-b513-a43f0bb7bf29,38.84000015258789,
101,6082,no,,,,,,,,,,,7ae3a1ec-8a24-4b0f-a122-7fba43328f08,40.15999984741211,e1db3660-ddae-4a8a-ba10-7b5506497991
101,6083,no,,,,,,,,,,,baebb814-dbbb-4e4a-8fc2-f26b3440c0d1,45.23999786376953,
101,6084,no,,,,,,,,,,,15dbf34a-1aa6-42af-a2ba-00baf644fd80,46.39999771118164,
101,6085,no,,,,,,,,,,,efe5d172-daed-4644-a134-16d2162b9d2b,45.23999786376953,
101,6086,no,,,,,,,,,,,12a4e877-deaa-4bb9-b52a-7af3125ad0a9,46.39999771118164,
101,6087,yes,0463f902-9f9d-4d6e-a34d-0cef7e3222c6,22.100000381469727,9240330d-a73c-4a11-adfd-97661de8d73a,20.5,923fd7f9-5b19-454e-854b-a2154c01bcc4,528.9599609375,20e42739-512d-4ed8-ab84-fd079e2a7806,0.0,59201d5e-9dc0-4624-aabe-c49c0856fb38,100.0,20fb93e9-c066-444a-bf2e-41c7902c2e51,149.1199951171875,
101,6088,no,,,,,,,,,,,531d2e77-1db8-45f4-9030-7968dbd5d7ac,148.39999389648438,
101,6089,no,,,,,,,,,,,726a1ca6-e21e-4517-b272-4ddebef83841,148.0800018310547,
101,6090,no,,,,,,,,,,,3b097e79-6627-42d8-8eff-d346eb45ff6d,148.8000030517578,
101,6091,no,,,,,,,,,,,f6307c34-40bf-48d5-9616-41b23616c108,151.59999084472656,
101,6092,no,,,,,,,,,,,672c571c-5944-4aeb-93c1-ef585cab8487,120.23999786376953,
101,6093,no,,,,,,,,,,,4b39c9f7-31aa-499c-852b-820725a397dc,119.36000061035156,
101,60941,yes,a1271a38-2a15-49a6-b65f-e8538597febf,22.299999237060547,5f4d6ebe-392f-419c-9422-89bc43a4c03b,20.0,9ddd8db4-f5a1-4b53-a480-7ad2393e0ca3,472.9599914550781,8770bc73-ff1c-4a20-add6-59941dff5b79,0.0,f9e14c5a-2c08-4229-b2da-3b87b4e62710,100.0,88c2dc3b-b21c-4b4f-90c9-cf5eb9114f2a,115.19999694824219,
101,60942,yes,35d2f4aa-32f3-4573-ace6-cc7427b4bb7a,21.69999885559082,605c5990-d10b-430a-bc8a-1256ec91bf15,21.5,e179eec6-f645-4172-8ec1-7a4a75e71553,509.1199951171875,43d7f87f-3533-4170-ab11-e24f0db1fcff,0.0,485a929c-7bea-44a3-aa8e-8ce9773b6946,6.666668891906738,0cc21430-1013-4574-af62-fc049e14e85a,32.73999786376953,
101,6095,yes,61439b55-1ba2-460d-b5c5-6eddc5edcde0,22.299999237060547,c759e06a-8372-4faf-83ed-abe8f7d043be,20.0,220bdc55-5c1e-4117-92c1-af755793033c,546.8800048828125,117b5a77-8795-4b47-89ef-eb5c92e42934,0.0,8fc04558-7ecd-4b17-a6f1-5b6d93d5f27b,100.0,03237765-555f-4da7-bfe3-0c8b935562bb,118.0,
101,6096,no,,,,,,,,,,,e2f993f9-55bf-43ab-aaa5-22da423b0b54,115.68000030517578,
101,6097,no,,,,,,,,,,,b677fe9b-22e2-4aaa-8117-ef3d08492deb,116.15999603271484,
101,6098,no,,,,,,,,,,,2465ca4f-b2b5-4fe3-8fe3-c4ab30618f08,116.15999603271484,
101,6099,yes,f8854f73-f914-4111-be5a-0da80c0c77fe,22.0,8de5e2dd-4768-4b25-90f9-be1718a09361,22.0,d50e4f25-64bf-4591-88f6-5ff88567d1a7,508.1600036621094,5bb8d689-39f1-40e0-9ea3-09df06bfd902,0.0,42df4c11-87fe-4530-bf51-3c5772ebe31b,0.0,7e2cf121-cdda-4d40-b281-0b1d5d4bbc89,38.84000015258789,
101,6100,yes,4693ca5d-dca7-4b3d-9656-5035ff4dcbe8,21.299999237060547,9d5e67be-287a-43d7-91dd-d6e2a33104b2,20.0,5b3da187-31fd-4e9e-9f4f-15a7bcc817f6,543.0399780273438,5d144033-332f-49b5-bae6-10e423b7d63f,0.0,a9c5b126-0e72-4fbc-88c6-bcfdfd71c97d,100.0,a218924f-ec52-4f1c-86c6-f8abc7122d1d,117.04000091552734,
101,6101,no,,,,,,,,,,,dcab2a54-7f14-445f-9173-32d4c8b904ee,114.23999786376953,
101,6102,no,,,,,,,,,,,155a0aa4-6701-4cc1-a115-42b1d525c7a8,114.72000122070312,
101,6103,no,,,,,,,,,,,b5e5c723-1d4c-4561-adfe-a6fe11e105dd,118.47999572753906,
101,6104,no,,,,,,,,,,,ffb25cff-8d12-4e26-bd7e-443eb90662af,116.63999938964844,
101,6105,no,,,,,,,,,,,777182c7-f061-4eba-b0bc-2006f7c42c42,118.87999725341797,
101,6106,yes,4baf2377-5371-42e8-b97c-f579ed5458b4,21.69999885559082,523d7f65-ff88-463f-8124-3eb8039c07f5,22.5,915c3160-891c-437e-b373-55b17d543c06,519.0399780273438,9e90b66f-a4d8-4825-a73c-c17df8ef5726,60.39217758178711,25509cf9-b39d-47c1-af88-0b230724cf45,0.0,d4cbb94f-e9fc-4704-8af1-5842fc17b17a,37.459999084472656,
101,6107,yes,c18fa9c9-dadd-4dc4-9a29-4f7cbb1bae79,21.69999885559082,7e755f86-ee85-468f-9977-2482c471beca,20.0,745e49d8-ff13-4bcc-9d95-803db8e2d4b9,642.8800048828125,088f5ceb-bb08-44d0-ac92-6f4fa86d640e,0.0,b9c56059-9369-431f-be21-e2bf7e577ef6,100.0,e9a4b01c-706b-4d9c-b929-15c48f648c6e,118.47999572753906,
101,6108,no,,,,,,,,,,,e7c14ed0-f1fa-4ca1-aa9e-458e24af1a24,121.1199951171875,
101,6109,no,,,,,,,,,,,f0918d06-9d88-40ce-ac42-68723ff9f1a9,118.47999572753906,
101,6110,no,,,,,,,,,,,174a31b6-06e6-415d-b15f-044223cce8fc,122.07999420166016,
101,6111,no,,,,,,,,,,,5d655e71-1ee9-4df3-ad63-94f7dec69279,119.83999633789062,
101,6112,no,,,,,,,,,,,29609e4d-af8b-4da6-a4d7-48e96655e72c,119.83999633789062,
101,6113,yes,c0845249-ba3e-44db-b563-dbe228b8f553,22.100000381469727,7fdbb414-bce2-438f-aef5-80ceae5c2ac6,21.0,a132b49d-61b3-43cb-b4d2-61356051af21,554.8800048828125,9ede0afb-07ea-432f-ae4a-fe92e57fe252,0.0,2edfd3b1-211f-414e-9fcb-3c1a75385271,0.0,c6774ce6-fcb6-4656-bbd7-2dddfbe8bca4,37.459999084472656,
101,6114,yes,10267749-7f8f-443e-9ac0-5ca5fd3ede17,22.799999237060547,6f53e657-b043-4d12-a8e0-08874b2ebab0,22.5,4b79dd4f-0c74-4a80-b452-56dae068b8fe,680.3200073242188,eb62d333-9f38-42c6-beb7-e48710a6b2f2,0.0,5fc63d1a-b618-4a17-a18b-45fb45ef2529,11.372552871704102,b99909ec-f96c-4854-839b-f0f483ae4788,71.19999694824219,
101,6115,no,,,,,,,,,,,5f89e320-578b-4d54-9631-9da4c995c048,71.19999694824219,
101,6116,no,,,,,,,,,,,a399913a-33c1-437b-a4a1-516d86538902,68.87999725341797,
101,6117,no,,,,,,,,,,,52749c83-a584-46ad-9bd9-0df8229bc8a6,74.19999694824219,
101,6118,no,,,,,,,,,,,e47ffccd-0564-4d65-b53f-9142fe9cbbd2,71.95999908447266,
101,6119,no,,,,,,,,,,,87ce4b50-6d71-4ccd-beac-6f326b3463f9,71.19999694824219,
101,6120,no,,,,,,,,,,,62cc415f-ace7-4d95-b079-a01e26a0a3b7,71.19999694824219,
101,6234,yes,e47c5a9f-4ef2-4064-b06b-2fc57f554044,21.5,1ada0986-0a18-4a6e-9184-a01c656efecc,20.0,f073ffe8-2783-4659-b09a-6e24ef14fa23,464.0,57531ce0-799a-4539-9b29-a74e42dbe490,0.0,8daaa0c4-c9a9-4ef2-ad82-a6557a9b663d,100.0,06335431-ab0f-4cf3-aba9-0abfd77a0394,145.1199951171875,
101,6235,no,,,,,,,,,,,03973ec2-4569-40ac-bc40-15196e1cc7e9,0.0,
101,6236,no,,,,,,,,,,,58492168-492b-4210-9666-a15fc084127d,475.8399963378906,
101,6237,yes,bc225853-bf91-46f3-8149-2f586a09f3a5,22.19999885559082,67d76044-9921-4ee4-b062-0c4c2e7e1a76,22.0,b3db267e-8b0c-4ee9-b3f7-ce2ba93b43ad,508.1600036621094,41a94cd9-62db-4052-b93c-28dfac5c6f7a,0.0,d8771b90-df17-486f-9168-5a354d781f75,0.0,489f75bc-ad2d-4611-90c8-ac552697a9f1,145.59999084472656,
101,6238,yes,9ffbb500-1898-45ee-9274-16e5beae98fa,20.5,8281df53-bb2f-4511-991c-17daaea6ae58,20.5,df275981-6dcf-4bd1-bb63-6a5dc9f411de,432.0,4b59b7ef-fa5f-4e7d-b99e-8a4330f475ec,0.0,de712d51-4604-48f8-b937-f3634bf35f2a,42.745113372802734,b1dc9b35-a15d-4413-82a3-21701757b117,301.6000061035156,
101,6239,yes,05b5e47f-911e-41b4-b87a-1936ad5cb46f,20.19999885559082,0754457a-f132-41d5-a514-e7cc22b061f5,19.5,5461c9f4-172d-4ffe-9562-eb08b95972f5,494.0799865722656,37ecf0ce-984f-4597-bb3d-301f38f7d288,0.0,b61c1e7f-93fb-4267-9279-9a8db3c07d8d,81.17649841308594,9e9006af-6f93-4582-bff5-7de1f5d5709a,426.239990234375,
101,62401,yes,4e96a698-f4b5-45fc-833c-809107b69023,20.69999885559082,fda965f5-5db7-42d5-bb14-b4e01a51c1d0,22.0,ed900631-3600-4254-a702-a38f8109ddb8,464.9599914550781,6103fcb6-b033-4fbf-a75f-4b52c7263298,100.0,f5f1226e-83ea-419b-b4e5-dce147e5e6cf,0.0,bc56edd8-8589-4cd5-8b52-456d4d2c113b,152.0800018310547,
101,62402,no,ef540047-2aa3-4416-9b0a-00865bdedc9e,21.799999237060547,cc43d6bc-561e-4acc-ad94-8030f37a6001,20.0,cf0b2017-5d73-42b1-a6ba-48b8666899f5,468.1600036621094,eb7cc50e-5ebc-4a40-b1d0-5c5358a90a4b,0.0,c0f3b5d2-e96e-43c5-bb48-0c3e1f63bbe8,100.0,,,
101,6251,yes,575a1a68-43ac-4424-a01a-2dfde80c3653,20.600000381469727,370975be-1ba9-430b-afed-25dba64675b1,23.0,4d3dac07-07ea-4088-bc05-d9bee714da00,450.8800048828125,d1b76f33-3064-4bb8-a783-da9eec35bba6,100.0,e7e1b7ca-b095-4e6d-9bb5-9fc3261c6c77,0.0,5c301710-c0f4-42af-902d-853630f6b4d8,158.55999755859375,
101,62521,yes,b5899852-843b-473a-af55-5c5800661598,21.0,028e632a-9e54-4ae9-b129-272419402fe8,19.5,d955809e-2853-4e19-8553-e7864abf4464,530.8800048828125,dd62915b-8a99-4aaf-b7b6-933f3ce766ed,0.0,8e50578b-42ed-426c-9526-f24f5f8b94d9,100.0,fb753380-d645-43f9-965b-31d02b10f475,203.67999267578125,
101,62522,yes,b062d0b1-a78b-4d4d-91f8-18035a5e6c7b,21.5,93cc0a4e-8760-451d-a7d6-dc0679dee369,23.5,447afa79-2dba-43fe-ba74-61cb7bd9264d,446.0799865722656,1d7fbb68-3a29-4fe5-a054-d53ea31690fa,100.0,ac077c22-d6e4-46d1-ba3b-4401f91ddec6,0.0,d7092e44-8f2c-432b-bfd9-19bd2e5d7143,59.79999923706055,
101,6253,yes,4d0cb2c5-c5fa-438c-8501-341ba1295127,20.5,831ed0e2-70a6-4154-8569-7d5441c16b31,20.5,37d8c60d-0ef7-4d65-8bd4-d2ea018bf853,442.8800048828125,1d692e53-3109-4c58-963a-695f2fffa0fb,0.0,cbd19786-21c5-4b75-a6b6-d3c8a867a2f2,63.5294303894043,311a2c54-107a-49d1-820d-9cfaaf690994,378.239990234375,
101,62541,yes,7d98874c-66ce-4655-b452-e68c284b4ed6,22.399999618530273,2cc893e6-24e8-438b-af1d-b33e6308ebcb,22.5,2f41b51c-f750-441d-b54f-0c99866c268a,707.2000122070312,0e3ddd77-0811-4847-b713-34eb1656f791,14.509808540344238,4a6ac4f2-f720-4fd8-b8db-0ae26360e0eb,0.0,d4ca6437-8fbf-441f-9594-baf171cc3f51,145.59999084472656,
101,62542,yes,81b2e906-16c8-4f52-887e-aea66d2c52ba,21.799999237060547,d8470309-e9b2-4388-8fe1-350ad2aaabeb,21.5,21ae879c-505c-49fd-ad15-6598582d9f2f,454.0799865722656,09dbd138-fccc-40c7-a0b3-ed4297fa0387,0.0,051cc1ea-c08d-4b67-abf9-d20845f7c380,23.92157554626465,a2346bbe-625a-4679-8635-e35dd02462d9,88.0,
101,6255,yes,49aba5d2-1ea8-4890-8997-67de6c06722d,22.799999237060547,d936ee09-925b-4406-b1bf-825718ffdcc7,22.0,bd8f347e-ac7f-4f41-8d2c-27607a47366b,592.9599609375,ea260900-fb43-4128-8120-7f1a0ec3c833,0.0,408458bd-ba21-497d-b76a-f8a9f875055d,67.45100402832031,eeed83c1-86aa-4956-9292-4b84fdac31fc,1640.9599609375,1738e264-f745-497a-8cfe-ad4b384614b7
101,62691,yes,107afb06-895a-4a16-ad54-2da2e4ba0cc2,22.600000381469727,93d135d5-8a20-40f6-96d4-26313e891c4f,22.0,1716e538-77dd-42fc-b7cc-7c8fcacacf9a,488.9599914550781,f767428b-524a-4a8b-a34c-9df9a1480a4e,0.0,04203f80-cf45-498c-9c7f-2992cc8d3686,94.90199279785156,b5ead943-72ee-48a9-a9f0-0eaee4b0ee03,196.3199920654297,
101,62692,yes,2dd92d2d-beea-4954-9a29-9fb475891692,23.0,c3e611aa-c849-403c-896a-83d231e9dc78,22.0,73160a5c-a0b1-4ffd-89f3-cb2894b3bedb,588.1599731445312,2489aafa-1ec7-47ae-9c95-d4fab6e9600b,0.0,ce94b9c8-cf0a-4b9a-be61-56ced92c30f6,100.0,045c9f26-22f9-49ce-b3fa-9a1162d120e0,183.67999267578125,
101,6270,no,,,,,,,,,,,83c855e4-8304-41ff-a812-118954e98a17,1046.4000244140625,a1ab7305-3fcd-4897-86c8-7e129a9640c3
101,6278,yes,cc5abc1f-ceff-4d3b-9db4-9ed8e065b595,23.0,f5d36827-f518-44b0-b9dd-7c32ef1be9ad,24.5,70e90772-7af1-4368-9ad1-7419cf677dfa,641.9199829101562,8c7a3d55-f8b5-4f7b-aa6d-515acc53d3c3,100.0,6adf20fb-20d5-4250-9956-2923c16b1d0f,0.0,0d810b2a-1330-4763-b952-ee5122347ff8,215.36000061035156,
101,6280,yes,363125dc-894f-4f90-acb7-05d3d8627718,22.600000381469727,7162b14d-dca4-49ff-a187-85a5a533e1a3,22.0,15c53409-1b03-41e5-ba71-136e9be2b2a2,488.9599914550781,26314e95-0a75-41a6-9d32-f1f28b9dd913,0.0,2f1ff81a-d480-427e-8599-d9b508bd1bfd,30.98040199279785,8ff98486-ae87-4b77-b0ca-c86d91f42e90,220.0,
101,6281,yes,463056a7-19a8-4fdf-af7a-d03bfd622e3d,22.299999237060547,947c1901-9e93-4959-854d-7bfd274b44ef,22.0,3910baba-320f-40db-8cf5-92ac70dc8957,480.0,984fca61-7164-4f96-82c0-8a93fb7655b1,0.0,8323160a-d6f6-480d-9802-dd5d62f5ca28,10.19608211517334,c2b39810-e350-46ac-8e6d-4f0d0fb48705,181.27999877929688,
101,6282,yes,e5505d9c-6def-43fb-aa45-0a1b680c14a0,22.600000381469727,b1af141a-4034-4625-afc9-1947369342cc,23.5,10741c0c-2644-439d-a959-cf5437c33bf6,542.0800170898438,f67a657e-3703-4607-95f4-2b03de84ca00,65.09806060791016,3fdda132-009a-45fa-a23b-db4f9591467a,0.0,5d4fdfbb-640a-4c52-a47f-c85840b2a33c,152.0800018310547,
101,62831,yes,23b638f7-c26b-4189-8c90-c3d80d7f54bc,22.100000381469727,91f16f6c-c168-44c7-b6e9-658612da82e7,21.5,15882973-86f2-4cc3-91e5-e58b424de91c,485.1199951171875,d92e38ac-522f-4f8d-8438-0d261d37d7f1,0.0,1368099c-3d79-4611-ad21-293af5c1eb65,0.0,56d9816e-a013-472a-a1d6-5c8b7b3279c9,76.95999908447266,
101,62832,yes,664c1236-bc17-4878-b78e-ddd6af875637,22.100000381469727,6a46dbb2-9857-402b-9a71-74ef3485a50a,21.5,9f5709fc-ea78-4ca9-9566-8e1d5d728a18,486.0799865722656,e9645ae6-3489-4a36-a8e3-29eec8200e4a,0.0,e60fd77e-1208-4883-a65f-7cfb48428303,100.0,d14299be-8462-419d-afed-7d33b123ca82,236.95999145507812,
101,62841,yes,0e68a54a-e99d-42f9-ba53-2237f9ce63a5,22.5,fb77d1a7-3094-4469-86aa-250c15fd1f52,20.0,548b89d1-0d82-4b18-8e4c-ccda8dde9419,472.0,aa39206e-713a-4f95-ad6f-d261936f4285,0.0,2641363b-fc71-4949-863b-abe18a96b696,100.0,46a8ac1a-5d39-4547-8868-afe8dfd451fe,190.87998962402344,
101,62842,yes,53c84107-3d05-488c-8a81-e18f6478ee78,21.69999885559082,c03601dd-5583-4aa0-9b04-d2ac0579c59e,22.0,ac5e95b5-fd4d-42d8-a823-a17ff463f9c3,446.0799865722656,f4858b76-c978-48f8-8129-231e58ab4a64,80.0000228881836,8d276f06-394d-4568-bcd9-69ec60e40ae9,0.0,dd7c449c-f756-4224-b055-9794ff54a8a0,131.83999633789062,
101,6285,yes,cc5ad13d-7f66-4449-8879-7069fbb55332,22.600000381469727,8202c7af-c83d-42ad-b122-92d2c2f33ff1,23.0,0e3bd5a0-b88b-4372-b5ed-9ba442582c70,480.0,6e0abc03-0364-4f7e-be4b-b532693d11b5,0.0,da82ac1f-e5cb-4d81-81b0-30fc43895ba6,100.0,61fd426d-6fe7-49b1-901d-41b92717f83b,501.44000244140625,
101,6299,yes,89094e91-7c99-41d5-a674-6c637279245d,21.5,109f958f-f861-4e57-9e42-8f03bb1c666c,22.0,2dbbfa9b-2d7a-408c-a644-903228bcd57a,461.1199951171875,d7df573c-9238-4798-bc94-449c193572e5,100.0,0b6009c5-c383-44b6-82f1-b4d0ce0c3d37,0.0,e5a86f52-bfc1-404a-b662-30cc14fe279d,152.0800018310547,
101,6303,yes,f3f90bdd-a184-453c-8459-fe379b9a81d9,21.899999618530273,ba5f892c-d37b-4641-89f0-670a3c7661ba,22.0,4b21679c-3335-4bb6-a9de-537a62cf2ca2,610.8800048828125,2a600100-76a7-47ab-b5e9-4f688dcbe757,0.0,b14f8a7c-fd57-46ae-81d2-d023be1673d3,0.0,4b66ab7f-fc86-4a41-9945-743221d98669,170.0800018310547,
101,63041,no,,,,,,,,,,,d4e1cc90-14ff-4be5-8463-cfaf2eaa56b0,2423.0400390625,37a14706-60d6-47f2-b0f7-281f3cc3681c
101,6317,no,,,,,,,,,,,0f5b94c6-483a-4980-9f92-eea478000e2d,1683.199951171875,c8bfc5ac-1f0d-4d40-a980-cbaa8fd4b4b5
101,6318,yes,0e16398f-1b67-46d7-8736-3558dd4cf45a,21.100000381469727,3767ff5a-5cd8-48c8-aeff-736fb94904f9,20.5,f6290692-a939-4123-8b3d-f30bd18fa025,438.0799865722656,39281baf-2cab-47bc-8112-d841dce4417f,0.0,ca2c7718-6fa9-427a-b734-58ca7a13601a,100.0,43170369-686d-4c98-88ed-30abe840e949,512.9599609375,
101,6319,no,,,,,,,,,,,95306a8a-4749-4337-a8ae-324438b4d6bb,148.39999389648438,4415fe8e-ca9e-4c28-a3a7-e01ba32c50ea
101,6412,yes,09bcbc01-763a-468b-8b18-1c94d8879259,21.899999618530273,6ab6cb80-c779-4014-99a6-ffba45b6cc63,19.5,61bc2801-a8ec-401d-a287-eaa2bf11eb49,469.1199951171875,286e8c81-55ca-4e33-9a8b-7933bd5a1a48,0.0,6ef4dcb9-5dcb-4d00-a87f-66c67bc56db0,100.0,e9f83be4-7d46-4003-a059-e2ab15b9e7e2,116.63999938964844,
101,6413,no,,,,,,,,,,,6dd15763-4300-4c54-aa42-ad1b9cb64912,118.47999572753906,
101,6414,no,,,,,,,,,,,fedfb1ff-1f5c-412f-8a04-ee0e67da7ffe,38.84000015258789,
101,6415,no,,,,,,,,,,,82dbc347-b01c-4618-8d23-1135ffd20600,37.459999084472656,
101,6416,no,,,,,,,,,,,4370bd8a-f433-4c76-93b8-9f7475f95516,130.16000366210938,
101,6417,no,,,,,,,,,,,e5c4c383-a830-4784-b030-12cfb458a0b3,99.5999984741211,
101,6418,no,0a62d292-6bc2-4300-ac3f-1eda48f49be8,22.100000381469727,12aa729e-004b-4902-82c2-35f8ba16c619,19.5,eda281a2-6b2d-48c7-b6eb-f7643503cfa3,468.1600036621094,,,bf0bac22-f7bf-4185-b565-37284587df27,100.0,b3f10988-c213-49d9-95ee-0dd1d7b8ca22,118.0,
101,6419,no,,,,,,,,,,,7431f55a-52af-4486-921d-c3e77298e86b,118.0,
101,6420,no,,,,,,,,,,,28c91e48-7c82-4221-9860-13066f946cad,118.0,
101,6421,no,,,,,,,,,,,612dcbd9-b46f-4887-93ed-04eaa8f71241,119.83999633789062,
101,6422,no,,,,,,,,,,,6a996f1c-8f17-4f55-bc56-8d8f4902d210,118.0,
101,6423,no,,,,,,,f56a822e-3873-4ebb-a6dc-27037408652d,0.0,,,ad716dfd-36a8-4db3-a24a-bce5c67b1c9c,118.47999572753906,
101,6429,yes,c58fa45c-1428-4e88-8f97-e6ceb0cabd9b,21.600000381469727,8817a6a4-3f52-44f5-bce6-c5d903ad833d,19.5,c638dcc2-580d-4e5a-a75e-3b9762c323dc,509.1199951171875,7a6cc9fb-5377-4f7a-b60c-bfe731de43e1,0.0,deddee68-ff10-4d7d-85a4-6fd3489d493b,100.0,f5922925-ea74-47f7-bd87-ee1aaa9696be,115.68000030517578,
101,6430,no,,,,,,,,,,,16db9323-91b6-4705-8c26-1e2fdbcc1125,116.15999603271484,
101,6431,no,,,,,,,,,,,852a518f-69b8-4e73-b87d-ccafd9fa6da0,112.39999389648438,
101,6432,no,,,,,,,,,,,fd725eec-6134-42e6-b8b3-5ac71415d0ff,114.72000122070312,
101,6433,no,,,,,,,,,,,eb13abe9-536d-4ed3-a12b-dc7dcd49608b,118.0,
101,6434,no,,,,,,,,,,,3da7e6e8-3062-4edc-951f-d0106e985a6b,116.15999603271484,
101,6435,no,,,,,,,,,,,8fc3daa0-1e5f-4413-a086-a778823f98fe,116.63999938964844,
101,6436,no,,,,,,,,,,,7c8fc530-f606-40ab-8ea6-80b4667671a5,115.68000030517578,
101,6437,yes,1bb02040-d622-4785-b4fb-f961ea0ce8fd,22.299999237060547,3959db22-6625-4227-bf70-35847aef558e,22.0,72078b4e-144f-4d82-bc38-9f5be9908f77,540.1599731445312,7a0eb890-dcb9-4a02-a0f0-6cb82c000fe1,20.0000057220459,a856fa43-af63-45ef-b8bf-036947bd05c3,0.0,8840966c-5824-44fc-87be-d7de9a8510f5,35.91999816894531,
101,6438,no,,,,,,,,,,,354b63c8-0d0a-4d56-91c7-19a42dcb68d6,40.15999984741211,
101,6439,no,,,,,,,,,,,fe1424fa-4f01-4640-ad4f-30a86a97c1e8,37.459999084472656,
101,6440,no,,,,,,,,,,,bab18450-2cad-4c81-b762-1987f57083e2,0.0,
101,6441,no,,,,,,,,,,,053491f7-af2a-498e-b91a-64f2933efdb5,37.459999084472656,
101,6442,yes,5b5eb5a1-c70a-43f8-b0a5-cfc940549790,23.0,cbe6b3cc-3cb9-4862-b84f-b9b1fec5b4fb,22.0,36c52079-65bf-46aa-b5f0-77b96383d3b0,529.9199829101562,52bd3629-6e84-494c-b532-09b106e64b97,0.0,445fad58-5c52-4dcc-851a-95e38dca01ac,100.0,78120e1d-f541-4838-aae1-45985dde5250,114.23999786376953,
101,6443,yes,2d5b4e14-e2f4-4310-8089-370c6188f8bb,22.69999885559082,7a161a4a-8d0b-4a30-ba8c-bea2febe41cc,19.5,6452e025-9d23-44a2-b8db-408c3c067c94,510.0799865722656,7d6e7d58-1864-4827-a633-b1be82f1fe35,0.0,24974554-631b-40dd-931c-9a465fc8f554,100.0,95a7ad3a-8347-4641-9413-73b49d750924,121.5999984741211,
101,6444,no,,,,,,,,,,,3df05067-3636-42be-b025-f53735b5373e,122.07999420166016,
101,6445,no,,,,,,,,,,,952b5cdd-a7aa-4695-8e2a-2d260e9543e4,121.5999984741211,
101,6446,no,,,,,,,,,,,c3060977-9975-4e03-bd16-67ac30cfe47c,119.83999633789062,
101,6447,no,,,,,,,,,,,b2e907f9-918e-4b19-8c97-b9c8927b2bff,125.5199966430664,ffa9d3dd-fc57-4367-8a4c-745f9789823a
101,6448,yes,856b6ccf-dfd4-4e7c-8423-75399b7a7b4c,22.69999885559082,24b7c32c-3e4c-4cd9-bbdf-9d9e33b9d463,24.0,5bf43d1d-5b79-4b38-8a09-f73df6e2b38f,597.1199951171875,ba7a6cf4-b697-4900-b24a-d65f8a6d990e,100.0,105a2843-c8d2-43cc-84ad-da59e5e4d447,0.0,6f19ff1b-f50f-4ec9-8d37-464d8689911d,46.39999771118164,
101,6449,no,,,,,,,,,,,adcff99a-a936-4816-98d3-1f4ac84f2950,38.84000015258789,
101,6450,no,,,,,,,,,,,6979c47b-d4bb-4218-a2d4-e93e03c21ff8,35.91999816894531,
101,6451,no,,,,,,,,,,,1fb0757c-2c1e-4181-9275-90a09b20fcd3,35.91999816894531,
101,6452,no,,,,,,,,,,,8e7f433d-c3e9-4d01-beaa-6999cad530d4,37.459999084472656,
101,6453,yes,9b71f0ea-3575-4989-a14e-ae8fbe0ee514,23.399999618530273,f4c97946-7efb-4299-bbfe-56e7f70499da,21.0,bfb1b88e-0c45-4853-9ed2-e275fd380fe9,489.91998291015625,47f36e70-94e8-4696-b2ab-c034c101687a,0.0,fd7153f2-3148-467e-a230-fc1d6b3a6973,100.0,e696f0bf-e5ed-4296-9903-5ce035b9a3b2,274.3999938964844,
101,6454,yes,c9b78524-9c1f-48f6-98cf-cd065426af4b,22.600000381469727,d34f8f43-72b5-461d-bc3d-007475ab667a,22.0,b26c64c2-522d-440c-b772-675bdf8b0404,568.0,81df4522-9ecd-4053-991d-f8439a3733cc,0.0,04a746a3-07ca-420a-9de3-5af056896551,45.490211486816406,21a9858d-8500-4de7-9b21-b13b15465fa4,72.68000030517578,
101,6455,no,,,,,,,,,,,f8aa1db9-3b57-45bb-adc2-ecf7be6cd1b5,75.5999984741211,
101,6456,no,,,,,,,,,,,f40ce450-00a1-4361-bc90-81e579dab0bb,72.68000030517578,
101,6457,no,,,,,,,,,,,ee18b036-0dd5-4526-b660-a4c0191d50bf,79.1199951171875,
101,6458,no,,,,,,,,,,,2cd0f1fd-6a6f-4e1c-aec5-309bb9c9648a,79.1199951171875,
101,6459,no,,,,,,,,,,,1468fd08-03ce-4aeb-9c54-995afe99f394,72.68000030517578,
101,6460,yes,ff13e181-a301-4493-8758-3877ea751997,21.399999618530273,972d43a7-7a84-4e0d-a45d-19f1cd3a1023,21.0,e9af2d54-0c81-478a-8115-04fee5cebb33,492.1600036621094,9afe4c5c-659c-4ee1-adf3-de1528234be4,0.0,86ebdd65-e604-46b3-85c2-752bc9d3fdbb,61.9608039855957,c71a1190-300f-455d-bb5c-fce5badd5292,82.4000015258789,
101,6461,no,,,,,,,,,,,818984dc-0517-47f8-8e5f-45b72b3cd37e,90.55999755859375,
101,6462,yes,03f7c634-1c86-40d0-af04-d37670c02317,22.0,c92688c9-ba38-44e2-92b6-89770bf57d08,22.0,4ebb0bf1-7e3c-4746-9dda-9695e96640d5,489.91998291015625,5b9250e5-24b0-4db3-9d0e-eec06dcca1a2,0.0,73a1f305-5ad0-4ec0-903d-6109b34adba6,0.0,cec39966-050e-4e49-b131-ebeb47f0208e,37.459999084472656,
101,6463,yes,a5e8b8ae-dc83-47ab-b100-0759071ceb1a,21.799999237060547,03692832-f9d7-4106-be0d-cb95de7dd258,20.0,a0f476ba-402e-4651-99ee-28fa1a0d22a6,486.0799865722656,8a25a4c1-3012-4d34-bcdc-ce10e6485f30,0.0,8661a8d1-0e21-44f1-9667-1aa2d427ebab,100.0,e29e7a2b-0bad-42d4-94bf-35a2b099ceeb,116.15999603271484,
101,6464,no,,,,,,,,,,,3985256a-8e0a-4e42-8441-613c64713f28,116.15999603271484,
101,6465,no,,,,,,,,,,,96cc999b-0d68-4873-a630-d224d621dc9b,119.83999633789062,
101,6466,yes,89126098-c023-4fcb-9a18-177aab13eb3b,21.69999885559082,a98b487c-a0e3-4e20-8999-6f7580253480,22.0,34b8e248-c2c8-4dfa-ba49-cf023c601873,489.91998291015625,9651e114-0c53-49cb-a1cc-7e05fcde9b52,20.0000057220459,b3e47804-75c3-4a65-820b-3369c8ffe8fd,0.0,d8758b47-564f-4fa5-9af0-7c0e98232b59,37.459999084472656,
101,6467,yes,d6a1c551-3379-42fb-951c-d5f60e747c1f,21.399999618530273,fe36c249-83b1-43d4-9668-9c721142667b,20.0,ba30e8b6-fe84-4d92-9872-7295c3d089f6,472.9599914550781,a8a9ff28-2399-4012-b946-882c632dfaa8,0.0,fef25b1d-863f-4a77-949e-5301ff341668,85.88237762451172,ab6b2c66-02da-4bcb-81fa-215cb6233bcc,103.36000061035156,
101,6468,yes,11e6aaf8-4a9d-4bad-85a3-ba6e812e853f,21.69999885559082,ed1a3a45-8f97-4880-af6e-4d5e5f612108,21.5,dd2ff5ff-cc4b-4b83-9357-fa4091d44b37,444.1600036621094,f93fe9fd-455a-4591-9718-7be038f5bc9b,0.0,cf15ac71-0040-4f29-901f-20eb082d8905,0.0,f52d87a7-e6d5-4b1c-9621-d3691bc666ac,37.459999084472656,
101,6469,yes,9fc81a77-7018-437b-a535-c5d351169dd1,22.399999618530273,88075e6c-7b5a-4858-b4ed-bc0a17bd900b,25.0,a5867eff-8d9d-4bb8-8508-5ffcef76d66c,652.1599731445312,792a51ac-fb1a-4109-8c1d-a3b83de65cb5,100.0,e7c2c21e-1f9a-47ef-b003-29cf19778df1,0.0,3c71ba01-e93f-480b-8730-e4955b04e4c3,91.75999450683594,
101,6470,yes,95c6f677-880e-48cd-be7e-3d8fb91b3c3d,21.69999885559082,e01df53e-15c0-4589-aa8a-a2adc7afddd4,21.0,1e1dc77e-cf9c-4091-8f23-560de9e92f3e,450.8800048828125,779f1a7c-f5f8-4ec7-af0d-e904beb4deca,0.0,b77375c7-9682-4909-82b9-04114851aa9f,0.0,45558b67-a5b2-4e12-b208-0af8f4935c28,35.91999816894531,
101,6471,yes,1f8a5c48-022e-490a-b7a8-eafd28e5da09,23.100000381469727,a451658a-fe45-4e05-b996-e411db535544,24.5,7c5bcf06-19d9-4e70-b52d-506200586b28,680.9599609375,51757a17-dbf2-47de-b863-6d5b5bd1fd67,100.0,cebfa7d0-72a7-44a1-acf8-553c065d52a3,0.0,afa31fe4-4d90-43d1-ba5e-e0e4321534a2,109.19999694824219,
101,6472,no,,,,,,,,,,,3d7fe3ff-37ba-4e6c-b581-0ef32e8d0839,103.68000030517578,
101,6473,yes,6febf422-cb2e-4022-80e4-00f90597d761,22.0,8c235500-0e2c-490e-ba35-72b658b1b6e6,19.5,d5166349-a6cc-4d30-b228-15c46c0906ad,445.1199951171875,43a1e8b2-748d-4c43-8a1b-ffa36648c3a1,0.0,424bbb4b-0848-4873-a985-a779a3350d00,100.0,f6c8cd1a-528c-4c25-ab28-e62628060212,119.36000061035156,
101,6474,no,,,,,,,,,,,9b432535-6420-428a-ac82-4d2b382a8463,116.15999603271484,
101,6475,no,,,,,,,,,,,e81a53c4-780d-4715-9f31-8e9fe20e215d,119.83999633789062,
101,6476,no,,,,,,,,,,,345e46da-bbed-4bf5-8f98-a8de7f3db097,120.23999786376953,
101,6880,no,,,,,,,,,,,41269c87-0112-42f4-8a86-8e64c9b63063,993.2799682617188,01a9a918-c124-46b9-a181-4047b7cfea11
101,BarLounge,yes,ddddafdb-5024-422b-a533-50ab77293f46,21.799999237060547,6a83f802-c88b-4b56-9745-6816e6f8e65b,22.0,b9675115-0e70-410a-bb47-1a301cf1b215,404.1600036621094,d547a2a5-3fa0-4045-aa76-06092d99746b,70.98041534423828,2df440db-3468-48f1-8950-2f503bfe1333,0.0,51a76602-f5f9-4892-852a-ec21c8b4761b,3998.719970703125,
101,Chambre,yes,5be481b4-b643-4382-928d-06d7de195a5f,21.69999885559082,f7cbee21-c6b7-4574-b2a4-7a560a164563,21.5,1d1db67e-f1f5-4ed9-a330-0dc783b6da7d,402.8800048828125,02b91af8-1ff4-46c8-80d8-76d8b339f8fd,0.0,717cbefd-3294-41a9-b9d4-f2c6f738e88f,40.78432846069336,39f775d6-77dc-4870-b16e-5895da4ea8b9,323.8399963378906,
101,Naering2,no,c2f8232e-4973-4ff1-8dc2-aa5e5b88182d,21.5,1f3edb25-ae04-4443-a7ed-a09b331d1d95,0.0,,,b0561c60-ec0a-4a99-9269-f219b0fa3230,0.0,b287f3c2-9f8e-4e99-aa80-df5839989703,0.0,84787cce-c83d-4eed-aefc-2c1148d7c963,0.0,
101,Naering3,no,d33fbea3-eda7-4183-b31a-7e8c2703145a,0.0,18ba92af-7b9c-44cd-8876-5c1fddb36154,0.0,,,e0c3a496-4425-4e6d-9670-7bfa9ce876bf,0.0,2206c41d-1ddb-4021-8485-694e607765b3,0.0,a47adc48-e48e-470c-90bc-fd68d03b7e1f,558.0800170898438,
101,Personal,yes,98a679c0-d522-4a3d-9f62-d1d243014b81,20.799999237060547,267716da-0e0b-48f1-8a57-1dbfe8f8eaf0,24.0,e5018327-e75e-444f-a6e4-4786dd0fb94a,409.91998291015625,63215494-69dc-438a-b889-7343b6d54eb0,100.0,ff1a241f-6b5c-4b1d-ad3e-dfb8beb7865f,0.0,9321b391-ad7b-4b14-8256-102a3f34a7cf,59.79999923706055,
101,Restaurant,yes,c60b835e-6122-4174-875a-a28438aeeaf8,21.69999885559082,febc1082-3c46-4350-bec9-bffdf30fac2d,22.0,7d7cf343-1a0d-4a6f-a3c4-a077bc503845,424.0,4bf26534-a36d-4ef2-b9c1-8099f51a3657,78.03923797607422,1f977c35-ea96-4a3a-9841-085c9d2ca432,0.0,d55bf78b-46ab-4e1b-b655-66288509c81a,2977.280029296875,
