family,system,littera,popularName,quantityKind,placement,room_name,room_littera,storey,sensor_id,parent_device_id,latest_value,age_hours_at_probe,edgeStatus
Lindinvent,Lindinvent,LB104-7001-KFD1/-12,LB104-7001-KFD1 Supply air flow,Flow,SupplyAir,HISSHALL,7001,PLAN 10,0c8c4069-9dbd-4d8b-ad77-b354e8d39167,088e14fc-9137-4751-b816-edd159639840,2.0,0.3,OK
Lindinvent,Lindinvent,LB104-7001-KFD1/-20,LB104-7001-KFD1 Pressure,Pressure,IndoorAir,HISSHALL,7001,PLAN 10,3210ef5c-e117-4d0f-94a4-05414de854ff,088e14fc-9137-4751-b816-edd159639840,1.1,0.3,OK
Lindinvent,Lindinvent,LB104-7001-KFD1/8007,LB104-7001-KFD1 Pressure setpoint,CapabilityTypeSetpoint,IndoorAir,HISSHALL,7001,PLAN 10,1616a70a-ff7e-4a8a-89f8-9e66b71bb8a9,088e14fc-9137-4751-b816-edd159639840,10.0,0.3,OK
Lindinvent,Lindinvent,LB104-7002-TB15A1/-12,LB104-7002-TB15A1 Supply air flow,Flow,SupplyAir,ENTRÉ,7002,PLAN 10,8a7fc360-f0c3-4e99-b86e-43463b8788e6,c2dfa181-1af3-471a-a9d9-5a95d7e9ef18,0.0,0.3,OK
Lindinvent,Lindinvent,LB104-7002-TB15A1/4151,LB104-7002-TB15A1 Local presence,Presence,IndoorAir,ENTRÉ,7002,PLAN 10,4fbcf1d2-a6b8-4eec-9156-d25bb93b5e5a,c2dfa181-1af3-471a-a9d9-5a95d7e9ef18,0.0,0.3,OK
Lindinvent,Lindinvent,LB104-7002-TB15A1/4152,LB104-7002-TB15A1 Presence,Presence,IndoorAir,ENTRÉ,7002,PLAN 10,ac6f3d6d-3658-4159-ab06-6350568bf1a9,c2dfa181-1af3-471a-a9d9-5a95d7e9ef18,0.0,0.3,OK
Lindinvent,Lindinvent,LB104-7002-TB15A1/8006,LB104-7002-TB15A1 Room temperature setpoint,CapabilityTypeSetpoint,IndoorAir,ENTRÉ,7002,PLAN 10,a9178e59-dbca-4072-9912-4145cdfe4d9e,c2dfa181-1af3-471a-a9d9-5a95d7e9ef18,21.0,0.3,OK
Lindinvent,Lindinvent,LB104-7002-TB15A1/9004,LB104-7002-TB15A1 Opening,State,SupplyAir,ENTRÉ,7002,PLAN 10,05750e3f-ae94-4eda-8e13-e238eaf04dfb,c2dfa181-1af3-471a-a9d9-5a95d7e9ef18,16.0,0.3,OK
Lindinvent,Lindinvent,LB104-7002-TB15A1/9070,LB104-7002-TB15A1 Room temperature,Temperature,IndoorAir,ENTRÉ,7002,PLAN 10,7a0dc051-fd26-41af-a4d0-e98b7b7dcf7d,c2dfa181-1af3-471a-a9d9-5a95d7e9ef18,21.8,0.3,OK
Lindinvent,Lindinvent,LB104-7002-TB15B2/-12,LB104-7002-TB15B2 Supply air flow,Flow,SupplyAir,ENTRÉ,7002,PLAN 10,a46a40b9-c01f-404a-bba4-b82d25b591e1,3af5e55c-fa3e-4926-9532-c095b5b288ab,0.0,0.3,OK
Lindinvent,Lindinvent,LB104-7002-TB15B2/4151,LB104-7002-TB15B2 Local presence,Presence,IndoorAir,ENTRÉ,7002,PLAN 10,c19d53da-1173-41d7-b3a4-53cee5185cb6,3af5e55c-fa3e-4926-9532-c095b5b288ab,0.0,0.3,OK
Lindinvent,Lindinvent,LB104-7002-TB15B2/4152,LB104-7002-TB15B2 Presence,Presence,IndoorAir,ENTRÉ,7002,PLAN 10,7fff1a32-9ad7-4abd-8ec6-adb121837c73,3af5e55c-fa3e-4926-9532-c095b5b288ab,0.0,0.3,OK
Lindinvent,Lindinvent,LB104-7002-TB15B2/8006,LB104-7002-TB15B2 Room temperature setpoint,CapabilityTypeSetpoint,IndoorAir,ENTRÉ,7002,PLAN 10,6946b59d-815a-4c16-91bb-33d149f16cb5,3af5e55c-fa3e-4926-9532-c095b5b288ab,21.0,0.3,OK
Lindinvent,Lindinvent,LB104-7002-TB15B2/9004,LB104-7002-TB15B2 Opening,State,SupplyAir,ENTRÉ,7002,PLAN 10,1930df9f-6bbb-45af-8bfb-8836c9ae190d,3af5e55c-fa3e-4926-9532-c095b5b288ab,16.0,0.3,OK
Lindinvent,Lindinvent,LB104-7002-TB15B2/9070,LB104-7002-TB15B2 Room temperature,Temperature,IndoorAir,ENTRÉ,7002,PLAN 10,fec8d57b-58dd-46a9-840e-281723553b13,3af5e55c-fa3e-4926-9532-c095b5b288ab,21.8,0.3,OK
Lindinvent,Lindinvent,LB104-7003-TB15B1/-12,LB104-7003-TB15B1 Supply air flow,Flow,SupplyAir,GRUPPRUM,7003,PLAN 10,38228fb0-6a9b-41cb-af98-4ad19ff5514b,086e6f1b-8ec0-4d07-96b3-1c6cad3c84d3,0.0,0.3,OK
Lindinvent,Lindinvent,LB104-7003-TB15B1/4151,LB104-7003-TB15B1 Local presence,Presence,IndoorAir,GRUPPRUM,7003,PLAN 10,bab208b4-92e3-476b-9406-8d95b7469ecf,086e6f1b-8ec0-4d07-96b3-1c6cad3c84d3,0.0,0.3,OK
Lindinvent,Lindinvent,LB104-7003-TB15B1/4152,LB104-7003-TB15B1 Presence,Presence,IndoorAir,GRUPPRUM,7003,PLAN 10,291ef395-6ab0-4304-b3f7-cd162075f7b3,086e6f1b-8ec0-4d07-96b3-1c6cad3c84d3,0.0,0.3,OK
Lindinvent,Lindinvent,LB104-7003-TB15B1/8006,LB104-7003-TB15B1 Room temperature setpoint,CapabilityTypeSetpoint,IndoorAir,GRUPPRUM,7003,PLAN 10,81be45c2-940b-4adf-baf2-9baac37b4dfa,086e6f1b-8ec0-4d07-96b3-1c6cad3c84d3,20.0,0.3,OK
Lindinvent,Lindinvent,LB104-7003-TB15B1/9004,LB104-7003-TB15B1 Opening,State,SupplyAir,GRUPPRUM,7003,PLAN 10,ca6f80e4-6fca-45b3-ba2f-bcdba0fc7e64,086e6f1b-8ec0-4d07-96b3-1c6cad3c84d3,16.0,0.3,OK
Lindinvent,Lindinvent,LB104-7003-TB15B1/9070,LB104-7003-TB15B1 Room temperature,Temperature,IndoorAir,GRUPPRUM,7003,PLAN 10,332b1587-ad3c-4607-a4b2-7264605c00c4,086e6f1b-8ec0-4d07-96b3-1c6cad3c84d3,22.9,0.3,OK
Lindinvent,Lindinvent,LB104-7006-TB15B1/-12,LB104-7006-TB15B1 Supply air flow,Flow,SupplyAir,KONTOR,7006,PLAN 10,d7b783c6-13d8-4c11-8418-693e5156a76b,4f917d31-096f-4760-99fa-79ad2d97b266,0.0,0.3,OK
Lindinvent,Lindinvent,LB104-7006-TB15B1/4151,LB104-7006-TB15B1 Local presence,Presence,IndoorAir,KONTOR,7006,PLAN 10,4424323e-87d3-4aa3-b3c1-3115525c7864,4f917d31-096f-4760-99fa-79ad2d97b266,0.0,0.3,OK
Lindinvent,Lindinvent,LB104-7006-TB15B1/4152,LB104-7006-TB15B1 Presence,Presence,IndoorAir,KONTOR,7006,PLAN 10,825c1936-58e8-4f07-b0c0-5b22ca018e95,4f917d31-096f-4760-99fa-79ad2d97b266,0.0,0.3,OK
Lindinvent,Lindinvent,LB104-7006-TB15B1/8006,LB104-7006-TB15B1 Room temperature setpoint,CapabilityTypeSetpoint,IndoorAir,KONTOR,7006,PLAN 10,36c4f894-484d-4b01-86e2-e2970c74bdce,4f917d31-096f-4760-99fa-79ad2d97b266,21.0,0.3,OK
Lindinvent,Lindinvent,LB104-7006-TB15B1/8009,LB104-7006-TB15B1 CO2 setpoint,CapabilityTypeSetpoint,IndoorAir,KONTOR,7006,PLAN 10,b91724a4-97c0-4ca1-b530-48697f32e67d,4f917d31-096f-4760-99fa-79ad2d97b266,400.0,0.3,OK
Lindinvent,Lindinvent,LB104-7006-TB15B1/9004,LB104-7006-TB15B1 Opening,State,SupplyAir,KONTOR,7006,PLAN 10,31b50ebe-60ec-455a-b7e2-62877b612643,4f917d31-096f-4760-99fa-79ad2d97b266,16.0,0.3,OK
Lindinvent,Lindinvent,LB104-7006-TB15B1/9070,LB104-7006-TB15B1 Room temperature,Temperature,IndoorAir,KONTOR,7006,PLAN 10,e1b8f7ee-46b0-4c8c-bc3f-3aed56c2ddd9,4f917d31-096f-4760-99fa-79ad2d97b266,21.7,0.3,OK
Lindinvent,Lindinvent,LB104-7006-TB15B1/9090,LB104-7006-TB15B1 CO2,CO2,IndoorAir,KONTOR,7006,PLAN 10,2903cce8-bbf6-4cb2-b630-051f54033c8a,4f917d31-096f-4760-99fa-79ad2d97b266,437.0,0.3,OK
Lindinvent,Lindinvent,LB104-7006-TB15B2/-12,LB104-7006-TB15B2 Supply air flow,Flow,SupplyAir,KONTOR,7006,PLAN 10,59d4d0bc-8712-4a69-bc3b-17dc51d6bb34,ebb3415b-0e1c-422a-8cfc-2cd61ffa71a0,0.0,0.3,OK
Lindinvent,Lindinvent,LB104-7006-TB15B2/4151,LB104-7006-TB15B2 Local presence,Presence,IndoorAir,KONTOR,7006,PLAN 10,450afa1f-8997-442d-905b-77e9ef0e1b80,ebb3415b-0e1c-422a-8cfc-2cd61ffa71a0,0.0,0.3,OK
Lindinvent,Lindinvent,LB104-7006-TB15B2/4152,LB104-7006-TB15B2 Presence,Presence,IndoorAir,KONTOR,7006,PLAN 10,6420e30a-5dfb-4a28-b919-65173e97d355,ebb3415b-0e1c-422a-8cfc-2cd61ffa71a0,0.0,0.3,OK
Lindinvent,Lindinvent,LB104-7006-TB15B2/8006,LB104-7006-TB15B2 Room temperature setpoint,CapabilityTypeSetpoint,IndoorAir,KONTOR,7006,PLAN 10,7c881144-6f2c-4dd2-8dca-e2cad34aebf2,ebb3415b-0e1c-422a-8cfc-2cd61ffa71a0,21.0,0.3,OK
Lindinvent,Lindinvent,LB104-7006-TB15B2/8009,LB104-7006-TB15B2 CO2 setpoint,CapabilityTypeSetpoint,IndoorAir,KONTOR,7006,PLAN 10,c0c1af6d-d313-41f3-b57a-87701f4b4bcd,ebb3415b-0e1c-422a-8cfc-2cd61ffa71a0,400.0,0.3,OK
Lindinvent,Lindinvent,LB104-7006-TB15B2/9004,LB104-7006-TB15B2 Opening,State,SupplyAir,KONTOR,7006,PLAN 10,dab41753-7d0e-4174-869e-dd7c89d5e103,ebb3415b-0e1c-422a-8cfc-2cd61ffa71a0,16.0,0.3,OK
Lindinvent,Lindinvent,LB104-7006-TB15B2/9070,LB104-7006-TB15B2 Room temperature,Temperature,IndoorAir,KONTOR,7006,PLAN 10,973f9f47-e8ce-4a80-8c7a-aad549c99731,ebb3415b-0e1c-422a-8cfc-2cd61ffa71a0,21.7,0.3,OK
Lindinvent,Lindinvent,LB104-7006-TB15B2/9090,LB104-7006-TB15B2 CO2,CO2,IndoorAir,KONTOR,7006,PLAN 10,703e5fbb-f3de-4a17-a781-28672aa0224c,ebb3415b-0e1c-422a-8cfc-2cd61ffa71a0,437.0,0.3,OK
Lindinvent,Lindinvent,LB104-7006-TD202/4152,LB104-7006-TD202 Presence,Presence,IndoorAir,KONTOR,7006,PLAN 10,ff426eab-8299-47ed-b194-937c33b39c9a,34556807-de3f-4d9a-a5e4-e9f069df7ac3,0.0,0.3,OK
Lindinvent,Lindinvent,LB104-7006-TD202/8006,LB104-7006-TD202 Room temperature setpoint,CapabilityTypeSetpoint,IndoorAir,KONTOR,7006,PLAN 10,7d4b1ac4-ad53-474c-8890-0c42bc0ce221,34556807-de3f-4d9a-a5e4-e9f069df7ac3,21.0,0.3,OK
Lindinvent,Lindinvent,LB104-7006-TD202/8009,LB104-7006-TD202 CO2 setpoint,CapabilityTypeSetpoint,IndoorAir,KONTOR,7006,PLAN 10,3c8d99ee-81a1-492f-93cf-624b2729382c,34556807-de3f-4d9a-a5e4-e9f069df7ac3,400.0,0.3,OK
Lindinvent,Lindinvent,LB104-7006-TD202/9004,LB104-7006-TD202 Opening,State,SupplyAir,KONTOR,7006,PLAN 10,747ddf33-e818-4ba9-9dee-6e4eb0ea29b9,34556807-de3f-4d9a-a5e4-e9f069df7ac3,1.0,0.3,OK
Lindinvent,Lindinvent,LB104-7006-TD202/9070,LB104-7006-TD202 Room temperature,Temperature,IndoorAir,KONTOR,7006,PLAN 10,f3f80f8e-f656-4f7b-8925-afb4b052d1f8,34556807-de3f-4d9a-a5e4-e9f069df7ac3,21.7,0.3,OK
Lindinvent,Lindinvent,LB104-7006-TD202/9073,LB104-7006-TD202 Local room temperature,Temperature,IndoorAir,KONTOR,7006,PLAN 10,5ea0f1c8-fc3b-47c3-97d5-ce5d50b4d7ba,34556807-de3f-4d9a-a5e4-e9f069df7ac3,23.0,0.3,OK
Lindinvent,Lindinvent,LB104-7006-TD202/9084,LB104-7006-TD202 Local supply air flow,Flow,SupplyAir,KONTOR,7006,PLAN 10,b778ff88-1c36-4d18-b5b2-9fd24ca97a2f,34556807-de3f-4d9a-a5e4-e9f069df7ac3,0.0,0.3,OK
Lindinvent,Lindinvent,LB104-7006-TD202/9090,LB104-7006-TD202 CO2,CO2,IndoorAir,KONTOR,7006,PLAN 10,5d1b0de9-829d-418e-a983-9b623a4f93a2,34556807-de3f-4d9a-a5e4-e9f069df7ac3,437.0,0.3,OK
Lindinvent,Lindinvent,LB104-7007-TB15B1/-12,LB104-7007-TB15B1 Supply air flow,Flow,SupplyAir,KONTOR,7007,PLAN 10,71380475-a9bf-4301-846f-f7ab3f54a0cc,88ad09c5-288c-40dd-a5a1-e37a3266a580,0.0,0.3,OK
Lindinvent,Lindinvent,LB104-7007-TB15B1/4151,LB104-7007-TB15B1 Local presence,Presence,IndoorAir,KONTOR,7007,PLAN 10,ccce9392-9f66-4430-91aa-18a5b1f65022,88ad09c5-288c-40dd-a5a1-e37a3266a580,0.0,0.3,OK
Lindinvent,Lindinvent,LB104-7007-TB15B1/4152,LB104-7007-TB15B1 Presence,Presence,IndoorAir,KONTOR,7007,PLAN 10,d9a3aeae-921f-41f4-baa3-8afb953da115,88ad09c5-288c-40dd-a5a1-e37a3266a580,0.0,0.3,OK
Lindinvent,Lindinvent,LB104-7007-TB15B1/8006,LB104-7007-TB15B1 Room temperature setpoint,CapabilityTypeSetpoint,IndoorAir,KONTOR,7007,PLAN 10,6c4c61d5-6f63-4e3d-97a8-8b4abc881c72,88ad09c5-288c-40dd-a5a1-e37a3266a580,22.0,0.3,OK
Lindinvent,Lindinvent,LB104-7007-TB15B1/9004,LB104-7007-TB15B1 Opening,State,SupplyAir,KONTOR,7007,PLAN 10,912427fc-647b-4d7a-a02c-d8a59f73249f,88ad09c5-288c-40dd-a5a1-e37a3266a580,16.0,0.3,OK
Lindinvent,Lindinvent,LB104-7007-TB15B1/9070,LB104-7007-TB15B1 Room temperature,Temperature,IndoorAir,KONTOR,7007,PLAN 10,8fe32257-42f7-42be-bbf0-6c557078b6c2,88ad09c5-288c-40dd-a5a1-e37a3266a580,22.6,0.3,OK
Lindinvent,Lindinvent,LB104-7007-TD201/4152,LB104-7007-TD201 Presence,Presence,IndoorAir,KONTOR,7007,PLAN 10,17e7bd4e-bb0e-42e6-8aae-77878dec9ee2,9eaf1d4d-0b52-4f63-a62b-2e247085612d,0.0,0.3,OK
Lindinvent,Lindinvent,LB104-7007-TD201/8006,LB104-7007-TD201 Room temperature setpoint,CapabilityTypeSetpoint,IndoorAir,KONTOR,7007,PLAN 10,7f527588-ca77-4958-bd33-378ff4ddb2f0,9eaf1d4d-0b52-4f63-a62b-2e247085612d,22.0,0.3,OK
Lindinvent,Lindinvent,LB104-7007-TD201/9004,LB104-7007-TD201 Opening,State,SupplyAir,KONTOR,7007,PLAN 10,d352626f-fb0f-4b4c-ad1d-16099ce7dc24,9eaf1d4d-0b52-4f63-a62b-2e247085612d,1.0,0.3,OK
Lindinvent,Lindinvent,LB104-7007-TD201/9070,LB104-7007-TD201 Room temperature,Temperature,IndoorAir,KONTOR,7007,PLAN 10,fa327476-aa86-48b3-9669-6fcd22b324e1,9eaf1d4d-0b52-4f63-a62b-2e247085612d,22.6,0.3,OK
Lindinvent,Lindinvent,LB104-7007-TD201/9073,LB104-7007-TD201 Local room temperature,Temperature,IndoorAir,KONTOR,7007,PLAN 10,2d2629f0-5dc7-411d-a691-11684276eac1,9eaf1d4d-0b52-4f63-a62b-2e247085612d,23.1,0.3,OK
Lindinvent,Lindinvent,LB104-7007-TD201/9084,LB104-7007-TD201 Local supply air flow,Flow,SupplyAir,KONTOR,7007,PLAN 10,37bb33bd-9bd7-49c8-bc10-3d23697350d5,9eaf1d4d-0b52-4f63-a62b-2e247085612d,0.0,0.3,OK
Lindinvent,Lindinvent,LB104-7008-TB15B1/-12,LB104-7008-TB15B1 Supply air flow,Flow,SupplyAir,GRUPPRUM,7008,PLAN 10,0761c430-ef74-401c-81c9-d0686a245b70,7da74abd-efdd-405f-8be8-6d4aa984cb52,0.0,0.3,OK
Lindinvent,Lindinvent,LB104-7008-TB15B1/4151,LB104-7008-TB15B1 Local presence,Presence,IndoorAir,GRUPPRUM,7008,PLAN 10,6e1eafb8-554f-4796-92ba-50888e6e261f,7da74abd-efdd-405f-8be8-6d4aa984cb52,0.0,0.3,OK
Lindinvent,Lindinvent,LB104-7008-TB15B1/4152,LB104-7008-TB15B1 Presence,Presence,IndoorAir,GRUPPRUM,7008,PLAN 10,c2e5dbd0-ea9c-4522-9e4a-bef1e5240c58,7da74abd-efdd-405f-8be8-6d4aa984cb52,0.0,0.3,OK
Lindinvent,Lindinvent,LB104-7008-TB15B1/8006,LB104-7008-TB15B1 Room temperature setpoint,CapabilityTypeSetpoint,IndoorAir,GRUPPRUM,7008,PLAN 10,f9d09fd7-7a5f-4a1e-a64e-770d4380a968,7da74abd-efdd-405f-8be8-6d4aa984cb52,22.0,0.3,OK
Lindinvent,Lindinvent,LB104-7008-TB15B1/8009,LB104-7008-TB15B1 CO2 setpoint,CapabilityTypeSetpoint,IndoorAir,GRUPPRUM,7008,PLAN 10,bd0b3157-24a0-4071-89bc-4cdc4e0197f3,7da74abd-efdd-405f-8be8-6d4aa984cb52,600.0,0.3,OK
Lindinvent,Lindinvent,LB104-7008-TB15B1/9004,LB104-7008-TB15B1 Opening,State,SupplyAir,GRUPPRUM,7008,PLAN 10,7742af4a-5ff7-4d80-b375-d58c426cd90e,7da74abd-efdd-405f-8be8-6d4aa984cb52,16.0,0.3,OK
Lindinvent,Lindinvent,LB104-7008-TB15B1/9070,LB104-7008-TB15B1 Room temperature,Temperature,IndoorAir,GRUPPRUM,7008,PLAN 10,976fca31-2f51-4aeb-9cba-41d84db91a7d,7da74abd-efdd-405f-8be8-6d4aa984cb52,22.6,0.3,OK
Lindinvent,Lindinvent,LB104-7008-TB15B1/9090,LB104-7008-TB15B1 CO2,CO2,IndoorAir,GRUPPRUM,7008,PLAN 10,d62888d0-b57c-4b14-b733-b8db1592b44c,7da74abd-efdd-405f-8be8-6d4aa984cb52,441.0,0.3,OK
Lindinvent,Lindinvent,LB104-7008-TD201/4152,LB104-7008-TD201 Presence,Presence,IndoorAir,GRUPPRUM,7008,PLAN 10,f11a3bda-e7aa-4dec-b514-c582ec1b3c67,897a193e-8f97-48dd-a82c-fb9ee1fd88f1,0.0,0.3,OK
Lindinvent,Lindinvent,LB104-7008-TD201/8006,LB104-7008-TD201 Room temperature setpoint,CapabilityTypeSetpoint,IndoorAir,GRUPPRUM,7008,PLAN 10,fbe1b467-a1fa-4564-8a6e-38221c0e75db,897a193e-8f97-48dd-a82c-fb9ee1fd88f1,22.0,0.3,OK
Lindinvent,Lindinvent,LB104-7008-TD201/8009,LB104-7008-TD201 CO2 setpoint,CapabilityTypeSetpoint,IndoorAir,GRUPPRUM,7008,PLAN 10,95a4dad4-f500-40dd-a605-4a59f1781556,897a193e-8f97-48dd-a82c-fb9ee1fd88f1,600.0,0.3,OK
Lindinvent,Lindinvent,LB104-7008-TD201/9004,LB104-7008-TD201 Opening,State,SupplyAir,GRUPPRUM,7008,PLAN 10,4986d50c-4c69-411c-ad06-66d9a9fe7d15,897a193e-8f97-48dd-a82c-fb9ee1fd88f1,1.0,0.3,OK
Lindinvent,Lindinvent,LB104-7008-TD201/9070,LB104-7008-TD201 Room temperature,Temperature,IndoorAir,GRUPPRUM,7008,PLAN 10,b46f44db-8d3f-4ab8-89bb-d97d3c6e02a3,897a193e-8f97-48dd-a82c-fb9ee1fd88f1,22.6,0.3,OK
Lindinvent,Lindinvent,LB104-7008-TD201/9073,LB104-7008-TD201 Local room temperature,Temperature,IndoorAir,GRUPPRUM,7008,PLAN 10,40d2b783-a973-4fe4-846a-b4a97d0a0788,897a193e-8f97-48dd-a82c-fb9ee1fd88f1,22.8,0.3,OK
Lindinvent,Lindinvent,LB104-7008-TD201/9084,LB104-7008-TD201 Local supply air flow,Flow,SupplyAir,GRUPPRUM,7008,PLAN 10,30c44a63-2561-437b-9c0f-91f57d476b64,897a193e-8f97-48dd-a82c-fb9ee1fd88f1,0.0,0.3,OK
Lindinvent,Lindinvent,LB104-7008-TD201/9090,LB104-7008-TD201 CO2,CO2,IndoorAir,GRUPPRUM,7008,PLAN 10,6be0d580-dc4a-4b17-aa52-421593d07667,897a193e-8f97-48dd-a82c-fb9ee1fd88f1,441.0,0.3,OK
Lindinvent,Lindinvent,LB104-7009-TB15B1/-12,LB104-7009-TB15B1 Supply air flow,Flow,SupplyAir,FRD.,7009,PLAN 10,cbbcd238-fa17-427c-b110-7ff46012e364,22b5b11a-66e3-4284-936c-062dfad914f6,0.0,0.3,OK
Lindinvent,Lindinvent,LB104-7009-TB15B1/4151,LB104-7009-TB15B1 Local presence,Presence,IndoorAir,FRD.,7009,PLAN 10,91ba622e-50ce-41d5-9bd2-475c100c54af,22b5b11a-66e3-4284-936c-062dfad914f6,0.0,0.3,OK
Lindinvent,Lindinvent,LB104-7009-TB15B1/4152,LB104-7009-TB15B1 Presence,Presence,IndoorAir,FRD.,7009,PLAN 10,000e1ae7-cf77-47b6-aa02-0269c0ef8013,22b5b11a-66e3-4284-936c-062dfad914f6,0.0,0.3,OK
Lindinvent,Lindinvent,LB104-7009-TB15B1/8006,LB104-7009-TB15B1 Room temperature setpoint,CapabilityTypeSetpoint,IndoorAir,FRD.,7009,PLAN 10,30cf004a-3f8e-4767-a4de-7cc5b3d964f4,22b5b11a-66e3-4284-936c-062dfad914f6,22.0,0.3,OK
Lindinvent,Lindinvent,LB104-7009-TB15B1/9004,LB104-7009-TB15B1 Opening,State,SupplyAir,FRD.,7009,PLAN 10,fcb762b7-24cf-49e5-85b1-500121a860f5,22b5b11a-66e3-4284-936c-062dfad914f6,16.0,0.3,OK
Lindinvent,Lindinvent,LB104-7009-TB15B1/9070,LB104-7009-TB15B1 Room temperature,Temperature,IndoorAir,FRD.,7009,PLAN 10,8d80b085-5971-4b94-a221-25077419dd9f,22b5b11a-66e3-4284-936c-062dfad914f6,22.7,0.3,OK
Lindinvent,Lindinvent,LB104-7009-TD201/4152,LB104-7009-TD201 Presence,Presence,IndoorAir,FRD.,7009,PLAN 10,167251e9-9e56-487e-93d1-5bc1594c139b,6055fa41-d13d-47cd-8923-7bc8fd84728b,0.0,0.3,OK
Lindinvent,Lindinvent,LB104-7009-TD201/8006,LB104-7009-TD201 Room temperature setpoint,CapabilityTypeSetpoint,IndoorAir,FRD.,7009,PLAN 10,a490db73-72a0-425c-9e87-fa60393584fa,6055fa41-d13d-47cd-8923-7bc8fd84728b,22.0,0.3,OK
Lindinvent,Lindinvent,LB104-7009-TD201/9004,LB104-7009-TD201 Opening,State,SupplyAir,FRD.,7009,PLAN 10,48ace4a4-385f-4c4c-9891-00c5fc974772,6055fa41-d13d-47cd-8923-7bc8fd84728b,1.0,0.3,OK
Lindinvent,Lindinvent,LB104-7009-TD201/9070,LB104-7009-TD201 Room temperature,Temperature,IndoorAir,FRD.,7009,PLAN 10,ac5ac259-9997-4829-87b9-081a348ee3f2,6055fa41-d13d-47cd-8923-7bc8fd84728b,22.7,0.3,OK
Lindinvent,Lindinvent,LB104-7009-TD201/9073,LB104-7009-TD201 Local room temperature,Temperature,IndoorAir,FRD.,7009,PLAN 10,af4d9b96-7afa-4b59-9fe5-e0f90b991496,6055fa41-d13d-47cd-8923-7bc8fd84728b,23.9,0.3,OK
Lindinvent,Lindinvent,LB104-7009-TD201/9084,LB104-7009-TD201 Local supply air flow,Flow,SupplyAir,FRD.,7009,PLAN 10,09093a2d-c388-4c09-a683-b7b150de225e,6055fa41-d13d-47cd-8923-7bc8fd84728b,0.0,0.3,OK
Lindinvent,Lindinvent,LB104-7010-TB15A1/-12,LB104-7010-TB15A1 Supply air flow,Flow,SupplyAir,GRUPPRUM,7010,PLAN 10,e4e32a1f-4771-4662-bf1b-622014459dfb,1d72b32a-f804-4c07-9354-038352c8c410,0.0,0.3,OK
Lindinvent,Lindinvent,LB104-7010-TB15A1/4151,LB104-7010-TB15A1 Local presence,Presence,IndoorAir,GRUPPRUM,7010,PLAN 10,126fb2aa-9476-484a-b4bb-6086c70b9d1c,1d72b32a-f804-4c07-9354-038352c8c410,0.0,0.3,OK
Lindinvent,Lindinvent,LB104-7010-TB15A1/4152,LB104-7010-TB15A1 Presence,Presence,IndoorAir,GRUPPRUM,7010,PLAN 10,3c4f054c-978a-44e8-8e72-407f9f203cb1,1d72b32a-f804-4c07-9354-038352c8c410,0.0,0.3,OK
Lindinvent,Lindinvent,LB104-7010-TB15A1/8006,LB104-7010-TB15A1 Room temperature setpoint,CapabilityTypeSetpoint,IndoorAir,GRUPPRUM,7010,PLAN 10,b4bbd866-b7dd-4bce-8b94-108c2600a763,1d72b32a-f804-4c07-9354-038352c8c410,22.0,0.3,OK
Lindinvent,Lindinvent,LB104-7010-TB15A1/9004,LB104-7010-TB15A1 Opening,State,SupplyAir,GRUPPRUM,7010,PLAN 10,b53457a6-a7d5-4a00-84b1-974c5a356ca4,1d72b32a-f804-4c07-9354-038352c8c410,16.0,0.3,OK
Lindinvent,Lindinvent,LB104-7010-TB15A1/9070,LB104-7010-TB15A1 Room temperature,Temperature,IndoorAir,GRUPPRUM,7010,PLAN 10,1f2eb868-fbc4-4886-80c8-091c16f3dd53,1d72b32a-f804-4c07-9354-038352c8c410,22.0,0.3,OK
Lindinvent,Lindinvent,LB104-7010-TB15A3/-12,LB104-7010-TB15A3 Supply air flow,Flow,SupplyAir,GRUPPRUM,7010,PLAN 10,b93d9ce7-a38b-4fbb-a2c9-2c926082368b,2439dec9-945d-4293-b28e-5941bc864910,0.0,0.3,OK
Lindinvent,Lindinvent,LB104-7010-TB15A3/4151,LB104-7010-TB15A3 Local presence,Presence,IndoorAir,GRUPPRUM,7010,PLAN 10,c5571723-1714-40db-a889-c296a5d2550e,2439dec9-945d-4293-b28e-5941bc864910,1.0,0.3,OK
Lindinvent,Lindinvent,LB104-7010-TB15A3/4152,LB104-7010-TB15A3 Presence,Presence,IndoorAir,GRUPPRUM,7010,PLAN 10,4dc962bd-630d-4a7d-89af-c4247a178b0d,2439dec9-945d-4293-b28e-5941bc864910,1.0,0.3,OK
Lindinvent,Lindinvent,LB104-7010-TB15A3/8006,LB104-7010-TB15A3 Room temperature setpoint,CapabilityTypeSetpoint,IndoorAir,GRUPPRUM,7010,PLAN 10,120b73fc-7bcc-4b6d-962b-10689badff01,2439dec9-945d-4293-b28e-5941bc864910,21.0,0.3,OK
Lindinvent,Lindinvent,LB104-7010-TB15A3/9004,LB104-7010-TB15A3 Opening,State,SupplyAir,GRUPPRUM,7010,PLAN 10,efd6615d-60f6-4834-8cda-9ec2eff15039,2439dec9-945d-4293-b28e-5941bc864910,16.0,0.3,OK
Lindinvent,Lindinvent,LB104-7010-TB15A3/9070,LB104-7010-TB15A3 Room temperature,Temperature,IndoorAir,GRUPPRUM,7010,PLAN 10,0d3f5708-483b-4de8-af83-3e546671fad9,2439dec9-945d-4293-b28e-5941bc864910,22.0,0.3,OK
Lindinvent,Lindinvent,LB104-7010-TB15A6/-12,LB104-7010-TB15A6 Supply air flow,Flow,SupplyAir,GRUPPRUM,7010,PLAN 10,8bb5f52f-369d-447c-a6f6-c1bb5c30b360,2859596e-10eb-4bc6-b382-93602ef3b050,0.0,0.3,OK
Lindinvent,Lindinvent,LB104-7010-TB15A6/4151,LB104-7010-TB15A6 Local presence,Presence,IndoorAir,GRUPPRUM,7010,PLAN 10,a3ae3382-ec5a-42d8-8623-46a50f71d8d8,2859596e-10eb-4bc6-b382-93602ef3b050,1.0,0.3,OK
Lindinvent,Lindinvent,LB104-7010-TB15A6/4152,LB104-7010-TB15A6 Presence,Presence,IndoorAir,GRUPPRUM,7010,PLAN 10,3869dad9-d6dd-4bf6-a904-a0f6d591b872,2859596e-10eb-4bc6-b382-93602ef3b050,1.0,0.3,OK
Lindinvent,Lindinvent,LB104-7010-TB15A6/8006,LB104-7010-TB15A6 Room temperature setpoint,CapabilityTypeSetpoint,IndoorAir,GRUPPRUM,7010,PLAN 10,08fee681-d08d-4e61-9dc3-d9d43d767c4f,2859596e-10eb-4bc6-b382-93602ef3b050,21.0,0.3,OK
Lindinvent,Lindinvent,LB104-7010-TB15A6/9004,LB104-7010-TB15A6 Opening,State,SupplyAir,GRUPPRUM,7010,PLAN 10,b35e9f65-5af8-4aa9-b938-210d66363377,2859596e-10eb-4bc6-b382-93602ef3b050,16.0,0.3,OK
Lindinvent,Lindinvent,LB104-7010-TB15A6/9070,LB104-7010-TB15A6 Room temperature,Temperature,IndoorAir,GRUPPRUM,7010,PLAN 10,3685d71d-0ffa-4973-a7f7-d175f79067cb,2859596e-10eb-4bc6-b382-93602ef3b050,22.0,0.3,OK
Lindinvent,Lindinvent,LB104-7010-TB15B2/-12,LB104-7010-TB15B2 Supply air flow,Flow,SupplyAir,GRUPPRUM,7010,PLAN 10,c00a4c0c-4c11-4403-8736-c554478b2bd0,e6518bd3-5990-4a1a-a74c-28215286faee,0.0,0.3,OK
Lindinvent,Lindinvent,LB104-7010-TB15B2/4151,LB104-7010-TB15B2 Local presence,Presence,IndoorAir,GRUPPRUM,7010,PLAN 10,7fa43baa-ff51-44c1-88e4-9ef07a41428c,e6518bd3-5990-4a1a-a74c-28215286faee,0.0,0.3,OK
Lindinvent,Lindinvent,LB104-7010-TB15B2/4152,LB104-7010-TB15B2 Presence,Presence,IndoorAir,GRUPPRUM,7010,PLAN 10,d6351567-f43b-43ee-a50b-1e8a1008e9cc,e6518bd3-5990-4a1a-a74c-28215286faee,0.0,0.3,OK
Lindinvent,Lindinvent,LB104-7010-TB15B2/8006,LB104-7010-TB15B2 Room temperature setpoint,CapabilityTypeSetpoint,IndoorAir,GRUPPRUM,7010,PLAN 10,645613c5-7a9b-41ee-a3ce-e7c5c50307ab,e6518bd3-5990-4a1a-a74c-28215286faee,22.0,0.3,OK
Lindinvent,Lindinvent,LB104-7010-TB15B2/9004,LB104-7010-TB15B2 Opening,State,SupplyAir,GRUPPRUM,7010,PLAN 10,bee0a04d-0eb5-42ed-b48f-c7734191d3e2,e6518bd3-5990-4a1a-a74c-28215286faee,16.0,0.3,OK
Lindinvent,Lindinvent,LB104-7010-TB15B2/9070,LB104-7010-TB15B2 Room temperature,Temperature,IndoorAir,GRUPPRUM,7010,PLAN 10,d4369fa1-c2de-4ca2-b790-122d2ef86b43,e6518bd3-5990-4a1a-a74c-28215286faee,22.0,0.3,OK
Lindinvent,Lindinvent,LB104-7010-TB15B4/-12,LB104-7010-TB15B4 Supply air flow,Flow,SupplyAir,GRUPPRUM,7010,PLAN 10,c603ea7d-c2a1-4928-9cc7-e6cc9c8ad9e8,03103d12-13f2-4c4c-96b1-d15d2f48c895,0.0,0.3,OK
Lindinvent,Lindinvent,LB104-7010-TB15B4/4151,LB104-7010-TB15B4 Local presence,Presence,IndoorAir,GRUPPRUM,7010,PLAN 10,fb8e10f3-8597-4d36-bdda-b6a7fc1b0ecc,03103d12-13f2-4c4c-96b1-d15d2f48c895,1.0,0.3,OK
Lindinvent,Lindinvent,LB104-7010-TB15B4/4152,LB104-7010-TB15B4 Presence,Presence,IndoorAir,GRUPPRUM,7010,PLAN 10,cb065612-3f86-43b1-ba1f-bce9c3584162,03103d12-13f2-4c4c-96b1-d15d2f48c895,1.0,0.3,OK
Lindinvent,Lindinvent,LB104-7010-TB15B4/8006,LB104-7010-TB15B4 Room temperature setpoint,CapabilityTypeSetpoint,IndoorAir,GRUPPRUM,7010,PLAN 10,984def52-0d16-4543-80da-3fb8c09c630f,03103d12-13f2-4c4c-96b1-d15d2f48c895,22.0,0.3,OK
Lindinvent,Lindinvent,LB104-7010-TB15B4/9004,LB104-7010-TB15B4 Opening,State,SupplyAir,GRUPPRUM,7010,PLAN 10,8a0949eb-60e4-4048-beb1-cf7d3d1791d2,03103d12-13f2-4c4c-96b1-d15d2f48c895,16.0,0.3,OK
Lindinvent,Lindinvent,LB104-7010-TB15B4/9070,LB104-7010-TB15B4 Room temperature,Temperature,IndoorAir,GRUPPRUM,7010,PLAN 10,8e5d6f5e-b747-4d1f-a4b9-af1d4bc11de4,03103d12-13f2-4c4c-96b1-d15d2f48c895,22.0,0.3,OK
Lindinvent,Lindinvent,LB104-7010-TB15B5/-12,LB104-7010-TB15B5 Supply air flow,Flow,SupplyAir,GRUPPRUM,7010,PLAN 10,64c8c739-5ecb-4867-be99-98587f32d492,983d3ce9-306e-40e5-8fd5-942e5ca54838,0.0,0.3,OK
Lindinvent,Lindinvent,LB104-7010-TB15B5/4151,LB104-7010-TB15B5 Local presence,Presence,IndoorAir,GRUPPRUM,7010,PLAN 10,a0a688a4-2032-4af0-8228-cda28ba51d3a,983d3ce9-306e-40e5-8fd5-942e5ca54838,1.0,0.3,OK
Lindinvent,Lindinvent,LB104-7010-TB15B5/4152,LB104-7010-TB15B5 Presence,Presence,IndoorAir,GRUPPRUM,7010,PLAN 10,8d9e84f9-cafc-4d40-85ce-614f161e21ea,983d3ce9-306e-40e5-8fd5-942e5ca54838,1.0,0.3,OK
Lindinvent,Lindinvent,LB104-7010-TB15B5/8006,LB104-7010-TB15B5 Room temperature setpoint,CapabilityTypeSetpoint,IndoorAir,GRUPPRUM,7010,PLAN 10,ea5b54ba-69b9-4429-9da8-b44984b424b4,983d3ce9-306e-40e5-8fd5-942e5ca54838,22.0,0.3,OK
Lindinvent,Lindinvent,LB104-7010-TB15B5/9004,LB104-7010-TB15B5 Opening,State,SupplyAir,GRUPPRUM,7010,PLAN 10,397be464-5400-49a6-b910-dbb476bdc3ed,983d3ce9-306e-40e5-8fd5-942e5ca54838,16.0,0.3,OK
Lindinvent,Lindinvent,LB104-7010-TB15B5/9070,LB104-7010-TB15B5 Room temperature,Temperature,IndoorAir,GRUPPRUM,7010,PLAN 10,5418e772-01a1-4729-843c-dfafdcf514d7,983d3ce9-306e-40e5-8fd5-942e5ca54838,22.0,0.3,OK
Lindinvent,Lindinvent,LB104-7011-TB15A6/-12,LB104-7011-TB15A6 Supply air flow,Flow,SupplyAir,KOPIERING,7011,PLAN 10,a0dd2902-9806-4761-b00f-700b988f0e41,6dc76661-8b24-4f05-8246-55a3a37ffc58,0.0,0.3,OK
Lindinvent,Lindinvent,LB104-7011-TB15A6/4151,LB104-7011-TB15A6 Local presence,Presence,IndoorAir,KOPIERING,7011,PLAN 10,c4ec8b93-bbb2-4ea0-9078-e126fbf0916a,6dc76661-8b24-4f05-8246-55a3a37ffc58,0.0,0.3,OK
Lindinvent,Lindinvent,LB104-7011-TB15A6/4152,LB104-7011-TB15A6 Presence,Presence,IndoorAir,KOPIERING,7011,PLAN 10,b1d1ab38-d234-4aa4-93ab-771ee80aaa37,6dc76661-8b24-4f05-8246-55a3a37ffc58,0.0,0.3,OK
Lindinvent,Lindinvent,LB104-7011-TB15A6/8006,LB104-7011-TB15A6 Room temperature setpoint,CapabilityTypeSetpoint,IndoorAir,KOPIERING,7011,PLAN 10,13215429-a859-4084-a307-12892405cfea,6dc76661-8b24-4f05-8246-55a3a37ffc58,22.0,0.3,OK
Lindinvent,Lindinvent,LB104-7011-TB15A6/9004,LB104-7011-TB15A6 Opening,State,SupplyAir,KOPIERING,7011,PLAN 10,5fa6e118-a12f-4896-9b29-200a694f14ad,6dc76661-8b24-4f05-8246-55a3a37ffc58,16.0,0.3,OK
Lindinvent,Lindinvent,LB104-7011-TB15A6/9070,LB104-7011-TB15A6 Room temperature,Temperature,IndoorAir,KOPIERING,7011,PLAN 10,bc37c100-c32c-4aed-88e2-47481e622886,6dc76661-8b24-4f05-8246-55a3a37ffc58,22.1,0.3,OK
Lindinvent,Lindinvent,LB104-7011-TB15B1/-12,LB104-7011-TB15B1 Supply air flow,Flow,SupplyAir,KOPIERING,7011,PLAN 10,1c5b1620-969e-4e97-ae48-31414386ddcc,60714251-fe8a-4c1f-9fed-0cf47e4b73af,0.0,0.3,OK
Lindinvent,Lindinvent,LB104-7011-TB15B1/4151,LB104-7011-TB15B1 Local presence,Presence,IndoorAir,KOPIERING,7011,PLAN 10,e2160e63-6cf1-463b-9936-b922847673f3,60714251-fe8a-4c1f-9fed-0cf47e4b73af,1.0,0.3,OK
Lindinvent,Lindinvent,LB104-7011-TB15B1/4152,LB104-7011-TB15B1 Presence,Presence,IndoorAir,KOPIERING,7011,PLAN 10,ed9b91ab-d271-4739-9c2b-bb72b8e6ecd3,60714251-fe8a-4c1f-9fed-0cf47e4b73af,1.0,0.3,OK
Lindinvent,Lindinvent,LB104-7011-TB15B1/8006,LB104-7011-TB15B1 Room temperature setpoint,CapabilityTypeSetpoint,IndoorAir,KOPIERING,7011,PLAN 10,fb843aba-585e-438a-a6a0-bc14d7891ce0,60714251-fe8a-4c1f-9fed-0cf47e4b73af,22.0,0.3,OK
Lindinvent,Lindinvent,LB104-7011-TB15B1/9004,LB104-7011-TB15B1 Opening,State,SupplyAir,KOPIERING,7011,PLAN 10,4df81e5c-7cbf-40dc-970f-3e3e7ccb9f6a,60714251-fe8a-4c1f-9fed-0cf47e4b73af,16.0,0.3,OK
Lindinvent,Lindinvent,LB104-7011-TB15B1/9070,LB104-7011-TB15B1 Room temperature,Temperature,IndoorAir,KOPIERING,7011,PLAN 10,e8018977-3c0c-49d3-8b77-f6dc160eb2f4,60714251-fe8a-4c1f-9fed-0cf47e4b73af,22.3,0.3,OK
Lindinvent,Lindinvent,LB104-7011-TB15B2/-12,LB104-7011-TB15B2 Supply air flow,Flow,SupplyAir,KOPIERING,7011,PLAN 10,c2c095ad-11c6-442c-b568-e914974dd65f,461ab44d-66d1-43d1-a017-baf2f08e2b76,0.0,0.3,OK
Lindinvent,Lindinvent,LB104-7011-TB15B2/4151,LB104-7011-TB15B2 Local presence,Presence,IndoorAir,KOPIERING,7011,PLAN 10,4dd99070-da33-4f67-ba89-e89430e7fea0,461ab44d-66d1-43d1-a017-baf2f08e2b76,1.0,0.3,OK
Lindinvent,Lindinvent,LB104-7011-TB15B2/4152,LB104-7011-TB15B2 Presence,Presence,IndoorAir,KOPIERING,7011,PLAN 10,026bb4cd-0a10-42a2-a985-f057a2f73d49,461ab44d-66d1-43d1-a017-baf2f08e2b76,1.0,0.3,OK
Lindinvent,Lindinvent,LB104-7011-TB15B2/8006,LB104-7011-TB15B2 Room temperature setpoint,CapabilityTypeSetpoint,IndoorAir,KOPIERING,7011,PLAN 10,59e260cb-59de-4681-9755-baed79c72e39,461ab44d-66d1-43d1-a017-baf2f08e2b76,22.0,0.3,OK
Lindinvent,Lindinvent,LB104-7011-TB15B2/9004,LB104-7011-TB15B2 Opening,State,SupplyAir,KOPIERING,7011,PLAN 10,6a2960b1-651e-4a4c-9830-b77275e14edb,461ab44d-66d1-43d1-a017-baf2f08e2b76,16.0,0.3,OK
Lindinvent,Lindinvent,LB104-7011-TB15B2/9070,LB104-7011-TB15B2 Room temperature,Temperature,IndoorAir,KOPIERING,7011,PLAN 10,2b45ec72-c74d-4949-8121-af4cf4be5e32,461ab44d-66d1-43d1-a017-baf2f08e2b76,22.3,0.3,OK
Lindinvent,Lindinvent,LB104-7011-TB15B3/-12,LB104-7011-TB15B3 Supply air flow,Flow,SupplyAir,KOPIERING,7011,PLAN 10,7223b52c-732f-4459-b4d3-824823a86924,f05d299e-2c82-4eb4-a729-dcd1a077438d,0.0,0.3,OK
Lindinvent,Lindinvent,LB104-7011-TB15B3/4151,LB104-7011-TB15B3 Local presence,Presence,IndoorAir,KOPIERING,7011,PLAN 10,adc8e704-de93-4b81-94da-3d697fc157f2,f05d299e-2c82-4eb4-a729-dcd1a077438d,1.0,0.3,OK
Lindinvent,Lindinvent,LB104-7011-TB15B3/4152,LB104-7011-TB15B3 Presence,Presence,IndoorAir,KOPIERING,7011,PLAN 10,170b0965-6045-4b50-a47e-132d74534a43,f05d299e-2c82-4eb4-a729-dcd1a077438d,1.0,0.3,OK
Lindinvent,Lindinvent,LB104-7011-TB15B3/8006,LB104-7011-TB15B3 Room temperature setpoint,CapabilityTypeSetpoint,IndoorAir,KOPIERING,7011,PLAN 10,fb9c7eeb-cb22-4f6d-9ee8-eccfffa5336e,f05d299e-2c82-4eb4-a729-dcd1a077438d,22.0,0.3,OK
Lindinvent,Lindinvent,LB104-7011-TB15B3/9004,LB104-7011-TB15B3 Opening,State,SupplyAir,KOPIERING,7011,PLAN 10,30b2cee3-d61e-43fb-af6d-2559a700a179,f05d299e-2c82-4eb4-a729-dcd1a077438d,16.0,0.3,OK
Lindinvent,Lindinvent,LB104-7011-TB15B3/9070,LB104-7011-TB15B3 Room temperature,Temperature,IndoorAir,KOPIERING,7011,PLAN 10,143a3b74-c606-4b1c-b6dc-14ed40d585d8,f05d299e-2c82-4eb4-a729-dcd1a077438d,22.3,0.3,OK
Lindinvent,Lindinvent,LB104-7011-TB15B4/-12,LB104-7011-TB15B4 Supply air flow,Flow,SupplyAir,KOPIERING,7011,PLAN 10,17c48931-578d-4c4d-9b8c-87d9333cefae,50890fa9-9209-47b4-ab82-ac14f3ca2eac,0.0,0.3,OK
Lindinvent,Lindinvent,LB104-7011-TB15B4/4151,LB104-7011-TB15B4 Local presence,Presence,IndoorAir,KOPIERING,7011,PLAN 10,4d4899cc-f0e7-4187-9097-8cfba67b48ef,50890fa9-9209-47b4-ab82-ac14f3ca2eac,1.0,0.3,OK
Lindinvent,Lindinvent,LB104-7011-TB15B4/4152,LB104-7011-TB15B4 Presence,Presence,IndoorAir,KOPIERING,7011,PLAN 10,46049c88-d09d-4ce0-8942-4655b2afdb73,50890fa9-9209-47b4-ab82-ac14f3ca2eac,1.0,0.3,OK
Lindinvent,Lindinvent,LB104-7011-TB15B4/8006,LB104-7011-TB15B4 Room temperature setpoint,CapabilityTypeSetpoint,IndoorAir,KOPIERING,7011,PLAN 10,9568aa73-c415-4a0e-965b-88b0fe78d2eb,50890fa9-9209-47b4-ab82-ac14f3ca2eac,22.0,0.3,OK
Lindinvent,Lindinvent,LB104-7011-TB15B4/9004,LB104-7011-TB15B4 Opening,State,SupplyAir,KOPIERING,7011,PLAN 10,5b8fc111-7cb8-45eb-9ca6-6797b7e36003,50890fa9-9209-47b4-ab82-ac14f3ca2eac,16.0,0.3,OK
Lindinvent,Lindinvent,LB104-7011-TB15B4/9070,LB104-7011-TB15B4 Room temperature,Temperature,IndoorAir,KOPIERING,7011,PLAN 10,0acfb569-86e8-4645-ac1d-d096de2f6411,50890fa9-9209-47b4-ab82-ac14f3ca2eac,22.3,0.3,OK
Lindinvent,Lindinvent,LB104-7011-TB15B5/-12,LB104-7011-TB15B5 Supply air flow,Flow,SupplyAir,KOPIERING,7011,PLAN 10,2e48f518-c3c7-4f3f-bbab-e4dbc73a0634,fb251b58-a6c7-4a20-ad4c-f5599bd32f6e,0.0,0.3,OK
Lindinvent,Lindinvent,LB104-7011-TB15B5/4151,LB104-7011-TB15B5 Local presence,Presence,IndoorAir,KOPIERING,7011,PLAN 10,a9d6a7f3-c616-4df4-b261-b6048d0d4913,fb251b58-a6c7-4a20-ad4c-f5599bd32f6e,0.0,0.3,OK
Lindinvent,Lindinvent,LB104-7011-TB15B5/4152,LB104-7011-TB15B5 Presence,Presence,IndoorAir,KOPIERING,7011,PLAN 10,6e749a19-7b5b-4018-9237-b595a654b125,fb251b58-a6c7-4a20-ad4c-f5599bd32f6e,0.0,0.3,OK
Lindinvent,Lindinvent,LB104-7011-TB15B5/8006,LB104-7011-TB15B5 Room temperature setpoint,CapabilityTypeSetpoint,IndoorAir,KOPIERING,7011,PLAN 10,c4992296-91d2-4e0a-a90f-0d81496450c6,fb251b58-a6c7-4a20-ad4c-f5599bd32f6e,22.0,0.3,OK
Lindinvent,Lindinvent,LB104-7011-TB15B5/9004,LB104-7011-TB15B5 Opening,State,SupplyAir,KOPIERING,7011,PLAN 10,82dc9cd3-dbd1-4982-8df2-5330add91164,fb251b58-a6c7-4a20-ad4c-f5599bd32f6e,16.0,0.3,OK
Lindinvent,Lindinvent,LB104-7011-TB15B5/9070,LB104-7011-TB15B5 Room temperature,Temperature,IndoorAir,KOPIERING,7011,PLAN 10,255ef245-78e8-4872-b968-fd79ec8479bb,fb251b58-a6c7-4a20-ad4c-f5599bd32f6e,22.3,0.3,OK
Lindinvent,Lindinvent,LB104-7011-TB15B7/-12,LB104-7011-TB15B7 Supply air flow,Flow,SupplyAir,KOPIERING,7011,PLAN 10,446e1cdb-1e2d-40bf-8d09-7af8159c9730,f12193eb-e2cb-4605-a777-c3b3c4cb1ea6,0.0,0.3,OK
Lindinvent,Lindinvent,LB104-7011-TB15B7/4151,LB104-7011-TB15B7 Local presence,Presence,IndoorAir,KOPIERING,7011,PLAN 10,984acbc4-38ad-4475-a5ee-f4fbca036af8,f12193eb-e2cb-4605-a777-c3b3c4cb1ea6,0.0,0.3,OK
Lindinvent,Lindinvent,LB104-7011-TB15B7/4152,LB104-7011-TB15B7 Presence,Presence,IndoorAir,KOPIERING,7011,PLAN 10,517d2b3a-151f-4cd9-a0ec-b2be03f0b76a,f12193eb-e2cb-4605-a777-c3b3c4cb1ea6,0.0,0.3,OK
Lindinvent,Lindinvent,LB104-7011-TB15B7/8006,LB104-7011-TB15B7 Room temperature setpoint,CapabilityTypeSetpoint,IndoorAir,KOPIERING,7011,PLAN 10,28109fcb-4092-4a0b-bb6f-2d13f2ef1c10,f12193eb-e2cb-4605-a777-c3b3c4cb1ea6,22.0,0.3,OK
Lindinvent,Lindinvent,LB104-7011-TB15B7/9004,LB104-7011-TB15B7 Opening,State,SupplyAir,KOPIERING,7011,PLAN 10,81c555cb-3cf1-4439-9174-9067f3cfacaa,f12193eb-e2cb-4605-a777-c3b3c4cb1ea6,16.0,0.3,OK
Lindinvent,Lindinvent,LB104-7011-TB15B7/9070,LB104-7011-TB15B7 Room temperature,Temperature,IndoorAir,KOPIERING,7011,PLAN 10,9d3d1dfc-81e1-4a96-a526-2be731a7b124,f12193eb-e2cb-4605-a777-c3b3c4cb1ea6,22.1,0.3,OK
Lindinvent,Lindinvent,LB104-7012-TB15A2/-12,LB104-7012-TB15A2 Supply air flow,Flow,SupplyAir,KONTOR,7012,PLAN 10,97b9ac2b-e877-44dd-92ee-647a7b8650d3,d47efe84-b8eb-4ef5-9666-d6475a5c92e4,0.0,0.3,OK
Lindinvent,Lindinvent,LB104-7012-TB15A2/4151,LB104-7012-TB15A2 Local presence,Presence,IndoorAir,KONTOR,7012,PLAN 10,4e8af09c-0af4-4036-9fe7-672adb4607d6,d47efe84-b8eb-4ef5-9666-d6475a5c92e4,0.0,0.3,OK
Lindinvent,Lindinvent,LB104-7012-TB15A2/4152,LB104-7012-TB15A2 Presence,Presence,IndoorAir,KONTOR,7012,PLAN 10,90a7dba0-221b-4986-b272-d9b262321f59,d47efe84-b8eb-4ef5-9666-d6475a5c92e4,0.0,0.3,OK
Lindinvent,Lindinvent,LB104-7012-TB15A2/8006,LB104-7012-TB15A2 Room temperature setpoint,CapabilityTypeSetpoint,IndoorAir,KONTOR,7012,PLAN 10,e8e5b154-f2fb-4a15-bdd5-23b2ad6ea518,d47efe84-b8eb-4ef5-9666-d6475a5c92e4,22.0,0.3,OK
Lindinvent,Lindinvent,LB104-7012-TB15A2/9004,LB104-7012-TB15A2 Opening,State,SupplyAir,KONTOR,7012,PLAN 10,79f6c391-b1c4-402d-88dc-ebef1f8317e5,d47efe84-b8eb-4ef5-9666-d6475a5c92e4,16.0,0.3,OK
Lindinvent,Lindinvent,LB104-7012-TB15A2/9070,LB104-7012-TB15A2 Room temperature,Temperature,IndoorAir,KONTOR,7012,PLAN 10,2fe4f6ce-99d8-4785-8fc5-6b2a8eced270,d47efe84-b8eb-4ef5-9666-d6475a5c92e4,22.1,0.3,OK
Lindinvent,Lindinvent,LB104-7012-TB15B1/-12,LB104-7012-TB15B1 Supply air flow,Flow,SupplyAir,KONTOR,7012,PLAN 10,e555fbfa-0ccc-411e-a751-b747e42702aa,1ca14aee-7237-463c-9eb8-6609536c65d1,0.0,0.3,OK
Lindinvent,Lindinvent,LB104-7012-TB15B1/4151,LB104-7012-TB15B1 Local presence,Presence,IndoorAir,KONTOR,7012,PLAN 10,40cf5768-7258-44a6-8275-45d77e88032f,1ca14aee-7237-463c-9eb8-6609536c65d1,0.0,0.3,OK
Lindinvent,Lindinvent,LB104-7012-TB15B1/4152,LB104-7012-TB15B1 Presence,Presence,IndoorAir,KONTOR,7012,PLAN 10,dba71e0b-602e-4d5f-a589-c6b47255b10a,1ca14aee-7237-463c-9eb8-6609536c65d1,0.0,0.3,OK
Lindinvent,Lindinvent,LB104-7012-TB15B1/8006,LB104-7012-TB15B1 Room temperature setpoint,CapabilityTypeSetpoint,IndoorAir,KONTOR,7012,PLAN 10,62e600f6-f6aa-4a24-8b71-8082d0a9afde,1ca14aee-7237-463c-9eb8-6609536c65d1,22.0,0.3,OK
Lindinvent,Lindinvent,LB104-7012-TB15B1/9004,LB104-7012-TB15B1 Opening,State,SupplyAir,KONTOR,7012,PLAN 10,932e4c7f-8f0c-4d0b-bc74-ed664e7d5f33,1ca14aee-7237-463c-9eb8-6609536c65d1,16.0,0.3,OK
Lindinvent,Lindinvent,LB104-7012-TB15B1/9070,LB104-7012-TB15B1 Room temperature,Temperature,IndoorAir,KONTOR,7012,PLAN 10,229c3d3a-f9ec-4d40-945c-92f055f2bd41,1ca14aee-7237-463c-9eb8-6609536c65d1,22.1,0.3,OK
Lindinvent,Lindinvent,LB104-7012-TB15B3/-12,LB104-7012-TB15B3 Supply air flow,Flow,SupplyAir,KONTOR,7012,PLAN 10,2edf69d3-8ae8-4e5b-9a29-776784492d2f,55ee05c7-c0cf-4194-baf6-b51dec506333,0.0,0.3,OK
Lindinvent,Lindinvent,LB104-7012-TB15B3/4151,LB104-7012-TB15B3 Local presence,Presence,IndoorAir,KONTOR,7012,PLAN 10,22a82d49-0efd-4ec6-b9e5-ec797e68b8cd,55ee05c7-c0cf-4194-baf6-b51dec506333,0.0,0.3,OK
Lindinvent,Lindinvent,LB104-7012-TB15B3/4152,LB104-7012-TB15B3 Presence,Presence,IndoorAir,KONTOR,7012,PLAN 10,a2aedebc-48db-4412-9e0c-100dac77b5e7,55ee05c7-c0cf-4194-baf6-b51dec506333,0.0,0.3,OK
Lindinvent,Lindinvent,LB104-7012-TB15B3/8006,LB104-7012-TB15B3 Room temperature setpoint,CapabilityTypeSetpoint,IndoorAir,KONTOR,7012,PLAN 10,9a1b3ebe-cb4a-43a3-b655-25b4509b7d8c,55ee05c7-c0cf-4194-baf6-b51dec506333,22.0,0.3,OK
Lindinvent,Lindinvent,LB104-7012-TB15B3/9004,LB104-7012-TB15B3 Opening,State,SupplyAir,KONTOR,7012,PLAN 10,de1d0ee7-1816-42c0-9a2d-fde588e5eed4,55ee05c7-c0cf-4194-baf6-b51dec506333,16.0,0.3,OK
Lindinvent,Lindinvent,LB104-7012-TB15B3/9070,LB104-7012-TB15B3 Room temperature,Temperature,IndoorAir,KONTOR,7012,PLAN 10,c990f56d-2456-497b-a680-aab212965037,55ee05c7-c0cf-4194-baf6-b51dec506333,22.1,0.3,OK
Lindinvent,Lindinvent,LB104-7012-TB15B4/-12,LB104-7012-TB15B4 Supply air flow,Flow,SupplyAir,KONTOR,7012,PLAN 10,ba770874-925b-4a06-af7c-ff60cc3e0965,f74df470-9dd7-4746-987a-03b1f74227a9,0.0,0.3,OK
Lindinvent,Lindinvent,LB104-7012-TB15B4/4151,LB104-7012-TB15B4 Local presence,Presence,IndoorAir,KONTOR,7012,PLAN 10,0e23af19-0916-44d0-bc00-449b3455f4bb,f74df470-9dd7-4746-987a-03b1f74227a9,0.0,0.3,OK
Lindinvent,Lindinvent,LB104-7012-TB15B4/4152,LB104-7012-TB15B4 Presence,Presence,IndoorAir,KONTOR,7012,PLAN 10,20ff30d5-ebcf-458d-884d-f64735735bc4,f74df470-9dd7-4746-987a-03b1f74227a9,0.0,0.3,OK
Lindinvent,Lindinvent,LB104-7012-TB15B4/8006,LB104-7012-TB15B4 Room temperature setpoint,CapabilityTypeSetpoint,IndoorAir,KONTOR,7012,PLAN 10,d857e7f0-ea3c-48c8-b624-445038c6cccd,f74df470-9dd7-4746-987a-03b1f74227a9,22.0,0.3,OK
Lindinvent,Lindinvent,LB104-7012-TB15B4/9004,LB104-7012-TB15B4 Opening,State,SupplyAir,KONTOR,7012,PLAN 10,246a569b-bc96-46c8-9e34-eafac3a3983a,f74df470-9dd7-4746-987a-03b1f74227a9,16.0,0.3,OK
Lindinvent,Lindinvent,LB104-7012-TB15B4/9070,LB104-7012-TB15B4 Room temperature,Temperature,IndoorAir,KONTOR,7012,PLAN 10,d53ce5b9-181d-49ee-844a-d8eb640665ee,f74df470-9dd7-4746-987a-03b1f74227a9,22.1,0.3,OK
Lindinvent,Lindinvent,LB104-7012-TB15B5/-12,LB104-7012-TB15B5 Supply air flow,Flow,SupplyAir,KONTOR,7012,PLAN 10,7b0cf41d-f9c8-4de9-96f7-9c9024f05200,f5ceaf14-50de-4c8e-aa8a-053e88e5120e,0.0,0.3,OK
Lindinvent,Lindinvent,LB104-7012-TB15B5/4151,LB104-7012-TB15B5 Local presence,Presence,IndoorAir,KONTOR,7012,PLAN 10,accfb295-f843-4c2d-9e3e-cc53a98ea15d,f5ceaf14-50de-4c8e-aa8a-053e88e5120e,0.0,0.3,OK
Lindinvent,Lindinvent,LB104-7012-TB15B5/4152,LB104-7012-TB15B5 Presence,Presence,IndoorAir,KONTOR,7012,PLAN 10,d3394d89-d057-4aa5-89e1-0d79791616fe,f5ceaf14-50de-4c8e-aa8a-053e88e5120e,0.0,0.3,OK
Lindinvent,Lindinvent,LB104-7012-TB15B5/8006,LB104-7012-TB15B5 Room temperature setpoint,CapabilityTypeSetpoint,IndoorAir,KONTOR,7012,PLAN 10,ab2e2af5-91d6-40a3-a643-1b34f0ae6544,f5ceaf14-50de-4c8e-aa8a-053e88e5120e,22.0,0.3,OK
Lindinvent,Lindinvent,LB104-7012-TB15B5/9004,LB104-7012-TB15B5 Opening,State,SupplyAir,KONTOR,7012,PLAN 10,2bf71263-350c-428f-afdb-98626b80dc25,f5ceaf14-50de-4c8e-aa8a-053e88e5120e,16.0,0.3,OK
Lindinvent,Lindinvent,LB104-7012-TB15B5/9070,LB104-7012-TB15B5 Room temperature,Temperature,IndoorAir,KONTOR,7012,PLAN 10,6b21abea-4b3c-4ba6-ba64-7e470d5931db,f5ceaf14-50de-4c8e-aa8a-053e88e5120e,22.1,0.3,OK
Lindinvent,Lindinvent,LB104-7014A-TB15B1/-12,LB104-7014A-TB15B1 Supply air flow,Flow,SupplyAir,BIBLIOTEK,7014,PLAN 10,84599fe0-faf2-4d07-825e-32081169c4f9,6a0b11d3-154f-4b21-8449-880ecfd23ff6,0.0,0.3,OK
Lindinvent,Lindinvent,LB104-7014A-TB15B1/4151,LB104-7014A-TB15B1 Local presence,Presence,IndoorAir,BIBLIOTEK,7014,PLAN 10,cc6ebf47-5558-4198-95a7-302535c5f88f,6a0b11d3-154f-4b21-8449-880ecfd23ff6,0.0,0.3,OK
Lindinvent,Lindinvent,LB104-7014A-TB15B1/4152,LB104-7014A-TB15B1 Presence,Presence,IndoorAir,BIBLIOTEK,7014,PLAN 10,6d7bb922-115e-40de-9683-3c472f662297,6a0b11d3-154f-4b21-8449-880ecfd23ff6,0.0,0.3,OK
Lindinvent,Lindinvent,LB104-7014A-TB15B1/8006,LB104-7014A-TB15B1 Room temperature setpoint,CapabilityTypeSetpoint,IndoorAir,BIBLIOTEK,7014,PLAN 10,13208734-41ce-4366-aee9-76cf3686e510,6a0b11d3-154f-4b21-8449-880ecfd23ff6,22.0,0.3,OK
Lindinvent,Lindinvent,LB104-7014A-TB15B1/9004,LB104-7014A-TB15B1 Opening,State,SupplyAir,BIBLIOTEK,7014,PLAN 10,264e38ec-2d72-4a1a-b172-ca251f59b8a8,6a0b11d3-154f-4b21-8449-880ecfd23ff6,16.0,0.3,OK
Lindinvent,Lindinvent,LB104-7014A-TB15B1/9070,LB104-7014A-TB15B1 Room temperature,Temperature,IndoorAir,BIBLIOTEK,7014,PLAN 10,5dafb2c1-b50b-4da4-9477-d892a6df9807,6a0b11d3-154f-4b21-8449-880ecfd23ff6,21.6,0.3,OK
Lindinvent,Lindinvent,LB104-7014B-TD201/4152,LB104-7014B-TD201 Presence,Presence,IndoorAir,BIBLIOTEK,7014,PLAN 10,ff8da90a-0228-4873-81b2-13f73faa340b,0f25b37f-10f8-4b63-b0f6-62637b2d1f19,0.0,0.3,OK
Lindinvent,Lindinvent,LB104-7014B-TD201/8006,LB104-7014B-TD201 Room temperature setpoint,CapabilityTypeSetpoint,IndoorAir,BIBLIOTEK,7014,PLAN 10,2e3742d7-bf08-4bbb-8bd1-48de0c93eb8b,0f25b37f-10f8-4b63-b0f6-62637b2d1f19,22.0,0.3,OK
Lindinvent,Lindinvent,LB104-7014B-TD201/9004,LB104-7014B-TD201 Opening,State,SupplyAir,BIBLIOTEK,7014,PLAN 10,7411eb2d-8b0b-4bb5-bb2c-617b4dd55bca,0f25b37f-10f8-4b63-b0f6-62637b2d1f19,1.0,0.3,OK
Lindinvent,Lindinvent,LB104-7014B-TD201/9070,LB104-7014B-TD201 Room temperature,Temperature,IndoorAir,BIBLIOTEK,7014,PLAN 10,1fb11505-b2bc-4bfc-85af-ecf1f9c9b351,0f25b37f-10f8-4b63-b0f6-62637b2d1f19,22.7,0.3,OK
Lindinvent,Lindinvent,LB104-7014B-TD201/9073,LB104-7014B-TD201 Local room temperature,Temperature,IndoorAir,BIBLIOTEK,7014,PLAN 10,36e181dc-2113-4630-b968-c28a28e0fd06,0f25b37f-10f8-4b63-b0f6-62637b2d1f19,22.7,0.3,OK
Lindinvent,Lindinvent,LB104-7014B-TD201/9084,LB104-7014B-TD201 Local supply air flow,Flow,SupplyAir,BIBLIOTEK,7014,PLAN 10,c66293f6-88c3-4d3d-8620-e9ff59984f33,0f25b37f-10f8-4b63-b0f6-62637b2d1f19,3.0,0.3,OK
Lindinvent,Lindinvent,LB104-7014C-TB15B1/-12,LB104-7014C-TB15B1 Supply air flow,Flow,SupplyAir,BIBLIOTEK,7014,PLAN 10,becaf90c-da2d-4e94-a1e3-a99c1d63eae6,39c2b8c8-79a5-478e-abc5-ec9c81583e44,0.0,0.3,OK
Lindinvent,Lindinvent,LB104-7014C-TB15B1/4151,LB104-7014C-TB15B1 Local presence,Presence,IndoorAir,BIBLIOTEK,7014,PLAN 10,5d59e5a6-c41b-446d-8f76-d5eafd555dc7,39c2b8c8-79a5-478e-abc5-ec9c81583e44,0.0,0.3,OK
Lindinvent,Lindinvent,LB104-7014C-TB15B1/4152,LB104-7014C-TB15B1 Presence,Presence,IndoorAir,BIBLIOTEK,7014,PLAN 10,b21bb4d0-0caf-46ce-9c83-afdf0565f207,39c2b8c8-79a5-478e-abc5-ec9c81583e44,0.0,0.3,OK
Lindinvent,Lindinvent,LB104-7014C-TB15B1/8006,LB104-7014C-TB15B1 Room temperature setpoint,CapabilityTypeSetpoint,IndoorAir,BIBLIOTEK,7014,PLAN 10,c5f1c2e2-4728-45f9-9b7f-63c9af6b0bcc,39c2b8c8-79a5-478e-abc5-ec9c81583e44,22.0,0.3,OK
Lindinvent,Lindinvent,LB104-7014C-TB15B1/9004,LB104-7014C-TB15B1 Opening,State,SupplyAir,BIBLIOTEK,7014,PLAN 10,068b3c94-8773-45bb-8e99-744109ac65f7,39c2b8c8-79a5-478e-abc5-ec9c81583e44,16.0,0.3,OK
Lindinvent,Lindinvent,LB104-7014C-TB15B1/9070,LB104-7014C-TB15B1 Room temperature,Temperature,IndoorAir,BIBLIOTEK,7014,PLAN 10,0d0c1d51-2b6c-4e7d-b5a7-7130a5ba8480,39c2b8c8-79a5-478e-abc5-ec9c81583e44,22.4,0.3,OK
Lindinvent,Lindinvent,LB104-7015A-TD201/4152,LB104-7015A-TD201 Presence,Presence,IndoorAir,KONFERENS,7015,PLAN 10,95e3e4f7-6ab7-4cac-a83f-d63a25b3e385,4a3d8b78-cc28-4d70-ab0c-3bf79916ba2f,0.0,0.3,OK
Lindinvent,Lindinvent,LB104-7015A-TD201/8006,LB104-7015A-TD201 Room temperature setpoint,CapabilityTypeSetpoint,IndoorAir,KONFERENS,7015,PLAN 10,32aff8a1-74be-4b5e-aae0-2a03fb443527,4a3d8b78-cc28-4d70-ab0c-3bf79916ba2f,22.0,0.3,OK
Lindinvent,Lindinvent,LB104-7015A-TD201/9004,LB104-7015A-TD201 Opening,State,SupplyAir,KONFERENS,7015,PLAN 10,e988ee48-bf09-4b8f-ae77-a0a23d2ed3ca,4a3d8b78-cc28-4d70-ab0c-3bf79916ba2f,1.0,0.3,OK
Lindinvent,Lindinvent,LB104-7015A-TD201/9070,LB104-7015A-TD201 Room temperature,Temperature,IndoorAir,KONFERENS,7015,PLAN 10,995bc9d0-78ea-4914-9369-fbcd0675b84e,4a3d8b78-cc28-4d70-ab0c-3bf79916ba2f,22.4,0.3,OK
Lindinvent,Lindinvent,LB104-7015A-TD201/9073,LB104-7015A-TD201 Local room temperature,Temperature,IndoorAir,KONFERENS,7015,PLAN 10,a30c7d27-0eea-42ac-8081-ffc4aec9bd68,4a3d8b78-cc28-4d70-ab0c-3bf79916ba2f,22.4,0.3,OK
Lindinvent,Lindinvent,LB104-7015A-TD201/9084,LB104-7015A-TD201 Local supply air flow,Flow,SupplyAir,KONFERENS,7015,PLAN 10,404703a2-a532-41a9-91f2-dd337f2a21e0,4a3d8b78-cc28-4d70-ab0c-3bf79916ba2f,2.0,0.3,OK
Lindinvent,Lindinvent,LB104-7015B-TB15B1/-12,LB104-7015B-TB15B1 Supply air flow,Flow,SupplyAir,KONFERENS,7015,PLAN 10,b5b21d76-d443-49d8-a8f0-1054a1e11e63,b12b6b82-527c-469c-8011-21f60eee8ead,0.0,0.3,OK
Lindinvent,Lindinvent,LB104-7015B-TB15B1/4151,LB104-7015B-TB15B1 Local presence,Presence,IndoorAir,KONFERENS,7015,PLAN 10,65f9f73a-b503-4a26-acb1-3ac6e7c5c6b5,b12b6b82-527c-469c-8011-21f60eee8ead,0.0,0.3,OK
Lindinvent,Lindinvent,LB104-7015B-TB15B1/4152,LB104-7015B-TB15B1 Presence,Presence,IndoorAir,KONFERENS,7015,PLAN 10,55f33aa5-091d-4f49-b26d-3211ad5677e1,b12b6b82-527c-469c-8011-21f60eee8ead,0.0,0.3,OK
Lindinvent,Lindinvent,LB104-7015B-TB15B1/8006,LB104-7015B-TB15B1 Room temperature setpoint,CapabilityTypeSetpoint,IndoorAir,KONFERENS,7015,PLAN 10,6c228767-50e2-401a-9e4a-4736126f06a1,b12b6b82-527c-469c-8011-21f60eee8ead,22.0,0.3,OK
Lindinvent,Lindinvent,LB104-7015B-TB15B1/9004,LB104-7015B-TB15B1 Opening,State,SupplyAir,KONFERENS,7015,PLAN 10,5f97da80-18ee-4b53-9c4a-4a9aaa1acfcb,b12b6b82-527c-469c-8011-21f60eee8ead,16.0,0.3,OK
Lindinvent,Lindinvent,LB104-7015B-TB15B1/9070,LB104-7015B-TB15B1 Room temperature,Temperature,IndoorAir,KONFERENS,7015,PLAN 10,24294516-00ba-4d05-8a86-68d905738d98,b12b6b82-527c-469c-8011-21f60eee8ead,22.2,0.3,OK
Lindinvent,Lindinvent,LB104-7015C-TD201/4152,LB104-7015C-TD201 Presence,Presence,IndoorAir,KONFERENS,7015,PLAN 10,391667a2-ec11-40e4-a4ad-122a83aaf1a5,bb7ad76c-efea-41b1-bf2a-67e8ce8ce6be,0.0,0.3,OK
Lindinvent,Lindinvent,LB104-7015C-TD201/8006,LB104-7015C-TD201 Room temperature setpoint,CapabilityTypeSetpoint,IndoorAir,KONFERENS,7015,PLAN 10,f145fac6-fdf1-4348-9450-29720592c248,bb7ad76c-efea-41b1-bf2a-67e8ce8ce6be,22.0,0.3,OK
Lindinvent,Lindinvent,LB104-7015C-TD201/9004,LB104-7015C-TD201 Opening,State,SupplyAir,KONFERENS,7015,PLAN 10,7279b306-ccd4-4e54-b819-da10f3132c70,bb7ad76c-efea-41b1-bf2a-67e8ce8ce6be,1.0,0.3,OK
Lindinvent,Lindinvent,LB104-7015C-TD201/9070,LB104-7015C-TD201 Room temperature,Temperature,IndoorAir,KONFERENS,7015,PLAN 10,b61e3003-8e9a-4c80-ab97-e659815bdf04,bb7ad76c-efea-41b1-bf2a-67e8ce8ce6be,23.1,0.3,OK
Lindinvent,Lindinvent,LB104-7015C-TD201/9073,LB104-7015C-TD201 Local room temperature,Temperature,IndoorAir,KONFERENS,7015,PLAN 10,9b80dc43-bb41-493a-af0e-eef6f0e7c62c,bb7ad76c-efea-41b1-bf2a-67e8ce8ce6be,22.0,0.3,OK
Lindinvent,Lindinvent,LB104-7015C-TD201/9084,LB104-7015C-TD201 Local supply air flow,Flow,SupplyAir,KONFERENS,7015,PLAN 10,f48912b6-3c22-4bee-9b71-738fd15f22d7,bb7ad76c-efea-41b1-bf2a-67e8ce8ce6be,2.0,0.3,OK
Lindinvent,Lindinvent,LB104-7015D-TD201/4152,LB104-7015D-TD201 Presence,Presence,IndoorAir,KONFERENS,7015,PLAN 10,24901165-e0a0-49c5-a08b-605b25537e79,e3888b07-1377-40bd-953e-62c7679091dc,1.0,0.3,OK
Lindinvent,Lindinvent,LB104-7015D-TD201/8006,LB104-7015D-TD201 Room temperature setpoint,CapabilityTypeSetpoint,IndoorAir,KONFERENS,7015,PLAN 10,204edc75-bf2c-47c5-a143-8de2bb72a020,e3888b07-1377-40bd-953e-62c7679091dc,22.0,0.3,OK
Lindinvent,Lindinvent,LB104-7015D-TD201/9004,LB104-7015D-TD201 Opening,State,SupplyAir,KONFERENS,7015,PLAN 10,657a7549-794f-4f9c-b34c-98356be1daf3,e3888b07-1377-40bd-953e-62c7679091dc,1.0,0.3,OK
Lindinvent,Lindinvent,LB104-7015D-TD201/9070,LB104-7015D-TD201 Room temperature,Temperature,IndoorAir,KONFERENS,7015,PLAN 10,c9585e41-548a-4737-bb81-4e929303ada5,e3888b07-1377-40bd-953e-62c7679091dc,23.1,0.3,OK
Lindinvent,Lindinvent,LB104-7015D-TD201/9073,LB104-7015D-TD201 Local room temperature,Temperature,IndoorAir,KONFERENS,7015,PLAN 10,120a2056-b1c9-4b4c-be09-7e2849e7eed3,e3888b07-1377-40bd-953e-62c7679091dc,24.2,0.3,OK
Lindinvent,Lindinvent,LB104-7015D-TD201/9084,LB104-7015D-TD201 Local supply air flow,Flow,SupplyAir,KONFERENS,7015,PLAN 10,a43075e4-df3a-4b6b-8b50-e5a977b114bb,e3888b07-1377-40bd-953e-62c7679091dc,1.0,0.3,OK
Lindinvent,Lindinvent,LB104-7020-KFD2/-13,LB104-7020-KFD2 Exhaust air flow,Flow,ExhaustAir,WC,7020,PLAN 10,05d56e84-ac52-4c6c-bde8-a670108202e3,c2662055-d484-416d-9d2d-9ee3fe6c762b,-1.0,0.3,OK
Lindinvent,Lindinvent,LB104-7020-KFD2/-20,LB104-7020-KFD2 Pressure,Pressure,IndoorAir,WC,7020,PLAN 10,59e262e3-8f67-4bea-9c26-c8623644c49e,c2662055-d484-416d-9d2d-9ee3fe6c762b,0.1,0.3,OK
Lindinvent,Lindinvent,LB104-7020-KFD2/8007,LB104-7020-KFD2 Pressure setpoint,CapabilityTypeSetpoint,IndoorAir,WC,7020,PLAN 10,17987dc1-b771-4c06-9198-511510bdd9cb,c2662055-d484-416d-9d2d-9ee3fe6c762b,60.0,0.3,OK
Lindinvent,Lindinvent,LB104-7025-TD202/4152,LB104-7025-TD202 Presence,Presence,IndoorAir,VILRUM,7025,PLAN 10,e1b9cb16-6b77-4164-bc97-11bf6b728a05,385d3fca-8444-4ed7-ba4f-b6f50252b471,0.0,0.3,OK
Lindinvent,Lindinvent,LB104-7025-TD202/8006,LB104-7025-TD202 Room temperature setpoint,CapabilityTypeSetpoint,IndoorAir,VILRUM,7025,PLAN 10,f935436c-327f-45b5-83c5-ed9e1c212461,385d3fca-8444-4ed7-ba4f-b6f50252b471,22.0,0.3,OK
Lindinvent,Lindinvent,LB104-7025-TD202/8009,LB104-7025-TD202 CO2 setpoint,CapabilityTypeSetpoint,IndoorAir,VILRUM,7025,PLAN 10,05c02f40-a277-47ea-87b4-c06645f6446c,385d3fca-8444-4ed7-ba4f-b6f50252b471,800.0,0.3,OK
Lindinvent,Lindinvent,LB104-7025-TD202/9004,LB104-7025-TD202 Opening,State,SupplyAir,VILRUM,7025,PLAN 10,9375ff2c-9ee4-4188-83b6-9b69ae3928dc,385d3fca-8444-4ed7-ba4f-b6f50252b471,1.0,0.3,OK
Lindinvent,Lindinvent,LB104-7025-TD202/9070,LB104-7025-TD202 Room temperature,Temperature,IndoorAir,VILRUM,7025,PLAN 10,072b2c30-fa7e-4dc6-a46e-e6775eb02c8e,385d3fca-8444-4ed7-ba4f-b6f50252b471,24.0,0.3,OK
Lindinvent,Lindinvent,LB104-7025-TD202/9073,LB104-7025-TD202 Local room temperature,Temperature,IndoorAir,VILRUM,7025,PLAN 10,493c3f76-3557-47a0-9cc7-41188b6b83c3,385d3fca-8444-4ed7-ba4f-b6f50252b471,24.0,0.3,OK
Lindinvent,Lindinvent,LB104-7025-TD202/9084,LB104-7025-TD202 Local supply air flow,Flow,SupplyAir,VILRUM,7025,PLAN 10,938f2df6-c5a7-4258-80e1-470a1b8d4d53,385d3fca-8444-4ed7-ba4f-b6f50252b471,0.0,0.3,OK
Lindinvent,Lindinvent,LB104-7025-TD202/9090,LB104-7025-TD202 CO2,CO2,IndoorAir,VILRUM,7025,PLAN 10,90d040ba-dd6e-4af9-923c-44de207b1306,385d3fca-8444-4ed7-ba4f-b6f50252b471,496.0,0.3,OK
Lindinvent,Lindinvent,LB104-7026-TD202/4152,LB104-7026-TD202 Presence,Presence,IndoorAir,DATA,7026,PLAN 10,d7e7840c-9bc5-41df-8b6d-18699e31005a,932a753e-49fd-431d-b259-ba0bd70d8cf9,0.0,0.3,OK
Lindinvent,Lindinvent,LB104-7026-TD202/8006,LB104-7026-TD202 Room temperature setpoint,CapabilityTypeSetpoint,IndoorAir,DATA,7026,PLAN 10,f08eff2d-cdca-4caf-a999-56c7819070f9,932a753e-49fd-431d-b259-ba0bd70d8cf9,22.0,0.3,OK
Lindinvent,Lindinvent,LB104-7026-TD202/8009,LB104-7026-TD202 CO2 setpoint,CapabilityTypeSetpoint,IndoorAir,DATA,7026,PLAN 10,edaa5c5c-2eac-4347-8ecd-cd044b039b64,932a753e-49fd-431d-b259-ba0bd70d8cf9,600.0,0.3,OK
Lindinvent,Lindinvent,LB104-7026-TD202/9004,LB104-7026-TD202 Opening,State,SupplyAir,DATA,7026,PLAN 10,64b74cb5-584c-4db4-a692-7d7e4a4b34e3,932a753e-49fd-431d-b259-ba0bd70d8cf9,1.0,0.3,OK
Lindinvent,Lindinvent,LB104-7026-TD202/9070,LB104-7026-TD202 Room temperature,Temperature,IndoorAir,DATA,7026,PLAN 10,4ceb178c-a003-469e-a33b-ff90c75605f9,932a753e-49fd-431d-b259-ba0bd70d8cf9,23.5,0.3,OK
Lindinvent,Lindinvent,LB104-7026-TD202/9073,LB104-7026-TD202 Local room temperature,Temperature,IndoorAir,DATA,7026,PLAN 10,f0e64bc0-f24e-4125-9515-c9eab638aac5,932a753e-49fd-431d-b259-ba0bd70d8cf9,23.5,0.3,OK
Lindinvent,Lindinvent,LB104-7026-TD202/9084,LB104-7026-TD202 Local supply air flow,Flow,SupplyAir,DATA,7026,PLAN 10,25f07983-f948-4fbd-9d73-354c0ba45879,932a753e-49fd-431d-b259-ba0bd70d8cf9,2.0,0.3,OK
Lindinvent,Lindinvent,LB104-7026-TD202/9090,LB104-7026-TD202 CO2,CO2,IndoorAir,DATA,7026,PLAN 10,d537afff-ee9f-4e55-b6eb-ca7a5f8e432b,932a753e-49fd-431d-b259-ba0bd70d8cf9,469.0,0.3,OK
Lindinvent,Lindinvent,LB104-7027-TB15A6/-12,LB104-7027-TB15A6 Supply air flow,Flow,SupplyAir,KOPIERING/FRD.,7027,PLAN 10,ffa57b4d-b7cf-44f2-87e7-9a331f4d84a3,789bcb1c-671f-4121-8a71-e0c274e81992,0.0,0.3,OK
Lindinvent,Lindinvent,LB104-7027-TB15A6/4151,LB104-7027-TB15A6 Local presence,Presence,IndoorAir,KOPIERING/FRD.,7027,PLAN 10,6b8ccc7d-6562-4598-ab3f-7dec96fa3c8d,789bcb1c-671f-4121-8a71-e0c274e81992,0.0,0.3,OK
Lindinvent,Lindinvent,LB104-7027-TB15A6/4152,LB104-7027-TB15A6 Presence,Presence,IndoorAir,KOPIERING/FRD.,7027,PLAN 10,fb4f53f8-3f42-4da5-a29b-73d4ce90dc88,789bcb1c-671f-4121-8a71-e0c274e81992,0.0,0.3,OK
Lindinvent,Lindinvent,LB104-7027-TB15A6/8006,LB104-7027-TB15A6 Room temperature setpoint,CapabilityTypeSetpoint,IndoorAir,KOPIERING/FRD.,7027,PLAN 10,2fde45a8-0969-4a84-be07-018f49492de8,789bcb1c-671f-4121-8a71-e0c274e81992,22.0,0.3,OK
Lindinvent,Lindinvent,LB104-7027-TB15A6/8009,LB104-7027-TB15A6 CO2 setpoint,CapabilityTypeSetpoint,IndoorAir,KOPIERING/FRD.,7027,PLAN 10,1b617990-027d-4b8a-878f-de8ecf5c3c12,789bcb1c-671f-4121-8a71-e0c274e81992,800.0,0.3,OK
Lindinvent,Lindinvent,LB104-7027-TB15A6/9004,LB104-7027-TB15A6 Opening,State,SupplyAir,KOPIERING/FRD.,7027,PLAN 10,f177ece2-ea05-44bc-a68c-5a14bffa8bd0,789bcb1c-671f-4121-8a71-e0c274e81992,16.0,0.3,OK
Lindinvent,Lindinvent,LB104-7027-TB15A6/9070,LB104-7027-TB15A6 Room temperature,Temperature,IndoorAir,KOPIERING/FRD.,7027,PLAN 10,a6b8fde8-4b5d-4b34-897b-920c89daedeb,789bcb1c-671f-4121-8a71-e0c274e81992,23.0,0.3,OK
Lindinvent,Lindinvent,LB104-7027-TB15A6/9090,LB104-7027-TB15A6 CO2,CO2,IndoorAir,KOPIERING/FRD.,7027,PLAN 10,f5c63454-a044-4ec1-b43b-03b13e6e2ffd,789bcb1c-671f-4121-8a71-e0c274e81992,485.0,0.3,OK
Lindinvent,Lindinvent,LB104-7027-TB15B1/-12,LB104-7027-TB15B1 Supply air flow,Flow,SupplyAir,KOPIERING/FRD.,7027,PLAN 10,d0986912-3252-4d9a-b96f-1dd217163dc6,4743a456-5b20-4429-832c-d589ab360e73,0.0,0.3,OK
Lindinvent,Lindinvent,LB104-7027-TB15B1/4151,LB104-7027-TB15B1 Local presence,Presence,IndoorAir,KOPIERING/FRD.,7027,PLAN 10,00ce6203-8234-4077-83be-b929df354034,4743a456-5b20-4429-832c-d589ab360e73,0.0,0.3,OK
Lindinvent,Lindinvent,LB104-7027-TB15B1/4152,LB104-7027-TB15B1 Presence,Presence,IndoorAir,KOPIERING/FRD.,7027,PLAN 10,652ae4c7-c631-49e2-8368-8b84039387b0,4743a456-5b20-4429-832c-d589ab360e73,0.0,0.3,OK
Lindinvent,Lindinvent,LB104-7027-TB15B1/8006,LB104-7027-TB15B1 Room temperature setpoint,CapabilityTypeSetpoint,IndoorAir,KOPIERING/FRD.,7027,PLAN 10,3fda14f0-8a7e-4c77-bd75-d2aabc6e9aa2,4743a456-5b20-4429-832c-d589ab360e73,22.0,0.3,OK
Lindinvent,Lindinvent,LB104-7027-TB15B1/8009,LB104-7027-TB15B1 CO2 setpoint,CapabilityTypeSetpoint,IndoorAir,KOPIERING/FRD.,7027,PLAN 10,f65dd08b-af7f-46b8-8f6c-0e9d068452eb,4743a456-5b20-4429-832c-d589ab360e73,800.0,0.3,OK
Lindinvent,Lindinvent,LB104-7027-TB15B1/9004,LB104-7027-TB15B1 Opening,State,SupplyAir,KOPIERING/FRD.,7027,PLAN 10,d6cecead-2fb9-4ddb-90df-8c6ef531ce3a,4743a456-5b20-4429-832c-d589ab360e73,16.0,0.3,OK
Lindinvent,Lindinvent,LB104-7027-TB15B1/9070,LB104-7027-TB15B1 Room temperature,Temperature,IndoorAir,KOPIERING/FRD.,7027,PLAN 10,9485d02d-c4c2-44c7-9927-805480324760,4743a456-5b20-4429-832c-d589ab360e73,22.8,0.3,OK
Lindinvent,Lindinvent,LB104-7027-TB15B1/9090,LB104-7027-TB15B1 CO2,CO2,IndoorAir,KOPIERING/FRD.,7027,PLAN 10,4ad4f0a1-d130-4073-bf3d-2c9a12e2e8a3,4743a456-5b20-4429-832c-d589ab360e73,486.0,0.3,OK
Lindinvent,Lindinvent,LB104-7027-TB15B2/-12,LB104-7027-TB15B2 Supply air flow,Flow,SupplyAir,KOPIERING/FRD.,7027,PLAN 10,141863aa-f345-4816-8e8b-41b35a39f003,0bf2d1ca-4e32-4953-8402-d54cc7bc9de6,0.0,0.3,OK
Lindinvent,Lindinvent,LB104-7027-TB15B2/4151,LB104-7027-TB15B2 Local presence,Presence,IndoorAir,KOPIERING/FRD.,7027,PLAN 10,46039592-de83-41f7-83db-82ff0247d83d,0bf2d1ca-4e32-4953-8402-d54cc7bc9de6,0.0,0.3,OK
Lindinvent,Lindinvent,LB104-7027-TB15B2/4152,LB104-7027-TB15B2 Presence,Presence,IndoorAir,KOPIERING/FRD.,7027,PLAN 10,775e2718-0b01-4911-9470-a053ade16a2e,0bf2d1ca-4e32-4953-8402-d54cc7bc9de6,0.0,0.3,OK
Lindinvent,Lindinvent,LB104-7027-TB15B2/8006,LB104-7027-TB15B2 Room temperature setpoint,CapabilityTypeSetpoint,IndoorAir,KOPIERING/FRD.,7027,PLAN 10,e8ffde30-fb27-4254-8805-7f50837cfb35,0bf2d1ca-4e32-4953-8402-d54cc7bc9de6,22.0,0.3,OK
Lindinvent,Lindinvent,LB104-7027-TB15B2/8009,LB104-7027-TB15B2 CO2 setpoint,CapabilityTypeSetpoint,IndoorAir,KOPIERING/FRD.,7027,PLAN 10,0e2a6994-d92e-4303-afe4-787555ab745b,0bf2d1ca-4e32-4953-8402-d54cc7bc9de6,800.0,0.3,OK
Lindinvent,Lindinvent,LB104-7027-TB15B2/9004,LB104-7027-TB15B2 Opening,State,SupplyAir,KOPIERING/FRD.,7027,PLAN 10,91bd8275-b603-4df3-a4e3-9d28d9a1af68,0bf2d1ca-4e32-4953-8402-d54cc7bc9de6,16.0,0.3,OK
Lindinvent,Lindinvent,LB104-7027-TB15B2/9070,LB104-7027-TB15B2 Room temperature,Temperature,IndoorAir,KOPIERING/FRD.,7027,PLAN 10,2158f9df-cf2d-44d6-930f-da6ad31218ba,0bf2d1ca-4e32-4953-8402-d54cc7bc9de6,22.8,0.3,OK
Lindinvent,Lindinvent,LB104-7027-TB15B2/9090,LB104-7027-TB15B2 CO2,CO2,IndoorAir,KOPIERING/FRD.,7027,PLAN 10,9f9a99f4-889f-4a89-8651-542309ea7e8d,0bf2d1ca-4e32-4953-8402-d54cc7bc9de6,486.0,0.3,OK
Lindinvent,Lindinvent,LB104-7027-TB15B3/-12,LB104-7027-TB15B3 Supply air flow,Flow,SupplyAir,KOPIERING/FRD.,7027,PLAN 10,66619f54-4154-4ba3-b9f2-a955795c124c,26938db8-2b44-46a8-bc37-22d45557b953,0.0,0.3,OK
Lindinvent,Lindinvent,LB104-7027-TB15B3/4151,LB104-7027-TB15B3 Local presence,Presence,IndoorAir,KOPIERING/FRD.,7027,PLAN 10,1db91214-27c2-41ed-8d49-09b2362f044d,26938db8-2b44-46a8-bc37-22d45557b953,0.0,0.3,OK
Lindinvent,Lindinvent,LB104-7027-TB15B3/4152,LB104-7027-TB15B3 Presence,Presence,IndoorAir,KOPIERING/FRD.,7027,PLAN 10,e45450a8-f03c-46e7-baf9-71fa6014d3d0,26938db8-2b44-46a8-bc37-22d45557b953,0.0,0.3,OK
Lindinvent,Lindinvent,LB104-7027-TB15B3/8006,LB104-7027-TB15B3 Room temperature setpoint,CapabilityTypeSetpoint,IndoorAir,KOPIERING/FRD.,7027,PLAN 10,ba001355-257c-4a32-b998-5724a6921d06,26938db8-2b44-46a8-bc37-22d45557b953,22.0,0.3,OK
Lindinvent,Lindinvent,LB104-7027-TB15B3/8009,LB104-7027-TB15B3 CO2 setpoint,CapabilityTypeSetpoint,IndoorAir,KOPIERING/FRD.,7027,PLAN 10,5cafec5c-8965-4eda-b1de-9449e6de0bce,26938db8-2b44-46a8-bc37-22d45557b953,800.0,0.3,OK
Lindinvent,Lindinvent,LB104-7027-TB15B3/9004,LB104-7027-TB15B3 Opening,State,SupplyAir,KOPIERING/FRD.,7027,PLAN 10,ce24136c-36f9-44bf-ac40-2c73299fa39c,26938db8-2b44-46a8-bc37-22d45557b953,16.0,0.3,OK
Lindinvent,Lindinvent,LB104-7027-TB15B3/9070,LB104-7027-TB15B3 Room temperature,Temperature,IndoorAir,KOPIERING/FRD.,7027,PLAN 10,58c900e7-ff5a-4a3d-b64b-4e8408bd0e25,26938db8-2b44-46a8-bc37-22d45557b953,22.9,0.3,OK
Lindinvent,Lindinvent,LB104-7027-TB15B3/9090,LB104-7027-TB15B3 CO2,CO2,IndoorAir,KOPIERING/FRD.,7027,PLAN 10,a5e476bd-9b63-4904-a7bd-6c6d9b3144fa,26938db8-2b44-46a8-bc37-22d45557b953,486.0,0.3,OK
Lindinvent,Lindinvent,LB104-7027-TB15B4/-12,LB104-7027-TB15B4 Supply air flow,Flow,SupplyAir,KOPIERING/FRD.,7027,PLAN 10,19bcebcb-0943-422e-a5be-b9a886f8bdcf,530f824c-3d89-4ebf-a442-670c806e53a1,0.0,0.3,OK
Lindinvent,Lindinvent,LB104-7027-TB15B4/4151,LB104-7027-TB15B4 Local presence,Presence,IndoorAir,KOPIERING/FRD.,7027,PLAN 10,1cf217e3-36a7-42a2-ad14-80772c283803,530f824c-3d89-4ebf-a442-670c806e53a1,0.0,0.3,OK
Lindinvent,Lindinvent,LB104-7027-TB15B4/4152,LB104-7027-TB15B4 Presence,Presence,IndoorAir,KOPIERING/FRD.,7027,PLAN 10,143d3c2a-804f-4b42-b7ac-db1de59bfac3,530f824c-3d89-4ebf-a442-670c806e53a1,0.0,0.3,OK
Lindinvent,Lindinvent,LB104-7027-TB15B4/8006,LB104-7027-TB15B4 Room temperature setpoint,CapabilityTypeSetpoint,IndoorAir,KOPIERING/FRD.,7027,PLAN 10,ac9ed475-c345-46ab-816f-a1c71060be24,530f824c-3d89-4ebf-a442-670c806e53a1,22.0,0.3,OK
Lindinvent,Lindinvent,LB104-7027-TB15B4/8009,LB104-7027-TB15B4 CO2 setpoint,CapabilityTypeSetpoint,IndoorAir,KOPIERING/FRD.,7027,PLAN 10,d6e0e276-d99b-4959-b5bc-84d55762611e,530f824c-3d89-4ebf-a442-670c806e53a1,800.0,0.3,OK
Lindinvent,Lindinvent,LB104-7027-TB15B4/9004,LB104-7027-TB15B4 Opening,State,SupplyAir,KOPIERING/FRD.,7027,PLAN 10,22825609-f75b-403f-89ff-78daef7cbcb3,530f824c-3d89-4ebf-a442-670c806e53a1,16.0,0.3,OK
Lindinvent,Lindinvent,LB104-7027-TB15B4/9070,LB104-7027-TB15B4 Room temperature,Temperature,IndoorAir,KOPIERING/FRD.,7027,PLAN 10,4322009d-15fd-4c75-9ed4-015d954b5c76,530f824c-3d89-4ebf-a442-670c806e53a1,22.8,0.3,OK
Lindinvent,Lindinvent,LB104-7027-TB15B4/9090,LB104-7027-TB15B4 CO2,CO2,IndoorAir,KOPIERING/FRD.,7027,PLAN 10,9d5c3809-6db0-4d6f-9e2c-aa85fa72fdec,530f824c-3d89-4ebf-a442-670c806e53a1,486.0,0.3,OK
Lindinvent,Lindinvent,LB104-7027-TB15B5/-12,LB104-7027-TB15B5 Supply air flow,Flow,SupplyAir,KOPIERING/FRD.,7027,PLAN 10,6f485e3f-c1e5-4ec0-86da-63f3547eed56,fe821a0a-f5e3-4de9-9b9a-bc94bd1244ee,0.0,0.3,OK
Lindinvent,Lindinvent,LB104-7027-TB15B5/4151,LB104-7027-TB15B5 Local presence,Presence,IndoorAir,KOPIERING/FRD.,7027,PLAN 10,c6bedae3-f6db-46f7-9379-eb1fd010ee36,fe821a0a-f5e3-4de9-9b9a-bc94bd1244ee,0.0,0.3,OK
Lindinvent,Lindinvent,LB104-7027-TB15B5/4152,LB104-7027-TB15B5 Presence,Presence,IndoorAir,KOPIERING/FRD.,7027,PLAN 10,4eb509b1-0c80-4c20-b0cf-50d7651e7ca3,fe821a0a-f5e3-4de9-9b9a-bc94bd1244ee,0.0,0.3,OK
Lindinvent,Lindinvent,LB104-7027-TB15B5/8006,LB104-7027-TB15B5 Room temperature setpoint,CapabilityTypeSetpoint,IndoorAir,KOPIERING/FRD.,7027,PLAN 10,bb71e099-da56-4233-b129-fba13ff02336,fe821a0a-f5e3-4de9-9b9a-bc94bd1244ee,22.0,0.3,OK
Lindinvent,Lindinvent,LB104-7027-TB15B5/8009,LB104-7027-TB15B5 CO2 setpoint,CapabilityTypeSetpoint,IndoorAir,KOPIERING/FRD.,7027,PLAN 10,4cb7c057-36f3-424e-bc4c-e8d7b9f9ea2d,fe821a0a-f5e3-4de9-9b9a-bc94bd1244ee,800.0,0.3,OK
Lindinvent,Lindinvent,LB104-7027-TB15B5/9004,LB104-7027-TB15B5 Opening,State,SupplyAir,KOPIERING/FRD.,7027,PLAN 10,8078f5f8-52f1-4b5b-9b2e-a980041bc4f4,fe821a0a-f5e3-4de9-9b9a-bc94bd1244ee,16.0,0.3,OK
Lindinvent,Lindinvent,LB104-7027-TB15B5/9070,LB104-7027-TB15B5 Room temperature,Temperature,IndoorAir,KOPIERING/FRD.,7027,PLAN 10,eff6a965-20c4-43ff-a926-6087c1a89c6f,fe821a0a-f5e3-4de9-9b9a-bc94bd1244ee,22.9,0.3,OK
Lindinvent,Lindinvent,LB104-7027-TB15B5/9090,LB104-7027-TB15B5 CO2,CO2,IndoorAir,KOPIERING/FRD.,7027,PLAN 10,240a79cc-c3f9-4904-a76a-a340f50b2870,fe821a0a-f5e3-4de9-9b9a-bc94bd1244ee,485.0,0.3,OK
Lindinvent,Lindinvent,LB104-7027-TD202/4152,LB104-7027-TD202 Presence,Presence,IndoorAir,KOPIERING/FRD.,7027,PLAN 10,d18b880a-2004-41c2-bf4e-e82780ea21f2,057f5f39-fc27-47a6-85a6-1386272115cf,0.0,0.3,OK
Lindinvent,Lindinvent,LB104-7027-TD202/8006,LB104-7027-TD202 Room temperature setpoint,CapabilityTypeSetpoint,IndoorAir,KOPIERING/FRD.,7027,PLAN 10,2dbbcd2e-eb94-48f4-9bd5-f78d13a870bc,057f5f39-fc27-47a6-85a6-1386272115cf,22.0,0.3,OK
Lindinvent,Lindinvent,LB104-7027-TD202/8009,LB104-7027-TD202 CO2 setpoint,CapabilityTypeSetpoint,IndoorAir,KOPIERING/FRD.,7027,PLAN 10,49fd24c3-5975-446c-8c5e-f204c38a5b8d,057f5f39-fc27-47a6-85a6-1386272115cf,800.0,0.3,OK
Lindinvent,Lindinvent,LB104-7027-TD202/9004,LB104-7027-TD202 Opening,State,SupplyAir,KOPIERING/FRD.,7027,PLAN 10,7ea4127e-1018-4cf4-a4df-edbafb3c3b75,057f5f39-fc27-47a6-85a6-1386272115cf,1.0,0.3,OK
Lindinvent,Lindinvent,LB104-7027-TD202/9070,LB104-7027-TD202 Room temperature,Temperature,IndoorAir,KOPIERING/FRD.,7027,PLAN 10,ca21cecc-0282-477a-8da8-370e162df64c,057f5f39-fc27-47a6-85a6-1386272115cf,22.8,0.3,OK
Lindinvent,Lindinvent,LB104-7027-TD202/9073,LB104-7027-TD202 Local room temperature,Temperature,IndoorAir,KOPIERING/FRD.,7027,PLAN 10,f22697b2-c726-4fed-899d-70ba3e824b4e,057f5f39-fc27-47a6-85a6-1386272115cf,23.6,0.3,OK
Lindinvent,Lindinvent,LB104-7027-TD202/9084,LB104-7027-TD202 Local supply air flow,Flow,SupplyAir,KOPIERING/FRD.,7027,PLAN 10,20fe8e83-9a0e-456f-9bde-ac6759067984,057f5f39-fc27-47a6-85a6-1386272115cf,3.0,0.3,OK
Lindinvent,Lindinvent,LB104-7027-TD202/9090,LB104-7027-TD202 CO2,CO2,IndoorAir,KOPIERING/FRD.,7027,PLAN 10,e5330cca-edfd-4ec1-80f2-6d2958ccebfc,057f5f39-fc27-47a6-85a6-1386272115cf,486.0,0.3,OK
Lindinvent,Lindinvent,LB104-7028-KFD2/-13,LB104-7028-KFD2 Exhaust air flow,Flow,ExhaustAir,FRD.,7028,PLAN 10,c98a849d-8e09-4a06-a7df-3e9bace39e83,2ce50082-ae22-4622-a964-5459db678823,0.0,0.3,OK
Lindinvent,Lindinvent,LB104-7028-KFD2/-20,LB104-7028-KFD2 Pressure,Pressure,IndoorAir,FRD.,7028,PLAN 10,d0c35fa6-7797-43d8-896e-a8baa683ad88,2ce50082-ae22-4622-a964-5459db678823,0.0,0.3,OK
Lindinvent,Lindinvent,LB104-7028-KFD2/8007,LB104-7028-KFD2 Pressure setpoint,CapabilityTypeSetpoint,IndoorAir,FRD.,7028,PLAN 10,4dd71cbf-1205-4a25-b44e-b35ab4161098,2ce50082-ae22-4622-a964-5459db678823,60.0,0.3,OK
Lindinvent,Lindinvent,LB104-ZON0711-VFD1/9085,LB104-ZON0711-VFD1 Local exhaust air flow,Flow,ExhaustAir,STÄD,7023,PLAN 10,3bb8277d-bddd-4e2b-b4b7-c06e4343a226,0dda9516-e279-4961-b8c2-5b8669b452c1,-5.0,0.3,OK
Lindinvent,Lindinvent,LB104-ZON0712-VFD1/9085,LB104-ZON0712-VFD1 Local exhaust air flow,Flow,ExhaustAir,KPR,7016,PLAN 10,a3eab84c-4b63-4e4b-8f10-f1ef1837521d,8427a66b-64f9-473b-a591-3e5d1264eeaf,-54.0,0.3,OK
Lindinvent,Lindinvent,LB104-ZON0713-VFD1/9085,LB104-ZON0713-VFD1 Local exhaust air flow,Flow,ExhaustAir,FRD.,7028,PLAN 10,e77ebe38-f00a-4bbb-b2e4-1632017a535a,0f1e51e1-3651-431d-9cb2-5b767ac4ff1b,-18.0,0.3,OK
Lindinvent,Lindinvent,LB104-ZON0714-VFD1/9085,LB104-ZON0714-VFD1 Local exhaust air flow,Flow,ExhaustAir,KPR,7016,PLAN 10,4a39405f-8121-4338-a8d6-60512257ba2a,c24ea778-92a7-449e-a1c3-12454b3c8e0f,-12.0,0.3,OK
Lindinvent,Lindinvent,LB64-3056-TD401/4152,LB64-3056-TD401 Presence,Presence,IndoorAir,PASSAGE,3056,PLAN 6,a352caa2-9095-4866-a3b4-d9401625bb8e,35972ddd-cbb5-48a1-a6b9-0f1d1dd1d412,1.0,0.3,OK
Lindinvent,Lindinvent,LB64-3056-TD401/8006,LB64-3056-TD401 Room temperature setpoint,CapabilityTypeSetpoint,IndoorAir,PASSAGE,3056,PLAN 6,2c0c60fc-f102-448e-98e2-074fd883692d,35972ddd-cbb5-48a1-a6b9-0f1d1dd1d412,22.0,0.3,OK
Lindinvent,Lindinvent,LB64-3056-TD401/9004,LB64-3056-TD401 Opening,State,SupplyAir,PASSAGE,3056,PLAN 6,4d68cd5a-7905-46ec-ad8f-2c9a97869f26,35972ddd-cbb5-48a1-a6b9-0f1d1dd1d412,0.0,0.3,OK
Lindinvent,Lindinvent,LB64-3056-TD401/9070,LB64-3056-TD401 Room temperature,Temperature,IndoorAir,PASSAGE,3056,PLAN 6,360bf142-09ca-429c-9f94-79c31204e1f8,35972ddd-cbb5-48a1-a6b9-0f1d1dd1d412,21.8,0.3,OK
Lindinvent,Lindinvent,LB64-3056-TD401/9073,LB64-3056-TD401 Local room temperature,Temperature,IndoorAir,PASSAGE,3056,PLAN 6,524f37b6-79a4-49e2-8d2b-fb77e421a1ab,35972ddd-cbb5-48a1-a6b9-0f1d1dd1d412,21.5,0.3,OK
Lindinvent,Lindinvent,LB64-3056-TD401/9084,LB64-3056-TD401 Local supply air flow,Flow,SupplyAir,PASSAGE,3056,PLAN 6,873bc66a-a923-4820-a5d3-41f48ec7d237,35972ddd-cbb5-48a1-a6b9-0f1d1dd1d412,10.0,0.3,OK
Lindinvent,Lindinvent,LB64-3056-TD402/4152,LB64-3056-TD402 Presence,Presence,IndoorAir,PASSAGE,3056,PLAN 6,b4d12797-f18d-4e6f-bf07-2774ce593a08,e4d7aa22-2a0b-449b-90fa-c1f47dcf98fd,1.0,0.3,OK
Lindinvent,Lindinvent,LB64-3056-TD402/8006,LB64-3056-TD402 Room temperature setpoint,CapabilityTypeSetpoint,IndoorAir,PASSAGE,3056,PLAN 6,4d4d2db4-cbb3-467c-a1d7-cf7b764e7488,e4d7aa22-2a0b-449b-90fa-c1f47dcf98fd,22.0,0.3,OK
Lindinvent,Lindinvent,LB64-3056-TD402/9004,LB64-3056-TD402 Opening,State,SupplyAir,PASSAGE,3056,PLAN 6,26b05d4b-eae8-42f1-95f3-36fd6c1258f4,e4d7aa22-2a0b-449b-90fa-c1f47dcf98fd,0.0,0.3,OK
Lindinvent,Lindinvent,LB64-3056-TD402/9070,LB64-3056-TD402 Room temperature,Temperature,IndoorAir,PASSAGE,3056,PLAN 6,33d2ad21-ceaf-4a0c-9c70-1dbcbc79004d,e4d7aa22-2a0b-449b-90fa-c1f47dcf98fd,21.9,0.3,OK
Lindinvent,Lindinvent,LB64-3056-TD402/9073,LB64-3056-TD402 Local room temperature,Temperature,IndoorAir,PASSAGE,3056,PLAN 6,ac4120eb-16a4-46db-bcbe-d6ac2c977d4c,e4d7aa22-2a0b-449b-90fa-c1f47dcf98fd,22.5,0.3,OK
Lindinvent,Lindinvent,LB64-3056-TD402/9084,LB64-3056-TD402 Local supply air flow,Flow,SupplyAir,PASSAGE,3056,PLAN 6,910d9e18-cdd0-4c21-87ac-cb95fec98a95,e4d7aa22-2a0b-449b-90fa-c1f47dcf98fd,8.0,0.3,OK
Lindinvent,Lindinvent,LB64-3056-TD403/4152,LB64-3056-TD403 Presence,Presence,IndoorAir,PASSAGE,3056,PLAN 6,48926b21-0893-4059-9dbe-ef3443a3d7ca,4d1d7312-4f92-4cad-96d2-b8c57d8c8b76,1.0,0.3,OK
Lindinvent,Lindinvent,LB64-3056-TD403/8006,LB64-3056-TD403 Room temperature setpoint,CapabilityTypeSetpoint,IndoorAir,PASSAGE,3056,PLAN 6,432063a2-61ee-4100-98d3-a27d234f2ec2,4d1d7312-4f92-4cad-96d2-b8c57d8c8b76,22.0,0.3,OK
Lindinvent,Lindinvent,LB64-3056-TD403/9004,LB64-3056-TD403 Opening,State,SupplyAir,PASSAGE,3056,PLAN 6,fbcdde06-1e5e-4fd6-9176-45218275e7b2,4d1d7312-4f92-4cad-96d2-b8c57d8c8b76,0.0,0.3,OK
Lindinvent,Lindinvent,LB64-3056-TD403/9070,LB64-3056-TD403 Room temperature,Temperature,IndoorAir,PASSAGE,3056,PLAN 6,87d03795-d4ad-45fb-82be-7bb1ab93492e,4d1d7312-4f92-4cad-96d2-b8c57d8c8b76,21.8,0.3,OK
Lindinvent,Lindinvent,LB64-3056-TD403/9073,LB64-3056-TD403 Local room temperature,Temperature,IndoorAir,PASSAGE,3056,PLAN 6,79f1bee5-74c6-4f15-b40d-efe7a417c637,4d1d7312-4f92-4cad-96d2-b8c57d8c8b76,21.4,0.3,OK
Lindinvent,Lindinvent,LB64-3056-TD403/9084,LB64-3056-TD403 Local supply air flow,Flow,SupplyAir,PASSAGE,3056,PLAN 6,835ff860-e966-4108-adf8-2a5880924ab5,4d1d7312-4f92-4cad-96d2-b8c57d8c8b76,9.0,0.3,OK
Lindinvent,Lindinvent,LB64-3056-TD404/4152,LB64-3056-TD404 Presence,Presence,IndoorAir,PASSAGE,3056,PLAN 6,e5a60587-caf9-4302-b9ac-38c416679453,ac82d334-f97f-4089-afdd-a55c20b9244f,1.0,0.3,OK
Lindinvent,Lindinvent,LB64-3056-TD404/8006,LB64-3056-TD404 Room temperature setpoint,CapabilityTypeSetpoint,IndoorAir,PASSAGE,3056,PLAN 6,0b1e7fa2-caf3-4726-bc3d-2d99e326d5b5,ac82d334-f97f-4089-afdd-a55c20b9244f,22.0,0.3,OK
Lindinvent,Lindinvent,LB64-3056-TD404/9004,LB64-3056-TD404 Opening,State,SupplyAir,PASSAGE,3056,PLAN 6,00c410c8-caf9-4d6a-8f82-e3dcb2b8992d,ac82d334-f97f-4089-afdd-a55c20b9244f,0.0,0.3,OK
Lindinvent,Lindinvent,LB64-3056-TD404/9070,LB64-3056-TD404 Room temperature,Temperature,IndoorAir,PASSAGE,3056,PLAN 6,2f7369db-6fd2-4791-ba3a-b34378b08be6,ac82d334-f97f-4089-afdd-a55c20b9244f,20.9,0.3,OK
Lindinvent,Lindinvent,LB64-3056-TD404/9073,LB64-3056-TD404 Local room temperature,Temperature,IndoorAir,PASSAGE,3056,PLAN 6,a61c3966-9b4b-41ca-bdab-0bdb3a023f73,ac82d334-f97f-4089-afdd-a55c20b9244f,20.9,0.3,OK
Lindinvent,Lindinvent,LB64-3056-TD404/9084,LB64-3056-TD404 Local supply air flow,Flow,SupplyAir,PASSAGE,3056,PLAN 6,bbed999d-7772-4d10-abf2-1c37ebc23cf0,ac82d334-f97f-4089-afdd-a55c20b9244f,8.0,0.3,OK
Lindinvent,Lindinvent,LB64-3056-TD405/4152,LB64-3056-TD405 Presence,Presence,IndoorAir,PASSAGE,3056,PLAN 6,6f9cdf9d-716c-4c0b-90af-4cdd9fdf5a28,ec6187e8-58bf-446c-b0c8-c597f88cac82,0.0,0.3,OK
Lindinvent,Lindinvent,LB64-3056-TD405/8006,LB64-3056-TD405 Room temperature setpoint,CapabilityTypeSetpoint,IndoorAir,PASSAGE,3056,PLAN 6,48a6c85b-f2d9-4402-9bcc-6267cfa0d2c5,ec6187e8-58bf-446c-b0c8-c597f88cac82,22.0,0.3,OK
Lindinvent,Lindinvent,LB64-3056-TD405/9004,LB64-3056-TD405 Opening,State,SupplyAir,PASSAGE,3056,PLAN 6,ab14de61-cdec-4e05-bbb3-48dc33b14546,ec6187e8-58bf-446c-b0c8-c597f88cac82,0.0,0.3,OK
Lindinvent,Lindinvent,LB64-3056-TD405/9070,LB64-3056-TD405 Room temperature,Temperature,IndoorAir,PASSAGE,3056,PLAN 6,9d8e28d7-87db-4083-b362-65fd90bd184a,ec6187e8-58bf-446c-b0c8-c597f88cac82,20.8,0.3,OK
Lindinvent,Lindinvent,LB64-3056-TD405/9073,LB64-3056-TD405 Local room temperature,Temperature,IndoorAir,PASSAGE,3056,PLAN 6,78e83b10-e542-4d6b-a5a7-fcb2d90dc284,ec6187e8-58bf-446c-b0c8-c597f88cac82,20.8,0.3,OK
Lindinvent,Lindinvent,LB64-3056-TD405/9084,LB64-3056-TD405 Local supply air flow,Flow,SupplyAir,PASSAGE,3056,PLAN 6,27684011-1177-4d19-8515-9e7866141056,ec6187e8-58bf-446c-b0c8-c597f88cac82,9.0,0.3,OK
Lindinvent,Lindinvent,LB81-5124-VFD101/-12,LB81-5124-VFD101 Supply air flow,Flow,SupplyAir,ENTRÉ,5124,PLAN 8,0bc4c9f8-04f2-40bb-8381-18934158ec55,4e4613cf-5c68-4aac-ab1e-fd09c392df42,2.0,0.3,OK
Lindinvent,Lindinvent,LB81-5124-VFD101/4151,LB81-5124-VFD101 Local presence,Presence,IndoorAir,ENTRÉ,5124,PLAN 8,5039a9ea-a3bd-4956-bed1-94901707b9f9,4e4613cf-5c68-4aac-ab1e-fd09c392df42,0.0,0.3,OK
Lindinvent,Lindinvent,LB81-5124-VFD101/4152,LB81-5124-VFD101 Presence,Presence,IndoorAir,ENTRÉ,5124,PLAN 8,d03b19e9-00e4-4c3b-ba1b-930f824aeafe,4e4613cf-5c68-4aac-ab1e-fd09c392df42,0.0,0.3,OK
Lindinvent,Lindinvent,LB81-5124-VFD101/8006,LB81-5124-VFD101 Room temperature setpoint,CapabilityTypeSetpoint,IndoorAir,ENTRÉ,5124,PLAN 8,e387e13e-e4e8-478f-8752-8ffa504d71a5,4e4613cf-5c68-4aac-ab1e-fd09c392df42,22.5,0.3,OK
Lindinvent,Lindinvent,LB81-5124-VFD101/9004,LB81-5124-VFD101 Opening,State,SupplyAir,ENTRÉ,5124,PLAN 8,b8faddbc-8f4f-42f6-83b4-8b0905447a64,4e4613cf-5c68-4aac-ab1e-fd09c392df42,16.0,0.3,OK
Lindinvent,Lindinvent,LB81-5124-VFD101/9070,LB81-5124-VFD101 Room temperature,Temperature,IndoorAir,ENTRÉ,5124,PLAN 8,9cc4b49e-5ec1-4fd6-8a13-79cb58b50797,4e4613cf-5c68-4aac-ab1e-fd09c392df42,22.7,0.3,OK
Lindinvent,Lindinvent,LB81-5124-VFD102/-12,LB81-5124-VFD102 Supply air flow,Flow,SupplyAir,ENTRÉ,5124,PLAN 8,7d91fd11-429b-4be5-b452-971b27087918,fcbafbef-1629-4ea5-9d5a-55f180a239fb,1.0,0.3,OK
Lindinvent,Lindinvent,LB81-5124-VFD102/4151,LB81-5124-VFD102 Local presence,Presence,IndoorAir,ENTRÉ,5124,PLAN 8,83bdde5c-60ec-455e-8b93-1cd4b690a219,fcbafbef-1629-4ea5-9d5a-55f180a239fb,0.0,0.3,OK
Lindinvent,Lindinvent,LB81-5124-VFD102/4152,LB81-5124-VFD102 Presence,Presence,IndoorAir,ENTRÉ,5124,PLAN 8,27cfbda9-a241-46aa-9627-b5daf155148c,fcbafbef-1629-4ea5-9d5a-55f180a239fb,0.0,0.3,OK
Lindinvent,Lindinvent,LB81-5124-VFD102/8006,LB81-5124-VFD102 Room temperature setpoint,CapabilityTypeSetpoint,IndoorAir,ENTRÉ,5124,PLAN 8,0a12f36a-2870-44ee-9a0c-a1a44829d7f0,fcbafbef-1629-4ea5-9d5a-55f180a239fb,22.5,0.3,OK
Lindinvent,Lindinvent,LB81-5124-VFD102/9004,LB81-5124-VFD102 Opening,State,SupplyAir,ENTRÉ,5124,PLAN 8,99c46a92-55e4-43e0-be24-f97e86f81984,fcbafbef-1629-4ea5-9d5a-55f180a239fb,16.0,0.3,OK
Lindinvent,Lindinvent,LB81-5124-VFD102/9070,LB81-5124-VFD102 Room temperature,Temperature,IndoorAir,ENTRÉ,5124,PLAN 8,7700a5b1-4372-4565-a13b-d80f802da722,fcbafbef-1629-4ea5-9d5a-55f180a239fb,22.7,0.3,OK
Lindinvent,Lindinvent,LB81-5125-TD401/4152,LB81-5125-TD401 Presence,Presence,IndoorAir,"VR-RUM/KONFERENS, 12p",5125,PLAN 8,122cca39-9bb9-4b26-ab98-b2779f5593c3,58dfbb94-9f40-4cfd-a64b-5e00766c7db2,0.0,0.3,OK
Lindinvent,Lindinvent,LB81-5125-TD401/8006,LB81-5125-TD401 Room temperature setpoint,CapabilityTypeSetpoint,IndoorAir,"VR-RUM/KONFERENS, 12p",5125,PLAN 8,f6a7acfc-5ca2-4137-bcef-196caa5d8fd4,58dfbb94-9f40-4cfd-a64b-5e00766c7db2,22.5,0.3,OK
Lindinvent,Lindinvent,LB81-5125-TD401/8009,LB81-5125-TD401 CO2 setpoint,CapabilityTypeSetpoint,IndoorAir,"VR-RUM/KONFERENS, 12p",5125,PLAN 8,12dca641-3e0c-47c6-b794-06f3d3e18cdd,58dfbb94-9f40-4cfd-a64b-5e00766c7db2,800.0,0.3,OK
Lindinvent,Lindinvent,LB81-5125-TD401/9004,LB81-5125-TD401 Opening,State,SupplyAir,"VR-RUM/KONFERENS, 12p",5125,PLAN 8,f6d7eeed-b3bf-47ee-aa0f-0e8199da7292,58dfbb94-9f40-4cfd-a64b-5e00766c7db2,1.0,0.3,OK
Lindinvent,Lindinvent,LB81-5125-TD401/9070,LB81-5125-TD401 Room temperature,Temperature,IndoorAir,"VR-RUM/KONFERENS, 12p",5125,PLAN 8,d136fb1b-2c67-4892-9bf8-bcc0de3e7bfe,58dfbb94-9f40-4cfd-a64b-5e00766c7db2,22.3,0.3,OK
Lindinvent,Lindinvent,LB81-5125-TD401/9073,LB81-5125-TD401 Local room temperature,Temperature,IndoorAir,"VR-RUM/KONFERENS, 12p",5125,PLAN 8,028baee5-0f0b-48b5-80ee-00d3dc716ae3,58dfbb94-9f40-4cfd-a64b-5e00766c7db2,23.1,0.3,OK
Lindinvent,Lindinvent,LB81-5125-TD401/9084,LB81-5125-TD401 Local supply air flow,Flow,SupplyAir,"VR-RUM/KONFERENS, 12p",5125,PLAN 8,84effec5-6e1d-432b-b5a1-343571ef4123,58dfbb94-9f40-4cfd-a64b-5e00766c7db2,0.0,0.3,OK
Lindinvent,Lindinvent,LB81-5125-TD401/9090,LB81-5125-TD401 CO2,CO2,IndoorAir,"VR-RUM/KONFERENS, 12p",5125,PLAN 8,b6774277-0ed2-4fef-873e-55648b2d3049,58dfbb94-9f40-4cfd-a64b-5e00766c7db2,486.0,0.3,OK
Lindinvent,Lindinvent,LB81-5125-VFD101/-12,LB81-5125-VFD101 Supply air flow,Flow,SupplyAir,"VR-RUM/KONFERENS, 12p",5125,PLAN 8,2850831a-00ad-4cc5-a687-99305c7665a2,dca25057-81d9-4bc8-8005-97b8e17c5b50,0.0,0.3,OK
Lindinvent,Lindinvent,LB81-5125-VFD101/4151,LB81-5125-VFD101 Local presence,Presence,IndoorAir,"VR-RUM/KONFERENS, 12p",5125,PLAN 8,dfcb41e4-fe42-43c4-b49d-8eaf2221eacc,dca25057-81d9-4bc8-8005-97b8e17c5b50,0.0,0.3,OK
Lindinvent,Lindinvent,LB81-5125-VFD101/4152,LB81-5125-VFD101 Presence,Presence,IndoorAir,"VR-RUM/KONFERENS, 12p",5125,PLAN 8,aee6d7f9-031a-4ded-9383-ea53c876d09b,dca25057-81d9-4bc8-8005-97b8e17c5b50,0.0,0.3,OK
Lindinvent,Lindinvent,LB81-5125-VFD101/8006,LB81-5125-VFD101 Room temperature setpoint,CapabilityTypeSetpoint,IndoorAir,"VR-RUM/KONFERENS, 12p",5125,PLAN 8,2fc4f7cf-4082-4469-a836-a92d28ad6ea0,dca25057-81d9-4bc8-8005-97b8e17c5b50,22.5,0.3,OK
Lindinvent,Lindinvent,LB81-5125-VFD101/8009,LB81-5125-VFD101 CO2 setpoint,CapabilityTypeSetpoint,IndoorAir,"VR-RUM/KONFERENS, 12p",5125,PLAN 8,7ce7d64f-90c6-49e0-a107-50a30f8a2dcf,dca25057-81d9-4bc8-8005-97b8e17c5b50,800.0,0.3,OK
Lindinvent,Lindinvent,LB81-5125-VFD101/9004,LB81-5125-VFD101 Opening,State,SupplyAir,"VR-RUM/KONFERENS, 12p",5125,PLAN 8,13c166e8-3fe5-4e1b-a7d4-1752557b0e4a,dca25057-81d9-4bc8-8005-97b8e17c5b50,16.0,0.3,OK
Lindinvent,Lindinvent,LB81-5125-VFD101/9070,LB81-5125-VFD101 Room temperature,Temperature,IndoorAir,"VR-RUM/KONFERENS, 12p",5125,PLAN 8,b580780b-b7a2-4cb8-b796-11cd1619084c,dca25057-81d9-4bc8-8005-97b8e17c5b50,22.3,0.3,OK
Lindinvent,Lindinvent,LB81-5125-VFD101/9090,LB81-5125-VFD101 CO2,CO2,IndoorAir,"VR-RUM/KONFERENS, 12p",5125,PLAN 8,2b9cc4bf-32c1-4e3b-b43e-510e6bd4d987,dca25057-81d9-4bc8-8005-97b8e17c5b50,488.0,0.3,OK
Lindinvent,Lindinvent,LB81-5125-VFD102/-12,LB81-5125-VFD102 Supply air flow,Flow,SupplyAir,"VR-RUM/KONFERENS, 12p",5125,PLAN 8,7c3e9da1-5962-4193-a72b-1d36d30cdbe2,9cb36d6d-6429-4bf8-b875-10c4fd3161e4,0.0,0.3,OK
Lindinvent,Lindinvent,LB81-5125-VFD102/4151,LB81-5125-VFD102 Local presence,Presence,IndoorAir,"VR-RUM/KONFERENS, 12p",5125,PLAN 8,599ed3d7-c34e-47e4-8458-f3e175bed27a,9cb36d6d-6429-4bf8-b875-10c4fd3161e4,0.0,0.3,OK
Lindinvent,Lindinvent,LB81-5125-VFD102/4152,LB81-5125-VFD102 Presence,Presence,IndoorAir,"VR-RUM/KONFERENS, 12p",5125,PLAN 8,e2ac8c82-7333-45d4-a592-355f9f162b9b,9cb36d6d-6429-4bf8-b875-10c4fd3161e4,0.0,0.3,OK
Lindinvent,Lindinvent,LB81-5125-VFD102/8006,LB81-5125-VFD102 Room temperature setpoint,CapabilityTypeSetpoint,IndoorAir,"VR-RUM/KONFERENS, 12p",5125,PLAN 8,fb280f37-1308-4e82-8699-0d02607c131f,9cb36d6d-6429-4bf8-b875-10c4fd3161e4,22.5,0.3,OK
Lindinvent,Lindinvent,LB81-5125-VFD102/8009,LB81-5125-VFD102 CO2 setpoint,CapabilityTypeSetpoint,IndoorAir,"VR-RUM/KONFERENS, 12p",5125,PLAN 8,c0399125-e8cc-47b9-8d92-c363a7d8e4a6,9cb36d6d-6429-4bf8-b875-10c4fd3161e4,800.0,0.3,OK
Lindinvent,Lindinvent,LB81-5125-VFD102/9004,LB81-5125-VFD102 Opening,State,SupplyAir,"VR-RUM/KONFERENS, 12p",5125,PLAN 8,3056bc1d-d0b2-4dc6-99c6-77205d740f4f,9cb36d6d-6429-4bf8-b875-10c4fd3161e4,16.0,0.3,OK
Lindinvent,Lindinvent,LB81-5125-VFD102/9070,LB81-5125-VFD102 Room temperature,Temperature,IndoorAir,"VR-RUM/KONFERENS, 12p",5125,PLAN 8,d3e710db-5cbb-4074-92f2-bca59b6f45d3,9cb36d6d-6429-4bf8-b875-10c4fd3161e4,22.3,0.3,OK
Lindinvent,Lindinvent,LB81-5125-VFD102/9090,LB81-5125-VFD102 CO2,CO2,IndoorAir,"VR-RUM/KONFERENS, 12p",5125,PLAN 8,0f4acb6a-7369-46a4-8a31-60a1e4df2057,9cb36d6d-6429-4bf8-b875-10c4fd3161e4,488.0,0.3,OK
Lindinvent,Lindinvent,LB81-5125-VFD103/-12,LB81-5125-VFD103 Supply air flow,Flow,SupplyAir,"VR-RUM/KONFERENS, 12p",5125,PLAN 8,600e4553-5028-47cb-b9f1-4d907ceb8b84,b1cc165c-4806-449a-a45d-659d4ae13afd,1.0,0.3,OK
Lindinvent,Lindinvent,LB81-5125-VFD103/4151,LB81-5125-VFD103 Local presence,Presence,IndoorAir,"VR-RUM/KONFERENS, 12p",5125,PLAN 8,385208eb-9f6e-4864-9bc4-6e1b9c846c66,b1cc165c-4806-449a-a45d-659d4ae13afd,0.0,0.3,OK
Lindinvent,Lindinvent,LB81-5125-VFD103/4152,LB81-5125-VFD103 Presence,Presence,IndoorAir,"VR-RUM/KONFERENS, 12p",5125,PLAN 8,c413eef4-a1a9-498e-b7fa-11b0690ddf5a,b1cc165c-4806-449a-a45d-659d4ae13afd,0.0,0.3,OK
Lindinvent,Lindinvent,LB81-5125-VFD103/8006,LB81-5125-VFD103 Room temperature setpoint,CapabilityTypeSetpoint,IndoorAir,"VR-RUM/KONFERENS, 12p",5125,PLAN 8,6dd4b347-9286-411b-a219-97386095e1ad,b1cc165c-4806-449a-a45d-659d4ae13afd,22.5,0.3,OK
Lindinvent,Lindinvent,LB81-5125-VFD103/8009,LB81-5125-VFD103 CO2 setpoint,CapabilityTypeSetpoint,IndoorAir,"VR-RUM/KONFERENS, 12p",5125,PLAN 8,cc923815-1422-4326-9b2e-9ddd65b8099c,b1cc165c-4806-449a-a45d-659d4ae13afd,800.0,0.3,OK
Lindinvent,Lindinvent,LB81-5125-VFD103/9004,LB81-5125-VFD103 Opening,State,SupplyAir,"VR-RUM/KONFERENS, 12p",5125,PLAN 8,1ecfc182-891b-4706-8270-f87a8d8194aa,b1cc165c-4806-449a-a45d-659d4ae13afd,16.0,0.3,OK
Lindinvent,Lindinvent,LB81-5125-VFD103/9070,LB81-5125-VFD103 Room temperature,Temperature,IndoorAir,"VR-RUM/KONFERENS, 12p",5125,PLAN 8,2788c2d9-c261-48fb-9417-b579e4e98531,b1cc165c-4806-449a-a45d-659d4ae13afd,22.3,0.3,OK
Lindinvent,Lindinvent,LB81-5125-VFD103/9090,LB81-5125-VFD103 CO2,CO2,IndoorAir,"VR-RUM/KONFERENS, 12p",5125,PLAN 8,901d8753-ee9c-421d-a2e3-5520006bde1d,b1cc165c-4806-449a-a45d-659d4ae13afd,487.0,0.3,OK
Lindinvent,Lindinvent,LB81-5125-VFD104/-12,LB81-5125-VFD104 Supply air flow,Flow,SupplyAir,"VR-RUM/KONFERENS, 12p",5125,PLAN 8,711b786d-7935-4ec4-ae4a-26b73052a0ff,a0726fcc-35d2-44d8-ac67-7f819db9b37c,0.0,0.3,OK
Lindinvent,Lindinvent,LB81-5125-VFD104/4151,LB81-5125-VFD104 Local presence,Presence,IndoorAir,"VR-RUM/KONFERENS, 12p",5125,PLAN 8,44fb3456-e4be-424f-ba1a-ea15c256863c,a0726fcc-35d2-44d8-ac67-7f819db9b37c,0.0,0.3,OK
Lindinvent,Lindinvent,LB81-5125-VFD104/4152,LB81-5125-VFD104 Presence,Presence,IndoorAir,"VR-RUM/KONFERENS, 12p",5125,PLAN 8,b1895c98-28d8-4465-8436-288d53d4c04d,a0726fcc-35d2-44d8-ac67-7f819db9b37c,0.0,0.3,OK
Lindinvent,Lindinvent,LB81-5125-VFD104/8006,LB81-5125-VFD104 Room temperature setpoint,CapabilityTypeSetpoint,IndoorAir,"VR-RUM/KONFERENS, 12p",5125,PLAN 8,a37b0270-4f60-4339-8202-11233f1fdd3f,a0726fcc-35d2-44d8-ac67-7f819db9b37c,22.5,0.3,OK
Lindinvent,Lindinvent,LB81-5125-VFD104/8009,LB81-5125-VFD104 CO2 setpoint,CapabilityTypeSetpoint,IndoorAir,"VR-RUM/KONFERENS, 12p",5125,PLAN 8,115c3d26-4ab7-4382-9f50-ef4bd870f38f,a0726fcc-35d2-44d8-ac67-7f819db9b37c,800.0,0.3,OK
Lindinvent,Lindinvent,LB81-5125-VFD104/9004,LB81-5125-VFD104 Opening,State,SupplyAir,"VR-RUM/KONFERENS, 12p",5125,PLAN 8,005e8a02-2826-48d6-9134-3fe52b8408c5,a0726fcc-35d2-44d8-ac67-7f819db9b37c,16.0,0.3,OK
Lindinvent,Lindinvent,LB81-5125-VFD104/9070,LB81-5125-VFD104 Room temperature,Temperature,IndoorAir,"VR-RUM/KONFERENS, 12p",5125,PLAN 8,5dc5ec34-accc-44c3-9d99-54f85b79219c,a0726fcc-35d2-44d8-ac67-7f819db9b37c,22.3,0.3,OK
Lindinvent,Lindinvent,LB81-5125-VFD104/9090,LB81-5125-VFD104 CO2,CO2,IndoorAir,"VR-RUM/KONFERENS, 12p",5125,PLAN 8,9f024931-4005-4094-8b3e-c311a024d382,a0726fcc-35d2-44d8-ac67-7f819db9b37c,488.0,0.3,OK
Lindinvent,Lindinvent,LB81-5126-VFD101/-12,LB81-5126-VFD101 Supply air flow,Flow,SupplyAir,PASSAGE,5126,PLAN 8,6fb4a8e4-15c5-4c81-9b15-bbde2a48b910,fee81573-9f31-41eb-85d9-add2eec27f1f,0.0,0.3,OK
Lindinvent,Lindinvent,LB81-5126-VFD101/4151,LB81-5126-VFD101 Local presence,Presence,IndoorAir,PASSAGE,5126,PLAN 8,66aeb0e7-f525-41bc-8543-449870e45598,fee81573-9f31-41eb-85d9-add2eec27f1f,1.0,0.3,OK
Lindinvent,Lindinvent,LB81-5126-VFD101/4152,LB81-5126-VFD101 Presence,Presence,IndoorAir,PASSAGE,5126,PLAN 8,b6714c92-bee8-43b9-b7ff-f9cb85b7e758,fee81573-9f31-41eb-85d9-add2eec27f1f,1.0,0.3,OK
Lindinvent,Lindinvent,LB81-5126-VFD101/8006,LB81-5126-VFD101 Room temperature setpoint,CapabilityTypeSetpoint,IndoorAir,PASSAGE,5126,PLAN 8,31f615a6-a65d-45c2-a086-cc423059ee01,fee81573-9f31-41eb-85d9-add2eec27f1f,22.5,0.3,OK
Lindinvent,Lindinvent,LB81-5126-VFD101/9004,LB81-5126-VFD101 Opening,State,SupplyAir,PASSAGE,5126,PLAN 8,1991a870-b551-41fd-a5ba-9d137f17c69c,fee81573-9f31-41eb-85d9-add2eec27f1f,16.0,0.3,OK
Lindinvent,Lindinvent,LB81-5126-VFD101/9070,LB81-5126-VFD101 Room temperature,Temperature,IndoorAir,PASSAGE,5126,PLAN 8,cfc7ea80-8ba3-4e59-b8db-5e0b605d21fd,fee81573-9f31-41eb-85d9-add2eec27f1f,21.1,0.3,OK
Lindinvent,Lindinvent,LB81-5130-VFD101/-12,LB81-5130-VFD101 Supply air flow,Flow,SupplyAir,STORKONTOR,5130,PLAN 8,fecc624a-3c33-41ae-8972-4b71f8924a79,b4484f13-4764-4a79-b125-e8d0fec29c15,1.0,0.3,OK
Lindinvent,Lindinvent,LB81-5130-VFD101/4151,LB81-5130-VFD101 Local presence,Presence,IndoorAir,STORKONTOR,5130,PLAN 8,3b872bc9-2ff6-4b18-8e4a-6a689f956d0e,b4484f13-4764-4a79-b125-e8d0fec29c15,0.0,0.3,OK
Lindinvent,Lindinvent,LB81-5130-VFD101/4152,LB81-5130-VFD101 Presence,Presence,IndoorAir,STORKONTOR,5130,PLAN 8,1b47c121-8afa-4f29-b0a5-8643b7ae4a0c,b4484f13-4764-4a79-b125-e8d0fec29c15,0.0,0.3,OK
Lindinvent,Lindinvent,LB81-5130-VFD101/8006,LB81-5130-VFD101 Room temperature setpoint,CapabilityTypeSetpoint,IndoorAir,STORKONTOR,5130,PLAN 8,7f41b521-cd8e-48df-a6a9-8f386f38a6fc,b4484f13-4764-4a79-b125-e8d0fec29c15,22.0,0.3,OK
Lindinvent,Lindinvent,LB81-5130-VFD101/8009,LB81-5130-VFD101 CO2 setpoint,CapabilityTypeSetpoint,IndoorAir,STORKONTOR,5130,PLAN 8,81bbb20d-1926-48ea-b490-3e4952b63ca3,b4484f13-4764-4a79-b125-e8d0fec29c15,800.0,0.3,OK
Lindinvent,Lindinvent,LB81-5130-VFD101/9004,LB81-5130-VFD101 Opening,State,SupplyAir,STORKONTOR,5130,PLAN 8,a84b4309-9cb8-424a-bb95-27d36e93f499,b4484f13-4764-4a79-b125-e8d0fec29c15,16.0,0.3,OK
Lindinvent,Lindinvent,LB81-5130-VFD101/9070,LB81-5130-VFD101 Room temperature,Temperature,IndoorAir,STORKONTOR,5130,PLAN 8,275582f1-de96-4d51-8a47-cbf4a75af038,b4484f13-4764-4a79-b125-e8d0fec29c15,22.7,0.3,OK
Lindinvent,Lindinvent,LB81-5130-VFD101/9090,LB81-5130-VFD101 CO2,CO2,IndoorAir,STORKONTOR,5130,PLAN 8,9598516c-ee00-4af7-83d0-5fd61554713b,b4484f13-4764-4a79-b125-e8d0fec29c15,486.0,0.3,OK
Lindinvent,Lindinvent,LB81-5130-VFD102/-12,LB81-5130-VFD102 Supply air flow,Flow,SupplyAir,STORKONTOR,5130,PLAN 8,3a15e366-ea99-49a5-a2bf-8b9234c1fd3d,3e7ef7e2-f28f-4406-b1df-940125d0e959,0.0,0.3,OK
Lindinvent,Lindinvent,LB81-5130-VFD102/4151,LB81-5130-VFD102 Local presence,Presence,IndoorAir,STORKONTOR,5130,PLAN 8,a3cb5a96-e8b9-421c-94db-338887c02a91,3e7ef7e2-f28f-4406-b1df-940125d0e959,0.0,0.3,OK
Lindinvent,Lindinvent,LB81-5130-VFD102/4152,LB81-5130-VFD102 Presence,Presence,IndoorAir,STORKONTOR,5130,PLAN 8,092c72ec-7322-4a01-bca8-06812e149138,3e7ef7e2-f28f-4406-b1df-940125d0e959,0.0,0.3,OK
Lindinvent,Lindinvent,LB81-5130-VFD102/8006,LB81-5130-VFD102 Room temperature setpoint,CapabilityTypeSetpoint,IndoorAir,STORKONTOR,5130,PLAN 8,7721d97e-f04d-43f2-aa0e-c057328cbb43,3e7ef7e2-f28f-4406-b1df-940125d0e959,22.0,0.3,OK
Lindinvent,Lindinvent,LB81-5130-VFD102/8009,LB81-5130-VFD102 CO2 setpoint,CapabilityTypeSetpoint,IndoorAir,STORKONTOR,5130,PLAN 8,0ac2894c-7d79-4ca1-a752-2fb3b884cec9,3e7ef7e2-f28f-4406-b1df-940125d0e959,800.0,0.3,OK
Lindinvent,Lindinvent,LB81-5130-VFD102/9004,LB81-5130-VFD102 Opening,State,SupplyAir,STORKONTOR,5130,PLAN 8,b824f805-5f63-4f30-b8e8-c47f964e5873,3e7ef7e2-f28f-4406-b1df-940125d0e959,16.0,0.3,OK
Lindinvent,Lindinvent,LB81-5130-VFD102/9070,LB81-5130-VFD102 Room temperature,Temperature,IndoorAir,STORKONTOR,5130,PLAN 8,5cd26303-0580-424c-b73e-85b58eb429e4,3e7ef7e2-f28f-4406-b1df-940125d0e959,22.7,0.3,OK
Lindinvent,Lindinvent,LB81-5130-VFD102/9090,LB81-5130-VFD102 CO2,CO2,IndoorAir,STORKONTOR,5130,PLAN 8,f27d1703-345f-41f0-8c10-00eb8fe55788,3e7ef7e2-f28f-4406-b1df-940125d0e959,487.0,0.3,OK
Lindinvent,Lindinvent,LB81-5130-VFD103/-12,LB81-5130-VFD103 Supply air flow,Flow,SupplyAir,STORKONTOR,5130,PLAN 8,dbc51909-e3eb-4332-903c-5e2a9563e0ed,ab816dfc-dfec-4f48-86fa-2112aa54fae6,1.0,0.3,OK
Lindinvent,Lindinvent,LB81-5130-VFD103/4151,LB81-5130-VFD103 Local presence,Presence,IndoorAir,STORKONTOR,5130,PLAN 8,5835606c-5a4f-4591-adf2-2f42e9a874a0,ab816dfc-dfec-4f48-86fa-2112aa54fae6,0.0,0.3,OK
Lindinvent,Lindinvent,LB81-5130-VFD103/4152,LB81-5130-VFD103 Presence,Presence,IndoorAir,STORKONTOR,5130,PLAN 8,81afff24-c08d-47c0-a24a-9e4c3b40a2e5,ab816dfc-dfec-4f48-86fa-2112aa54fae6,0.0,0.3,OK
Lindinvent,Lindinvent,LB81-5130-VFD103/8006,LB81-5130-VFD103 Room temperature setpoint,CapabilityTypeSetpoint,IndoorAir,STORKONTOR,5130,PLAN 8,e1d51af8-c4bd-49a0-9ea0-39da61060ebb,ab816dfc-dfec-4f48-86fa-2112aa54fae6,22.0,0.3,OK
Lindinvent,Lindinvent,LB81-5130-VFD103/8009,LB81-5130-VFD103 CO2 setpoint,CapabilityTypeSetpoint,IndoorAir,STORKONTOR,5130,PLAN 8,4efff472-e09d-42cf-9f40-16bb51030b6c,ab816dfc-dfec-4f48-86fa-2112aa54fae6,800.0,0.3,OK
Lindinvent,Lindinvent,LB81-5130-VFD103/9004,LB81-5130-VFD103 Opening,State,SupplyAir,STORKONTOR,5130,PLAN 8,091782cc-c9ab-4185-8b03-fbd44be74182,ab816dfc-dfec-4f48-86fa-2112aa54fae6,16.0,0.3,OK
Lindinvent,Lindinvent,LB81-5130-VFD103/9070,LB81-5130-VFD103 Room temperature,Temperature,IndoorAir,STORKONTOR,5130,PLAN 8,c15eff19-3b7a-438c-8b24-920176d5d35a,ab816dfc-dfec-4f48-86fa-2112aa54fae6,22.7,0.3,OK
Lindinvent,Lindinvent,LB81-5130-VFD103/9090,LB81-5130-VFD103 CO2,CO2,IndoorAir,STORKONTOR,5130,PLAN 8,bec463c6-e90c-4bbe-adf7-0219aa1d69e6,ab816dfc-dfec-4f48-86fa-2112aa54fae6,486.0,0.3,OK
Lindinvent,Lindinvent,LB81-5130-VFD104/-12,LB81-5130-VFD104 Supply air flow,Flow,SupplyAir,STORKONTOR,5130,PLAN 8,c411e333-022b-40e5-a741-637b4f351617,bf0b2a45-c7de-4240-915e-347719ec85e4,1.0,0.3,OK
Lindinvent,Lindinvent,LB81-5130-VFD104/4151,LB81-5130-VFD104 Local presence,Presence,IndoorAir,STORKONTOR,5130,PLAN 8,74d87a03-2c9e-460e-84e5-59d1ece8bf24,bf0b2a45-c7de-4240-915e-347719ec85e4,0.0,0.3,OK
Lindinvent,Lindinvent,LB81-5130-VFD104/4152,LB81-5130-VFD104 Presence,Presence,IndoorAir,STORKONTOR,5130,PLAN 8,b1b0df55-f2db-48ed-8435-9337c1d47166,bf0b2a45-c7de-4240-915e-347719ec85e4,0.0,0.3,OK
Lindinvent,Lindinvent,LB81-5130-VFD104/8006,LB81-5130-VFD104 Room temperature setpoint,CapabilityTypeSetpoint,IndoorAir,STORKONTOR,5130,PLAN 8,07694c6d-cae5-4fad-a4a1-615007ccc9a7,bf0b2a45-c7de-4240-915e-347719ec85e4,22.0,0.3,OK
Lindinvent,Lindinvent,LB81-5130-VFD104/8009,LB81-5130-VFD104 CO2 setpoint,CapabilityTypeSetpoint,IndoorAir,STORKONTOR,5130,PLAN 8,f36f527e-c160-4971-92f9-fa7567d08aad,bf0b2a45-c7de-4240-915e-347719ec85e4,800.0,0.3,OK
Lindinvent,Lindinvent,LB81-5130-VFD104/9004,LB81-5130-VFD104 Opening,State,SupplyAir,STORKONTOR,5130,PLAN 8,0cba7383-a524-41b6-a671-0d62f6ed8737,bf0b2a45-c7de-4240-915e-347719ec85e4,16.0,0.3,OK
Lindinvent,Lindinvent,LB81-5130-VFD104/9070,LB81-5130-VFD104 Room temperature,Temperature,IndoorAir,STORKONTOR,5130,PLAN 8,e59d2b1e-7be2-4adb-a154-b52e8ce0a009,bf0b2a45-c7de-4240-915e-347719ec85e4,22.7,0.3,OK
Lindinvent,Lindinvent,LB81-5130-VFD104/9090,LB81-5130-VFD104 CO2,CO2,IndoorAir,STORKONTOR,5130,PLAN 8,f0274189-3eb0-4b7e-a62b-d1611776dc2f,bf0b2a45-c7de-4240-915e-347719ec85e4,486.0,0.3,OK
Lindinvent,Lindinvent,LB81-5130-VFD105/-12,LB81-5130-VFD105 Supply air flow,Flow,SupplyAir,STORKONTOR,5130,PLAN 8,3cecabf0-7ebd-4b70-97a2-2643bf328bea,86fffa6f-8ae4-4092-9936-95f40d4e57d0,0.0,0.3,OK
Lindinvent,Lindinvent,LB81-5130-VFD105/4151,LB81-5130-VFD105 Local presence,Presence,IndoorAir,STORKONTOR,5130,PLAN 8,5169eb9a-8618-4432-9ae5-aa430ce15155,86fffa6f-8ae4-4092-9936-95f40d4e57d0,0.0,0.3,OK
Lindinvent,Lindinvent,LB81-5130-VFD105/4152,LB81-5130-VFD105 Presence,Presence,IndoorAir,STORKONTOR,5130,PLAN 8,6b824bdd-822a-45b5-972e-0411c88b1f02,86fffa6f-8ae4-4092-9936-95f40d4e57d0,0.0,0.3,OK
Lindinvent,Lindinvent,LB81-5130-VFD105/8006,LB81-5130-VFD105 Room temperature setpoint,CapabilityTypeSetpoint,IndoorAir,STORKONTOR,5130,PLAN 8,4839ba3d-06bd-4bb6-b870-8646a1a6ceff,86fffa6f-8ae4-4092-9936-95f40d4e57d0,22.0,0.3,OK
Lindinvent,Lindinvent,LB81-5130-VFD105/8009,LB81-5130-VFD105 CO2 setpoint,CapabilityTypeSetpoint,IndoorAir,STORKONTOR,5130,PLAN 8,f7e203e9-77cb-4812-a310-052a48016c4c,86fffa6f-8ae4-4092-9936-95f40d4e57d0,800.0,0.3,OK
Lindinvent,Lindinvent,LB81-5130-VFD105/9004,LB81-5130-VFD105 Opening,State,SupplyAir,STORKONTOR,5130,PLAN 8,4b881536-6beb-4755-b095-35e4ae5d5e25,86fffa6f-8ae4-4092-9936-95f40d4e57d0,16.0,0.3,OK
Lindinvent,Lindinvent,LB81-5130-VFD105/9070,LB81-5130-VFD105 Room temperature,Temperature,IndoorAir,STORKONTOR,5130,PLAN 8,0f1f30c0-2ded-413b-8055-d0c48d541024,86fffa6f-8ae4-4092-9936-95f40d4e57d0,22.7,0.3,OK
Lindinvent,Lindinvent,LB81-5130-VFD105/9090,LB81-5130-VFD105 CO2,CO2,IndoorAir,STORKONTOR,5130,PLAN 8,3b54b14c-d571-4e81-9e93-e2e7b4a77c05,86fffa6f-8ae4-4092-9936-95f40d4e57d0,486.0,0.3,OK
Lindinvent,Lindinvent,LB81-5130-VFD106/-12,LB81-5130-VFD106 Supply air flow,Flow,SupplyAir,STORKONTOR,5130,PLAN 8,4f6b3d07-4022-4a33-829c-867a414e4143,5ecd2895-c695-44fd-94e8-b046c728c9fe,1.0,0.3,OK
Lindinvent,Lindinvent,LB81-5130-VFD106/4151,LB81-5130-VFD106 Local presence,Presence,IndoorAir,STORKONTOR,5130,PLAN 8,fea74a97-0043-4a0c-9c98-3b1e9d0bfc0f,5ecd2895-c695-44fd-94e8-b046c728c9fe,0.0,0.3,OK
Lindinvent,Lindinvent,LB81-5130-VFD106/4152,LB81-5130-VFD106 Presence,Presence,IndoorAir,STORKONTOR,5130,PLAN 8,1f884b0d-6360-4fbf-9a84-c9c571df6ee1,5ecd2895-c695-44fd-94e8-b046c728c9fe,0.0,0.3,OK
Lindinvent,Lindinvent,LB81-5130-VFD106/8006,LB81-5130-VFD106 Room temperature setpoint,CapabilityTypeSetpoint,IndoorAir,STORKONTOR,5130,PLAN 8,b0a5b6b1-064c-447b-bd3b-dce241f784b4,5ecd2895-c695-44fd-94e8-b046c728c9fe,22.0,0.3,OK
Lindinvent,Lindinvent,LB81-5130-VFD106/8009,LB81-5130-VFD106 CO2 setpoint,CapabilityTypeSetpoint,IndoorAir,STORKONTOR,5130,PLAN 8,5d5d4f5d-0deb-4ec6-a622-0088e8bef483,5ecd2895-c695-44fd-94e8-b046c728c9fe,800.0,0.3,OK
Lindinvent,Lindinvent,LB81-5130-VFD106/9004,LB81-5130-VFD106 Opening,State,SupplyAir,STORKONTOR,5130,PLAN 8,721b8fc5-fa86-47cc-8a12-450ec0ec00e9,5ecd2895-c695-44fd-94e8-b046c728c9fe,16.0,0.3,OK
Lindinvent,Lindinvent,LB81-5130-VFD106/9070,LB81-5130-VFD106 Room temperature,Temperature,IndoorAir,STORKONTOR,5130,PLAN 8,78360315-dfd3-41b5-893f-b2e1fadfaba1,5ecd2895-c695-44fd-94e8-b046c728c9fe,22.7,0.3,OK
Lindinvent,Lindinvent,LB81-5130-VFD106/9090,LB81-5130-VFD106 CO2,CO2,IndoorAir,STORKONTOR,5130,PLAN 8,5fcc1379-923b-4c47-8046-46a78a3e9f0c,5ecd2895-c695-44fd-94e8-b046c728c9fe,486.0,0.3,OK
Lindinvent,Lindinvent,LB81-5130-VFD107/-12,LB81-5130-VFD107 Supply air flow,Flow,SupplyAir,STORKONTOR,5130,PLAN 8,f8af72e3-9465-4665-a464-35c61116722e,95b165c3-16ce-45ba-a106-b7c91474e593,0.0,0.3,OK
Lindinvent,Lindinvent,LB81-5130-VFD107/4151,LB81-5130-VFD107 Local presence,Presence,IndoorAir,STORKONTOR,5130,PLAN 8,09347e65-9fcd-4af2-98aa-32f6942b1e90,95b165c3-16ce-45ba-a106-b7c91474e593,0.0,0.3,OK
Lindinvent,Lindinvent,LB81-5130-VFD107/4152,LB81-5130-VFD107 Presence,Presence,IndoorAir,STORKONTOR,5130,PLAN 8,4864b574-8ce3-481b-993a-7ce0b9fcaef6,95b165c3-16ce-45ba-a106-b7c91474e593,0.0,0.3,OK
Lindinvent,Lindinvent,LB81-5130-VFD107/8006,LB81-5130-VFD107 Room temperature setpoint,CapabilityTypeSetpoint,IndoorAir,STORKONTOR,5130,PLAN 8,f9e72613-4916-474a-bb67-05bf95938034,95b165c3-16ce-45ba-a106-b7c91474e593,22.0,0.3,OK
Lindinvent,Lindinvent,LB81-5130-VFD107/8009,LB81-5130-VFD107 CO2 setpoint,CapabilityTypeSetpoint,IndoorAir,STORKONTOR,5130,PLAN 8,4baf41d0-6600-4966-9e30-0179868761ce,95b165c3-16ce-45ba-a106-b7c91474e593,800.0,0.3,OK
Lindinvent,Lindinvent,LB81-5130-VFD107/9004,LB81-5130-VFD107 Opening,State,SupplyAir,STORKONTOR,5130,PLAN 8,53b1f79c-5dd4-47d7-bc11-8a37843069b3,95b165c3-16ce-45ba-a106-b7c91474e593,16.0,0.3,OK
Lindinvent,Lindinvent,LB81-5130-VFD107/9070,LB81-5130-VFD107 Room temperature,Temperature,IndoorAir,STORKONTOR,5130,PLAN 8,52b8cd0a-ef3f-4ae0-9cfc-12b1a883be78,95b165c3-16ce-45ba-a106-b7c91474e593,22.7,0.3,OK
Lindinvent,Lindinvent,LB81-5130-VFD107/9090,LB81-5130-VFD107 CO2,CO2,IndoorAir,STORKONTOR,5130,PLAN 8,2d43ac5b-31ab-4f18-bf0f-1d9aab9c709c,95b165c3-16ce-45ba-a106-b7c91474e593,486.0,0.3,OK
Lindinvent,Lindinvent,LB81-5130-VFD108/-12,LB81-5130-VFD108 Supply air flow,Flow,SupplyAir,STORKONTOR,5130,PLAN 8,2a068a99-0c10-4657-8447-55612bd5375a,75b9e20a-6313-48f2-9cc7-ea79db4bdd17,0.0,0.3,OK
Lindinvent,Lindinvent,LB81-5130-VFD108/4151,LB81-5130-VFD108 Local presence,Presence,IndoorAir,STORKONTOR,5130,PLAN 8,3c48db57-a4cc-4af2-afaf-ee0739c7db29,75b9e20a-6313-48f2-9cc7-ea79db4bdd17,0.0,0.3,OK
Lindinvent,Lindinvent,LB81-5130-VFD108/4152,LB81-5130-VFD108 Presence,Presence,IndoorAir,STORKONTOR,5130,PLAN 8,8cab0568-fb53-43e1-b04f-84cd6b8a571f,75b9e20a-6313-48f2-9cc7-ea79db4bdd17,0.0,0.3,OK
Lindinvent,Lindinvent,LB81-5130-VFD108/8006,LB81-5130-VFD108 Room temperature setpoint,CapabilityTypeSetpoint,IndoorAir,STORKONTOR,5130,PLAN 8,58f62a4d-ad63-4fd1-a7ad-06cb03f3abd1,75b9e20a-6313-48f2-9cc7-ea79db4bdd17,22.0,0.3,OK
Lindinvent,Lindinvent,LB81-5130-VFD108/8009,LB81-5130-VFD108 CO2 setpoint,CapabilityTypeSetpoint,IndoorAir,STORKONTOR,5130,PLAN 8,7e3b953e-cc0f-4ed3-be32-91f731676efd,75b9e20a-6313-48f2-9cc7-ea79db4bdd17,800.0,0.3,OK
Lindinvent,Lindinvent,LB81-5130-VFD108/9004,LB81-5130-VFD108 Opening,State,SupplyAir,STORKONTOR,5130,PLAN 8,29912b6a-3b33-4f4e-ad6d-c2d77878fc6d,75b9e20a-6313-48f2-9cc7-ea79db4bdd17,16.0,0.3,OK
Lindinvent,Lindinvent,LB81-5130-VFD108/9070,LB81-5130-VFD108 Room temperature,Temperature,IndoorAir,STORKONTOR,5130,PLAN 8,d8c3a6d5-9609-4c2a-b1ed-c276933c70c7,75b9e20a-6313-48f2-9cc7-ea79db4bdd17,22.7,0.3,OK
Lindinvent,Lindinvent,LB81-5130-VFD108/9090,LB81-5130-VFD108 CO2,CO2,IndoorAir,STORKONTOR,5130,PLAN 8,acc25d5b-7bd7-416f-98ff-eff825bca8a8,75b9e20a-6313-48f2-9cc7-ea79db4bdd17,486.0,0.3,OK
Lindinvent,Lindinvent,LB81-5147-VFD101/-12,LB81-5147-VFD101 Supply air flow,Flow,SupplyAir,,5147,PLAN 8,291da8bb-5ba2-44c3-9e6e-195ba3858001,4bfd69da-84e3-4204-9233-1ecda9b44b5c,1.0,0.3,OK
Lindinvent,Lindinvent,LB81-5147-VFD101/4151,LB81-5147-VFD101 Local presence,Presence,IndoorAir,,5147,PLAN 8,6c42bc2d-4d67-458d-8f46-e3f8980a2fe2,4bfd69da-84e3-4204-9233-1ecda9b44b5c,1.0,0.3,OK
Lindinvent,Lindinvent,LB81-5147-VFD101/4152,LB81-5147-VFD101 Presence,Presence,IndoorAir,,5147,PLAN 8,03d29521-d87b-4f18-a1e9-062fd9840cbc,4bfd69da-84e3-4204-9233-1ecda9b44b5c,1.0,0.3,OK
Lindinvent,Lindinvent,LB81-5147-VFD101/8006,LB81-5147-VFD101 Room temperature setpoint,CapabilityTypeSetpoint,IndoorAir,,5147,PLAN 8,513f7544-9b4e-4461-9866-78ba34e51f5b,4bfd69da-84e3-4204-9233-1ecda9b44b5c,22.5,0.3,OK
Lindinvent,Lindinvent,LB81-5147-VFD101/9004,LB81-5147-VFD101 Opening,State,SupplyAir,,5147,PLAN 8,04951bde-a077-493e-8205-7e8cd03c3e06,4bfd69da-84e3-4204-9233-1ecda9b44b5c,16.0,0.3,OK
Lindinvent,Lindinvent,LB81-5147-VFD101/9070,LB81-5147-VFD101 Room temperature,Temperature,IndoorAir,,5147,PLAN 8,ddff77ab-3fb2-4ff6-be15-0ad0fc384b69,4bfd69da-84e3-4204-9233-1ecda9b44b5c,22.3,0.3,OK
Lindinvent,Lindinvent,LB81-5148A-HD101/8006,LB81-5148A-HD101 Room temperature setpoint,CapabilityTypeSetpoint,IndoorAir,KONTOR,5148A,PLAN 8,0a96a831-0ba1-44ae-b6ba-dafa493602f3,cb804d5d-c9c0-4b47-9ad0-884eb7a1a33b,22.0,0.3,OK
Lindinvent,Lindinvent,LB81-5148A-HD101/9070,LB81-5148A-HD101 Room temperature,Temperature,IndoorAir,KONTOR,5148A,PLAN 8,e01ce4c0-5b2c-4ee1-83b9-b1adb59b761a,cb804d5d-c9c0-4b47-9ad0-884eb7a1a33b,22.7,0.3,OK
Lindinvent,Lindinvent,LB81-5148A-HD102/8006,LB81-5148A-HD102 Room temperature setpoint,CapabilityTypeSetpoint,IndoorAir,KONTOR,5148A,PLAN 8,d2017eca-875a-40ce-abb1-c28c79003546,73e02602-fcba-4c9f-adac-bdce8f4b12ba,22.0,0.3,OK
Lindinvent,Lindinvent,LB81-5148A-HD102/9070,LB81-5148A-HD102 Room temperature,Temperature,IndoorAir,KONTOR,5148A,PLAN 8,52b0daaa-fb35-45e8-8066-156852d7e642,73e02602-fcba-4c9f-adac-bdce8f4b12ba,22.7,0.3,OK
Lindinvent,Lindinvent,LB81-5148A-TD401/4152,LB81-5148A-TD401 Presence,Presence,IndoorAir,KONTOR,5148A,PLAN 8,3e02a840-3afb-4f99-bcea-40544f252763,fd386f9e-cc44-4157-8614-2ebfd5ced552,0.0,0.3,OK
Lindinvent,Lindinvent,LB81-5148A-TD401/8006,LB81-5148A-TD401 Room temperature setpoint,CapabilityTypeSetpoint,IndoorAir,KONTOR,5148A,PLAN 8,30223dd7-11ba-4c4f-8216-7bb165e91117,fd386f9e-cc44-4157-8614-2ebfd5ced552,22.5,0.3,OK
Lindinvent,Lindinvent,LB81-5148A-TD401/8009,LB81-5148A-TD401 CO2 setpoint,CapabilityTypeSetpoint,IndoorAir,KONTOR,5148A,PLAN 8,dba25bb8-a5e9-45c2-99ee-58a40cbf71f1,fd386f9e-cc44-4157-8614-2ebfd5ced552,800.0,0.3,OK
Lindinvent,Lindinvent,LB81-5148A-TD401/9004,LB81-5148A-TD401 Opening,State,SupplyAir,KONTOR,5148A,PLAN 8,491e79e3-a2c7-499d-a495-a2097438db8a,fd386f9e-cc44-4157-8614-2ebfd5ced552,0.0,0.3,OK
Lindinvent,Lindinvent,LB81-5148A-TD401/9070,LB81-5148A-TD401 Room temperature,Temperature,IndoorAir,KONTOR,5148A,PLAN 8,d3667e83-6bd4-48c1-8462-51d0bc2d8f16,fd386f9e-cc44-4157-8614-2ebfd5ced552,22.7,0.3,OK
Lindinvent,Lindinvent,LB81-5148A-TD401/9073,LB81-5148A-TD401 Local room temperature,Temperature,IndoorAir,KONTOR,5148A,PLAN 8,767e91e6-1cca-4337-99e8-8cb227f0ffbe,fd386f9e-cc44-4157-8614-2ebfd5ced552,22.8,0.3,OK
Lindinvent,Lindinvent,LB81-5148A-TD401/9084,LB81-5148A-TD401 Local supply air flow,Flow,SupplyAir,KONTOR,5148A,PLAN 8,4f4684ec-9d24-4c38-b4ee-d6a45d8640ac,fd386f9e-cc44-4157-8614-2ebfd5ced552,6.0,0.3,OK
Lindinvent,Lindinvent,LB81-5148A-TD401/9090,LB81-5148A-TD401 CO2,CO2,IndoorAir,KONTOR,5148A,PLAN 8,eba220d8-1813-41c8-910b-365e858010b9,fd386f9e-cc44-4157-8614-2ebfd5ced552,443.0,0.3,OK
Lindinvent,Lindinvent,LB81-5148A-TD402/4152,LB81-5148A-TD402 Presence,Presence,IndoorAir,KONTOR,5148A,PLAN 8,3fee288f-caee-480d-893d-2588abef672d,aee59b50-84d7-4788-b8c2-586fe3c80004,0.0,0.3,OK
Lindinvent,Lindinvent,LB81-5148A-TD402/8006,LB81-5148A-TD402 Room temperature setpoint,CapabilityTypeSetpoint,IndoorAir,KONTOR,5148A,PLAN 8,afbbebea-1374-477c-97a6-a9b2a2dea970,aee59b50-84d7-4788-b8c2-586fe3c80004,22.5,0.3,OK
Lindinvent,Lindinvent,LB81-5148A-TD402/8009,LB81-5148A-TD402 CO2 setpoint,CapabilityTypeSetpoint,IndoorAir,KONTOR,5148A,PLAN 8,3c02a11f-38fa-4f67-a482-86a7308c5c28,aee59b50-84d7-4788-b8c2-586fe3c80004,800.0,0.3,OK
Lindinvent,Lindinvent,LB81-5148A-TD402/9004,LB81-5148A-TD402 Opening,State,SupplyAir,KONTOR,5148A,PLAN 8,24c19040-cd69-4428-8488-ca3a499fe34a,aee59b50-84d7-4788-b8c2-586fe3c80004,0.0,0.3,OK
Lindinvent,Lindinvent,LB81-5148A-TD402/9070,LB81-5148A-TD402 Room temperature,Temperature,IndoorAir,KONTOR,5148A,PLAN 8,c2152e25-36a4-42b2-bec0-fa343ff91e79,aee59b50-84d7-4788-b8c2-586fe3c80004,22.7,0.3,OK
Lindinvent,Lindinvent,LB81-5148A-TD402/9073,LB81-5148A-TD402 Local room temperature,Temperature,IndoorAir,KONTOR,5148A,PLAN 8,af1d9f84-154e-4d1f-8999-c99d3ecd99f6,aee59b50-84d7-4788-b8c2-586fe3c80004,22.7,0.3,OK
Lindinvent,Lindinvent,LB81-5148A-TD402/9084,LB81-5148A-TD402 Local supply air flow,Flow,SupplyAir,KONTOR,5148A,PLAN 8,1af4f295-0d17-4175-b557-6c27c3dd3e4c,aee59b50-84d7-4788-b8c2-586fe3c80004,0.0,0.3,OK
Lindinvent,Lindinvent,LB81-5148A-TD402/9090,LB81-5148A-TD402 CO2,CO2,IndoorAir,KONTOR,5148A,PLAN 8,5b604458-e467-4ddf-a9cc-e37f9f93f303,aee59b50-84d7-4788-b8c2-586fe3c80004,443.0,0.3,OK
Lindinvent,Lindinvent,LB81-5149-HD101/8006,LB81-5149-HD101 Room temperature setpoint,CapabilityTypeSetpoint,IndoorAir,KONTOR,5149,PLAN 8,f7357cb7-039d-42b2-9e92-da9749466201,33f6fe78-0b0a-43c7-a1f0-321219e02858,22.0,0.3,OK
Lindinvent,Lindinvent,LB81-5149-HD101/9070,LB81-5149-HD101 Room temperature,Temperature,IndoorAir,KONTOR,5149,PLAN 8,beae4890-c7eb-41d9-9d55-47d957936087,33f6fe78-0b0a-43c7-a1f0-321219e02858,22.5,0.3,OK
Lindinvent,Lindinvent,LB81-5149-TD401/4152,LB81-5149-TD401 Presence,Presence,IndoorAir,KONTOR,5149,PLAN 8,db777df9-7189-4a7b-8bf2-622f4d684b6e,fa959f49-9f12-4d7f-953d-f8d0c7f771f7,0.0,0.3,OK
Lindinvent,Lindinvent,LB81-5149-TD401/8006,LB81-5149-TD401 Room temperature setpoint,CapabilityTypeSetpoint,IndoorAir,KONTOR,5149,PLAN 8,2548fbb2-3493-4ac9-bf95-276eb3668746,fa959f49-9f12-4d7f-953d-f8d0c7f771f7,22.5,0.3,OK
Lindinvent,Lindinvent,LB81-5149-TD401/9004,LB81-5149-TD401 Opening,State,SupplyAir,KONTOR,5149,PLAN 8,8587eaf1-d404-450b-bb2e-64fae997c7e7,fa959f49-9f12-4d7f-953d-f8d0c7f771f7,0.0,0.3,OK
Lindinvent,Lindinvent,LB81-5149-TD401/9070,LB81-5149-TD401 Room temperature,Temperature,IndoorAir,KONTOR,5149,PLAN 8,cbca6100-0cde-45ee-b146-f8388538f1d5,fa959f49-9f12-4d7f-953d-f8d0c7f771f7,22.5,0.3,OK
Lindinvent,Lindinvent,LB81-5149-TD401/9073,LB81-5149-TD401 Local room temperature,Temperature,IndoorAir,KONTOR,5149,PLAN 8,1bee2c61-0d3f-42ce-88a4-6c33a12ebb64,fa959f49-9f12-4d7f-953d-f8d0c7f771f7,22.5,0.3,OK
Lindinvent,Lindinvent,LB81-5149-TD401/9084,LB81-5149-TD401 Local supply air flow,Flow,SupplyAir,KONTOR,5149,PLAN 8,373db182-18c3-4770-aef7-573b0d89cf09,fa959f49-9f12-4d7f-953d-f8d0c7f771f7,2.0,0.3,OK
Lindinvent,Lindinvent,LB81-5150-HD101/8006,LB81-5150-HD101 Room temperature setpoint,CapabilityTypeSetpoint,IndoorAir,KONFERENS,5150,PLAN 8,e8e50586-c487-48f7-9aed-b524def9f438,493a2ccb-b012-4198-b0c5-28d1860275b9,22.0,0.3,OK
Lindinvent,Lindinvent,LB81-5150-HD101/9070,LB81-5150-HD101 Room temperature,Temperature,IndoorAir,KONFERENS,5150,PLAN 8,7262c7ae-d4cd-4435-ac2e-e592545f2897,493a2ccb-b012-4198-b0c5-28d1860275b9,22.6,0.3,OK
Lindinvent,Lindinvent,LB81-5150-HD102/8006,LB81-5150-HD102 Room temperature setpoint,CapabilityTypeSetpoint,IndoorAir,KONFERENS,5150,PLAN 8,5587459c-0e52-4c5c-9522-b0741ee81e12,70c92bd6-0342-4d89-809a-9c4e936592a1,22.0,0.3,OK
Lindinvent,Lindinvent,LB81-5150-HD102/9070,LB81-5150-HD102 Room temperature,Temperature,IndoorAir,KONFERENS,5150,PLAN 8,1ee49a26-0b90-40da-87a5-9757cd260e65,70c92bd6-0342-4d89-809a-9c4e936592a1,22.6,0.3,OK
Lindinvent,Lindinvent,LB81-5150-TD401/4152,LB81-5150-TD401 Presence,Presence,IndoorAir,KONFERENS,5150,PLAN 8,5e878334-a2e4-4593-bf1b-ea5781d59bb4,f9e5226e-95f6-49df-90b9-c22a30d57fd8,0.0,0.3,OK
Lindinvent,Lindinvent,LB81-5150-TD401/8006,LB81-5150-TD401 Room temperature setpoint,CapabilityTypeSetpoint,IndoorAir,KONFERENS,5150,PLAN 8,b15630dd-ae75-48e7-9a5a-0a7f657db4e4,f9e5226e-95f6-49df-90b9-c22a30d57fd8,22.0,0.3,OK
Lindinvent,Lindinvent,LB81-5150-TD401/8009,LB81-5150-TD401 CO2 setpoint,CapabilityTypeSetpoint,IndoorAir,KONFERENS,5150,PLAN 8,b69fd53d-1626-4454-9818-97ed457ea05f,f9e5226e-95f6-49df-90b9-c22a30d57fd8,800.0,0.3,OK
Lindinvent,Lindinvent,LB81-5150-TD401/9004,LB81-5150-TD401 Opening,State,SupplyAir,KONFERENS,5150,PLAN 8,f141c3b1-555f-4e52-b575-024652baafa1,f9e5226e-95f6-49df-90b9-c22a30d57fd8,0.0,0.3,OK
Lindinvent,Lindinvent,LB81-5150-TD401/9070,LB81-5150-TD401 Room temperature,Temperature,IndoorAir,KONFERENS,5150,PLAN 8,0fb37657-23f7-4a74-97a2-ebdb548a3ae9,f9e5226e-95f6-49df-90b9-c22a30d57fd8,22.6,0.3,OK
Lindinvent,Lindinvent,LB81-5150-TD401/9073,LB81-5150-TD401 Local room temperature,Temperature,IndoorAir,KONFERENS,5150,PLAN 8,92a698d4-d946-4388-bee1-f90b6ec1e7fa,f9e5226e-95f6-49df-90b9-c22a30d57fd8,22.5,0.3,OK
Lindinvent,Lindinvent,LB81-5150-TD401/9084,LB81-5150-TD401 Local supply air flow,Flow,SupplyAir,KONFERENS,5150,PLAN 8,a8fd2228-4232-4b34-ab7e-aae6386f809f,f9e5226e-95f6-49df-90b9-c22a30d57fd8,4.0,0.3,OK
Lindinvent,Lindinvent,LB81-5150-TD401/9090,LB81-5150-TD401 CO2,CO2,IndoorAir,KONFERENS,5150,PLAN 8,746e5124-2c5b-4121-8d54-8dbce9a98dcf,f9e5226e-95f6-49df-90b9-c22a30d57fd8,0.0,0.3,OK
Lindinvent,Lindinvent,LB81-5150-TD402/4152,LB81-5150-TD402 Presence,Presence,IndoorAir,KONFERENS,5150,PLAN 8,d62afce7-8677-489e-b195-478ae48b5e8f,6a2011a1-4707-476a-b5e2-22085e2ec54d,0.0,0.3,OK
Lindinvent,Lindinvent,LB81-5150-TD402/8006,LB81-5150-TD402 Room temperature setpoint,CapabilityTypeSetpoint,IndoorAir,KONFERENS,5150,PLAN 8,46ed99be-bf36-4ea6-b663-d0bb07e5d66b,6a2011a1-4707-476a-b5e2-22085e2ec54d,22.0,0.3,OK
Lindinvent,Lindinvent,LB81-5150-TD402/8009,LB81-5150-TD402 CO2 setpoint,CapabilityTypeSetpoint,IndoorAir,KONFERENS,5150,PLAN 8,6c5be199-e277-4e40-bead-41b08aa96bc8,6a2011a1-4707-476a-b5e2-22085e2ec54d,800.0,0.3,OK
Lindinvent,Lindinvent,LB81-5150-TD402/9004,LB81-5150-TD402 Opening,State,SupplyAir,KONFERENS,5150,PLAN 8,1e566577-c8a5-4ab9-9cfe-83b07f905d58,6a2011a1-4707-476a-b5e2-22085e2ec54d,0.0,0.3,OK
Lindinvent,Lindinvent,LB81-5150-TD402/9070,LB81-5150-TD402 Room temperature,Temperature,IndoorAir,KONFERENS,5150,PLAN 8,2e26e542-7fe3-4524-bfa4-f84d9dd15904,6a2011a1-4707-476a-b5e2-22085e2ec54d,22.6,0.3,OK
Lindinvent,Lindinvent,LB81-5150-TD402/9073,LB81-5150-TD402 Local room temperature,Temperature,IndoorAir,KONFERENS,5150,PLAN 8,284347c8-6fd2-4778-925f-0a5d7803b3bb,6a2011a1-4707-476a-b5e2-22085e2ec54d,22.7,0.3,OK
Lindinvent,Lindinvent,LB81-5150-TD402/9084,LB81-5150-TD402 Local supply air flow,Flow,SupplyAir,KONFERENS,5150,PLAN 8,910512a0-6a59-416f-b02b-d24c9f93793f,6a2011a1-4707-476a-b5e2-22085e2ec54d,0.0,0.3,OK
Lindinvent,Lindinvent,LB81-5150-TD402/9090,LB81-5150-TD402 CO2,CO2,IndoorAir,KONFERENS,5150,PLAN 8,d987d62b-d0eb-474e-947e-95858df5f6a5,6a2011a1-4707-476a-b5e2-22085e2ec54d,0.0,0.3,OK
Lindinvent,Lindinvent,LB81-5151A-TD401/4152,LB81-5151A-TD401 Presence,Presence,IndoorAir,ÖPPET KONTOR,5151,PLAN 8,96b8d336-a2ab-45a5-9279-7d5405b9cfc1,84b17448-58b7-45e9-b03a-0ab3cab61260,0.0,0.3,OK
Lindinvent,Lindinvent,LB81-5151A-TD401/8006,LB81-5151A-TD401 Room temperature setpoint,CapabilityTypeSetpoint,IndoorAir,ÖPPET KONTOR,5151,PLAN 8,0fa96e7d-688c-4c26-a14e-131ab443d283,84b17448-58b7-45e9-b03a-0ab3cab61260,22.0,0.3,OK
Lindinvent,Lindinvent,LB81-5151A-TD401/9004,LB81-5151A-TD401 Opening,State,SupplyAir,ÖPPET KONTOR,5151,PLAN 8,1ce1c5d0-cf8c-47b7-80fc-a0107226cc84,84b17448-58b7-45e9-b03a-0ab3cab61260,1.0,0.3,OK
Lindinvent,Lindinvent,LB81-5151A-TD401/9070,LB81-5151A-TD401 Room temperature,Temperature,IndoorAir,ÖPPET KONTOR,5151,PLAN 8,d68ab0e3-3112-407c-9a18-5f46679722b6,84b17448-58b7-45e9-b03a-0ab3cab61260,22.6,0.3,OK
Lindinvent,Lindinvent,LB81-5151A-TD401/9073,LB81-5151A-TD401 Local room temperature,Temperature,IndoorAir,ÖPPET KONTOR,5151,PLAN 8,f6f219e7-2eb1-494c-adfd-53aa6cc19c06,84b17448-58b7-45e9-b03a-0ab3cab61260,22.6,0.3,OK
Lindinvent,Lindinvent,LB81-5151A-TD401/9084,LB81-5151A-TD401 Local supply air flow,Flow,SupplyAir,ÖPPET KONTOR,5151,PLAN 8,d38b5838-aca8-464f-85ce-d4e87bef2ffb,84b17448-58b7-45e9-b03a-0ab3cab61260,3.0,0.3,OK
Lindinvent,Lindinvent,LB81-5151B-TD401/4152,LB81-5151B-TD401 Presence,Presence,IndoorAir,ÖPPET KONTOR,5151,PLAN 8,b3df860b-c06a-4d71-8157-f3386fa625de,97c78660-8816-4a65-bc7e-de44b2f19708,0.0,0.3,OK
Lindinvent,Lindinvent,LB81-5151B-TD401/8006,LB81-5151B-TD401 Room temperature setpoint,CapabilityTypeSetpoint,IndoorAir,ÖPPET KONTOR,5151,PLAN 8,d2db8415-efb0-4163-a852-f53281801ebf,97c78660-8816-4a65-bc7e-de44b2f19708,22.0,0.3,OK
Lindinvent,Lindinvent,LB81-5151B-TD401/9004,LB81-5151B-TD401 Opening,State,SupplyAir,ÖPPET KONTOR,5151,PLAN 8,8d54d939-9c82-4bee-91fa-94f423d14b03,97c78660-8816-4a65-bc7e-de44b2f19708,1.0,0.3,OK
Lindinvent,Lindinvent,LB81-5151B-TD401/9070,LB81-5151B-TD401 Room temperature,Temperature,IndoorAir,ÖPPET KONTOR,5151,PLAN 8,b9e254b3-48eb-4ada-9c77-eb5994ddba0e,97c78660-8816-4a65-bc7e-de44b2f19708,22.7,0.3,OK
Lindinvent,Lindinvent,LB81-5151B-TD401/9073,LB81-5151B-TD401 Local room temperature,Temperature,IndoorAir,ÖPPET KONTOR,5151,PLAN 8,cfa4ef63-852c-42f3-9186-005574c6afc3,97c78660-8816-4a65-bc7e-de44b2f19708,22.7,0.3,OK
Lindinvent,Lindinvent,LB81-5151B-TD401/9084,LB81-5151B-TD401 Local supply air flow,Flow,SupplyAir,ÖPPET KONTOR,5151,PLAN 8,6d9c6ebb-2bed-4236-a411-92c4282c8b6b,97c78660-8816-4a65-bc7e-de44b2f19708,2.0,0.3,OK
Lindinvent,Lindinvent,LB81-5151C-TD401/4152,LB81-5151C-TD401 Presence,Presence,IndoorAir,ÖPPET KONTOR,5151,PLAN 8,302df6b7-d666-4ea7-9f1b-b0c50ff4f4b5,9424ebce-8bda-4301-9e82-21786aea7a61,0.0,0.3,OK
Lindinvent,Lindinvent,LB81-5151C-TD401/8006,LB81-5151C-TD401 Room temperature setpoint,CapabilityTypeSetpoint,IndoorAir,ÖPPET KONTOR,5151,PLAN 8,a5b90655-9447-4df9-87e1-7ae053f37520,9424ebce-8bda-4301-9e82-21786aea7a61,22.0,0.3,OK
Lindinvent,Lindinvent,LB81-5151C-TD401/9004,LB81-5151C-TD401 Opening,State,SupplyAir,ÖPPET KONTOR,5151,PLAN 8,2fdc27de-7214-4d90-92ff-f36b7b16000f,9424ebce-8bda-4301-9e82-21786aea7a61,1.0,0.3,OK
Lindinvent,Lindinvent,LB81-5151C-TD401/9070,LB81-5151C-TD401 Room temperature,Temperature,IndoorAir,ÖPPET KONTOR,5151,PLAN 8,71754edc-6dd6-488d-af22-b97abc266b8e,9424ebce-8bda-4301-9e82-21786aea7a61,22.8,0.3,OK
Lindinvent,Lindinvent,LB81-5151C-TD401/9073,LB81-5151C-TD401 Local room temperature,Temperature,IndoorAir,ÖPPET KONTOR,5151,PLAN 8,141597a2-13b8-4d6a-876f-f2e0efccf875,9424ebce-8bda-4301-9e82-21786aea7a61,22.8,0.3,OK
Lindinvent,Lindinvent,LB81-5151C-TD401/9084,LB81-5151C-TD401 Local supply air flow,Flow,SupplyAir,ÖPPET KONTOR,5151,PLAN 8,da51d162-9322-4ee6-bdd1-575539ebed27,9424ebce-8bda-4301-9e82-21786aea7a61,0.0,0.3,OK
Lindinvent,Lindinvent,LB81-5151D-TD401/4152,LB81-5151D-TD401 Presence,Presence,IndoorAir,ÖPPET KONTOR,5151,PLAN 8,84d0c023-70b8-4675-9ff8-e3119f8353cf,2e32e524-dde5-434c-9223-1f4af35893f2,0.0,0.3,OK
Lindinvent,Lindinvent,LB81-5151D-TD401/8006,LB81-5151D-TD401 Room temperature setpoint,CapabilityTypeSetpoint,IndoorAir,ÖPPET KONTOR,5151,PLAN 8,3b403250-676f-49b7-9942-acf89b185728,2e32e524-dde5-434c-9223-1f4af35893f2,22.0,0.3,OK
Lindinvent,Lindinvent,LB81-5151D-TD401/9004,LB81-5151D-TD401 Opening,State,SupplyAir,ÖPPET KONTOR,5151,PLAN 8,069633a7-a1b6-4823-ae2e-40bbec03a076,2e32e524-dde5-434c-9223-1f4af35893f2,1.0,0.3,OK
Lindinvent,Lindinvent,LB81-5151D-TD401/9070,LB81-5151D-TD401 Room temperature,Temperature,IndoorAir,ÖPPET KONTOR,5151,PLAN 8,3d20ae90-0c66-498e-9695-a494126fb76a,2e32e524-dde5-434c-9223-1f4af35893f2,22.8,0.3,OK
Lindinvent,Lindinvent,LB81-5151D-TD401/9073,LB81-5151D-TD401 Local room temperature,Temperature,IndoorAir,ÖPPET KONTOR,5151,PLAN 8,5ea6b456-33b4-4c15-9169-f7834b416fa8,2e32e524-dde5-434c-9223-1f4af35893f2,22.8,0.3,OK
Lindinvent,Lindinvent,LB81-5151D-TD401/9084,LB81-5151D-TD401 Local supply air flow,Flow,SupplyAir,ÖPPET KONTOR,5151,PLAN 8,396b90d9-8aaa-457b-be2c-7c3d17b0576b,2e32e524-dde5-434c-9223-1f4af35893f2,3.0,0.3,OK
Lindinvent,Lindinvent,LB81-5151E-VFD101/-12,LB81-5151E-VFD101 Supply air flow,Flow,SupplyAir,ÖPPET KONTOR,5151,PLAN 8,b74aa628-0642-4a31-ba8c-faf81b698f35,d89a361d-127f-46b1-82d9-ab1d2d6380e2,0.0,0.3,OK
Lindinvent,Lindinvent,LB81-5151E-VFD101/4151,LB81-5151E-VFD101 Local presence,Presence,IndoorAir,ÖPPET KONTOR,5151,PLAN 8,048c502f-59be-43e3-bc05-64745192e4b6,d89a361d-127f-46b1-82d9-ab1d2d6380e2,0.0,0.3,OK
Lindinvent,Lindinvent,LB81-5151E-VFD101/4152,LB81-5151E-VFD101 Presence,Presence,IndoorAir,ÖPPET KONTOR,5151,PLAN 8,95bbdaec-545a-4a00-9757-254f2240ac6a,d89a361d-127f-46b1-82d9-ab1d2d6380e2,0.0,0.3,OK
Lindinvent,Lindinvent,LB81-5151E-VFD101/8006,LB81-5151E-VFD101 Room temperature setpoint,CapabilityTypeSetpoint,IndoorAir,ÖPPET KONTOR,5151,PLAN 8,1774bdf2-b600-4920-bd1b-a1377740054d,d89a361d-127f-46b1-82d9-ab1d2d6380e2,22.5,0.3,OK
Lindinvent,Lindinvent,LB81-5151E-VFD101/9004,LB81-5151E-VFD101 Opening,State,SupplyAir,ÖPPET KONTOR,5151,PLAN 8,a420666d-3569-4186-9e37-fd730954f1ed,d89a361d-127f-46b1-82d9-ab1d2d6380e2,16.0,0.3,OK
Lindinvent,Lindinvent,LB81-5151E-VFD101/9070,LB81-5151E-VFD101 Room temperature,Temperature,IndoorAir,ÖPPET KONTOR,5151,PLAN 8,1befe49f-14ba-480e-b00f-554f27e43831,d89a361d-127f-46b1-82d9-ab1d2d6380e2,22.8,0.3,OK
Lindinvent,Lindinvent,LB81-5151E-VFD102/-12,LB81-5151E-VFD102 Supply air flow,Flow,SupplyAir,ÖPPET KONTOR,5151,PLAN 8,f5afc306-76e6-43b5-8c98-293f2768cd2c,08c68e58-c176-4f6e-a0aa-3805c1184da8,1.0,0.3,OK
Lindinvent,Lindinvent,LB81-5151E-VFD102/4151,LB81-5151E-VFD102 Local presence,Presence,IndoorAir,ÖPPET KONTOR,5151,PLAN 8,3528dd2c-09db-4601-8c24-435366356b86,08c68e58-c176-4f6e-a0aa-3805c1184da8,0.0,0.3,OK
Lindinvent,Lindinvent,LB81-5151E-VFD102/4152,LB81-5151E-VFD102 Presence,Presence,IndoorAir,ÖPPET KONTOR,5151,PLAN 8,4741a3de-8b49-4802-83c3-81b0e645b916,08c68e58-c176-4f6e-a0aa-3805c1184da8,0.0,0.3,OK
Lindinvent,Lindinvent,LB81-5151E-VFD102/8006,LB81-5151E-VFD102 Room temperature setpoint,CapabilityTypeSetpoint,IndoorAir,ÖPPET KONTOR,5151,PLAN 8,039ecad3-43be-4930-9ab1-fc490dcc15d8,08c68e58-c176-4f6e-a0aa-3805c1184da8,22.5,0.3,OK
Lindinvent,Lindinvent,LB81-5151E-VFD102/9004,LB81-5151E-VFD102 Opening,State,SupplyAir,ÖPPET KONTOR,5151,PLAN 8,8ce02fff-c552-4c80-a4e8-8cb49d83a592,08c68e58-c176-4f6e-a0aa-3805c1184da8,16.0,0.3,OK
Lindinvent,Lindinvent,LB81-5151E-VFD102/9070,LB81-5151E-VFD102 Room temperature,Temperature,IndoorAir,ÖPPET KONTOR,5151,PLAN 8,22449b42-e95e-4a8e-969a-53128fc97673,08c68e58-c176-4f6e-a0aa-3805c1184da8,22.1,0.3,OK
Lindinvent,Lindinvent,LB81-5151E-VFD103/-12,LB81-5151E-VFD103 Supply air flow,Flow,SupplyAir,ÖPPET KONTOR,5151,PLAN 8,b0b3b6fa-fe75-4577-a36f-0f621f2b10b5,835b9a1a-a532-47a2-b690-c38fe24cd9ae,1.0,0.3,OK
Lindinvent,Lindinvent,LB81-5151E-VFD103/4151,LB81-5151E-VFD103 Local presence,Presence,IndoorAir,ÖPPET KONTOR,5151,PLAN 8,01325665-bf50-46f0-9307-3a3692666c9b,835b9a1a-a532-47a2-b690-c38fe24cd9ae,1.0,0.3,OK
Lindinvent,Lindinvent,LB81-5151E-VFD103/4152,LB81-5151E-VFD103 Presence,Presence,IndoorAir,ÖPPET KONTOR,5151,PLAN 8,751d4535-7211-46c1-87ac-fa921b5d706b,835b9a1a-a532-47a2-b690-c38fe24cd9ae,1.0,0.3,OK
Lindinvent,Lindinvent,LB81-5151E-VFD103/8006,LB81-5151E-VFD103 Room temperature setpoint,CapabilityTypeSetpoint,IndoorAir,ÖPPET KONTOR,5151,PLAN 8,b2b2feaa-7651-4535-959a-7a1613d41bf1,835b9a1a-a532-47a2-b690-c38fe24cd9ae,22.5,0.3,OK
Lindinvent,Lindinvent,LB81-5151E-VFD103/9004,LB81-5151E-VFD103 Opening,State,SupplyAir,ÖPPET KONTOR,5151,PLAN 8,993f18de-2a5a-4b83-a7aa-ec25749f8b37,835b9a1a-a532-47a2-b690-c38fe24cd9ae,16.0,0.3,OK
Lindinvent,Lindinvent,LB81-5151E-VFD103/9070,LB81-5151E-VFD103 Room temperature,Temperature,IndoorAir,ÖPPET KONTOR,5151,PLAN 8,acf0f550-a6b1-4f19-8889-8b7e6265c7ee,835b9a1a-a532-47a2-b690-c38fe24cd9ae,22.1,0.3,OK
Lindinvent,Lindinvent,LB81-5151E-VFD104/-12,LB81-5151E-VFD104 Supply air flow,Flow,SupplyAir,ÖPPET KONTOR,5151,PLAN 8,2149f8cb-9d12-49ae-8aad-55f28ae659e1,fc92ba6f-17ad-48bd-be4c-ef5a88fa22fb,0.0,0.3,OK
Lindinvent,Lindinvent,LB81-5151E-VFD104/4151,LB81-5151E-VFD104 Local presence,Presence,IndoorAir,ÖPPET KONTOR,5151,PLAN 8,14381056-3462-464d-8b00-17ffd29a749b,fc92ba6f-17ad-48bd-be4c-ef5a88fa22fb,1.0,0.3,OK
Lindinvent,Lindinvent,LB81-5151E-VFD104/4152,LB81-5151E-VFD104 Presence,Presence,IndoorAir,ÖPPET KONTOR,5151,PLAN 8,50e86005-0beb-424f-b95f-5f0e9972d4da,fc92ba6f-17ad-48bd-be4c-ef5a88fa22fb,1.0,0.3,OK
Lindinvent,Lindinvent,LB81-5151E-VFD104/8006,LB81-5151E-VFD104 Room temperature setpoint,CapabilityTypeSetpoint,IndoorAir,ÖPPET KONTOR,5151,PLAN 8,d3c108cf-46ba-49d4-b293-8fd6c9153cec,fc92ba6f-17ad-48bd-be4c-ef5a88fa22fb,22.5,0.3,OK
Lindinvent,Lindinvent,LB81-5151E-VFD104/9004,LB81-5151E-VFD104 Opening,State,SupplyAir,ÖPPET KONTOR,5151,PLAN 8,e97ca9cc-a437-40cd-bd57-096e5007ce54,fc92ba6f-17ad-48bd-be4c-ef5a88fa22fb,16.0,0.3,OK
Lindinvent,Lindinvent,LB81-5151E-VFD104/9070,LB81-5151E-VFD104 Room temperature,Temperature,IndoorAir,ÖPPET KONTOR,5151,PLAN 8,d67b1bb5-30d0-40b6-a160-684fcc3af289,fc92ba6f-17ad-48bd-be4c-ef5a88fa22fb,22.1,0.3,OK
Lindinvent,Lindinvent,LB81-5151E-VFD105/-12,LB81-5151E-VFD105 Supply air flow,Flow,SupplyAir,ÖPPET KONTOR,5151,PLAN 8,0e9f303e-1f0a-4c12-a549-27a52744d5d1,3934cbcf-67c4-4519-b782-5b9e30021370,0.0,0.3,OK
Lindinvent,Lindinvent,LB81-5151E-VFD105/4151,LB81-5151E-VFD105 Local presence,Presence,IndoorAir,ÖPPET KONTOR,5151,PLAN 8,7f7801c3-4b82-4980-926b-4c634c06995c,3934cbcf-67c4-4519-b782-5b9e30021370,0.0,0.3,OK
Lindinvent,Lindinvent,LB81-5151E-VFD105/4152,LB81-5151E-VFD105 Presence,Presence,IndoorAir,ÖPPET KONTOR,5151,PLAN 8,efac92a2-6530-4d69-ab43-21b09a6b4923,3934cbcf-67c4-4519-b782-5b9e30021370,0.0,0.3,OK
Lindinvent,Lindinvent,LB81-5151E-VFD105/8006,LB81-5151E-VFD105 Room temperature setpoint,CapabilityTypeSetpoint,IndoorAir,ÖPPET KONTOR,5151,PLAN 8,1cc12acb-be05-4823-9b0e-29847e49cde0,3934cbcf-67c4-4519-b782-5b9e30021370,22.0,0.3,OK
Lindinvent,Lindinvent,LB81-5151E-VFD105/9004,LB81-5151E-VFD105 Opening,State,SupplyAir,ÖPPET KONTOR,5151,PLAN 8,18cf9498-3da6-41d2-80ff-58fbdd74836f,3934cbcf-67c4-4519-b782-5b9e30021370,16.0,0.3,OK
Lindinvent,Lindinvent,LB81-5151E-VFD105/9070,LB81-5151E-VFD105 Room temperature,Temperature,IndoorAir,ÖPPET KONTOR,5151,PLAN 8,c4afbcdc-8a0e-4e8b-a4d6-9c3b649f46ea,3934cbcf-67c4-4519-b782-5b9e30021370,22.1,0.3,OK
Lindinvent,Lindinvent,LB81-5151E-VFD106/-12,LB81-5151E-VFD106 Supply air flow,Flow,SupplyAir,ÖPPET KONTOR,5151,PLAN 8,85dede8e-66d2-4ded-8e80-2ab401de63ab,3f87b7c7-4422-468f-868e-eaffe41789c2,0.0,0.3,OK
Lindinvent,Lindinvent,LB81-5151E-VFD106/4151,LB81-5151E-VFD106 Local presence,Presence,IndoorAir,ÖPPET KONTOR,5151,PLAN 8,31a7491b-bf4f-4da0-8417-aa5c37088c52,3f87b7c7-4422-468f-868e-eaffe41789c2,1.0,0.3,OK
Lindinvent,Lindinvent,LB81-5151E-VFD106/4152,LB81-5151E-VFD106 Presence,Presence,IndoorAir,ÖPPET KONTOR,5151,PLAN 8,3e6e15ee-1c7a-4d76-b1f1-7f005973acbf,3f87b7c7-4422-468f-868e-eaffe41789c2,1.0,0.3,OK
Lindinvent,Lindinvent,LB81-5151E-VFD106/8006,LB81-5151E-VFD106 Room temperature setpoint,CapabilityTypeSetpoint,IndoorAir,ÖPPET KONTOR,5151,PLAN 8,55963751-b9a3-4873-93a1-5430c810227a,3f87b7c7-4422-468f-868e-eaffe41789c2,22.0,0.3,OK
Lindinvent,Lindinvent,LB81-5151E-VFD106/9004,LB81-5151E-VFD106 Opening,State,SupplyAir,ÖPPET KONTOR,5151,PLAN 8,a137505a-3d62-48b1-8acc-39795af873ec,3f87b7c7-4422-468f-868e-eaffe41789c2,16.0,0.3,OK
Lindinvent,Lindinvent,LB81-5151E-VFD106/9070,LB81-5151E-VFD106 Room temperature,Temperature,IndoorAir,ÖPPET KONTOR,5151,PLAN 8,9b9ab9d8-8df1-4665-8883-6eb63b85e0ca,3f87b7c7-4422-468f-868e-eaffe41789c2,22.7,0.3,OK
Lindinvent,Lindinvent,LB81-5151E-VFD107/-12,LB81-5151E-VFD107 Supply air flow,Flow,SupplyAir,ÖPPET KONTOR,5151,PLAN 8,a8f5611d-2bb7-4d8f-a97b-f948452f35f3,ba59c662-3202-47fb-b3fe-6cc8a4ccdf6c,2.0,0.3,OK
Lindinvent,Lindinvent,LB81-5151E-VFD107/4151,LB81-5151E-VFD107 Local presence,Presence,IndoorAir,ÖPPET KONTOR,5151,PLAN 8,3a367e34-7b09-4f16-ab98-f461f4137956,ba59c662-3202-47fb-b3fe-6cc8a4ccdf6c,0.0,0.3,OK
Lindinvent,Lindinvent,LB81-5151E-VFD107/4152,LB81-5151E-VFD107 Presence,Presence,IndoorAir,ÖPPET KONTOR,5151,PLAN 8,1928673c-8160-4d02-9349-130ff0011d7e,ba59c662-3202-47fb-b3fe-6cc8a4ccdf6c,0.0,0.3,OK
Lindinvent,Lindinvent,LB81-5151E-VFD107/8006,LB81-5151E-VFD107 Room temperature setpoint,CapabilityTypeSetpoint,IndoorAir,ÖPPET KONTOR,5151,PLAN 8,0c8a494e-8266-415b-abbe-4217b0b4ba83,ba59c662-3202-47fb-b3fe-6cc8a4ccdf6c,22.5,0.3,OK
Lindinvent,Lindinvent,LB81-5151E-VFD107/9004,LB81-5151E-VFD107 Opening,State,SupplyAir,ÖPPET KONTOR,5151,PLAN 8,86945038-4e7f-4cab-8cb9-c4058a3472fb,ba59c662-3202-47fb-b3fe-6cc8a4ccdf6c,16.0,0.3,OK
Lindinvent,Lindinvent,LB81-5151E-VFD107/9070,LB81-5151E-VFD107 Room temperature,Temperature,IndoorAir,ÖPPET KONTOR,5151,PLAN 8,2734bc70-85ae-4fb4-bba4-89d0beaccee4,ba59c662-3202-47fb-b3fe-6cc8a4ccdf6c,22.7,0.3,OK
Lindinvent,Lindinvent,LB81-5151E-VFD108/-12,LB81-5151E-VFD108 Supply air flow,Flow,SupplyAir,ÖPPET KONTOR,5151,PLAN 8,0094e239-c128-48b5-94dd-f84561dc3cae,b34e3fb1-edd2-4294-90d2-2d6b4f6db32f,0.0,0.3,OK
Lindinvent,Lindinvent,LB81-5151E-VFD108/4151,LB81-5151E-VFD108 Local presence,Presence,IndoorAir,ÖPPET KONTOR,5151,PLAN 8,5be3f741-94c9-420f-a97d-f0e529b49002,b34e3fb1-edd2-4294-90d2-2d6b4f6db32f,0.0,0.3,OK
Lindinvent,Lindinvent,LB81-5151E-VFD108/4152,LB81-5151E-VFD108 Presence,Presence,IndoorAir,ÖPPET KONTOR,5151,PLAN 8,88b04d14-0eca-42cc-9b69-f93dac26c123,b34e3fb1-edd2-4294-90d2-2d6b4f6db32f,0.0,0.3,OK
Lindinvent,Lindinvent,LB81-5151E-VFD108/8006,LB81-5151E-VFD108 Room temperature setpoint,CapabilityTypeSetpoint,IndoorAir,ÖPPET KONTOR,5151,PLAN 8,ebebac43-3319-4bee-8a79-e31a99ca417d,b34e3fb1-edd2-4294-90d2-2d6b4f6db32f,22.5,0.3,OK
Lindinvent,Lindinvent,LB81-5151E-VFD108/9004,LB81-5151E-VFD108 Opening,State,SupplyAir,ÖPPET KONTOR,5151,PLAN 8,d1d2b47e-dc31-4341-a56b-b49e4de1012a,b34e3fb1-edd2-4294-90d2-2d6b4f6db32f,16.0,0.3,OK
Lindinvent,Lindinvent,LB81-5151E-VFD108/9070,LB81-5151E-VFD108 Room temperature,Temperature,IndoorAir,ÖPPET KONTOR,5151,PLAN 8,1bd3ae16-f9e6-4d73-81bb-82fadb93a1e4,b34e3fb1-edd2-4294-90d2-2d6b4f6db32f,22.1,0.3,OK
Lindinvent,Lindinvent,LB81-5151E-VFD109/-12,LB81-5151E-VFD109 Supply air flow,Flow,SupplyAir,ÖPPET KONTOR,5151,PLAN 8,d6bc0010-7b44-4acf-b83c-a88232128efa,b1a659e5-97e4-46c4-b78c-a56f29fe793b,1.0,0.3,OK
Lindinvent,Lindinvent,LB81-5151E-VFD109/4151,LB81-5151E-VFD109 Local presence,Presence,IndoorAir,ÖPPET KONTOR,5151,PLAN 8,d5082629-87c2-4bf9-a008-1de322772211,b1a659e5-97e4-46c4-b78c-a56f29fe793b,0.0,0.3,OK
Lindinvent,Lindinvent,LB81-5151E-VFD109/4152,LB81-5151E-VFD109 Presence,Presence,IndoorAir,ÖPPET KONTOR,5151,PLAN 8,1c504e95-b028-463c-97f4-48139e4a2d7e,b1a659e5-97e4-46c4-b78c-a56f29fe793b,0.0,0.3,OK
Lindinvent,Lindinvent,LB81-5151E-VFD109/8006,LB81-5151E-VFD109 Room temperature setpoint,CapabilityTypeSetpoint,IndoorAir,ÖPPET KONTOR,5151,PLAN 8,6fccb65a-591c-4617-b5e3-e425056b5f70,b1a659e5-97e4-46c4-b78c-a56f29fe793b,22.5,0.3,OK
Lindinvent,Lindinvent,LB81-5151E-VFD109/9004,LB81-5151E-VFD109 Opening,State,SupplyAir,ÖPPET KONTOR,5151,PLAN 8,699bcd67-805e-45f1-b62d-aa6d82bf2193,b1a659e5-97e4-46c4-b78c-a56f29fe793b,16.0,0.3,OK
Lindinvent,Lindinvent,LB81-5151E-VFD109/9070,LB81-5151E-VFD109 Room temperature,Temperature,IndoorAir,ÖPPET KONTOR,5151,PLAN 8,6116e9e7-77e9-4775-acba-8537da36083c,b1a659e5-97e4-46c4-b78c-a56f29fe793b,22.1,0.3,OK
Lindinvent,Lindinvent,LB81-5151F-HD101/8006,LB81-5151F-HD101 Room temperature setpoint,CapabilityTypeSetpoint,IndoorAir,ÖPPET KONTOR,5151,PLAN 8,95392c1d-8908-477b-a195-ff444ff40767,ce0ccfeb-53cf-44fa-8c42-3e6bb944adad,22.0,0.3,OK
Lindinvent,Lindinvent,LB81-5151F-HD101/9070,LB81-5151F-HD101 Room temperature,Temperature,IndoorAir,ÖPPET KONTOR,5151,PLAN 8,d74af3bd-db27-4177-8ea5-f8c00cb6a286,ce0ccfeb-53cf-44fa-8c42-3e6bb944adad,22.5,0.3,OK
Lindinvent,Lindinvent,LB81-5151F-HD102/8006,LB81-5151F-HD102 Room temperature setpoint,CapabilityTypeSetpoint,IndoorAir,ÖPPET KONTOR,5151,PLAN 8,b06e19f0-1fd9-4eec-880b-08b97e9fea88,07585b71-69a4-4927-9857-75af22534f21,22.0,0.3,OK
Lindinvent,Lindinvent,LB81-5151F-HD102/9070,LB81-5151F-HD102 Room temperature,Temperature,IndoorAir,ÖPPET KONTOR,5151,PLAN 8,38009093-39b6-4909-81e2-98e7ea46b04c,07585b71-69a4-4927-9857-75af22534f21,22.5,0.3,OK
Lindinvent,Lindinvent,LB81-5151F-HD103/8006,LB81-5151F-HD103 Room temperature setpoint,CapabilityTypeSetpoint,IndoorAir,ÖPPET KONTOR,5151,PLAN 8,ea9438d6-2fe3-4fa4-98d8-34be58530cad,698364d7-a067-40b2-8747-edbc1585946d,22.0,0.3,OK
Lindinvent,Lindinvent,LB81-5151F-HD103/9070,LB81-5151F-HD103 Room temperature,Temperature,IndoorAir,ÖPPET KONTOR,5151,PLAN 8,f0877a3f-4586-49b4-ba5d-c37ae079773b,698364d7-a067-40b2-8747-edbc1585946d,22.6,0.3,OK
Lindinvent,Lindinvent,LB81-5151F-HD104/8006,LB81-5151F-HD104 Room temperature setpoint,CapabilityTypeSetpoint,IndoorAir,ÖPPET KONTOR,5151,PLAN 8,e5bb898d-39cb-4e39-b57e-64f590a69341,17f4c04e-3fa4-4b7c-a118-d8c2dd9b9695,22.0,0.3,OK
Lindinvent,Lindinvent,LB81-5151F-HD104/9070,LB81-5151F-HD104 Room temperature,Temperature,IndoorAir,ÖPPET KONTOR,5151,PLAN 8,243e73a3-8579-4693-8acf-451e6c5d96d0,17f4c04e-3fa4-4b7c-a118-d8c2dd9b9695,22.6,0.3,OK
Lindinvent,Lindinvent,LB81-5151F-TD401/4152,LB81-5151F-TD401 Presence,Presence,IndoorAir,ÖPPET KONTOR,5151,PLAN 8,1c7427f0-71b1-4f46-b0bc-955abc7dee7f,1f1b9b3f-b291-4366-b714-b0d75292ab0b,0.0,0.3,OK
Lindinvent,Lindinvent,LB81-5151F-TD401/8006,LB81-5151F-TD401 Room temperature setpoint,CapabilityTypeSetpoint,IndoorAir,ÖPPET KONTOR,5151,PLAN 8,389d2d16-f0de-4d93-8a29-5aa5c08959e6,1f1b9b3f-b291-4366-b714-b0d75292ab0b,22.5,0.3,OK
Lindinvent,Lindinvent,LB81-5151F-TD401/8009,LB81-5151F-TD401 CO2 setpoint,CapabilityTypeSetpoint,IndoorAir,ÖPPET KONTOR,5151,PLAN 8,f1cdac42-ca98-4833-a86b-f7c098bda5fe,1f1b9b3f-b291-4366-b714-b0d75292ab0b,800.0,0.3,OK
Lindinvent,Lindinvent,LB81-5151F-TD401/9004,LB81-5151F-TD401 Opening,State,SupplyAir,ÖPPET KONTOR,5151,PLAN 8,c4a09258-33e9-49b3-81ea-1185507b329b,1f1b9b3f-b291-4366-b714-b0d75292ab0b,0.0,0.3,OK
Lindinvent,Lindinvent,LB81-5151F-TD401/9070,LB81-5151F-TD401 Room temperature,Temperature,IndoorAir,ÖPPET KONTOR,5151,PLAN 8,eb5551d3-8171-4a5c-b5d3-405fc8de4493,1f1b9b3f-b291-4366-b714-b0d75292ab0b,22.5,0.3,OK
Lindinvent,Lindinvent,LB81-5151F-TD401/9073,LB81-5151F-TD401 Local room temperature,Temperature,IndoorAir,ÖPPET KONTOR,5151,PLAN 8,e62c7582-61a1-4794-b242-a78a99edc259,1f1b9b3f-b291-4366-b714-b0d75292ab0b,22.3,0.3,OK
Lindinvent,Lindinvent,LB81-5151F-TD401/9084,LB81-5151F-TD401 Local supply air flow,Flow,SupplyAir,ÖPPET KONTOR,5151,PLAN 8,c3c8ba61-f675-4453-b156-b73208a9bbac,1f1b9b3f-b291-4366-b714-b0d75292ab0b,4.0,0.3,OK
Lindinvent,Lindinvent,LB81-5151F-TD401/9090,LB81-5151F-TD401 CO2,CO2,IndoorAir,ÖPPET KONTOR,5151,PLAN 8,bbd9381b-9391-45f8-92b8-fa83bd1b8566,1f1b9b3f-b291-4366-b714-b0d75292ab0b,444.0,0.3,OK
Lindinvent,Lindinvent,LB81-5151F-VFD101/-12,LB81-5151F-VFD101 Supply air flow,Flow,SupplyAir,ÖPPET KONTOR,5151,PLAN 8,9f781416-143f-49bf-b398-328f721942d1,e8687795-5f82-49bc-95c0-d98159063a8b,0.0,0.3,OK
Lindinvent,Lindinvent,LB81-5151F-VFD101/4151,LB81-5151F-VFD101 Local presence,Presence,IndoorAir,ÖPPET KONTOR,5151,PLAN 8,26af868a-55e9-47f1-a163-e8638a4f1962,e8687795-5f82-49bc-95c0-d98159063a8b,0.0,0.3,OK
Lindinvent,Lindinvent,LB81-5151F-VFD101/4152,LB81-5151F-VFD101 Presence,Presence,IndoorAir,ÖPPET KONTOR,5151,PLAN 8,fac5cdd9-f535-42c2-80e4-ab3828fe5435,e8687795-5f82-49bc-95c0-d98159063a8b,0.0,0.3,OK
Lindinvent,Lindinvent,LB81-5151F-VFD101/8006,LB81-5151F-VFD101 Room temperature setpoint,CapabilityTypeSetpoint,IndoorAir,ÖPPET KONTOR,5151,PLAN 8,2a37a086-f923-4c28-93b2-9c4672d06b89,e8687795-5f82-49bc-95c0-d98159063a8b,22.5,0.3,OK
Lindinvent,Lindinvent,LB81-5151F-VFD101/8009,LB81-5151F-VFD101 CO2 setpoint,CapabilityTypeSetpoint,IndoorAir,ÖPPET KONTOR,5151,PLAN 8,c9533312-6a65-4ad9-90c7-6f8a42d3a11a,e8687795-5f82-49bc-95c0-d98159063a8b,800.0,0.3,OK
Lindinvent,Lindinvent,LB81-5151F-VFD101/9004,LB81-5151F-VFD101 Opening,State,SupplyAir,ÖPPET KONTOR,5151,PLAN 8,4d06fb3b-8ad2-4a8d-a76c-89314f0e22b5,e8687795-5f82-49bc-95c0-d98159063a8b,16.0,0.3,OK
Lindinvent,Lindinvent,LB81-5151F-VFD101/9070,LB81-5151F-VFD101 Room temperature,Temperature,IndoorAir,ÖPPET KONTOR,5151,PLAN 8,bb005e1e-e43e-43be-9dd4-292a04caf5d9,e8687795-5f82-49bc-95c0-d98159063a8b,22.6,0.3,OK
Lindinvent,Lindinvent,LB81-5151F-VFD101/9090,LB81-5151F-VFD101 CO2,CO2,IndoorAir,ÖPPET KONTOR,5151,PLAN 8,e3452915-d965-4502-a353-a79529e7d885,e8687795-5f82-49bc-95c0-d98159063a8b,469.0,0.3,OK
Lindinvent,Lindinvent,LB81-5151F-VFD102/-12,LB81-5151F-VFD102 Supply air flow,Flow,SupplyAir,ÖPPET KONTOR,5151,PLAN 8,980303fb-8c3f-4e39-b23b-cbd37f96c01d,b779072d-7a8e-47f8-8043-9ab9a48a1ac1,0.0,0.3,OK
Lindinvent,Lindinvent,LB81-5151F-VFD102/4151,LB81-5151F-VFD102 Local presence,Presence,IndoorAir,ÖPPET KONTOR,5151,PLAN 8,37ac5bba-019c-4ea2-857f-46bfdbc25383,b779072d-7a8e-47f8-8043-9ab9a48a1ac1,0.0,0.3,OK
Lindinvent,Lindinvent,LB81-5151F-VFD102/4152,LB81-5151F-VFD102 Presence,Presence,IndoorAir,ÖPPET KONTOR,5151,PLAN 8,2cf28c68-944d-4e6a-a7ee-177b6667b7f2,b779072d-7a8e-47f8-8043-9ab9a48a1ac1,0.0,0.3,OK
Lindinvent,Lindinvent,LB81-5151F-VFD102/8006,LB81-5151F-VFD102 Room temperature setpoint,CapabilityTypeSetpoint,IndoorAir,ÖPPET KONTOR,5151,PLAN 8,3930e393-6d72-442c-99d6-c26afd92141e,b779072d-7a8e-47f8-8043-9ab9a48a1ac1,22.5,0.3,OK
Lindinvent,Lindinvent,LB81-5151F-VFD102/8009,LB81-5151F-VFD102 CO2 setpoint,CapabilityTypeSetpoint,IndoorAir,ÖPPET KONTOR,5151,PLAN 8,cbc35309-e31f-4042-8eb9-4185aa104dd7,b779072d-7a8e-47f8-8043-9ab9a48a1ac1,800.0,0.3,OK
Lindinvent,Lindinvent,LB81-5151F-VFD102/9004,LB81-5151F-VFD102 Opening,State,SupplyAir,ÖPPET KONTOR,5151,PLAN 8,c342ae9b-85eb-4635-b2af-33cbeaa6ba28,b779072d-7a8e-47f8-8043-9ab9a48a1ac1,16.0,0.3,OK
Lindinvent,Lindinvent,LB81-5151F-VFD102/9070,LB81-5151F-VFD102 Room temperature,Temperature,IndoorAir,ÖPPET KONTOR,5151,PLAN 8,0b9f6177-f3a3-4f67-872a-736fd8c9c037,b779072d-7a8e-47f8-8043-9ab9a48a1ac1,22.6,0.3,OK
Lindinvent,Lindinvent,LB81-5151F-VFD102/9090,LB81-5151F-VFD102 CO2,CO2,IndoorAir,ÖPPET KONTOR,5151,PLAN 8,24926249-1ad3-4c33-893d-12e69220c30e,b779072d-7a8e-47f8-8043-9ab9a48a1ac1,469.0,0.3,OK
Lindinvent,Lindinvent,LB81-5151F-VFD103/-12,LB81-5151F-VFD103 Supply air flow,Flow,SupplyAir,ÖPPET KONTOR,5151,PLAN 8,c61c5ccb-5c57-454d-90da-a335d8a3c235,46ac7275-3222-420d-a53b-0f9c4ea4d8da,1.0,0.3,OK
Lindinvent,Lindinvent,LB81-5151F-VFD103/4151,LB81-5151F-VFD103 Local presence,Presence,IndoorAir,ÖPPET KONTOR,5151,PLAN 8,a3405eb3-0f4d-4581-9b1b-84e874576e9a,46ac7275-3222-420d-a53b-0f9c4ea4d8da,0.0,0.3,OK
Lindinvent,Lindinvent,LB81-5151F-VFD103/4152,LB81-5151F-VFD103 Presence,Presence,IndoorAir,ÖPPET KONTOR,5151,PLAN 8,6e1d228b-42b0-48ad-85c0-4767e467d415,46ac7275-3222-420d-a53b-0f9c4ea4d8da,0.0,0.3,OK
Lindinvent,Lindinvent,LB81-5151F-VFD103/8006,LB81-5151F-VFD103 Room temperature setpoint,CapabilityTypeSetpoint,IndoorAir,ÖPPET KONTOR,5151,PLAN 8,5d4670ae-1107-48b8-89eb-532ad0e7588b,46ac7275-3222-420d-a53b-0f9c4ea4d8da,22.5,0.3,OK
Lindinvent,Lindinvent,LB81-5151F-VFD103/8009,LB81-5151F-VFD103 CO2 setpoint,CapabilityTypeSetpoint,IndoorAir,ÖPPET KONTOR,5151,PLAN 8,157fb6a0-604f-481f-be71-160e525d7d3a,46ac7275-3222-420d-a53b-0f9c4ea4d8da,800.0,0.3,OK
Lindinvent,Lindinvent,LB81-5151F-VFD103/9004,LB81-5151F-VFD103 Opening,State,SupplyAir,ÖPPET KONTOR,5151,PLAN 8,7e21ec83-247e-4e41-89f3-acfe59e7c7ee,46ac7275-3222-420d-a53b-0f9c4ea4d8da,16.0,0.3,OK
Lindinvent,Lindinvent,LB81-5151F-VFD103/9070,LB81-5151F-VFD103 Room temperature,Temperature,IndoorAir,ÖPPET KONTOR,5151,PLAN 8,e6029ffe-d99e-4583-b16e-8a7beb9ad93c,46ac7275-3222-420d-a53b-0f9c4ea4d8da,22.5,0.3,OK
Lindinvent,Lindinvent,LB81-5151F-VFD103/9090,LB81-5151F-VFD103 CO2,CO2,IndoorAir,ÖPPET KONTOR,5151,PLAN 8,53ce60b6-44d8-4f24-a69b-430c64cd89d5,46ac7275-3222-420d-a53b-0f9c4ea4d8da,444.0,0.3,OK
Lindinvent,Lindinvent,LB81-5151F-VFD104/-12,LB81-5151F-VFD104 Supply air flow,Flow,SupplyAir,ÖPPET KONTOR,5151,PLAN 8,e5bedd2f-33ea-470c-a3a7-e00b9bf5a8df,8fc0eb4c-bf81-409c-a393-34dd1db2b2c7,1.0,0.3,OK
Lindinvent,Lindinvent,LB81-5151F-VFD104/4151,LB81-5151F-VFD104 Local presence,Presence,IndoorAir,ÖPPET KONTOR,5151,PLAN 8,f2e9a35b-6d51-4c11-803d-5f77b51550d9,8fc0eb4c-bf81-409c-a393-34dd1db2b2c7,0.0,0.3,OK
Lindinvent,Lindinvent,LB81-5151F-VFD104/4152,LB81-5151F-VFD104 Presence,Presence,IndoorAir,ÖPPET KONTOR,5151,PLAN 8,c0506487-1096-47ca-ba8e-de43791b97b7,8fc0eb4c-bf81-409c-a393-34dd1db2b2c7,0.0,0.3,OK
Lindinvent,Lindinvent,LB81-5151F-VFD104/8006,LB81-5151F-VFD104 Room temperature setpoint,CapabilityTypeSetpoint,IndoorAir,ÖPPET KONTOR,5151,PLAN 8,2b1f1b52-9876-4a62-bc78-179db3452d39,8fc0eb4c-bf81-409c-a393-34dd1db2b2c7,22.5,0.3,OK
Lindinvent,Lindinvent,LB81-5151F-VFD104/8009,LB81-5151F-VFD104 CO2 setpoint,CapabilityTypeSetpoint,IndoorAir,ÖPPET KONTOR,5151,PLAN 8,767fe072-6930-4f8d-8f19-fdb9cb9d8e1e,8fc0eb4c-bf81-409c-a393-34dd1db2b2c7,800.0,0.3,OK
Lindinvent,Lindinvent,LB81-5151F-VFD104/9004,LB81-5151F-VFD104 Opening,State,SupplyAir,ÖPPET KONTOR,5151,PLAN 8,4884f97c-a9cb-411d-9da7-9458c35093a1,8fc0eb4c-bf81-409c-a393-34dd1db2b2c7,16.0,0.3,OK
Lindinvent,Lindinvent,LB81-5151F-VFD104/9070,LB81-5151F-VFD104 Room temperature,Temperature,IndoorAir,ÖPPET KONTOR,5151,PLAN 8,7c9d6aed-bd56-4898-ad6d-aa2d6a490dc3,8fc0eb4c-bf81-409c-a393-34dd1db2b2c7,22.5,0.3,OK
Lindinvent,Lindinvent,LB81-5151F-VFD104/9090,LB81-5151F-VFD104 CO2,CO2,IndoorAir,ÖPPET KONTOR,5151,PLAN 8,d043b206-9ef5-4b51-b584-947a913b74e5,8fc0eb4c-bf81-409c-a393-34dd1db2b2c7,442.0,0.3,OK
Lindinvent,Lindinvent,LB81-5151G-HD101/8006,LB81-5151G-HD101 Room temperature setpoint,CapabilityTypeSetpoint,IndoorAir,ÖPPET KONTOR,5151,PLAN 8,3f77e05b-b9e6-4ad1-adbd-e7717f5a057e,eb8f8412-8ee0-4f98-adad-5fe08b4813b5,22.5,0.3,OK
Lindinvent,Lindinvent,LB81-5151G-HD101/9070,LB81-5151G-HD101 Room temperature,Temperature,IndoorAir,ÖPPET KONTOR,5151,PLAN 8,d18ed16d-aef0-4263-92ba-a0811e81aa8d,eb8f8412-8ee0-4f98-adad-5fe08b4813b5,22.8,0.3,OK
Lindinvent,Lindinvent,LB81-5151G-HD102/8006,LB81-5151G-HD102 Room temperature setpoint,CapabilityTypeSetpoint,IndoorAir,ÖPPET KONTOR,5151,PLAN 8,7823fea3-0627-4ea8-aaeb-b92f20d00aff,7f20702f-a484-4424-b3fc-05b74da23447,22.5,0.3,OK
Lindinvent,Lindinvent,LB81-5151G-HD102/9070,LB81-5151G-HD102 Room temperature,Temperature,IndoorAir,ÖPPET KONTOR,5151,PLAN 8,0d7a2365-ad59-4d2b-b98a-a38e0462238a,7f20702f-a484-4424-b3fc-05b74da23447,22.8,0.3,OK
Lindinvent,Lindinvent,LB81-5151G-HD104/8006,LB81-5151G-HD104 Room temperature setpoint,CapabilityTypeSetpoint,IndoorAir,ÖPPET KONTOR,5151,PLAN 8,5f70f3cf-a822-46c5-a37c-fda120240d99,4015ab9b-5944-4148-946f-6f7f242ef1e1,22.0,0.3,OK
Lindinvent,Lindinvent,LB81-5151G-HD104/9070,LB81-5151G-HD104 Room temperature,Temperature,IndoorAir,ÖPPET KONTOR,5151,PLAN 8,3f5238b5-5557-4358-8683-1b454c14e146,4015ab9b-5944-4148-946f-6f7f242ef1e1,23.0,0.3,OK
Lindinvent,Lindinvent,LB81-5151G-HD105/8006,LB81-5151G-HD105 Room temperature setpoint,CapabilityTypeSetpoint,IndoorAir,ÖPPET KONTOR,5151,PLAN 8,19255d14-cf2f-4bec-95c6-7398d30cbc91,804ddf3a-6edb-42ad-8242-3628aa180a69,22.0,0.3,OK
Lindinvent,Lindinvent,LB81-5151G-HD105/9070,LB81-5151G-HD105 Room temperature,Temperature,IndoorAir,ÖPPET KONTOR,5151,PLAN 8,6ccff300-b5b2-4954-963c-f2cd3c40fc21,804ddf3a-6edb-42ad-8242-3628aa180a69,23.0,0.3,OK
Lindinvent,Lindinvent,LB81-5151G-VFD101/-12,LB81-5151G-VFD101 Supply air flow,Flow,SupplyAir,ÖPPET KONTOR,5151,PLAN 8,90cc879b-c554-4321-9565-cf63b8cc1e6b,ae144541-581a-4efa-9548-2b4058be3749,0.0,0.3,OK
Lindinvent,Lindinvent,LB81-5151G-VFD101/4151,LB81-5151G-VFD101 Local presence,Presence,IndoorAir,ÖPPET KONTOR,5151,PLAN 8,de9a7c0f-d933-4731-b41d-e6b2675bcf0e,ae144541-581a-4efa-9548-2b4058be3749,0.0,0.3,OK
Lindinvent,Lindinvent,LB81-5151G-VFD101/4152,LB81-5151G-VFD101 Presence,Presence,IndoorAir,ÖPPET KONTOR,5151,PLAN 8,17e252fa-0644-45a5-bf48-f0d8f7a23756,ae144541-581a-4efa-9548-2b4058be3749,0.0,0.3,OK
Lindinvent,Lindinvent,LB81-5151G-VFD101/8006,LB81-5151G-VFD101 Room temperature setpoint,CapabilityTypeSetpoint,IndoorAir,ÖPPET KONTOR,5151,PLAN 8,8f9090e8-578a-4e68-a3a0-cff043b9d32b,ae144541-581a-4efa-9548-2b4058be3749,22.5,0.3,OK
Lindinvent,Lindinvent,LB81-5151G-VFD101/8009,LB81-5151G-VFD101 CO2 setpoint,CapabilityTypeSetpoint,IndoorAir,ÖPPET KONTOR,5151,PLAN 8,2ca56147-5aa8-46e0-aa9f-e7da59d584d0,ae144541-581a-4efa-9548-2b4058be3749,800.0,0.3,OK
Lindinvent,Lindinvent,LB81-5151G-VFD101/9004,LB81-5151G-VFD101 Opening,State,SupplyAir,ÖPPET KONTOR,5151,PLAN 8,02a47ae6-b6d3-4b30-939f-7408f8acec26,ae144541-581a-4efa-9548-2b4058be3749,16.0,0.3,OK
Lindinvent,Lindinvent,LB81-5151G-VFD101/9070,LB81-5151G-VFD101 Room temperature,Temperature,IndoorAir,ÖPPET KONTOR,5151,PLAN 8,c6f564d7-9477-40ff-9ccc-42439b68146f,ae144541-581a-4efa-9548-2b4058be3749,22.8,0.3,OK
Lindinvent,Lindinvent,LB81-5151G-VFD101/9090,LB81-5151G-VFD101 CO2,CO2,IndoorAir,ÖPPET KONTOR,5151,PLAN 8,88cbc381-7667-44e1-9cb5-67982b3aa998,ae144541-581a-4efa-9548-2b4058be3749,491.0,0.3,OK
Lindinvent,Lindinvent,LB81-5151G-VFD102/-12,LB81-5151G-VFD102 Supply air flow,Flow,SupplyAir,ÖPPET KONTOR,5151,PLAN 8,2996f3bf-3bf5-4d13-8694-c56ba5a4027f,3f199c35-0613-432e-9a1a-1c20dd3adffb,0.0,0.3,OK
Lindinvent,Lindinvent,LB81-5151G-VFD102/4151,LB81-5151G-VFD102 Local presence,Presence,IndoorAir,ÖPPET KONTOR,5151,PLAN 8,938b81d5-aada-447e-b3ce-012ae86e7450,3f199c35-0613-432e-9a1a-1c20dd3adffb,0.0,0.3,OK
Lindinvent,Lindinvent,LB81-5151G-VFD102/4152,LB81-5151G-VFD102 Presence,Presence,IndoorAir,ÖPPET KONTOR,5151,PLAN 8,59398800-6710-4a86-9959-610842774ca1,3f199c35-0613-432e-9a1a-1c20dd3adffb,0.0,0.3,OK
Lindinvent,Lindinvent,LB81-5151G-VFD102/8006,LB81-5151G-VFD102 Room temperature setpoint,CapabilityTypeSetpoint,IndoorAir,ÖPPET KONTOR,5151,PLAN 8,ce028a99-8e4a-4f95-9603-9aebb5f4993c,3f199c35-0613-432e-9a1a-1c20dd3adffb,22.5,0.3,OK
Lindinvent,Lindinvent,LB81-5151G-VFD102/8009,LB81-5151G-VFD102 CO2 setpoint,CapabilityTypeSetpoint,IndoorAir,ÖPPET KONTOR,5151,PLAN 8,147d6a72-1123-4966-8aed-93e783ead9ee,3f199c35-0613-432e-9a1a-1c20dd3adffb,800.0,0.3,OK
Lindinvent,Lindinvent,LB81-5151G-VFD102/9004,LB81-5151G-VFD102 Opening,State,SupplyAir,ÖPPET KONTOR,5151,PLAN 8,b96524a7-4170-4903-abd4-9626b21e0c69,3f199c35-0613-432e-9a1a-1c20dd3adffb,16.0,0.3,OK
Lindinvent,Lindinvent,LB81-5151G-VFD102/9070,LB81-5151G-VFD102 Room temperature,Temperature,IndoorAir,ÖPPET KONTOR,5151,PLAN 8,3e8b6cde-115b-4b99-b4d6-24e2eeff36e3,3f199c35-0613-432e-9a1a-1c20dd3adffb,22.8,0.3,OK
Lindinvent,Lindinvent,LB81-5151G-VFD102/9090,LB81-5151G-VFD102 CO2,CO2,IndoorAir,ÖPPET KONTOR,5151,PLAN 8,be5eb431-cb92-4d72-8173-ba40c53dfb56,3f199c35-0613-432e-9a1a-1c20dd3adffb,491.0,0.3,OK
Lindinvent,Lindinvent,LB81-5151G-VFD103/-12,LB81-5151G-VFD103 Supply air flow,Flow,SupplyAir,ÖPPET KONTOR,5151,PLAN 8,fe20f870-f262-4f88-aa31-689cc2f88551,cd76cb4f-757e-4133-9844-24f4e67d9699,0.0,0.3,OK
Lindinvent,Lindinvent,LB81-5151G-VFD103/4151,LB81-5151G-VFD103 Local presence,Presence,IndoorAir,ÖPPET KONTOR,5151,PLAN 8,02999e24-f8fb-4983-9824-dd6e263dddf3,cd76cb4f-757e-4133-9844-24f4e67d9699,0.0,0.3,OK
Lindinvent,Lindinvent,LB81-5151G-VFD103/4152,LB81-5151G-VFD103 Presence,Presence,IndoorAir,ÖPPET KONTOR,5151,PLAN 8,c0c506ef-b2eb-46f6-a2cb-9430622493ff,cd76cb4f-757e-4133-9844-24f4e67d9699,0.0,0.3,OK
Lindinvent,Lindinvent,LB81-5151G-VFD103/8006,LB81-5151G-VFD103 Room temperature setpoint,CapabilityTypeSetpoint,IndoorAir,ÖPPET KONTOR,5151,PLAN 8,f445cb97-81f3-4f20-a334-121a3a6bdc95,cd76cb4f-757e-4133-9844-24f4e67d9699,22.5,0.3,OK
Lindinvent,Lindinvent,LB81-5151G-VFD103/8009,LB81-5151G-VFD103 CO2 setpoint,CapabilityTypeSetpoint,IndoorAir,ÖPPET KONTOR,5151,PLAN 8,194d0495-9cf1-4dc8-8f4d-d2a8eb58efb0,cd76cb4f-757e-4133-9844-24f4e67d9699,800.0,0.3,OK
Lindinvent,Lindinvent,LB81-5151G-VFD103/9004,LB81-5151G-VFD103 Opening,State,SupplyAir,ÖPPET KONTOR,5151,PLAN 8,3b799f45-87b8-4818-ad89-0b39440945a9,cd76cb4f-757e-4133-9844-24f4e67d9699,16.0,0.3,OK
Lindinvent,Lindinvent,LB81-5151G-VFD103/9070,LB81-5151G-VFD103 Room temperature,Temperature,IndoorAir,ÖPPET KONTOR,5151,PLAN 8,fa17b0df-b1a6-4226-92bc-f375740c00c8,cd76cb4f-757e-4133-9844-24f4e67d9699,23.0,0.3,OK
Lindinvent,Lindinvent,LB81-5151G-VFD103/9090,LB81-5151G-VFD103 CO2,CO2,IndoorAir,ÖPPET KONTOR,5151,PLAN 8,c185dac9-583a-4e4a-9f8f-77aba0d7fa5a,cd76cb4f-757e-4133-9844-24f4e67d9699,472.0,0.3,OK
Lindinvent,Lindinvent,LB81-5151G-VFD104/-12,LB81-5151G-VFD104 Supply air flow,Flow,SupplyAir,ÖPPET KONTOR,5151,PLAN 8,bb9aba7f-77a0-43e8-8db9-8882abb4254a,92146c12-d2b8-4482-8ef4-c4bd7688b073,0.0,0.3,OK
Lindinvent,Lindinvent,LB81-5151G-VFD104/4151,LB81-5151G-VFD104 Local presence,Presence,IndoorAir,ÖPPET KONTOR,5151,PLAN 8,3a907cf5-1290-4cfa-8d51-2053d8359103,92146c12-d2b8-4482-8ef4-c4bd7688b073,0.0,0.3,OK
Lindinvent,Lindinvent,LB81-5151G-VFD104/4152,LB81-5151G-VFD104 Presence,Presence,IndoorAir,ÖPPET KONTOR,5151,PLAN 8,93d7e82b-f996-4f79-9b59-576f8d71d347,92146c12-d2b8-4482-8ef4-c4bd7688b073,0.0,0.3,OK
Lindinvent,Lindinvent,LB81-5151G-VFD104/8006,LB81-5151G-VFD104 Room temperature setpoint,CapabilityTypeSetpoint,IndoorAir,ÖPPET KONTOR,5151,PLAN 8,5ac10430-8a72-42c6-9f62-5cca81459e23,92146c12-d2b8-4482-8ef4-c4bd7688b073,22.5,0.3,OK
Lindinvent,Lindinvent,LB81-5151G-VFD104/8009,LB81-5151G-VFD104 CO2 setpoint,CapabilityTypeSetpoint,IndoorAir,ÖPPET KONTOR,5151,PLAN 8,05a03010-7ed8-45ee-b225-49bd73eb04c3,92146c12-d2b8-4482-8ef4-c4bd7688b073,800.0,0.3,OK
Lindinvent,Lindinvent,LB81-5151G-VFD104/9004,LB81-5151G-VFD104 Opening,State,SupplyAir,ÖPPET KONTOR,5151,PLAN 8,02a64e3f-28a6-459c-a111-573663cde7aa,92146c12-d2b8-4482-8ef4-c4bd7688b073,16.0,0.3,OK
Lindinvent,Lindinvent,LB81-5151G-VFD104/9070,LB81-5151G-VFD104 Room temperature,Temperature,IndoorAir,ÖPPET KONTOR,5151,PLAN 8,b52c0b63-4628-41b8-b7f1-fc977c9a794e,92146c12-d2b8-4482-8ef4-c4bd7688b073,23.0,0.3,OK
Lindinvent,Lindinvent,LB81-5151G-VFD104/9090,LB81-5151G-VFD104 CO2,CO2,IndoorAir,ÖPPET KONTOR,5151,PLAN 8,e56c733e-b646-4815-bbd2-ae5f0240ba06,92146c12-d2b8-4482-8ef4-c4bd7688b073,472.0,0.3,OK
Lindinvent,Lindinvent,LB81-5151H-VFD101/-12,LB81-5151H-VFD101 Supply air flow,Flow,SupplyAir,ÖPPET KONTOR,5151,PLAN 8,6025fa63-f919-48a4-9276-789bf92bb164,08f5adf8-3bb0-477a-b57a-f63f4b3b3597,0.0,0.3,OK
Lindinvent,Lindinvent,LB81-5151H-VFD101/4151,LB81-5151H-VFD101 Local presence,Presence,IndoorAir,ÖPPET KONTOR,5151,PLAN 8,b95c461f-b371-40d6-bf7d-832e328412ca,08f5adf8-3bb0-477a-b57a-f63f4b3b3597,1.0,0.3,OK
Lindinvent,Lindinvent,LB81-5151H-VFD101/4152,LB81-5151H-VFD101 Presence,Presence,IndoorAir,ÖPPET KONTOR,5151,PLAN 8,5d4f4a89-8d31-4092-a56d-e9533b4410ae,08f5adf8-3bb0-477a-b57a-f63f4b3b3597,1.0,0.3,OK
Lindinvent,Lindinvent,LB81-5151H-VFD101/8006,LB81-5151H-VFD101 Room temperature setpoint,CapabilityTypeSetpoint,IndoorAir,ÖPPET KONTOR,5151,PLAN 8,acc05432-241c-4ba9-8744-c8565b99d661,08f5adf8-3bb0-477a-b57a-f63f4b3b3597,22.5,0.3,OK
Lindinvent,Lindinvent,LB81-5151H-VFD101/8009,LB81-5151H-VFD101 CO2 setpoint,CapabilityTypeSetpoint,IndoorAir,ÖPPET KONTOR,5151,PLAN 8,5adae1b3-4ca7-4af6-add6-0c3175e3f6b0,08f5adf8-3bb0-477a-b57a-f63f4b3b3597,800.0,0.3,OK
Lindinvent,Lindinvent,LB81-5151H-VFD101/9004,LB81-5151H-VFD101 Opening,State,SupplyAir,ÖPPET KONTOR,5151,PLAN 8,ce2c4114-808a-4e3a-b622-fd8c303df9e0,08f5adf8-3bb0-477a-b57a-f63f4b3b3597,16.0,0.3,OK
Lindinvent,Lindinvent,LB81-5151H-VFD101/9070,LB81-5151H-VFD101 Room temperature,Temperature,IndoorAir,ÖPPET KONTOR,5151,PLAN 8,54f9ed82-b937-4ada-9ff8-a765db00c797,08f5adf8-3bb0-477a-b57a-f63f4b3b3597,22.0,0.3,OK
Lindinvent,Lindinvent,LB81-5151H-VFD101/9090,LB81-5151H-VFD101 CO2,CO2,IndoorAir,ÖPPET KONTOR,5151,PLAN 8,24c958a2-ba93-4f7d-8d2f-01c341bbbf7f,08f5adf8-3bb0-477a-b57a-f63f4b3b3597,498.0,0.3,OK
Lindinvent,Lindinvent,LB81-5151H-VFD102/-12,LB81-5151H-VFD102 Supply air flow,Flow,SupplyAir,ÖPPET KONTOR,5151,PLAN 8,641fe846-4e7c-4d5f-90ec-aa05ac03e310,aa90ead3-b039-4af6-b977-7f478c04accc,2.0,0.3,OK
Lindinvent,Lindinvent,LB81-5151H-VFD102/4151,LB81-5151H-VFD102 Local presence,Presence,IndoorAir,ÖPPET KONTOR,5151,PLAN 8,007702f6-ac5a-4550-9587-9a9f4a41d958,aa90ead3-b039-4af6-b977-7f478c04accc,1.0,0.3,OK
Lindinvent,Lindinvent,LB81-5151H-VFD102/4152,LB81-5151H-VFD102 Presence,Presence,IndoorAir,ÖPPET KONTOR,5151,PLAN 8,3ac7836a-1705-4159-ac69-aee9ca89cc8b,aa90ead3-b039-4af6-b977-7f478c04accc,1.0,0.3,OK
Lindinvent,Lindinvent,LB81-5151H-VFD102/8006,LB81-5151H-VFD102 Room temperature setpoint,CapabilityTypeSetpoint,IndoorAir,ÖPPET KONTOR,5151,PLAN 8,42d53c80-568b-4971-93d9-dc01b2a1070b,aa90ead3-b039-4af6-b977-7f478c04accc,22.5,0.3,OK
Lindinvent,Lindinvent,LB81-5151H-VFD102/8009,LB81-5151H-VFD102 CO2 setpoint,CapabilityTypeSetpoint,IndoorAir,ÖPPET KONTOR,5151,PLAN 8,fa61efd8-3bf6-4319-b769-83829ce38463,aa90ead3-b039-4af6-b977-7f478c04accc,800.0,0.3,OK
Lindinvent,Lindinvent,LB81-5151H-VFD102/9004,LB81-5151H-VFD102 Opening,State,SupplyAir,ÖPPET KONTOR,5151,PLAN 8,cbdfedcc-8a16-4f20-9d93-8ebde6b3fee1,aa90ead3-b039-4af6-b977-7f478c04accc,16.0,0.3,OK
Lindinvent,Lindinvent,LB81-5151H-VFD102/9070,LB81-5151H-VFD102 Room temperature,Temperature,IndoorAir,ÖPPET KONTOR,5151,PLAN 8,15608e56-e628-439c-a801-35fa5df22a1f,aa90ead3-b039-4af6-b977-7f478c04accc,22.0,0.3,OK
Lindinvent,Lindinvent,LB81-5151H-VFD102/9090,LB81-5151H-VFD102 CO2,CO2,IndoorAir,ÖPPET KONTOR,5151,PLAN 8,0ea082d4-ddda-43e3-b89f-133a3be622b7,aa90ead3-b039-4af6-b977-7f478c04accc,499.0,0.3,OK
Lindinvent,Lindinvent,LB81-5151H-VFD103/-12,LB81-5151H-VFD103 Supply air flow,Flow,SupplyAir,ÖPPET KONTOR,5151,PLAN 8,506d8e6f-b94b-4d97-9c8a-c7676d1b4a36,659f0985-054b-417c-ba5e-7beba971e770,1.0,0.3,OK
Lindinvent,Lindinvent,LB81-5151H-VFD103/4151,LB81-5151H-VFD103 Local presence,Presence,IndoorAir,ÖPPET KONTOR,5151,PLAN 8,c4ed2ebb-d19b-487a-b7dd-f4245ff7c14d,659f0985-054b-417c-ba5e-7beba971e770,1.0,0.3,OK
Lindinvent,Lindinvent,LB81-5151H-VFD103/4152,LB81-5151H-VFD103 Presence,Presence,IndoorAir,ÖPPET KONTOR,5151,PLAN 8,230ca200-f2e8-46c8-9d21-e6cd94eec723,659f0985-054b-417c-ba5e-7beba971e770,1.0,0.3,OK
Lindinvent,Lindinvent,LB81-5151H-VFD103/8006,LB81-5151H-VFD103 Room temperature setpoint,CapabilityTypeSetpoint,IndoorAir,ÖPPET KONTOR,5151,PLAN 8,842838e8-b2f4-482b-b290-91f258861b7d,659f0985-054b-417c-ba5e-7beba971e770,22.5,0.3,OK
Lindinvent,Lindinvent,LB81-5151H-VFD103/8009,LB81-5151H-VFD103 CO2 setpoint,CapabilityTypeSetpoint,IndoorAir,ÖPPET KONTOR,5151,PLAN 8,61a444d0-c48d-447c-9414-f223d0428e0a,659f0985-054b-417c-ba5e-7beba971e770,800.0,0.3,OK
Lindinvent,Lindinvent,LB81-5151H-VFD103/9004,LB81-5151H-VFD103 Opening,State,SupplyAir,ÖPPET KONTOR,5151,PLAN 8,3e810977-2774-4fbd-a2ed-f2bce900a50f,659f0985-054b-417c-ba5e-7beba971e770,16.0,0.3,OK
Lindinvent,Lindinvent,LB81-5151H-VFD103/9070,LB81-5151H-VFD103 Room temperature,Temperature,IndoorAir,ÖPPET KONTOR,5151,PLAN 8,5e801fe9-758f-4d45-8e09-f067fbb282ec,659f0985-054b-417c-ba5e-7beba971e770,22.0,0.3,OK
Lindinvent,Lindinvent,LB81-5151H-VFD103/9090,LB81-5151H-VFD103 CO2,CO2,IndoorAir,ÖPPET KONTOR,5151,PLAN 8,23d95caf-df4d-4212-a8f1-2d7c62c56790,659f0985-054b-417c-ba5e-7beba971e770,500.0,0.3,OK
Lindinvent,Lindinvent,LB81-5151H-VFD104/-12,LB81-5151H-VFD104 Supply air flow,Flow,SupplyAir,ÖPPET KONTOR,5151,PLAN 8,e1538219-d0e5-4238-bdfc-15637b4bd425,76fda6ac-794b-4ee9-8f45-0f5635e4771e,0.0,0.3,OK
Lindinvent,Lindinvent,LB81-5151H-VFD104/4151,LB81-5151H-VFD104 Local presence,Presence,IndoorAir,ÖPPET KONTOR,5151,PLAN 8,08597ca4-714e-4fee-bc4e-d77c67fc3910,76fda6ac-794b-4ee9-8f45-0f5635e4771e,1.0,0.3,OK
Lindinvent,Lindinvent,LB81-5151H-VFD104/4152,LB81-5151H-VFD104 Presence,Presence,IndoorAir,ÖPPET KONTOR,5151,PLAN 8,2e08def1-2aa6-49a7-8491-75ade9b941a7,76fda6ac-794b-4ee9-8f45-0f5635e4771e,1.0,0.3,OK
Lindinvent,Lindinvent,LB81-5151H-VFD104/8006,LB81-5151H-VFD104 Room temperature setpoint,CapabilityTypeSetpoint,IndoorAir,ÖPPET KONTOR,5151,PLAN 8,ab1d3a77-d25a-4d19-bff7-caa03e645643,76fda6ac-794b-4ee9-8f45-0f5635e4771e,22.5,0.3,OK
Lindinvent,Lindinvent,LB81-5151H-VFD104/8009,LB81-5151H-VFD104 CO2 setpoint,CapabilityTypeSetpoint,IndoorAir,ÖPPET KONTOR,5151,PLAN 8,cc3273fb-34ee-4fd6-bdd0-ec29365c014f,76fda6ac-794b-4ee9-8f45-0f5635e4771e,800.0,0.3,OK
Lindinvent,Lindinvent,LB81-5151H-VFD104/9004,LB81-5151H-VFD104 Opening,State,SupplyAir,ÖPPET KONTOR,5151,PLAN 8,9f409a8f-3d4a-404b-93ce-31f79d3a276d,76fda6ac-794b-4ee9-8f45-0f5635e4771e,16.0,0.3,OK
Lindinvent,Lindinvent,LB81-5151H-VFD104/9070,LB81-5151H-VFD104 Room temperature,Temperature,IndoorAir,ÖPPET KONTOR,5151,PLAN 8,6914c6ec-be18-4988-a642-1314438cb657,76fda6ac-794b-4ee9-8f45-0f5635e4771e,22.0,0.3,OK
Lindinvent,Lindinvent,LB81-5151H-VFD104/9090,LB81-5151H-VFD104 CO2,CO2,IndoorAir,ÖPPET KONTOR,5151,PLAN 8,f7126408-6d3a-4c4e-b40d-68ccd2c75c87,76fda6ac-794b-4ee9-8f45-0f5635e4771e,501.0,0.3,OK
Lindinvent,Lindinvent,LB81-5151H-VFD105/-12,LB81-5151H-VFD105 Supply air flow,Flow,SupplyAir,ÖPPET KONTOR,5151,PLAN 8,333a7968-7420-4deb-a4c1-f5e5bd06ba06,8af0ccb9-4ab0-4998-b6f6-ed6125391369,2.0,0.3,OK
Lindinvent,Lindinvent,LB81-5151H-VFD105/4151,LB81-5151H-VFD105 Local presence,Presence,IndoorAir,ÖPPET KONTOR,5151,PLAN 8,97f57769-c5c9-4095-92cb-67b546c95cbb,8af0ccb9-4ab0-4998-b6f6-ed6125391369,1.0,0.3,OK
Lindinvent,Lindinvent,LB81-5151H-VFD105/4152,LB81-5151H-VFD105 Presence,Presence,IndoorAir,ÖPPET KONTOR,5151,PLAN 8,65399297-6019-443f-a3eb-13a145741264,8af0ccb9-4ab0-4998-b6f6-ed6125391369,1.0,0.3,OK
Lindinvent,Lindinvent,LB81-5151H-VFD105/8006,LB81-5151H-VFD105 Room temperature setpoint,CapabilityTypeSetpoint,IndoorAir,ÖPPET KONTOR,5151,PLAN 8,db24ecb2-06b7-4d28-8733-80b6d88286af,8af0ccb9-4ab0-4998-b6f6-ed6125391369,22.5,0.3,OK
Lindinvent,Lindinvent,LB81-5151H-VFD105/8009,LB81-5151H-VFD105 CO2 setpoint,CapabilityTypeSetpoint,IndoorAir,ÖPPET KONTOR,5151,PLAN 8,3d807145-fb2d-4a43-9711-cad2b42f7770,8af0ccb9-4ab0-4998-b6f6-ed6125391369,800.0,0.3,OK
Lindinvent,Lindinvent,LB81-5151H-VFD105/9004,LB81-5151H-VFD105 Opening,State,SupplyAir,ÖPPET KONTOR,5151,PLAN 8,5ba2f9c2-ae35-4b01-bd74-06ccaa45cd53,8af0ccb9-4ab0-4998-b6f6-ed6125391369,16.0,0.3,OK
Lindinvent,Lindinvent,LB81-5151H-VFD105/9070,LB81-5151H-VFD105 Room temperature,Temperature,IndoorAir,ÖPPET KONTOR,5151,PLAN 8,affa4f18-6769-46bd-a8fd-0f129a6a2c11,8af0ccb9-4ab0-4998-b6f6-ed6125391369,22.0,0.3,OK
Lindinvent,Lindinvent,LB81-5151H-VFD105/9090,LB81-5151H-VFD105 CO2,CO2,IndoorAir,ÖPPET KONTOR,5151,PLAN 8,05a3ab53-e77a-4221-a403-c9fa3e88bc41,8af0ccb9-4ab0-4998-b6f6-ed6125391369,501.0,0.3,OK
Lindinvent,Lindinvent,LB81-5151J-TD401/4152,LB81-5151J-TD401 Presence,Presence,IndoorAir,ÖPPET KONTOR,5151,PLAN 8,bcd07024-32ad-4d90-9abf-6de276ce3fa6,439f1130-d966-4b7e-90dc-66a3a86453e7,0.0,0.3,OK
Lindinvent,Lindinvent,LB81-5151J-TD401/8006,LB81-5151J-TD401 Room temperature setpoint,CapabilityTypeSetpoint,IndoorAir,ÖPPET KONTOR,5151,PLAN 8,07bc8236-86ca-4f23-b8e8-e072005664fd,439f1130-d966-4b7e-90dc-66a3a86453e7,22.5,0.3,OK
Lindinvent,Lindinvent,LB81-5151J-TD401/9004,LB81-5151J-TD401 Opening,State,SupplyAir,ÖPPET KONTOR,5151,PLAN 8,e6932814-33e6-42cb-802e-5a63bf57e6e4,439f1130-d966-4b7e-90dc-66a3a86453e7,1.0,0.3,OK
Lindinvent,Lindinvent,LB81-5151J-TD401/9070,LB81-5151J-TD401 Room temperature,Temperature,IndoorAir,ÖPPET KONTOR,5151,PLAN 8,e574e47b-d903-40f8-9b98-6f68c85d9584,439f1130-d966-4b7e-90dc-66a3a86453e7,22.3,0.3,OK
Lindinvent,Lindinvent,LB81-5151J-TD401/9073,LB81-5151J-TD401 Local room temperature,Temperature,IndoorAir,ÖPPET KONTOR,5151,PLAN 8,7f0f6266-a061-4f6b-8c3d-f2d6a4176811,439f1130-d966-4b7e-90dc-66a3a86453e7,22.3,0.3,OK
Lindinvent,Lindinvent,LB81-5151J-TD401/9084,LB81-5151J-TD401 Local supply air flow,Flow,SupplyAir,ÖPPET KONTOR,5151,PLAN 8,6bf9a472-e192-49e6-b562-414440f5f830,439f1130-d966-4b7e-90dc-66a3a86453e7,0.0,0.3,OK
Lindinvent,Lindinvent,LB81-5151K-TD401/4152,LB81-5151K-TD401 Presence,Presence,IndoorAir,ÖPPET KONTOR,5151,PLAN 8,ced341af-6fcf-497c-8d9c-c3090a67ce38,0464a563-1e7b-4695-8c3f-65c4a4f22a3d,0.0,0.3,OK
Lindinvent,Lindinvent,LB81-5151K-TD401/8006,LB81-5151K-TD401 Room temperature setpoint,CapabilityTypeSetpoint,IndoorAir,ÖPPET KONTOR,5151,PLAN 8,c4ce83c1-b64d-4779-82ff-7d35255c533a,0464a563-1e7b-4695-8c3f-65c4a4f22a3d,22.5,0.3,OK
Lindinvent,Lindinvent,LB81-5151K-TD401/9004,LB81-5151K-TD401 Opening,State,SupplyAir,ÖPPET KONTOR,5151,PLAN 8,f1f5cc94-2d04-4e9d-829f-4176d51ab19a,0464a563-1e7b-4695-8c3f-65c4a4f22a3d,1.0,0.3,OK
Lindinvent,Lindinvent,LB81-5151K-TD401/9070,LB81-5151K-TD401 Room temperature,Temperature,IndoorAir,ÖPPET KONTOR,5151,PLAN 8,f28d1d37-e2de-46a7-894a-d425a07b0111,0464a563-1e7b-4695-8c3f-65c4a4f22a3d,22.4,0.3,OK
Lindinvent,Lindinvent,LB81-5151K-TD401/9073,LB81-5151K-TD401 Local room temperature,Temperature,IndoorAir,ÖPPET KONTOR,5151,PLAN 8,58d7047e-7653-49d0-973b-dd886df404ec,0464a563-1e7b-4695-8c3f-65c4a4f22a3d,22.4,0.3,OK
Lindinvent,Lindinvent,LB81-5151K-TD401/9084,LB81-5151K-TD401 Local supply air flow,Flow,SupplyAir,ÖPPET KONTOR,5151,PLAN 8,b3f9ca4a-640a-4b2c-92be-4c505a9ab7c8,0464a563-1e7b-4695-8c3f-65c4a4f22a3d,0.0,0.3,OK
Lindinvent,Lindinvent,LB81-5152A-HD101/8006,LB81-5152A-HD101 Room temperature setpoint,CapabilityTypeSetpoint,IndoorAir,ÖPPET KONTOR,5152,PLAN 8,2702ce1c-e2ea-4634-9cdd-1d4e2ee9292c,982ffe98-747e-4523-8925-e6546603015f,22.0,0.3,OK
Lindinvent,Lindinvent,LB81-5152A-HD101/9070,LB81-5152A-HD101 Room temperature,Temperature,IndoorAir,ÖPPET KONTOR,5152,PLAN 8,3e5192d6-d290-4f53-ad7e-3685e1e4984f,982ffe98-747e-4523-8925-e6546603015f,21.5,0.3,OK
Lindinvent,Lindinvent,LB81-5152A-HD102/8006,LB81-5152A-HD102 Room temperature setpoint,CapabilityTypeSetpoint,IndoorAir,ÖPPET KONTOR,5152,PLAN 8,61c1303f-ae2c-4ff0-9181-2e0734393dd0,b4f4405d-4a6c-478f-ad9f-b1fa98d08743,22.0,0.3,OK
Lindinvent,Lindinvent,LB81-5152A-HD102/9070,LB81-5152A-HD102 Room temperature,Temperature,IndoorAir,ÖPPET KONTOR,5152,PLAN 8,1fb55e6f-e377-4fb0-afa5-f6746cf832b0,b4f4405d-4a6c-478f-ad9f-b1fa98d08743,21.5,0.3,OK
Lindinvent,Lindinvent,LB81-5152A-HD103/8006,LB81-5152A-HD103 Room temperature setpoint,CapabilityTypeSetpoint,IndoorAir,ÖPPET KONTOR,5152,PLAN 8,8ee46f5c-8e09-47fb-ae37-de82aad63ed3,3c10bbe1-a11d-475f-b0d5-f7d83b0ea693,22.0,0.3,OK
Lindinvent,Lindinvent,LB81-5152A-HD103/9070,LB81-5152A-HD103 Room temperature,Temperature,IndoorAir,ÖPPET KONTOR,5152,PLAN 8,c77cb058-e2d8-48b6-bbc8-aa89d3453c4c,3c10bbe1-a11d-475f-b0d5-f7d83b0ea693,21.8,0.3,OK
Lindinvent,Lindinvent,LB81-5152A-HD104/8006,LB81-5152A-HD104 Room temperature setpoint,CapabilityTypeSetpoint,IndoorAir,ÖPPET KONTOR,5152,PLAN 8,2b32d35c-d3e8-4208-9c57-46a08eaadb4f,f14e9cbc-9c94-4a68-9f2f-64427c9d18a6,22.0,0.3,OK
Lindinvent,Lindinvent,LB81-5152A-HD104/9070,LB81-5152A-HD104 Room temperature,Temperature,IndoorAir,ÖPPET KONTOR,5152,PLAN 8,b409f3c0-9149-47bd-9af4-0119c4c07bd6,f14e9cbc-9c94-4a68-9f2f-64427c9d18a6,21.8,0.3,OK
Lindinvent,Lindinvent,LB81-5152A-TD401/4152,LB81-5152A-TD401 Presence,Presence,IndoorAir,ÖPPET KONTOR,5152,PLAN 8,8f3975c0-1a1c-4b8e-bea7-06a2225257de,ad468c29-92e1-45e1-bf01-aa20f575bf69,0.0,0.3,OK
Lindinvent,Lindinvent,LB81-5152A-TD401/8006,LB81-5152A-TD401 Room temperature setpoint,CapabilityTypeSetpoint,IndoorAir,ÖPPET KONTOR,5152,PLAN 8,aa5294b4-b5c7-4051-8f94-415d55f71500,ad468c29-92e1-45e1-bf01-aa20f575bf69,22.0,0.3,OK
Lindinvent,Lindinvent,LB81-5152A-TD401/8009,LB81-5152A-TD401 CO2 setpoint,CapabilityTypeSetpoint,IndoorAir,ÖPPET KONTOR,5152,PLAN 8,6583ecf4-67bb-40b1-89cb-3dcd25b2aa8c,ad468c29-92e1-45e1-bf01-aa20f575bf69,800.0,0.3,OK
Lindinvent,Lindinvent,LB81-5152A-TD401/9004,LB81-5152A-TD401 Opening,State,SupplyAir,ÖPPET KONTOR,5152,PLAN 8,772788da-2531-4ac4-9232-cedea6d6d32b,ad468c29-92e1-45e1-bf01-aa20f575bf69,0.0,0.3,OK
Lindinvent,Lindinvent,LB81-5152A-TD401/9070,LB81-5152A-TD401 Room temperature,Temperature,IndoorAir,ÖPPET KONTOR,5152,PLAN 8,c17fe266-a599-4133-8c95-5c5468006115,ad468c29-92e1-45e1-bf01-aa20f575bf69,21.5,0.3,OK
Lindinvent,Lindinvent,LB81-5152A-TD401/9073,LB81-5152A-TD401 Local room temperature,Temperature,IndoorAir,ÖPPET KONTOR,5152,PLAN 8,d0a34b5f-5d3b-47f3-9910-884626025a7c,ad468c29-92e1-45e1-bf01-aa20f575bf69,22.2,0.3,OK
Lindinvent,Lindinvent,LB81-5152A-TD401/9084,LB81-5152A-TD401 Local supply air flow,Flow,SupplyAir,ÖPPET KONTOR,5152,PLAN 8,554e161b-bca6-405b-8f45-cd8bb61f87c9,ad468c29-92e1-45e1-bf01-aa20f575bf69,0.0,0.3,OK
Lindinvent,Lindinvent,LB81-5152A-TD401/9090,LB81-5152A-TD401 CO2,CO2,IndoorAir,ÖPPET KONTOR,5152,PLAN 8,6dd18211-35b2-466a-a2e2-5fba0b3994b7,ad468c29-92e1-45e1-bf01-aa20f575bf69,444.0,0.3,OK
Lindinvent,Lindinvent,LB81-5152A-TD402/4152,LB81-5152A-TD402 Presence,Presence,IndoorAir,ÖPPET KONTOR,5152,PLAN 8,3d75edf8-2307-41e1-8f46-beb8ef79c609,43756fda-cfe6-42c7-9a95-fe28493a5764,0.0,0.3,OK
Lindinvent,Lindinvent,LB81-5152A-TD402/8006,LB81-5152A-TD402 Room temperature setpoint,CapabilityTypeSetpoint,IndoorAir,ÖPPET KONTOR,5152,PLAN 8,7598df8b-29d6-4d42-8d1a-c988f8f6065e,43756fda-cfe6-42c7-9a95-fe28493a5764,22.0,0.3,OK
Lindinvent,Lindinvent,LB81-5152A-TD402/8009,LB81-5152A-TD402 CO2 setpoint,CapabilityTypeSetpoint,IndoorAir,ÖPPET KONTOR,5152,PLAN 8,42fd7302-6cb7-454a-9c63-b81a61e06064,43756fda-cfe6-42c7-9a95-fe28493a5764,800.0,0.3,OK
Lindinvent,Lindinvent,LB81-5152A-TD402/9004,LB81-5152A-TD402 Opening,State,SupplyAir,ÖPPET KONTOR,5152,PLAN 8,4bc09ccb-8767-493f-8b09-322b9900e9a4,43756fda-cfe6-42c7-9a95-fe28493a5764,0.0,0.3,OK
Lindinvent,Lindinvent,LB81-5152A-TD402/9070,LB81-5152A-TD402 Room temperature,Temperature,IndoorAir,ÖPPET KONTOR,5152,PLAN 8,8f9ae2d4-2cde-47b4-9ab0-4b3019347abc,43756fda-cfe6-42c7-9a95-fe28493a5764,21.8,0.3,OK
Lindinvent,Lindinvent,LB81-5152A-TD402/9073,LB81-5152A-TD402 Local room temperature,Temperature,IndoorAir,ÖPPET KONTOR,5152,PLAN 8,8ed0f535-824b-48ad-a359-401a51dafd83,43756fda-cfe6-42c7-9a95-fe28493a5764,22.5,0.3,OK
Lindinvent,Lindinvent,LB81-5152A-TD402/9084,LB81-5152A-TD402 Local supply air flow,Flow,SupplyAir,ÖPPET KONTOR,5152,PLAN 8,7306d184-696a-4417-9340-f7f441edd77d,43756fda-cfe6-42c7-9a95-fe28493a5764,5.0,0.3,OK
Lindinvent,Lindinvent,LB81-5152A-TD402/9090,LB81-5152A-TD402 CO2,CO2,IndoorAir,ÖPPET KONTOR,5152,PLAN 8,ac9006c4-ee81-41b9-922f-50c7a08e648d,43756fda-cfe6-42c7-9a95-fe28493a5764,442.0,0.3,OK
Lindinvent,Lindinvent,LB81-5152A-VFD101/-12,LB81-5152A-VFD101 Supply air flow,Flow,SupplyAir,ÖPPET KONTOR,5152,PLAN 8,f2256a3c-dc24-49f3-98e5-f1000116848b,145557e3-8393-4398-8ebd-f8a2871f92f4,0.0,0.3,OK
Lindinvent,Lindinvent,LB81-5152A-VFD101/4151,LB81-5152A-VFD101 Local presence,Presence,IndoorAir,ÖPPET KONTOR,5152,PLAN 8,89857985-e166-43d0-b413-c2ab47e5b0b3,145557e3-8393-4398-8ebd-f8a2871f92f4,0.0,0.3,OK
Lindinvent,Lindinvent,LB81-5152A-VFD101/4152,LB81-5152A-VFD101 Presence,Presence,IndoorAir,ÖPPET KONTOR,5152,PLAN 8,d8a72b52-5a01-4ade-917f-7da4cf295a15,145557e3-8393-4398-8ebd-f8a2871f92f4,0.0,0.3,OK
Lindinvent,Lindinvent,LB81-5152A-VFD101/8006,LB81-5152A-VFD101 Room temperature setpoint,CapabilityTypeSetpoint,IndoorAir,ÖPPET KONTOR,5152,PLAN 8,134188b6-52bb-4922-93c3-8abbeb17363d,145557e3-8393-4398-8ebd-f8a2871f92f4,22.0,0.3,OK
Lindinvent,Lindinvent,LB81-5152A-VFD101/8009,LB81-5152A-VFD101 CO2 setpoint,CapabilityTypeSetpoint,IndoorAir,ÖPPET KONTOR,5152,PLAN 8,b8fd352f-0129-4826-8c27-71677696d935,145557e3-8393-4398-8ebd-f8a2871f92f4,800.0,0.3,OK
Lindinvent,Lindinvent,LB81-5152A-VFD101/9004,LB81-5152A-VFD101 Opening,State,SupplyAir,ÖPPET KONTOR,5152,PLAN 8,70b1be11-5131-47fd-8722-45b2a27738a5,145557e3-8393-4398-8ebd-f8a2871f92f4,16.0,0.3,OK
Lindinvent,Lindinvent,LB81-5152A-VFD101/9070,LB81-5152A-VFD101 Room temperature,Temperature,IndoorAir,ÖPPET KONTOR,5152,PLAN 8,f3140a6a-0613-4360-a8b5-ccb0c5ee28f7,145557e3-8393-4398-8ebd-f8a2871f92f4,21.5,0.3,OK
Lindinvent,Lindinvent,LB81-5152A-VFD101/9090,LB81-5152A-VFD101 CO2,CO2,IndoorAir,ÖPPET KONTOR,5152,PLAN 8,55177910-ca46-4947-a6a4-7d9d583667c4,145557e3-8393-4398-8ebd-f8a2871f92f4,444.0,0.3,OK
Lindinvent,Lindinvent,LB81-5152A-VFD102/-12,LB81-5152A-VFD102 Supply air flow,Flow,SupplyAir,ÖPPET KONTOR,5152,PLAN 8,82e8c897-5b17-4017-a58d-ccfd1fbd38da,1db54e15-456e-4cf9-a5a8-a048566835a7,0.0,0.3,OK
Lindinvent,Lindinvent,LB81-5152A-VFD102/4151,LB81-5152A-VFD102 Local presence,Presence,IndoorAir,ÖPPET KONTOR,5152,PLAN 8,ede43213-bb09-44c6-b698-25d953c60b89,1db54e15-456e-4cf9-a5a8-a048566835a7,0.0,0.3,OK
Lindinvent,Lindinvent,LB81-5152A-VFD102/4152,LB81-5152A-VFD102 Presence,Presence,IndoorAir,ÖPPET KONTOR,5152,PLAN 8,8c1c1ee7-86c3-4b87-bfcf-d2a8dc6c38c3,1db54e15-456e-4cf9-a5a8-a048566835a7,0.0,0.3,OK
Lindinvent,Lindinvent,LB81-5152A-VFD102/8006,LB81-5152A-VFD102 Room temperature setpoint,CapabilityTypeSetpoint,IndoorAir,ÖPPET KONTOR,5152,PLAN 8,67119622-907b-41f0-8cdf-f5eb15523580,1db54e15-456e-4cf9-a5a8-a048566835a7,22.0,0.3,OK
Lindinvent,Lindinvent,LB81-5152A-VFD102/8009,LB81-5152A-VFD102 CO2 setpoint,CapabilityTypeSetpoint,IndoorAir,ÖPPET KONTOR,5152,PLAN 8,820b6bac-853d-45cd-ba02-fe6ec71b2108,1db54e15-456e-4cf9-a5a8-a048566835a7,800.0,0.3,OK
Lindinvent,Lindinvent,LB81-5152A-VFD102/9004,LB81-5152A-VFD102 Opening,State,SupplyAir,ÖPPET KONTOR,5152,PLAN 8,600990c0-ddc2-4e8e-9f38-99ad0bb95769,1db54e15-456e-4cf9-a5a8-a048566835a7,16.0,0.3,OK
Lindinvent,Lindinvent,LB81-5152A-VFD102/9070,LB81-5152A-VFD102 Room temperature,Temperature,IndoorAir,ÖPPET KONTOR,5152,PLAN 8,503b821b-dd3d-4a12-95e1-a799541ba82a,1db54e15-456e-4cf9-a5a8-a048566835a7,21.5,0.3,OK
Lindinvent,Lindinvent,LB81-5152A-VFD102/9090,LB81-5152A-VFD102 CO2,CO2,IndoorAir,ÖPPET KONTOR,5152,PLAN 8,4531c2dd-dbec-42eb-8bdf-0515e5c80aba,1db54e15-456e-4cf9-a5a8-a048566835a7,444.0,0.3,OK
Lindinvent,Lindinvent,LB81-5152A-VFD103/-12,LB81-5152A-VFD103 Supply air flow,Flow,SupplyAir,ÖPPET KONTOR,5152,PLAN 8,fa6206a4-9161-4fd6-8d6a-6c02d31fc78b,d46b38b7-5e31-482f-8229-09dab0a851b0,0.0,0.3,OK
Lindinvent,Lindinvent,LB81-5152A-VFD103/4151,LB81-5152A-VFD103 Local presence,Presence,IndoorAir,ÖPPET KONTOR,5152,PLAN 8,e80dffda-f971-4a08-b1a7-67566f0f8cd0,d46b38b7-5e31-482f-8229-09dab0a851b0,0.0,0.3,OK
Lindinvent,Lindinvent,LB81-5152A-VFD103/4152,LB81-5152A-VFD103 Presence,Presence,IndoorAir,ÖPPET KONTOR,5152,PLAN 8,6215ff76-7601-4b04-bf99-84f470a6f753,d46b38b7-5e31-482f-8229-09dab0a851b0,0.0,0.3,OK
Lindinvent,Lindinvent,LB81-5152A-VFD103/8006,LB81-5152A-VFD103 Room temperature setpoint,CapabilityTypeSetpoint,IndoorAir,ÖPPET KONTOR,5152,PLAN 8,dafc5ab7-bbd7-4a64-8c3a-38e60270f060,d46b38b7-5e31-482f-8229-09dab0a851b0,22.0,0.3,OK
Lindinvent,Lindinvent,LB81-5152A-VFD103/8009,LB81-5152A-VFD103 CO2 setpoint,CapabilityTypeSetpoint,IndoorAir,ÖPPET KONTOR,5152,PLAN 8,ae0a6682-5d66-4969-af7b-d2c8fb0e27ce,d46b38b7-5e31-482f-8229-09dab0a851b0,800.0,0.3,OK
Lindinvent,Lindinvent,LB81-5152A-VFD103/9004,LB81-5152A-VFD103 Opening,State,SupplyAir,ÖPPET KONTOR,5152,PLAN 8,3d3582b9-3f6c-4414-a23f-ce268832c9d7,d46b38b7-5e31-482f-8229-09dab0a851b0,16.0,0.3,OK
Lindinvent,Lindinvent,LB81-5152A-VFD103/9070,LB81-5152A-VFD103 Room temperature,Temperature,IndoorAir,ÖPPET KONTOR,5152,PLAN 8,a968df79-e507-44c5-b3cd-45257273404a,d46b38b7-5e31-482f-8229-09dab0a851b0,21.8,0.3,OK
Lindinvent,Lindinvent,LB81-5152A-VFD103/9090,LB81-5152A-VFD103 CO2,CO2,IndoorAir,ÖPPET KONTOR,5152,PLAN 8,e2eeb294-d781-4323-8237-e5acedc4bcd6,d46b38b7-5e31-482f-8229-09dab0a851b0,443.0,0.3,OK
Lindinvent,Lindinvent,LB81-5152A-VFD104/-12,LB81-5152A-VFD104 Supply air flow,Flow,SupplyAir,ÖPPET KONTOR,5152,PLAN 8,36468fb4-80a1-4af6-9a47-5e2978549167,b9d35664-68d6-4a9b-b42d-1698cdbbcce1,0.0,0.3,OK
Lindinvent,Lindinvent,LB81-5152A-VFD104/4151,LB81-5152A-VFD104 Local presence,Presence,IndoorAir,ÖPPET KONTOR,5152,PLAN 8,3b08e894-fb2f-40bb-9cca-67f4fafd4738,b9d35664-68d6-4a9b-b42d-1698cdbbcce1,0.0,0.3,OK
Lindinvent,Lindinvent,LB81-5152A-VFD104/4152,LB81-5152A-VFD104 Presence,Presence,IndoorAir,ÖPPET KONTOR,5152,PLAN 8,348c871f-6f55-4f0b-88df-ea8474a96ed3,b9d35664-68d6-4a9b-b42d-1698cdbbcce1,0.0,0.3,OK
Lindinvent,Lindinvent,LB81-5152A-VFD104/8006,LB81-5152A-VFD104 Room temperature setpoint,CapabilityTypeSetpoint,IndoorAir,ÖPPET KONTOR,5152,PLAN 8,a2da8a37-b902-4989-8a0c-cf46ad469fb3,b9d35664-68d6-4a9b-b42d-1698cdbbcce1,22.0,0.3,OK
Lindinvent,Lindinvent,LB81-5152A-VFD104/8009,LB81-5152A-VFD104 CO2 setpoint,CapabilityTypeSetpoint,IndoorAir,ÖPPET KONTOR,5152,PLAN 8,025a605a-7714-40cf-af72-df4d1083def6,b9d35664-68d6-4a9b-b42d-1698cdbbcce1,800.0,0.3,OK
Lindinvent,Lindinvent,LB81-5152A-VFD104/9004,LB81-5152A-VFD104 Opening,State,SupplyAir,ÖPPET KONTOR,5152,PLAN 8,56e22862-bba4-416c-98fc-6ceebf3020b0,b9d35664-68d6-4a9b-b42d-1698cdbbcce1,16.0,0.3,OK
Lindinvent,Lindinvent,LB81-5152A-VFD104/9070,LB81-5152A-VFD104 Room temperature,Temperature,IndoorAir,ÖPPET KONTOR,5152,PLAN 8,ac9587dc-b06a-4419-aeb0-b3cac5b22028,b9d35664-68d6-4a9b-b42d-1698cdbbcce1,21.8,0.3,OK
Lindinvent,Lindinvent,LB81-5152A-VFD104/9090,LB81-5152A-VFD104 CO2,CO2,IndoorAir,ÖPPET KONTOR,5152,PLAN 8,2c189d6e-97b8-450e-8e6c-af0903228d6c,b9d35664-68d6-4a9b-b42d-1698cdbbcce1,445.0,0.3,OK
Lindinvent,Lindinvent,LB81-5152C-TD401/4152,LB81-5152C-TD401 Presence,Presence,IndoorAir,ÖPPET KONTOR,5152,PLAN 8,8915cddb-78de-4be3-8cf4-8733d730ce7a,35c0706f-5d29-4c71-ae81-f401e5cfefe9,0.0,0.3,OK
Lindinvent,Lindinvent,LB81-5152C-TD401/8006,LB81-5152C-TD401 Room temperature setpoint,CapabilityTypeSetpoint,IndoorAir,ÖPPET KONTOR,5152,PLAN 8,8abe3e99-274b-4e87-ad83-078c200fde60,35c0706f-5d29-4c71-ae81-f401e5cfefe9,22.5,0.3,OK
Lindinvent,Lindinvent,LB81-5152C-TD401/8009,LB81-5152C-TD401 CO2 setpoint,CapabilityTypeSetpoint,IndoorAir,ÖPPET KONTOR,5152,PLAN 8,9e710917-7cf0-4eea-82e0-c8588350097c,35c0706f-5d29-4c71-ae81-f401e5cfefe9,800.0,0.3,OK
Lindinvent,Lindinvent,LB81-5152C-TD401/9004,LB81-5152C-TD401 Opening,State,SupplyAir,ÖPPET KONTOR,5152,PLAN 8,09eca27b-a8e1-456b-8674-a569dff40fc7,35c0706f-5d29-4c71-ae81-f401e5cfefe9,0.0,0.3,OK
Lindinvent,Lindinvent,LB81-5152C-TD401/9070,LB81-5152C-TD401 Room temperature,Temperature,IndoorAir,ÖPPET KONTOR,5152,PLAN 8,efcb4866-c569-442c-bfd2-d11085eb04d2,35c0706f-5d29-4c71-ae81-f401e5cfefe9,21.3,0.3,OK
Lindinvent,Lindinvent,LB81-5152C-TD401/9073,LB81-5152C-TD401 Local room temperature,Temperature,IndoorAir,ÖPPET KONTOR,5152,PLAN 8,22261094-c878-4bf8-bfbd-3faf699b8ad2,35c0706f-5d29-4c71-ae81-f401e5cfefe9,22.2,0.3,OK
Lindinvent,Lindinvent,LB81-5152C-TD401/9084,LB81-5152C-TD401 Local supply air flow,Flow,SupplyAir,ÖPPET KONTOR,5152,PLAN 8,1dc5b156-02ba-4831-8777-bddaac165013,35c0706f-5d29-4c71-ae81-f401e5cfefe9,2.0,0.3,OK
Lindinvent,Lindinvent,LB81-5152C-TD401/9090,LB81-5152C-TD401 CO2,CO2,IndoorAir,ÖPPET KONTOR,5152,PLAN 8,76da25b1-36ea-467a-88bd-cb521328bf73,35c0706f-5d29-4c71-ae81-f401e5cfefe9,0.0,0.3,OK
Lindinvent,Lindinvent,LB81-5152C-VFD101/-12,LB81-5152C-VFD101 Supply air flow,Flow,SupplyAir,ÖPPET KONTOR,5152,PLAN 8,d8948666-6da2-4e28-8201-c63f34b5367d,6ae6c4f8-1499-4b40-a77e-ce5fab3cbe4f,0.0,0.3,OK
Lindinvent,Lindinvent,LB81-5152C-VFD101/4151,LB81-5152C-VFD101 Local presence,Presence,IndoorAir,ÖPPET KONTOR,5152,PLAN 8,63dafaf3-e0e7-44c9-953d-ee3b8de5a31b,6ae6c4f8-1499-4b40-a77e-ce5fab3cbe4f,1.0,0.3,OK
Lindinvent,Lindinvent,LB81-5152C-VFD101/4152,LB81-5152C-VFD101 Presence,Presence,IndoorAir,ÖPPET KONTOR,5152,PLAN 8,2e64daf4-29fe-4b7e-886a-0f0f402036c9,6ae6c4f8-1499-4b40-a77e-ce5fab3cbe4f,1.0,0.3,OK
Lindinvent,Lindinvent,LB81-5152C-VFD101/8006,LB81-5152C-VFD101 Room temperature setpoint,CapabilityTypeSetpoint,IndoorAir,ÖPPET KONTOR,5152,PLAN 8,2c13ac55-c7d9-4adc-b345-3c29cefc79d1,6ae6c4f8-1499-4b40-a77e-ce5fab3cbe4f,22.5,0.3,OK
Lindinvent,Lindinvent,LB81-5152C-VFD101/8009,LB81-5152C-VFD101 CO2 setpoint,CapabilityTypeSetpoint,IndoorAir,ÖPPET KONTOR,5152,PLAN 8,7c1dd45a-6477-42f2-a232-6dc7608073b2,6ae6c4f8-1499-4b40-a77e-ce5fab3cbe4f,800.0,0.3,OK
Lindinvent,Lindinvent,LB81-5152C-VFD101/9004,LB81-5152C-VFD101 Opening,State,SupplyAir,ÖPPET KONTOR,5152,PLAN 8,d1db1989-cc24-4e46-8475-9f435baed32b,6ae6c4f8-1499-4b40-a77e-ce5fab3cbe4f,16.0,0.3,OK
Lindinvent,Lindinvent,LB81-5152C-VFD101/9070,LB81-5152C-VFD101 Room temperature,Temperature,IndoorAir,ÖPPET KONTOR,5152,PLAN 8,77b3e914-d93f-42c1-9229-5ef17ae3ab8b,6ae6c4f8-1499-4b40-a77e-ce5fab3cbe4f,21.3,0.3,OK
Lindinvent,Lindinvent,LB81-5152C-VFD101/9090,LB81-5152C-VFD101 CO2,CO2,IndoorAir,ÖPPET KONTOR,5152,PLAN 8,4809ad86-6e06-4e5a-b6d3-4a8d0f072189,6ae6c4f8-1499-4b40-a77e-ce5fab3cbe4f,0.0,0.3,OK
Lindinvent,Lindinvent,LB81-5152C-VFD102/-12,LB81-5152C-VFD102 Supply air flow,Flow,SupplyAir,ÖPPET KONTOR,5152,PLAN 8,1a33d2fa-c864-4553-be83-8f157202725a,28c3466f-5ba8-495d-bdc2-e5d66c47b541,0.0,0.3,OK
Lindinvent,Lindinvent,LB81-5152C-VFD102/4151,LB81-5152C-VFD102 Local presence,Presence,IndoorAir,ÖPPET KONTOR,5152,PLAN 8,f91d4964-ea80-4d18-b984-9b8b61235640,28c3466f-5ba8-495d-bdc2-e5d66c47b541,0.0,0.3,OK
Lindinvent,Lindinvent,LB81-5152C-VFD102/4152,LB81-5152C-VFD102 Presence,Presence,IndoorAir,ÖPPET KONTOR,5152,PLAN 8,3ffe8bdf-afaf-439b-90ae-7c725492cfac,28c3466f-5ba8-495d-bdc2-e5d66c47b541,0.0,0.3,OK
Lindinvent,Lindinvent,LB81-5152C-VFD102/8006,LB81-5152C-VFD102 Room temperature setpoint,CapabilityTypeSetpoint,IndoorAir,ÖPPET KONTOR,5152,PLAN 8,084da736-f1ee-48f8-9f52-e34a50b43a0e,28c3466f-5ba8-495d-bdc2-e5d66c47b541,22.5,0.3,OK
Lindinvent,Lindinvent,LB81-5152C-VFD102/8009,LB81-5152C-VFD102 CO2 setpoint,CapabilityTypeSetpoint,IndoorAir,ÖPPET KONTOR,5152,PLAN 8,e82a356a-f689-4f28-aaaf-555843527690,28c3466f-5ba8-495d-bdc2-e5d66c47b541,800.0,0.3,OK
Lindinvent,Lindinvent,LB81-5152C-VFD102/9004,LB81-5152C-VFD102 Opening,State,SupplyAir,ÖPPET KONTOR,5152,PLAN 8,3020e1f1-e8a7-4a07-bd3f-c80e67cb8e9e,28c3466f-5ba8-495d-bdc2-e5d66c47b541,16.0,0.3,OK
Lindinvent,Lindinvent,LB81-5152C-VFD102/9070,LB81-5152C-VFD102 Room temperature,Temperature,IndoorAir,ÖPPET KONTOR,5152,PLAN 8,720da3d5-9231-420e-b4a3-e3d8e22bfc6b,28c3466f-5ba8-495d-bdc2-e5d66c47b541,21.3,0.3,OK
Lindinvent,Lindinvent,LB81-5152C-VFD102/9090,LB81-5152C-VFD102 CO2,CO2,IndoorAir,ÖPPET KONTOR,5152,PLAN 8,932c0ed1-50e9-4adc-bbd4-33dd54aedb84,28c3466f-5ba8-495d-bdc2-e5d66c47b541,0.0,0.3,OK
Lindinvent,Lindinvent,LB81-5152G-KTD11/-12,LB81-5152G-KTD11 Supply air flow,Flow,SupplyAir,ÖPPET KONTOR,5152,PLAN 8,fcbb36df-c4c9-4d2d-8695-b868898768b9,468fb739-95bd-43b6-9dfc-c180a1391f87,3.0,0.3,OK
Lindinvent,Lindinvent,LB81-5152G-KTD11/-20,LB81-5152G-KTD11 Pressure,Pressure,IndoorAir,ÖPPET KONTOR,5152,PLAN 8,9b434710-3dd9-407c-b28f-74da76e00a41,468fb739-95bd-43b6-9dfc-c180a1391f87,0.1,0.3,OK
Lindinvent,Lindinvent,LB81-5152G-KTD11/8007,LB81-5152G-KTD11 Pressure setpoint,CapabilityTypeSetpoint,IndoorAir,ÖPPET KONTOR,5152,PLAN 8,7e67cd78-989a-45a4-9ee2-78ffca532b4b,468fb739-95bd-43b6-9dfc-c180a1391f87,7.0,0.3,OK
Lindinvent,Lindinvent,LB81-5152G-KTD21/-13,LB81-5152G-KTD21 Exhaust air flow,Flow,ExhaustAir,ÖPPET KONTOR,5152,PLAN 8,78334c9b-1abc-4ec0-b5a2-b509a5e53bf7,c93eeb2a-d9f8-4b6e-a29a-aad6073b43fd,-6.0,0.3,OK
Lindinvent,Lindinvent,LB81-5152G-KTD21/-20,LB81-5152G-KTD21 Pressure,Pressure,IndoorAir,ÖPPET KONTOR,5152,PLAN 8,32263df1-74a1-4708-8f8c-c7051705fefb,c93eeb2a-d9f8-4b6e-a29a-aad6073b43fd,0.0,0.3,OK
Lindinvent,Lindinvent,LB81-5152G-KTD21/8007,LB81-5152G-KTD21 Pressure setpoint,CapabilityTypeSetpoint,IndoorAir,ÖPPET KONTOR,5152,PLAN 8,8cf9b504-a4d9-4f4f-80c6-d3273c95204d,c93eeb2a-d9f8-4b6e-a29a-aad6073b43fd,77.0,0.3,OK
Lindinvent,Lindinvent,LB81-5152H-HD101/8006,LB81-5152H-HD101 Room temperature setpoint,CapabilityTypeSetpoint,IndoorAir,ÖPPET KONTOR,5152,PLAN 8,437c9514-443b-48d1-9247-183971289222,e274c65f-890c-48b5-9a8a-258f87055aa6,22.0,0.3,OK
Lindinvent,Lindinvent,LB81-5152H-HD101/9070,LB81-5152H-HD101 Room temperature,Temperature,IndoorAir,ÖPPET KONTOR,5152,PLAN 8,cd2381f8-2db0-4b0c-b1e7-3eb06bf7bf9b,e274c65f-890c-48b5-9a8a-258f87055aa6,21.8,0.3,OK
Lindinvent,Lindinvent,LB81-5152H-HD102/8006,LB81-5152H-HD102 Room temperature setpoint,CapabilityTypeSetpoint,IndoorAir,ÖPPET KONTOR,5152,PLAN 8,19ba60cb-0358-4dd4-86b6-aa21535de0f6,4a34bf99-ceb4-4485-bfa2-092a14c281ba,22.0,0.3,OK
Lindinvent,Lindinvent,LB81-5152H-HD102/9070,LB81-5152H-HD102 Room temperature,Temperature,IndoorAir,ÖPPET KONTOR,5152,PLAN 8,6bc55324-1a5c-4873-8a11-7ad949000538,4a34bf99-ceb4-4485-bfa2-092a14c281ba,21.8,0.3,OK
Lindinvent,Lindinvent,LB81-5152H-HD103/8006,LB81-5152H-HD103 Room temperature setpoint,CapabilityTypeSetpoint,IndoorAir,ÖPPET KONTOR,5152,PLAN 8,19844957-0009-4a4c-91cc-7f4cc0adff2e,a8630398-b7c5-4f48-afb3-821dabd23eb2,22.0,0.3,OK
Lindinvent,Lindinvent,LB81-5152H-HD103/9070,LB81-5152H-HD103 Room temperature,Temperature,IndoorAir,ÖPPET KONTOR,5152,PLAN 8,3a30f710-08ae-455e-86f8-a39571ce75a5,a8630398-b7c5-4f48-afb3-821dabd23eb2,21.8,0.3,OK
Lindinvent,Lindinvent,LB81-5152H-VFD101/-12,LB81-5152H-VFD101 Supply air flow,Flow,SupplyAir,ÖPPET KONTOR,5152,PLAN 8,afdbe574-b632-4bb0-8fab-d9c020677d4c,d69ac30b-2081-49a0-a68e-92907d01ff7b,0.0,0.3,OK
Lindinvent,Lindinvent,LB81-5152H-VFD101/4151,LB81-5152H-VFD101 Local presence,Presence,IndoorAir,ÖPPET KONTOR,5152,PLAN 8,4df3a8ce-d33a-4b3e-86a9-9f856bcff132,d69ac30b-2081-49a0-a68e-92907d01ff7b,0.0,0.3,OK
Lindinvent,Lindinvent,LB81-5152H-VFD101/4152,LB81-5152H-VFD101 Presence,Presence,IndoorAir,ÖPPET KONTOR,5152,PLAN 8,75e0aa55-3044-4d45-a952-196d59e09c4f,d69ac30b-2081-49a0-a68e-92907d01ff7b,0.0,0.3,OK
Lindinvent,Lindinvent,LB81-5152H-VFD101/8006,LB81-5152H-VFD101 Room temperature setpoint,CapabilityTypeSetpoint,IndoorAir,ÖPPET KONTOR,5152,PLAN 8,74434cc4-e00d-4760-8ff9-9cdb40188fb0,d69ac30b-2081-49a0-a68e-92907d01ff7b,22.5,0.3,OK
Lindinvent,Lindinvent,LB81-5152H-VFD101/8009,LB81-5152H-VFD101 CO2 setpoint,CapabilityTypeSetpoint,IndoorAir,ÖPPET KONTOR,5152,PLAN 8,50b4f199-8685-486d-bf3b-7e418e55e332,d69ac30b-2081-49a0-a68e-92907d01ff7b,800.0,0.3,OK
Lindinvent,Lindinvent,LB81-5152H-VFD101/9004,LB81-5152H-VFD101 Opening,State,SupplyAir,ÖPPET KONTOR,5152,PLAN 8,d8f9a804-39c9-4eec-8419-410618f86f0a,d69ac30b-2081-49a0-a68e-92907d01ff7b,16.0,0.3,OK
Lindinvent,Lindinvent,LB81-5152H-VFD101/9070,LB81-5152H-VFD101 Room temperature,Temperature,IndoorAir,ÖPPET KONTOR,5152,PLAN 8,5f4f1e45-7e90-4519-bc4f-6352d66e3254,d69ac30b-2081-49a0-a68e-92907d01ff7b,21.8,0.3,OK
Lindinvent,Lindinvent,LB81-5152H-VFD101/9090,LB81-5152H-VFD101 CO2,CO2,IndoorAir,ÖPPET KONTOR,5152,PLAN 8,b3fe2660-592e-4317-8af5-112c1cdf5130,d69ac30b-2081-49a0-a68e-92907d01ff7b,475.0,0.3,OK
Lindinvent,Lindinvent,LB81-5152H-VFD102/-12,LB81-5152H-VFD102 Supply air flow,Flow,SupplyAir,ÖPPET KONTOR,5152,PLAN 8,3992d85e-0afc-46d9-a8ad-e9f5fcff5c63,46bf2b22-9950-4567-8848-336327ae9b28,1.0,0.3,OK
Lindinvent,Lindinvent,LB81-5152H-VFD102/4151,LB81-5152H-VFD102 Local presence,Presence,IndoorAir,ÖPPET KONTOR,5152,PLAN 8,89025fa9-511d-4723-9d83-af5a3476a8b3,46bf2b22-9950-4567-8848-336327ae9b28,0.0,0.3,OK
Lindinvent,Lindinvent,LB81-5152H-VFD102/4152,LB81-5152H-VFD102 Presence,Presence,IndoorAir,ÖPPET KONTOR,5152,PLAN 8,7409eacd-80d0-4e2f-942f-e7cbbb6dc6f2,46bf2b22-9950-4567-8848-336327ae9b28,0.0,0.3,OK
Lindinvent,Lindinvent,LB81-5152H-VFD102/8006,LB81-5152H-VFD102 Room temperature setpoint,CapabilityTypeSetpoint,IndoorAir,ÖPPET KONTOR,5152,PLAN 8,6e148965-7571-4b5d-a2f3-b7fd32a666c7,46bf2b22-9950-4567-8848-336327ae9b28,22.5,0.3,OK
Lindinvent,Lindinvent,LB81-5152H-VFD102/8009,LB81-5152H-VFD102 CO2 setpoint,CapabilityTypeSetpoint,IndoorAir,ÖPPET KONTOR,5152,PLAN 8,7e47cec8-6dfc-4586-9ebc-c669b2b472a8,46bf2b22-9950-4567-8848-336327ae9b28,800.0,0.3,OK
Lindinvent,Lindinvent,LB81-5152H-VFD102/9004,LB81-5152H-VFD102 Opening,State,SupplyAir,ÖPPET KONTOR,5152,PLAN 8,897de3d2-79b3-4cb0-a3cc-9913a5491752,46bf2b22-9950-4567-8848-336327ae9b28,16.0,0.3,OK
Lindinvent,Lindinvent,LB81-5152H-VFD102/9070,LB81-5152H-VFD102 Room temperature,Temperature,IndoorAir,ÖPPET KONTOR,5152,PLAN 8,53a2bd63-32be-4532-a3b3-100369695fbf,46bf2b22-9950-4567-8848-336327ae9b28,21.8,0.3,OK
Lindinvent,Lindinvent,LB81-5152H-VFD102/9090,LB81-5152H-VFD102 CO2,CO2,IndoorAir,ÖPPET KONTOR,5152,PLAN 8,1339ce1f-2036-4269-bfc1-1a7f1aae6d63,46bf2b22-9950-4567-8848-336327ae9b28,474.0,0.3,OK
Lindinvent,Lindinvent,LB81-5152H-VFD103/-12,LB81-5152H-VFD103 Supply air flow,Flow,SupplyAir,ÖPPET KONTOR,5152,PLAN 8,e143d0b4-ab2e-46a9-a9a7-48327d50ba1c,35665c32-66f5-42ca-9849-07ec2020b15e,0.0,0.3,OK
Lindinvent,Lindinvent,LB81-5152H-VFD103/4151,LB81-5152H-VFD103 Local presence,Presence,IndoorAir,ÖPPET KONTOR,5152,PLAN 8,c320ed2e-deec-4ef6-98e8-9a414b13e7ed,35665c32-66f5-42ca-9849-07ec2020b15e,0.0,0.3,OK
Lindinvent,Lindinvent,LB81-5152H-VFD103/4152,LB81-5152H-VFD103 Presence,Presence,IndoorAir,ÖPPET KONTOR,5152,PLAN 8,2ac6d4a3-d83e-4657-b4a7-020cf59442f3,35665c32-66f5-42ca-9849-07ec2020b15e,0.0,0.3,OK
Lindinvent,Lindinvent,LB81-5152H-VFD103/8006,LB81-5152H-VFD103 Room temperature setpoint,CapabilityTypeSetpoint,IndoorAir,ÖPPET KONTOR,5152,PLAN 8,b659cea7-dda7-4062-a248-de39ab04a3c4,35665c32-66f5-42ca-9849-07ec2020b15e,22.5,0.3,OK
Lindinvent,Lindinvent,LB81-5152H-VFD103/8009,LB81-5152H-VFD103 CO2 setpoint,CapabilityTypeSetpoint,IndoorAir,ÖPPET KONTOR,5152,PLAN 8,646fd838-ce79-4e1f-bfb2-a1fbde921edd,35665c32-66f5-42ca-9849-07ec2020b15e,800.0,0.3,OK
Lindinvent,Lindinvent,LB81-5152H-VFD103/9004,LB81-5152H-VFD103 Opening,State,SupplyAir,ÖPPET KONTOR,5152,PLAN 8,1947b544-c30b-41c5-a128-87690eaf3361,35665c32-66f5-42ca-9849-07ec2020b15e,16.0,0.3,OK
Lindinvent,Lindinvent,LB81-5152H-VFD103/9070,LB81-5152H-VFD103 Room temperature,Temperature,IndoorAir,ÖPPET KONTOR,5152,PLAN 8,b2581e35-fd29-4d4f-9376-d5b1b1999cd4,35665c32-66f5-42ca-9849-07ec2020b15e,21.8,0.3,OK
Lindinvent,Lindinvent,LB81-5152H-VFD103/9090,LB81-5152H-VFD103 CO2,CO2,IndoorAir,ÖPPET KONTOR,5152,PLAN 8,1b605637-274f-469f-9df7-2a8271e31f03,35665c32-66f5-42ca-9849-07ec2020b15e,474.0,0.3,OK
Lindinvent,Lindinvent,LB81-5152J-HD101/8006,LB81-5152J-HD101 Room temperature setpoint,CapabilityTypeSetpoint,IndoorAir,ÖPPET KONTOR,5152,PLAN 8,4a47564e-757a-4e28-b8cc-54529f2690a8,21f71339-1a3e-424d-94f6-a5fbea11f993,22.0,0.3,OK
Lindinvent,Lindinvent,LB81-5152J-HD101/9070,LB81-5152J-HD101 Room temperature,Temperature,IndoorAir,ÖPPET KONTOR,5152,PLAN 8,efc6574f-097e-4082-963e-e74ad6e982c9,21f71339-1a3e-424d-94f6-a5fbea11f993,22.4,0.3,OK
Lindinvent,Lindinvent,LB81-5152J-VFD101/-12,LB81-5152J-VFD101 Supply air flow,Flow,SupplyAir,ÖPPET KONTOR,5152,PLAN 8,f59db1fc-120b-455c-b36a-065d7314fcf0,252f2789-d892-4753-8948-9a5677f07c7c,0.0,0.3,OK
Lindinvent,Lindinvent,LB81-5152J-VFD101/4151,LB81-5152J-VFD101 Local presence,Presence,IndoorAir,ÖPPET KONTOR,5152,PLAN 8,e49707eb-d1cf-46c9-8b05-0e51736a3d63,252f2789-d892-4753-8948-9a5677f07c7c,0.0,0.3,OK
Lindinvent,Lindinvent,LB81-5152J-VFD101/4152,LB81-5152J-VFD101 Presence,Presence,IndoorAir,ÖPPET KONTOR,5152,PLAN 8,f08b5e88-b567-448c-89e1-49ae8639e8b7,252f2789-d892-4753-8948-9a5677f07c7c,0.0,0.3,OK
Lindinvent,Lindinvent,LB81-5152J-VFD101/8006,LB81-5152J-VFD101 Room temperature setpoint,CapabilityTypeSetpoint,IndoorAir,ÖPPET KONTOR,5152,PLAN 8,c0187bcd-e9a0-4c80-befd-b8f07e2d621b,252f2789-d892-4753-8948-9a5677f07c7c,22.5,0.3,OK
Lindinvent,Lindinvent,LB81-5152J-VFD101/8009,LB81-5152J-VFD101 CO2 setpoint,CapabilityTypeSetpoint,IndoorAir,ÖPPET KONTOR,5152,PLAN 8,3457ddc6-9504-4fd0-b17e-99cd16e0812a,252f2789-d892-4753-8948-9a5677f07c7c,800.0,0.3,OK
Lindinvent,Lindinvent,LB81-5152J-VFD101/9004,LB81-5152J-VFD101 Opening,State,SupplyAir,ÖPPET KONTOR,5152,PLAN 8,2263e676-8272-4f56-9996-ebc544781f24,252f2789-d892-4753-8948-9a5677f07c7c,16.0,0.3,OK
Lindinvent,Lindinvent,LB81-5152J-VFD101/9070,LB81-5152J-VFD101 Room temperature,Temperature,IndoorAir,ÖPPET KONTOR,5152,PLAN 8,a75aec12-5f8a-4f0b-86bf-69c763608e3c,252f2789-d892-4753-8948-9a5677f07c7c,22.4,0.3,OK
Lindinvent,Lindinvent,LB81-5152J-VFD101/9090,LB81-5152J-VFD101 CO2,CO2,IndoorAir,ÖPPET KONTOR,5152,PLAN 8,03e941f3-0fff-4bb5-812e-fe544690e283,252f2789-d892-4753-8948-9a5677f07c7c,464.0,0.3,OK
Lindinvent,Lindinvent,LB81-5152K-HD101/8006,LB81-5152K-HD101 Room temperature setpoint,CapabilityTypeSetpoint,IndoorAir,ÖPPET KONTOR,5152,PLAN 8,0ffc0a66-39da-4d1b-bc47-0a66792e6ef1,90adbbe7-92ef-4c86-92d1-a5a6d7c03727,22.0,0.3,OK
Lindinvent,Lindinvent,LB81-5152K-HD101/9070,LB81-5152K-HD101 Room temperature,Temperature,IndoorAir,ÖPPET KONTOR,5152,PLAN 8,5e2b56e1-82b1-4c01-905e-24e749d8c5de,90adbbe7-92ef-4c86-92d1-a5a6d7c03727,21.7,0.3,OK
Lindinvent,Lindinvent,LB81-5152K-TD401/4152,LB81-5152K-TD401 Presence,Presence,IndoorAir,ÖPPET KONTOR,5152,PLAN 8,52dc7457-d55d-4eb1-bc48-b877d3797a82,01b822c9-cbf0-4dfc-9b95-389fb63f8ec8,0.0,0.3,OK
Lindinvent,Lindinvent,LB81-5152K-TD401/8006,LB81-5152K-TD401 Room temperature setpoint,CapabilityTypeSetpoint,IndoorAir,ÖPPET KONTOR,5152,PLAN 8,e2796b80-44ef-4ddb-98f5-18e97769cc35,01b822c9-cbf0-4dfc-9b95-389fb63f8ec8,22.5,0.3,OK
Lindinvent,Lindinvent,LB81-5152K-TD401/8009,LB81-5152K-TD401 CO2 setpoint,CapabilityTypeSetpoint,IndoorAir,ÖPPET KONTOR,5152,PLAN 8,33c461f7-1cce-49c9-9de1-184ccd207b6e,01b822c9-cbf0-4dfc-9b95-389fb63f8ec8,800.0,0.3,OK
Lindinvent,Lindinvent,LB81-5152K-TD401/9004,LB81-5152K-TD401 Opening,State,SupplyAir,ÖPPET KONTOR,5152,PLAN 8,968a93f3-cddd-47d1-84db-7a41649e2f3c,01b822c9-cbf0-4dfc-9b95-389fb63f8ec8,0.0,0.3,OK
Lindinvent,Lindinvent,LB81-5152K-TD401/9070,LB81-5152K-TD401 Room temperature,Temperature,IndoorAir,ÖPPET KONTOR,5152,PLAN 8,19052e43-a318-4862-8e79-540a16c1c8d4,01b822c9-cbf0-4dfc-9b95-389fb63f8ec8,21.7,0.3,OK
Lindinvent,Lindinvent,LB81-5152K-TD401/9073,LB81-5152K-TD401 Local room temperature,Temperature,IndoorAir,ÖPPET KONTOR,5152,PLAN 8,e631ffa3-9cca-45e0-b14c-5b2c4981fdc6,01b822c9-cbf0-4dfc-9b95-389fb63f8ec8,21.7,0.3,OK
Lindinvent,Lindinvent,LB81-5152K-TD401/9084,LB81-5152K-TD401 Local supply air flow,Flow,SupplyAir,ÖPPET KONTOR,5152,PLAN 8,2b24b171-0009-4f87-9b7c-1624676f5a22,01b822c9-cbf0-4dfc-9b95-389fb63f8ec8,4.0,0.3,OK
Lindinvent,Lindinvent,LB81-5152K-TD401/9090,LB81-5152K-TD401 CO2,CO2,IndoorAir,ÖPPET KONTOR,5152,PLAN 8,75cfcb42-921a-41b9-87a2-92ffaf0b3a28,01b822c9-cbf0-4dfc-9b95-389fb63f8ec8,426.0,0.3,OK
Lindinvent,Lindinvent,LB81-5152K-VFD101/-12,LB81-5152K-VFD101 Supply air flow,Flow,SupplyAir,ÖPPET KONTOR,5152,PLAN 8,b089ce79-e6ff-4b45-867b-307bfd726235,742f2494-4d4f-49ee-b3e8-6a22c1509c64,0.0,0.3,OK
Lindinvent,Lindinvent,LB81-5152K-VFD101/4151,LB81-5152K-VFD101 Local presence,Presence,IndoorAir,ÖPPET KONTOR,5152,PLAN 8,78925d6f-62ff-46b4-922c-dab6f949c41b,742f2494-4d4f-49ee-b3e8-6a22c1509c64,0.0,0.3,OK
Lindinvent,Lindinvent,LB81-5152K-VFD101/4152,LB81-5152K-VFD101 Presence,Presence,IndoorAir,ÖPPET KONTOR,5152,PLAN 8,0f09d03a-79c0-42a3-9487-99434c2874c1,742f2494-4d4f-49ee-b3e8-6a22c1509c64,0.0,0.3,OK
Lindinvent,Lindinvent,LB81-5152K-VFD101/8006,LB81-5152K-VFD101 Room temperature setpoint,CapabilityTypeSetpoint,IndoorAir,ÖPPET KONTOR,5152,PLAN 8,ff7e0405-a918-40f9-a9fd-b8dd2f9c63a2,742f2494-4d4f-49ee-b3e8-6a22c1509c64,22.5,0.3,OK
Lindinvent,Lindinvent,LB81-5152K-VFD101/8009,LB81-5152K-VFD101 CO2 setpoint,CapabilityTypeSetpoint,IndoorAir,ÖPPET KONTOR,5152,PLAN 8,7769e78d-bd38-4afb-9d80-fafdf8aa8bdd,742f2494-4d4f-49ee-b3e8-6a22c1509c64,800.0,0.3,OK
Lindinvent,Lindinvent,LB81-5152K-VFD101/9004,LB81-5152K-VFD101 Opening,State,SupplyAir,ÖPPET KONTOR,5152,PLAN 8,ef47379f-4a16-49ef-803b-a83b291df4b9,742f2494-4d4f-49ee-b3e8-6a22c1509c64,16.0,0.3,OK
Lindinvent,Lindinvent,LB81-5152K-VFD101/9070,LB81-5152K-VFD101 Room temperature,Temperature,IndoorAir,ÖPPET KONTOR,5152,PLAN 8,36cfc922-f502-4cc2-87de-a879cb861cea,742f2494-4d4f-49ee-b3e8-6a22c1509c64,21.7,0.3,OK
Lindinvent,Lindinvent,LB81-5152K-VFD101/9090,LB81-5152K-VFD101 CO2,CO2,IndoorAir,ÖPPET KONTOR,5152,PLAN 8,8398556b-816e-431c-afbc-9018263f0daf,742f2494-4d4f-49ee-b3e8-6a22c1509c64,428.0,0.3,OK
Lindinvent,Lindinvent,LB81-5153-VFD101/-12,LB81-5153-VFD101 Supply air flow,Flow,SupplyAir,LOUNGE,5153,PLAN 8,59f51e1d-0b82-4d50-87ad-31447eb74b7f,02e50fa5-df83-412a-8776-0cc222f469c1,1.0,0.3,OK
Lindinvent,Lindinvent,LB81-5153-VFD101/4151,LB81-5153-VFD101 Local presence,Presence,IndoorAir,LOUNGE,5153,PLAN 8,d7efa455-2a51-4e99-b8e4-593c534a7e89,02e50fa5-df83-412a-8776-0cc222f469c1,1.0,0.3,OK
Lindinvent,Lindinvent,LB81-5153-VFD101/4152,LB81-5153-VFD101 Presence,Presence,IndoorAir,LOUNGE,5153,PLAN 8,e789d8c3-f3b1-47ff-a879-7d42997238b4,02e50fa5-df83-412a-8776-0cc222f469c1,1.0,0.3,OK
Lindinvent,Lindinvent,LB81-5153-VFD101/8006,LB81-5153-VFD101 Room temperature setpoint,CapabilityTypeSetpoint,IndoorAir,LOUNGE,5153,PLAN 8,045c0747-cda7-4193-b413-895155c66388,02e50fa5-df83-412a-8776-0cc222f469c1,22.5,0.3,OK
Lindinvent,Lindinvent,LB81-5153-VFD101/9004,LB81-5153-VFD101 Opening,State,SupplyAir,LOUNGE,5153,PLAN 8,ff0d7289-9d6c-429a-b78f-d4520a0690bb,02e50fa5-df83-412a-8776-0cc222f469c1,16.0,0.3,OK
Lindinvent,Lindinvent,LB81-5153-VFD101/9070,LB81-5153-VFD101 Room temperature,Temperature,IndoorAir,LOUNGE,5153,PLAN 8,26a91271-67d7-4ced-b399-371f5c5c5ece,02e50fa5-df83-412a-8776-0cc222f469c1,21.4,0.3,OK
Lindinvent,Lindinvent,LB81-5154-KTD21/-13,LB81-5154-KTD21 Exhaust air flow,Flow,ExhaustAir,PAUSYTA,5154,PLAN 8,fd205f24-3a85-4c02-8d59-5a9419b0c0d6,53be9c67-1cac-403d-963b-f2cc30723c2a,-1.0,0.3,OK
Lindinvent,Lindinvent,LB81-5154-KTD21/-20,LB81-5154-KTD21 Pressure,Pressure,IndoorAir,PAUSYTA,5154,PLAN 8,64489b63-77fb-4149-a031-0ebb4afdb445,53be9c67-1cac-403d-963b-f2cc30723c2a,1.2,0.3,OK
Lindinvent,Lindinvent,LB81-5154-KTD21/8007,LB81-5154-KTD21 Pressure setpoint,CapabilityTypeSetpoint,IndoorAir,PAUSYTA,5154,PLAN 8,9ab6791a-7a16-4d6c-9f38-016c9cbe25ce,53be9c67-1cac-403d-963b-f2cc30723c2a,90.0,0.3,OK
Lindinvent,Lindinvent,LB81-5154-TD401/4152,LB81-5154-TD401 Presence,Presence,IndoorAir,PAUSYTA,5154,PLAN 8,510c86bc-3abb-4d2e-bed6-6166a6cfc16e,7fede1b5-b25e-4d0f-8de8-db7ccc9c6cca,0.0,0.3,OK
Lindinvent,Lindinvent,LB81-5154-TD401/8006,LB81-5154-TD401 Room temperature setpoint,CapabilityTypeSetpoint,IndoorAir,PAUSYTA,5154,PLAN 8,c8695d9e-b37f-4794-bc46-a77e211991e8,7fede1b5-b25e-4d0f-8de8-db7ccc9c6cca,22.5,0.3,OK
Lindinvent,Lindinvent,LB81-5154-TD401/8009,LB81-5154-TD401 CO2 setpoint,CapabilityTypeSetpoint,IndoorAir,PAUSYTA,5154,PLAN 8,d60baa41-a8ae-460a-98f9-ecf41bf16517,7fede1b5-b25e-4d0f-8de8-db7ccc9c6cca,800.0,0.3,OK
Lindinvent,Lindinvent,LB81-5154-TD401/9004,LB81-5154-TD401 Opening,State,SupplyAir,PAUSYTA,5154,PLAN 8,07b0624f-0a1b-4f8e-a81a-b7755c67549b,7fede1b5-b25e-4d0f-8de8-db7ccc9c6cca,0.0,0.3,OK
Lindinvent,Lindinvent,LB81-5154-TD401/9070,LB81-5154-TD401 Room temperature,Temperature,IndoorAir,PAUSYTA,5154,PLAN 8,2789173d-91c7-4f52-95f8-0fd1d00b1043,7fede1b5-b25e-4d0f-8de8-db7ccc9c6cca,20.9,0.3,OK
Lindinvent,Lindinvent,LB81-5154-TD401/9073,LB81-5154-TD401 Local room temperature,Temperature,IndoorAir,PAUSYTA,5154,PLAN 8,8079fd3e-8ddb-4b2f-aebc-fa168126805a,7fede1b5-b25e-4d0f-8de8-db7ccc9c6cca,22.2,0.3,OK
Lindinvent,Lindinvent,LB81-5154-TD401/9084,LB81-5154-TD401 Local supply air flow,Flow,SupplyAir,PAUSYTA,5154,PLAN 8,66fcfe1b-454c-40f3-83a2-cebaa78f73b8,7fede1b5-b25e-4d0f-8de8-db7ccc9c6cca,1.0,0.3,OK
Lindinvent,Lindinvent,LB81-5154-TD401/9090,LB81-5154-TD401 CO2,CO2,IndoorAir,PAUSYTA,5154,PLAN 8,0e1e2448-efe3-4a37-8086-ff928390bffb,7fede1b5-b25e-4d0f-8de8-db7ccc9c6cca,456.0,0.3,OK
Lindinvent,Lindinvent,LB81-5154-TD402/4152,LB81-5154-TD402 Presence,Presence,IndoorAir,PAUSYTA,5154,PLAN 8,134f3974-2cc6-4027-b024-024c5418223f,a7ed3613-f02b-4b61-ba6a-4f7455f4af61,0.0,0.3,OK
Lindinvent,Lindinvent,LB81-5154-TD402/8006,LB81-5154-TD402 Room temperature setpoint,CapabilityTypeSetpoint,IndoorAir,PAUSYTA,5154,PLAN 8,07c9b5a9-5b3b-4da1-848d-8005b0d9eb46,a7ed3613-f02b-4b61-ba6a-4f7455f4af61,22.5,0.3,OK
Lindinvent,Lindinvent,LB81-5154-TD402/8009,LB81-5154-TD402 CO2 setpoint,CapabilityTypeSetpoint,IndoorAir,PAUSYTA,5154,PLAN 8,d7319e76-fe7a-4f84-a9dc-fda58de90993,a7ed3613-f02b-4b61-ba6a-4f7455f4af61,800.0,0.3,OK
Lindinvent,Lindinvent,LB81-5154-TD402/9004,LB81-5154-TD402 Opening,State,SupplyAir,PAUSYTA,5154,PLAN 8,78e7936a-bfc8-4987-b54f-bb29f9f81949,a7ed3613-f02b-4b61-ba6a-4f7455f4af61,0.0,0.3,OK
Lindinvent,Lindinvent,LB81-5154-TD402/9070,LB81-5154-TD402 Room temperature,Temperature,IndoorAir,PAUSYTA,5154,PLAN 8,a73da41e-23b1-4340-9770-d92bfa57ffca,a7ed3613-f02b-4b61-ba6a-4f7455f4af61,20.9,0.3,OK
Lindinvent,Lindinvent,LB81-5154-TD402/9073,LB81-5154-TD402 Local room temperature,Temperature,IndoorAir,PAUSYTA,5154,PLAN 8,a6cfdd0a-d148-4a3a-b8c3-c64f83bf736f,a7ed3613-f02b-4b61-ba6a-4f7455f4af61,21.9,0.3,OK
Lindinvent,Lindinvent,LB81-5154-TD402/9084,LB81-5154-TD402 Local supply air flow,Flow,SupplyAir,PAUSYTA,5154,PLAN 8,dc77361c-865d-40ac-8d5f-8a8e1cce86e7,a7ed3613-f02b-4b61-ba6a-4f7455f4af61,3.0,0.3,OK
Lindinvent,Lindinvent,LB81-5154-TD402/9090,LB81-5154-TD402 CO2,CO2,IndoorAir,PAUSYTA,5154,PLAN 8,48e146e3-e0eb-49bc-a65f-e2e734dde17c,a7ed3613-f02b-4b61-ba6a-4f7455f4af61,456.0,0.3,OK
Lindinvent,Lindinvent,LB81-5154-VFD101/-12,LB81-5154-VFD101 Supply air flow,Flow,SupplyAir,PAUSYTA,5154,PLAN 8,0e9d0230-a964-4ada-ac75-25cf1b10481b,8fb97df8-6931-4359-8c9e-b4900e7de0b8,1.0,0.3,OK
Lindinvent,Lindinvent,LB81-5154-VFD101/4151,LB81-5154-VFD101 Local presence,Presence,IndoorAir,PAUSYTA,5154,PLAN 8,13f5a15e-516b-4765-af27-3ab0488fcd7a,8fb97df8-6931-4359-8c9e-b4900e7de0b8,0.0,0.3,OK
Lindinvent,Lindinvent,LB81-5154-VFD101/4152,LB81-5154-VFD101 Presence,Presence,IndoorAir,PAUSYTA,5154,PLAN 8,3faf1b72-544e-4d72-a09c-63763a6a4518,8fb97df8-6931-4359-8c9e-b4900e7de0b8,0.0,0.3,OK
Lindinvent,Lindinvent,LB81-5154-VFD101/8006,LB81-5154-VFD101 Room temperature setpoint,CapabilityTypeSetpoint,IndoorAir,PAUSYTA,5154,PLAN 8,7f4c551a-435d-490f-bd3e-1112150ad9c0,8fb97df8-6931-4359-8c9e-b4900e7de0b8,22.5,0.3,OK
Lindinvent,Lindinvent,LB81-5154-VFD101/8009,LB81-5154-VFD101 CO2 setpoint,CapabilityTypeSetpoint,IndoorAir,PAUSYTA,5154,PLAN 8,329c6cd7-d1c1-40d9-b4f9-93f4c27bacc2,8fb97df8-6931-4359-8c9e-b4900e7de0b8,800.0,0.3,OK
Lindinvent,Lindinvent,LB81-5154-VFD101/9004,LB81-5154-VFD101 Opening,State,SupplyAir,PAUSYTA,5154,PLAN 8,44509c7a-5c6d-4bbc-b192-169324c39782,8fb97df8-6931-4359-8c9e-b4900e7de0b8,16.0,0.3,OK
Lindinvent,Lindinvent,LB81-5154-VFD101/9070,LB81-5154-VFD101 Room temperature,Temperature,IndoorAir,PAUSYTA,5154,PLAN 8,0657714f-e5c4-4cd2-9d4c-760d0846a589,8fb97df8-6931-4359-8c9e-b4900e7de0b8,20.9,0.3,OK
Lindinvent,Lindinvent,LB81-5154-VFD101/9090,LB81-5154-VFD101 CO2,CO2,IndoorAir,PAUSYTA,5154,PLAN 8,6dbd14e9-9464-4233-a4a9-71b99badeacf,8fb97df8-6931-4359-8c9e-b4900e7de0b8,456.0,0.3,OK
Lindinvent,Lindinvent,LB81-5154-VFD102/-12,LB81-5154-VFD102 Supply air flow,Flow,SupplyAir,PAUSYTA,5154,PLAN 8,751f343a-e0a4-428d-a75d-d62320cb2224,e0657188-b623-4593-b3e5-5a2c4390bfa4,1.0,0.3,OK
Lindinvent,Lindinvent,LB81-5154-VFD102/4151,LB81-5154-VFD102 Local presence,Presence,IndoorAir,PAUSYTA,5154,PLAN 8,fb1f9922-771d-47f4-8f68-185858350010,e0657188-b623-4593-b3e5-5a2c4390bfa4,1.0,0.3,OK
Lindinvent,Lindinvent,LB81-5154-VFD102/4152,LB81-5154-VFD102 Presence,Presence,IndoorAir,PAUSYTA,5154,PLAN 8,23e412b6-feda-4aad-bdad-59fecd2fd342,e0657188-b623-4593-b3e5-5a2c4390bfa4,1.0,0.3,OK
Lindinvent,Lindinvent,LB81-5154-VFD102/8006,LB81-5154-VFD102 Room temperature setpoint,CapabilityTypeSetpoint,IndoorAir,PAUSYTA,5154,PLAN 8,0f496891-de31-49e6-b46d-ffb44fb0bdeb,e0657188-b623-4593-b3e5-5a2c4390bfa4,22.5,0.3,OK
Lindinvent,Lindinvent,LB81-5154-VFD102/8009,LB81-5154-VFD102 CO2 setpoint,CapabilityTypeSetpoint,IndoorAir,PAUSYTA,5154,PLAN 8,aef15ec2-c77f-4288-9159-c5747b5e1fc0,e0657188-b623-4593-b3e5-5a2c4390bfa4,800.0,0.3,OK
Lindinvent,Lindinvent,LB81-5154-VFD102/9004,LB81-5154-VFD102 Opening,State,SupplyAir,PAUSYTA,5154,PLAN 8,94e6a33d-47e4-477c-8fc0-fe5b6cd56ac8,e0657188-b623-4593-b3e5-5a2c4390bfa4,16.0,0.3,OK
Lindinvent,Lindinvent,LB81-5154-VFD102/9070,LB81-5154-VFD102 Room temperature,Temperature,IndoorAir,PAUSYTA,5154,PLAN 8,f6b2de5d-2a07-48ff-953a-09affb15066c,e0657188-b623-4593-b3e5-5a2c4390bfa4,20.9,0.3,OK
Lindinvent,Lindinvent,LB81-5154-VFD102/9090,LB81-5154-VFD102 CO2,CO2,IndoorAir,PAUSYTA,5154,PLAN 8,763f532c-fefa-4504-a351-895a5b99160b,e0657188-b623-4593-b3e5-5a2c4390bfa4,456.0,0.3,OK
Lindinvent,Lindinvent,LB81-5154-VFD103/-12,LB81-5154-VFD103 Supply air flow,Flow,SupplyAir,PAUSYTA,5154,PLAN 8,47da4bca-bfb2-400d-bf98-bb2a0c7c2a70,0a179e18-3e3d-445d-9f50-f3dde1ce1650,0.0,0.3,OK
Lindinvent,Lindinvent,LB81-5154-VFD103/4151,LB81-5154-VFD103 Local presence,Presence,IndoorAir,PAUSYTA,5154,PLAN 8,e3a1e31d-c05b-4873-add2-32ac6c7b90ac,0a179e18-3e3d-445d-9f50-f3dde1ce1650,0.0,0.3,OK
Lindinvent,Lindinvent,LB81-5154-VFD103/4152,LB81-5154-VFD103 Presence,Presence,IndoorAir,PAUSYTA,5154,PLAN 8,b6410b5d-c29e-4f3c-8585-b16fddc4cef8,0a179e18-3e3d-445d-9f50-f3dde1ce1650,0.0,0.3,OK
Lindinvent,Lindinvent,LB81-5154-VFD103/8006,LB81-5154-VFD103 Room temperature setpoint,CapabilityTypeSetpoint,IndoorAir,PAUSYTA,5154,PLAN 8,e6239655-5f28-4233-8b80-b9b92544d2ec,0a179e18-3e3d-445d-9f50-f3dde1ce1650,22.5,0.3,OK
Lindinvent,Lindinvent,LB81-5154-VFD103/8009,LB81-5154-VFD103 CO2 setpoint,CapabilityTypeSetpoint,IndoorAir,PAUSYTA,5154,PLAN 8,551f3596-0951-473f-82bf-4c4b15bbafc4,0a179e18-3e3d-445d-9f50-f3dde1ce1650,800.0,0.3,OK
Lindinvent,Lindinvent,LB81-5154-VFD103/9004,LB81-5154-VFD103 Opening,State,SupplyAir,PAUSYTA,5154,PLAN 8,dc8d55e0-4b87-4760-9b77-02b3bb881b2c,0a179e18-3e3d-445d-9f50-f3dde1ce1650,16.0,0.3,OK
Lindinvent,Lindinvent,LB81-5154-VFD103/9070,LB81-5154-VFD103 Room temperature,Temperature,IndoorAir,PAUSYTA,5154,PLAN 8,3054326c-9c4b-4d72-ace1-9e1440492b14,0a179e18-3e3d-445d-9f50-f3dde1ce1650,20.9,0.3,OK
Lindinvent,Lindinvent,LB81-5154-VFD103/9090,LB81-5154-VFD103 CO2,CO2,IndoorAir,PAUSYTA,5154,PLAN 8,b4c50a19-5950-44c8-a2a5-b86022c8d874,0a179e18-3e3d-445d-9f50-f3dde1ce1650,456.0,0.3,OK
Lindinvent,Lindinvent,LB81-5154-VFD104/-12,LB81-5154-VFD104 Supply air flow,Flow,SupplyAir,PAUSYTA,5154,PLAN 8,afc4a063-e448-4f8a-8f68-f5699daa5a89,d96009e0-ad8c-4be0-a836-49a6e4e2e5c4,1.0,0.3,OK
Lindinvent,Lindinvent,LB81-5154-VFD104/4151,LB81-5154-VFD104 Local presence,Presence,IndoorAir,PAUSYTA,5154,PLAN 8,62ad8fc0-4a56-4483-abd9-d153a6ab2d04,d96009e0-ad8c-4be0-a836-49a6e4e2e5c4,1.0,0.3,OK
Lindinvent,Lindinvent,LB81-5154-VFD104/4152,LB81-5154-VFD104 Presence,Presence,IndoorAir,PAUSYTA,5154,PLAN 8,31ee139c-f046-4a05-95ea-5d08d921783d,d96009e0-ad8c-4be0-a836-49a6e4e2e5c4,1.0,0.3,OK
Lindinvent,Lindinvent,LB81-5154-VFD104/8006,LB81-5154-VFD104 Room temperature setpoint,CapabilityTypeSetpoint,IndoorAir,PAUSYTA,5154,PLAN 8,e2b5f3ff-c913-41d9-b9dc-f40ca41ec0f8,d96009e0-ad8c-4be0-a836-49a6e4e2e5c4,22.5,0.3,OK
Lindinvent,Lindinvent,LB81-5154-VFD104/8009,LB81-5154-VFD104 CO2 setpoint,CapabilityTypeSetpoint,IndoorAir,PAUSYTA,5154,PLAN 8,165d679e-f952-49e2-b358-7ec2b4516d05,d96009e0-ad8c-4be0-a836-49a6e4e2e5c4,800.0,0.3,OK
Lindinvent,Lindinvent,LB81-5154-VFD104/9004,LB81-5154-VFD104 Opening,State,SupplyAir,PAUSYTA,5154,PLAN 8,d6ef1ba8-2468-449b-baa9-ea26b5a262fc,d96009e0-ad8c-4be0-a836-49a6e4e2e5c4,16.0,0.3,OK
Lindinvent,Lindinvent,LB81-5154-VFD104/9070,LB81-5154-VFD104 Room temperature,Temperature,IndoorAir,PAUSYTA,5154,PLAN 8,95cb3436-0b03-45f7-87d4-a34b28187d9d,d96009e0-ad8c-4be0-a836-49a6e4e2e5c4,20.9,0.3,OK
Lindinvent,Lindinvent,LB81-5154-VFD104/9090,LB81-5154-VFD104 CO2,CO2,IndoorAir,PAUSYTA,5154,PLAN 8,45260267-d73f-4ed4-a641-5e5755f39584,d96009e0-ad8c-4be0-a836-49a6e4e2e5c4,456.0,0.3,OK
Lindinvent,Lindinvent,LB81-5154-VFD21/9085,LB81-5154-VFD21 Local exhaust air flow,Flow,ExhaustAir,PAUSYTA,5154,PLAN 8,5d84e384-5e5e-44d1-9186-f3d4ac6d8717,6ac104fe-9792-44a6-bdb5-eecee8720f5f,-6.0,0.3,OK
Lindinvent,Lindinvent,LB81-5154-VFD22/9085,LB81-5154-VFD22 Local exhaust air flow,Flow,ExhaustAir,PAUSYTA,5154,PLAN 8,e6c7cc30-8987-41c5-af45-372c324a0d3f,f1aef695-c086-474d-9f92-5a95c959bc7e,-5.0,0.3,OK
Lindinvent,Lindinvent,LB81-5154-VFD23/9085,LB81-5154-VFD23 Local exhaust air flow,Flow,ExhaustAir,PAUSYTA,5154,PLAN 8,3ccae7e1-c362-4a4c-9cb1-bf9d3215f290,05ce733f-5334-4fc3-8c8d-4ad371903044,-2.0,0.3,OK
Lindinvent,Lindinvent,LB81-5154-VFD24/9085,LB81-5154-VFD24 Local exhaust air flow,Flow,ExhaustAir,PAUSYTA,5154,PLAN 8,183fec12-b42f-4eaf-b636-0ca309cf87a1,cf245710-69f8-48f9-9aef-377140471db6,-47.0,0.3,OK
Lindinvent,Lindinvent,LB82-5161-VFD101/-12,LB82-5161-VFD101 Supply air flow,Flow,SupplyAir,LOUNGE,5161,PLAN 8,6d442441-2703-4047-b94c-b9b402610031,99cf7831-afa8-4132-bc83-35963d78a715,2.0,0.3,OK
Lindinvent,Lindinvent,LB82-5161-VFD101/4151,LB82-5161-VFD101 Local presence,Presence,IndoorAir,LOUNGE,5161,PLAN 8,35cd20a1-8d8c-418d-8cd1-91f0e774bdfe,99cf7831-afa8-4132-bc83-35963d78a715,1.0,0.3,OK
Lindinvent,Lindinvent,LB82-5161-VFD101/4152,LB82-5161-VFD101 Presence,Presence,IndoorAir,LOUNGE,5161,PLAN 8,56797d2f-8fff-4b79-97a6-a19bb8e248c6,99cf7831-afa8-4132-bc83-35963d78a715,1.0,0.3,OK
Lindinvent,Lindinvent,LB82-5161-VFD101/8006,LB82-5161-VFD101 Room temperature setpoint,CapabilityTypeSetpoint,IndoorAir,LOUNGE,5161,PLAN 8,4bd21124-252f-4e78-8214-ff9b426a6170,99cf7831-afa8-4132-bc83-35963d78a715,22.0,0.3,OK
Lindinvent,Lindinvent,LB82-5161-VFD101/9004,LB82-5161-VFD101 Opening,State,SupplyAir,LOUNGE,5161,PLAN 8,b8fc9421-9556-4c8b-940f-4feec759d7db,99cf7831-afa8-4132-bc83-35963d78a715,16.0,0.3,OK
Lindinvent,Lindinvent,LB82-5161-VFD101/9070,LB82-5161-VFD101 Room temperature,Temperature,IndoorAir,LOUNGE,5161,PLAN 8,5a12849b-8549-4260-a613-f5a30fba447d,99cf7831-afa8-4132-bc83-35963d78a715,23.3,0.3,OK
Lindinvent,Lindinvent,LB82-5161-VFD102/-12,LB82-5161-VFD102 Supply air flow,Flow,SupplyAir,LOUNGE,5161,PLAN 8,22e7febb-4432-47ae-8b27-3f61f04b4417,02beb11a-fc86-44c0-8664-fe4414eb0362,1.0,0.3,OK
Lindinvent,Lindinvent,LB82-5161-VFD102/4151,LB82-5161-VFD102 Local presence,Presence,IndoorAir,LOUNGE,5161,PLAN 8,db4b82d4-4547-4e4e-a640-de9b17a1cf75,02beb11a-fc86-44c0-8664-fe4414eb0362,0.0,0.3,OK
Lindinvent,Lindinvent,LB82-5161-VFD102/4152,LB82-5161-VFD102 Presence,Presence,IndoorAir,LOUNGE,5161,PLAN 8,fbf117b2-9e09-464a-9379-71b5178e8f6f,02beb11a-fc86-44c0-8664-fe4414eb0362,0.0,0.3,OK
Lindinvent,Lindinvent,LB82-5161-VFD102/8006,LB82-5161-VFD102 Room temperature setpoint,CapabilityTypeSetpoint,IndoorAir,LOUNGE,5161,PLAN 8,b359bd66-da5c-44b7-a45f-6c13c6a68265,02beb11a-fc86-44c0-8664-fe4414eb0362,22.0,0.3,OK
Lindinvent,Lindinvent,LB82-5161-VFD102/9004,LB82-5161-VFD102 Opening,State,SupplyAir,LOUNGE,5161,PLAN 8,1f310d48-b49b-46ec-83e4-168a509cd310,02beb11a-fc86-44c0-8664-fe4414eb0362,16.0,0.3,OK
Lindinvent,Lindinvent,LB82-5161-VFD102/9070,LB82-5161-VFD102 Room temperature,Temperature,IndoorAir,LOUNGE,5161,PLAN 8,adc01db6-0674-48d9-b8cd-5072ea31ee39,02beb11a-fc86-44c0-8664-fe4414eb0362,23.4,0.3,OK
Lindinvent,Lindinvent,LB82-5161-VFD103/-12,LB82-5161-VFD103 Supply air flow,Flow,SupplyAir,LOUNGE,5161,PLAN 8,410fed25-a250-47bb-ab9c-2fc8c73e2b0c,04a3eacc-e737-4460-86e5-61e4d9a3ee21,0.0,0.3,OK
Lindinvent,Lindinvent,LB82-5161-VFD103/4151,LB82-5161-VFD103 Local presence,Presence,IndoorAir,LOUNGE,5161,PLAN 8,f2fa842d-0185-4760-9aee-76b6924f154f,04a3eacc-e737-4460-86e5-61e4d9a3ee21,0.0,0.3,OK
Lindinvent,Lindinvent,LB82-5161-VFD103/4152,LB82-5161-VFD103 Presence,Presence,IndoorAir,LOUNGE,5161,PLAN 8,f922c146-f24e-4400-9a27-d2cb75490d5c,04a3eacc-e737-4460-86e5-61e4d9a3ee21,0.0,0.3,OK
Lindinvent,Lindinvent,LB82-5161-VFD103/8006,LB82-5161-VFD103 Room temperature setpoint,CapabilityTypeSetpoint,IndoorAir,LOUNGE,5161,PLAN 8,1be1b02d-6c9e-4bda-9082-64764175b743,04a3eacc-e737-4460-86e5-61e4d9a3ee21,22.0,0.3,OK
Lindinvent,Lindinvent,LB82-5161-VFD103/9004,LB82-5161-VFD103 Opening,State,SupplyAir,LOUNGE,5161,PLAN 8,09808f2d-6ec6-4645-bda5-ff2ff4b44b67,04a3eacc-e737-4460-86e5-61e4d9a3ee21,16.0,0.3,OK
Lindinvent,Lindinvent,LB82-5161-VFD103/9070,LB82-5161-VFD103 Room temperature,Temperature,IndoorAir,LOUNGE,5161,PLAN 8,f9f63dba-a638-457c-98f2-c3d8b3e934cb,04a3eacc-e737-4460-86e5-61e4d9a3ee21,22.3,0.3,OK
Lindinvent,Lindinvent,LB82-5162-VFD101/-12,LB82-5162-VFD101 Supply air flow,Flow,SupplyAir,MÖTE,5162,PLAN 8,0efd4890-5023-4f1a-a8cf-5870b81160b4,a0f933de-76b5-4ba1-b291-ff2287adeba3,2.0,0.3,OK
Lindinvent,Lindinvent,LB82-5162-VFD101/4151,LB82-5162-VFD101 Local presence,Presence,IndoorAir,MÖTE,5162,PLAN 8,8112bdb6-8c4e-4865-a7f9-84da811a9552,a0f933de-76b5-4ba1-b291-ff2287adeba3,0.0,0.3,OK
Lindinvent,Lindinvent,LB82-5162-VFD101/4152,LB82-5162-VFD101 Presence,Presence,IndoorAir,MÖTE,5162,PLAN 8,904aa833-ebaf-4aac-a4bc-514d7bef7f38,a0f933de-76b5-4ba1-b291-ff2287adeba3,0.0,0.3,OK
Lindinvent,Lindinvent,LB82-5162-VFD101/8006,LB82-5162-VFD101 Room temperature setpoint,CapabilityTypeSetpoint,IndoorAir,MÖTE,5162,PLAN 8,ef4ea2b2-9a29-4b6e-9a37-7c61d5040b07,a0f933de-76b5-4ba1-b291-ff2287adeba3,20.0,0.3,OK
Lindinvent,Lindinvent,LB82-5162-VFD101/9004,LB82-5162-VFD101 Opening,State,SupplyAir,MÖTE,5162,PLAN 8,277870aa-a2db-4ef6-9bc2-b267daab7bda,a0f933de-76b5-4ba1-b291-ff2287adeba3,16.0,0.3,OK
Lindinvent,Lindinvent,LB82-5162-VFD101/9070,LB82-5162-VFD101 Room temperature,Temperature,IndoorAir,MÖTE,5162,PLAN 8,3e03fded-73b1-49c3-876c-68695ce152c1,a0f933de-76b5-4ba1-b291-ff2287adeba3,22.1,0.3,OK
Lindinvent,Lindinvent,LB82-5163-VFD101/-12,LB82-5163-VFD101 Supply air flow,Flow,SupplyAir,TELE,5163,PLAN 8,d9ea6ebb-e9bd-4dd5-8136-c75ec2c23fa7,54da539c-f2cd-47b1-8357-934867402351,0.0,0.3,OK
Lindinvent,Lindinvent,LB82-5163-VFD101/4151,LB82-5163-VFD101 Local presence,Presence,IndoorAir,TELE,5163,PLAN 8,f0dc7615-d9b4-47c9-98a0-1f8efa6798d5,54da539c-f2cd-47b1-8357-934867402351,0.0,0.3,OK
Lindinvent,Lindinvent,LB82-5163-VFD101/4152,LB82-5163-VFD101 Presence,Presence,IndoorAir,TELE,5163,PLAN 8,90935d4a-adf5-424f-b064-a81bde19271e,54da539c-f2cd-47b1-8357-934867402351,0.0,0.3,OK
Lindinvent,Lindinvent,LB82-5163-VFD101/8006,LB82-5163-VFD101 Room temperature setpoint,CapabilityTypeSetpoint,IndoorAir,TELE,5163,PLAN 8,c8e4ef6b-0d19-4a6c-b8c7-ba85901d6fd6,54da539c-f2cd-47b1-8357-934867402351,20.0,0.3,OK
Lindinvent,Lindinvent,LB82-5163-VFD101/9004,LB82-5163-VFD101 Opening,State,SupplyAir,TELE,5163,PLAN 8,ad767bdd-1d7f-4c0e-bd53-9d9b30d1adc5,54da539c-f2cd-47b1-8357-934867402351,16.0,0.3,OK
Lindinvent,Lindinvent,LB82-5163-VFD101/9070,LB82-5163-VFD101 Room temperature,Temperature,IndoorAir,TELE,5163,PLAN 8,18de013b-e916-4cc9-95da-eb595a67c8cb,54da539c-f2cd-47b1-8357-934867402351,22.1,0.3,OK
Lindinvent,Lindinvent,LB82-5164-VFD101/-12,LB82-5164-VFD101 Supply air flow,Flow,SupplyAir,TELE,5164,PLAN 8,ebfb65b6-f393-4605-865e-80986bc09fbb,48f1fa21-e7c8-48ad-ab7e-ad391515dd95,2.0,0.3,OK
Lindinvent,Lindinvent,LB82-5164-VFD101/4151,LB82-5164-VFD101 Local presence,Presence,IndoorAir,TELE,5164,PLAN 8,0ff4327e-b983-4691-bd13-9905baba3829,48f1fa21-e7c8-48ad-ab7e-ad391515dd95,0.0,0.3,OK
Lindinvent,Lindinvent,LB82-5164-VFD101/4152,LB82-5164-VFD101 Presence,Presence,IndoorAir,TELE,5164,PLAN 8,4a4f95e7-82a9-4737-9d1a-d7c0fd9db0c0,48f1fa21-e7c8-48ad-ab7e-ad391515dd95,0.0,0.3,OK
Lindinvent,Lindinvent,LB82-5164-VFD101/8006,LB82-5164-VFD101 Room temperature setpoint,CapabilityTypeSetpoint,IndoorAir,TELE,5164,PLAN 8,78628ae5-b2c3-4530-a9a7-9d83ebddb7a4,48f1fa21-e7c8-48ad-ab7e-ad391515dd95,19.0,0.3,OK
Lindinvent,Lindinvent,LB82-5164-VFD101/9004,LB82-5164-VFD101 Opening,State,SupplyAir,TELE,5164,PLAN 8,f16c689e-83a6-42c4-9094-d98e20e8d018,48f1fa21-e7c8-48ad-ab7e-ad391515dd95,16.0,0.3,OK
Lindinvent,Lindinvent,LB82-5164-VFD101/9070,LB82-5164-VFD101 Room temperature,Temperature,IndoorAir,TELE,5164,PLAN 8,6a166b5c-7c5c-47cf-a754-9a931033176c,48f1fa21-e7c8-48ad-ab7e-ad391515dd95,23.3,0.3,OK
Lindinvent,Lindinvent,LB82-5175-VFD21/9085,LB82-5175-VFD21 Local exhaust air flow,Flow,ExhaustAir,KPR,5175,PLAN 8,2e71712f-f3e1-4e52-b1fe-afe6d507ebd3,3a6229d0-e07e-4734-bbbe-3a14e8373622,-14.0,0.3,OK
Lindinvent,Lindinvent,LB82-5180-KTD21/-12,LB82-5180-KTD21 Supply air flow,Flow,SupplyAir,FRD,5180,PLAN 8,8a27aca0-8e8d-4c25-af81-7cb68acbc8a0,a869374a-5a4d-4e99-b6de-0b025186eb3c,0.0,0.3,OK
Lindinvent,Lindinvent,LB82-5180-KTD21/-20,LB82-5180-KTD21 Pressure,Pressure,IndoorAir,FRD,5180,PLAN 8,cef8db4d-6d2d-4842-8c8c-3ecb167a6ad9,a869374a-5a4d-4e99-b6de-0b025186eb3c,0.0,0.3,OK
Lindinvent,Lindinvent,LB82-5180-KTD21/8007,LB82-5180-KTD21 Pressure setpoint,CapabilityTypeSetpoint,IndoorAir,FRD,5180,PLAN 8,fb55b613-73be-477d-a9e8-8255d2746cf4,a869374a-5a4d-4e99-b6de-0b025186eb3c,182.0,0.3,OK
Lindinvent,Lindinvent,LB82-5181-VFD101/-12,LB82-5181-VFD101 Supply air flow,Flow,SupplyAir,ÖPPET KONTOR,5181,PLAN 8,c47e38a0-2ab1-4039-b5cd-c78caec2a0f3,29a3b90a-77db-4481-a0da-cb82cabee0e1,1.0,0.3,OK
Lindinvent,Lindinvent,LB82-5181-VFD101/4151,LB82-5181-VFD101 Local presence,Presence,IndoorAir,ÖPPET KONTOR,5181,PLAN 8,9ddfd9f6-1d7e-4959-a293-1205c71c28e5,29a3b90a-77db-4481-a0da-cb82cabee0e1,0.0,0.3,OK
Lindinvent,Lindinvent,LB82-5181-VFD101/4152,LB82-5181-VFD101 Presence,Presence,IndoorAir,ÖPPET KONTOR,5181,PLAN 8,06161ecf-9dc9-4364-90f8-cfbe5d8a70bc,29a3b90a-77db-4481-a0da-cb82cabee0e1,0.0,0.3,OK
Lindinvent,Lindinvent,LB82-5181-VFD101/8006,LB82-5181-VFD101 Room temperature setpoint,CapabilityTypeSetpoint,IndoorAir,ÖPPET KONTOR,5181,PLAN 8,491f5666-654f-4e96-bf2f-d8e78ba407d8,29a3b90a-77db-4481-a0da-cb82cabee0e1,22.0,0.3,OK
Lindinvent,Lindinvent,LB82-5181-VFD101/8009,LB82-5181-VFD101 CO2 setpoint,CapabilityTypeSetpoint,IndoorAir,ÖPPET KONTOR,5181,PLAN 8,0ad66530-76ea-469c-8d0b-f8ad2c2e0cc8,29a3b90a-77db-4481-a0da-cb82cabee0e1,800.0,0.3,OK
Lindinvent,Lindinvent,LB82-5181-VFD101/9004,LB82-5181-VFD101 Opening,State,SupplyAir,ÖPPET KONTOR,5181,PLAN 8,567fd284-df1f-4e15-bdc0-679f1a470dee,29a3b90a-77db-4481-a0da-cb82cabee0e1,16.0,0.3,OK
Lindinvent,Lindinvent,LB82-5181-VFD101/9070,LB82-5181-VFD101 Room temperature,Temperature,IndoorAir,ÖPPET KONTOR,5181,PLAN 8,bc62516c-b3eb-41a6-8742-fd72b52236c8,29a3b90a-77db-4481-a0da-cb82cabee0e1,22.5,0.3,OK
Lindinvent,Lindinvent,LB82-5181-VFD101/9090,LB82-5181-VFD101 CO2,CO2,IndoorAir,ÖPPET KONTOR,5181,PLAN 8,52bf0a08-52db-4ca4-8aee-42f30fb7c237,29a3b90a-77db-4481-a0da-cb82cabee0e1,485.0,0.3,OK
Lindinvent,Lindinvent,LB82-5181-VFD102/-12,LB82-5181-VFD102 Supply air flow,Flow,SupplyAir,KOPIERING/FRD.,7027,PLAN 10,ddfc6dfa-8f60-425a-95bf-bde436ebe648,26dde0fb-587c-49cf-bdb6-3f0cd17a935a,,,NOT_STARTED
Lindinvent,Lindinvent,LB82-5181-VFD102/4151,LB82-5181-VFD102 Local presence,Presence,IndoorAir,KOPIERING/FRD.,7027,PLAN 10,2f76ad5e-b447-45a6-8351-7e234c7fe961,26dde0fb-587c-49cf-bdb6-3f0cd17a935a,,,NOT_STARTED
Lindinvent,Lindinvent,LB82-5181-VFD102/4152,LB82-5181-VFD102 Presence,Presence,IndoorAir,KOPIERING/FRD.,7027,PLAN 10,61eb99a8-b67c-40b2-a952-5804a7e236b0,26dde0fb-587c-49cf-bdb6-3f0cd17a935a,,,NOT_STARTED
Lindinvent,Lindinvent,LB82-5181-VFD102/8006,LB82-5181-VFD102 Room temperature setpoint,CapabilityTypeSetpoint,IndoorAir,KOPIERING/FRD.,7027,PLAN 10,5fa2d079-4263-46e8-9581-3937a3727a5b,26dde0fb-587c-49cf-bdb6-3f0cd17a935a,,,NOT_STARTED
Lindinvent,Lindinvent,LB82-5181-VFD102/8009,LB82-5181-VFD102 CO2 setpoint,CapabilityTypeSetpoint,IndoorAir,KOPIERING/FRD.,7027,PLAN 10,afd3f472-a5f5-4b71-9d05-b64756e4f4b9,26dde0fb-587c-49cf-bdb6-3f0cd17a935a,,,NOT_STARTED
Lindinvent,Lindinvent,LB82-5181-VFD102/9004,LB82-5181-VFD102 Opening,State,SupplyAir,KOPIERING/FRD.,7027,PLAN 10,13f04191-e6f4-4b47-b008-31a2f71f2111,26dde0fb-587c-49cf-bdb6-3f0cd17a935a,,,NOT_STARTED
Lindinvent,Lindinvent,LB82-5181-VFD102/9070,LB82-5181-VFD102 Room temperature,Temperature,IndoorAir,KOPIERING/FRD.,7027,PLAN 10,b5244915-6c38-41a8-9122-8d31edd9f973,26dde0fb-587c-49cf-bdb6-3f0cd17a935a,,,NOT_STARTED
Lindinvent,Lindinvent,LB82-5181-VFD102/9090,LB82-5181-VFD102 CO2,CO2,IndoorAir,KOPIERING/FRD.,7027,PLAN 10,7ac79f0f-74b7-4b53-87c9-206bae7f3571,26dde0fb-587c-49cf-bdb6-3f0cd17a935a,,,NOT_STARTED
Lindinvent,Lindinvent,LB82-5181-VFD103/-12,LB82-5181-VFD103 Supply air flow,Flow,SupplyAir,ÖPPET KONTOR,5181,PLAN 8,fe66ebd0-1282-42f1-878c-7aa8179781d7,d9690210-d82b-4db7-9854-652658a5ff65,1.0,0.3,OK
Lindinvent,Lindinvent,LB82-5181-VFD103/4151,LB82-5181-VFD103 Local presence,Presence,IndoorAir,ÖPPET KONTOR,5181,PLAN 8,d253d59c-a6bf-4313-b984-ad2fbc2f0b83,d9690210-d82b-4db7-9854-652658a5ff65,0.0,0.3,OK
Lindinvent,Lindinvent,LB82-5181-VFD103/4152,LB82-5181-VFD103 Presence,Presence,IndoorAir,ÖPPET KONTOR,5181,PLAN 8,ede5b61a-dbb6-4053-8f21-80b4150c96ab,d9690210-d82b-4db7-9854-652658a5ff65,0.0,0.3,OK
Lindinvent,Lindinvent,LB82-5181-VFD103/8006,LB82-5181-VFD103 Room temperature setpoint,CapabilityTypeSetpoint,IndoorAir,ÖPPET KONTOR,5181,PLAN 8,c96a9300-2db5-41e3-a405-3f655af9b474,d9690210-d82b-4db7-9854-652658a5ff65,22.0,0.3,OK
Lindinvent,Lindinvent,LB82-5181-VFD103/8009,LB82-5181-VFD103 CO2 setpoint,CapabilityTypeSetpoint,IndoorAir,ÖPPET KONTOR,5181,PLAN 8,b314b88e-35a6-4628-97df-43c392d73ef7,d9690210-d82b-4db7-9854-652658a5ff65,800.0,0.3,OK
Lindinvent,Lindinvent,LB82-5181-VFD103/9004,LB82-5181-VFD103 Opening,State,SupplyAir,ÖPPET KONTOR,5181,PLAN 8,9fe23a1a-29ef-42cb-9377-5e0568888355,d9690210-d82b-4db7-9854-652658a5ff65,16.0,0.3,OK
Lindinvent,Lindinvent,LB82-5181-VFD103/9070,LB82-5181-VFD103 Room temperature,Temperature,IndoorAir,ÖPPET KONTOR,5181,PLAN 8,789fc4c1-68a7-4861-a110-303adb7c93bc,d9690210-d82b-4db7-9854-652658a5ff65,22.5,0.3,OK
Lindinvent,Lindinvent,LB82-5181-VFD103/9090,LB82-5181-VFD103 CO2,CO2,IndoorAir,ÖPPET KONTOR,5181,PLAN 8,968d8d52-da45-413e-89a6-465907b17ce2,d9690210-d82b-4db7-9854-652658a5ff65,486.0,0.3,OK
Lindinvent,Lindinvent,LB82-5181-VFD104/-12,LB82-5181-VFD104 Supply air flow,Flow,SupplyAir,ÖPPET KONTOR,5181,PLAN 8,a2a2534a-2c2e-4979-9998-558368fec97d,d31ef372-83b4-458f-81f9-842dbd94eaa1,2.0,0.3,OK
Lindinvent,Lindinvent,LB82-5181-VFD104/4151,LB82-5181-VFD104 Local presence,Presence,IndoorAir,ÖPPET KONTOR,5181,PLAN 8,354addb2-9bdf-44fa-b76b-72981c71e7a7,d31ef372-83b4-458f-81f9-842dbd94eaa1,0.0,0.3,OK
Lindinvent,Lindinvent,LB82-5181-VFD104/4152,LB82-5181-VFD104 Presence,Presence,IndoorAir,ÖPPET KONTOR,5181,PLAN 8,42df6496-0930-45ac-afa6-7ac8654c03c4,d31ef372-83b4-458f-81f9-842dbd94eaa1,0.0,0.3,OK
Lindinvent,Lindinvent,LB82-5181-VFD104/8006,LB82-5181-VFD104 Room temperature setpoint,CapabilityTypeSetpoint,IndoorAir,ÖPPET KONTOR,5181,PLAN 8,dff2b06e-0c69-4d88-9d7a-25dee764b0a4,d31ef372-83b4-458f-81f9-842dbd94eaa1,22.0,0.3,OK
Lindinvent,Lindinvent,LB82-5181-VFD104/8009,LB82-5181-VFD104 CO2 setpoint,CapabilityTypeSetpoint,IndoorAir,ÖPPET KONTOR,5181,PLAN 8,fdbe22d5-ccf5-4358-a725-dfe7c196fd73,d31ef372-83b4-458f-81f9-842dbd94eaa1,800.0,0.3,OK
Lindinvent,Lindinvent,LB82-5181-VFD104/9004,LB82-5181-VFD104 Opening,State,SupplyAir,ÖPPET KONTOR,5181,PLAN 8,9a4a7995-899a-430c-8faa-9eeba0cbf5ce,d31ef372-83b4-458f-81f9-842dbd94eaa1,16.0,0.3,OK
Lindinvent,Lindinvent,LB82-5181-VFD104/9070,LB82-5181-VFD104 Room temperature,Temperature,IndoorAir,ÖPPET KONTOR,5181,PLAN 8,1a1d3adf-ddec-431d-bb50-ccb065087aa4,d31ef372-83b4-458f-81f9-842dbd94eaa1,22.1,0.3,OK
Lindinvent,Lindinvent,LB82-5181-VFD104/9090,LB82-5181-VFD104 CO2,CO2,IndoorAir,ÖPPET KONTOR,5181,PLAN 8,fbb3eff6-8fcb-441f-8083-838149413d7b,d31ef372-83b4-458f-81f9-842dbd94eaa1,498.0,0.3,OK
Lindinvent,Lindinvent,LB82-5181-VFD105/-12,LB82-5181-VFD105 Supply air flow,Flow,SupplyAir,ÖPPET KONTOR,5181,PLAN 8,5a5bd46a-6eb9-47d4-aa79-bc8cf8efa535,3b8707c3-ebb2-4152-ad69-5c05e83726cb,3.0,0.3,OK
Lindinvent,Lindinvent,LB82-5181-VFD105/4151,LB82-5181-VFD105 Local presence,Presence,IndoorAir,ÖPPET KONTOR,5181,PLAN 8,a816b83f-3bcc-48ef-9e2a-89f84be0bd74,3b8707c3-ebb2-4152-ad69-5c05e83726cb,0.0,0.3,OK
Lindinvent,Lindinvent,LB82-5181-VFD105/4152,LB82-5181-VFD105 Presence,Presence,IndoorAir,ÖPPET KONTOR,5181,PLAN 8,ba8be67b-f707-4187-a566-76f14b2dab86,3b8707c3-ebb2-4152-ad69-5c05e83726cb,0.0,0.3,OK
Lindinvent,Lindinvent,LB82-5181-VFD105/8006,LB82-5181-VFD105 Room temperature setpoint,CapabilityTypeSetpoint,IndoorAir,ÖPPET KONTOR,5181,PLAN 8,47ae4181-3087-42f7-9c0a-fdf710cab54b,3b8707c3-ebb2-4152-ad69-5c05e83726cb,22.0,0.3,OK
Lindinvent,Lindinvent,LB82-5181-VFD105/8009,LB82-5181-VFD105 CO2 setpoint,CapabilityTypeSetpoint,IndoorAir,ÖPPET KONTOR,5181,PLAN 8,78a1e718-f33f-4d7f-91c6-cf3199177093,3b8707c3-ebb2-4152-ad69-5c05e83726cb,800.0,0.3,OK
Lindinvent,Lindinvent,LB82-5181-VFD105/9004,LB82-5181-VFD105 Opening,State,SupplyAir,ÖPPET KONTOR,5181,PLAN 8,91502a59-9683-4dc2-a019-f17b3c56774f,3b8707c3-ebb2-4152-ad69-5c05e83726cb,16.0,0.3,OK
Lindinvent,Lindinvent,LB82-5181-VFD105/9070,LB82-5181-VFD105 Room temperature,Temperature,IndoorAir,ÖPPET KONTOR,5181,PLAN 8,c4d16376-679e-4b55-8425-3b9db06e2994,3b8707c3-ebb2-4152-ad69-5c05e83726cb,22.0,0.3,OK
Lindinvent,Lindinvent,LB82-5181-VFD105/9090,LB82-5181-VFD105 CO2,CO2,IndoorAir,ÖPPET KONTOR,5181,PLAN 8,f048c9e2-0bab-4b50-956e-b729da2de83b,3b8707c3-ebb2-4152-ad69-5c05e83726cb,498.0,0.3,OK
Lindinvent,Lindinvent,LB82-5181-VFD106/-12,LB82-5181-VFD106 Supply air flow,Flow,SupplyAir,ÖPPET KONTOR,5181,PLAN 8,5ff72535-2b7f-49e6-9c5b-caa7d36419a1,bf0a0d13-dc13-4597-9a66-a70710918061,2.0,0.3,OK
Lindinvent,Lindinvent,LB82-5181-VFD106/4151,LB82-5181-VFD106 Local presence,Presence,IndoorAir,ÖPPET KONTOR,5181,PLAN 8,d8be4106-2014-426f-910f-5d371fb5d982,bf0a0d13-dc13-4597-9a66-a70710918061,0.0,0.3,OK
Lindinvent,Lindinvent,LB82-5181-VFD106/4152,LB82-5181-VFD106 Presence,Presence,IndoorAir,ÖPPET KONTOR,5181,PLAN 8,0d5bc32a-8f41-4514-9750-c8cfd0c2c611,bf0a0d13-dc13-4597-9a66-a70710918061,0.0,0.3,OK
Lindinvent,Lindinvent,LB82-5181-VFD106/8006,LB82-5181-VFD106 Room temperature setpoint,CapabilityTypeSetpoint,IndoorAir,ÖPPET KONTOR,5181,PLAN 8,74f46036-e423-4abb-86e4-63be57d8fe34,bf0a0d13-dc13-4597-9a66-a70710918061,22.0,0.3,OK
Lindinvent,Lindinvent,LB82-5181-VFD106/8009,LB82-5181-VFD106 CO2 setpoint,CapabilityTypeSetpoint,IndoorAir,ÖPPET KONTOR,5181,PLAN 8,6fec0cf6-5abe-4607-8c6c-8d6728ae35a9,bf0a0d13-dc13-4597-9a66-a70710918061,800.0,0.3,OK
Lindinvent,Lindinvent,LB82-5181-VFD106/9004,LB82-5181-VFD106 Opening,State,SupplyAir,ÖPPET KONTOR,5181,PLAN 8,664483ec-ab4f-47fa-8780-30eebd563ce1,bf0a0d13-dc13-4597-9a66-a70710918061,16.0,0.3,OK
Lindinvent,Lindinvent,LB82-5181-VFD106/9070,LB82-5181-VFD106 Room temperature,Temperature,IndoorAir,ÖPPET KONTOR,5181,PLAN 8,ab6534d4-4df4-4c21-87c2-ac861b3e3412,bf0a0d13-dc13-4597-9a66-a70710918061,22.1,0.3,OK
Lindinvent,Lindinvent,LB82-5181-VFD106/9090,LB82-5181-VFD106 CO2,CO2,IndoorAir,ÖPPET KONTOR,5181,PLAN 8,609e0c61-b513-4afc-93b8-ce762c1c42cd,bf0a0d13-dc13-4597-9a66-a70710918061,498.0,0.3,OK
Lindinvent,Lindinvent,LB82-5181-VFD107/-12,LB82-5181-VFD107 Supply air flow,Flow,SupplyAir,ÖPPET KONTOR,5181,PLAN 8,289bfea6-2eb7-4122-9ebd-14e90cdf0fae,6d728490-ae49-4391-b4cd-1539a4e05f1d,1.0,0.3,OK
Lindinvent,Lindinvent,LB82-5181-VFD107/4151,LB82-5181-VFD107 Local presence,Presence,IndoorAir,ÖPPET KONTOR,5181,PLAN 8,28dbb827-b86f-4046-b9eb-fca638049824,6d728490-ae49-4391-b4cd-1539a4e05f1d,0.0,0.3,OK
Lindinvent,Lindinvent,LB82-5181-VFD107/4152,LB82-5181-VFD107 Presence,Presence,IndoorAir,ÖPPET KONTOR,5181,PLAN 8,9de97bd8-68fd-42c5-ac7b-7db4b87e4153,6d728490-ae49-4391-b4cd-1539a4e05f1d,0.0,0.3,OK
Lindinvent,Lindinvent,LB82-5181-VFD107/8006,LB82-5181-VFD107 Room temperature setpoint,CapabilityTypeSetpoint,IndoorAir,ÖPPET KONTOR,5181,PLAN 8,de9b94b2-059b-4efa-b03f-094f5c038286,6d728490-ae49-4391-b4cd-1539a4e05f1d,22.0,0.3,OK
Lindinvent,Lindinvent,LB82-5181-VFD107/8009,LB82-5181-VFD107 CO2 setpoint,CapabilityTypeSetpoint,IndoorAir,ÖPPET KONTOR,5181,PLAN 8,442bc227-9826-4088-94f9-39d8e88a5998,6d728490-ae49-4391-b4cd-1539a4e05f1d,800.0,0.3,OK
Lindinvent,Lindinvent,LB82-5181-VFD107/9004,LB82-5181-VFD107 Opening,State,SupplyAir,ÖPPET KONTOR,5181,PLAN 8,accd8bd1-a441-4594-9948-43faea5181b5,6d728490-ae49-4391-b4cd-1539a4e05f1d,16.0,0.3,OK
Lindinvent,Lindinvent,LB82-5181-VFD107/9070,LB82-5181-VFD107 Room temperature,Temperature,IndoorAir,ÖPPET KONTOR,5181,PLAN 8,3f87f95a-edc9-4caf-a500-d912f7f89cf9,6d728490-ae49-4391-b4cd-1539a4e05f1d,22.1,0.3,OK
Lindinvent,Lindinvent,LB82-5181-VFD107/9090,LB82-5181-VFD107 CO2,CO2,IndoorAir,ÖPPET KONTOR,5181,PLAN 8,9acadc73-4d13-41b5-9f41-578fc7097581,6d728490-ae49-4391-b4cd-1539a4e05f1d,499.0,0.3,OK
Lindinvent,Lindinvent,LB82-5181-VFD108/-12,LB82-5181-VFD108 Supply air flow,Flow,SupplyAir,ÖPPET KONTOR,5181,PLAN 8,d523683f-f00a-4af1-86ac-1f126676d3af,1f5d33c5-6915-4a79-a5ca-ac6b1c2c8354,1.0,0.3,OK
Lindinvent,Lindinvent,LB82-5181-VFD108/4151,LB82-5181-VFD108 Local presence,Presence,IndoorAir,ÖPPET KONTOR,5181,PLAN 8,3a3c88b9-72e4-4301-b512-624762128482,1f5d33c5-6915-4a79-a5ca-ac6b1c2c8354,0.0,0.3,OK
Lindinvent,Lindinvent,LB82-5181-VFD108/4152,LB82-5181-VFD108 Presence,Presence,IndoorAir,ÖPPET KONTOR,5181,PLAN 8,da1a487e-0cea-411e-9852-4627ba5b4f02,1f5d33c5-6915-4a79-a5ca-ac6b1c2c8354,0.0,0.3,OK
Lindinvent,Lindinvent,LB82-5181-VFD108/8006,LB82-5181-VFD108 Room temperature setpoint,CapabilityTypeSetpoint,IndoorAir,ÖPPET KONTOR,5181,PLAN 8,89efa410-f6c2-4968-839d-af3f19d1e97d,1f5d33c5-6915-4a79-a5ca-ac6b1c2c8354,22.0,0.3,OK
Lindinvent,Lindinvent,LB82-5181-VFD108/8009,LB82-5181-VFD108 CO2 setpoint,CapabilityTypeSetpoint,IndoorAir,ÖPPET KONTOR,5181,PLAN 8,22dd35cd-4c91-4bc0-b6b7-2da9a0c1ba1c,1f5d33c5-6915-4a79-a5ca-ac6b1c2c8354,800.0,0.3,OK
Lindinvent,Lindinvent,LB82-5181-VFD108/9004,LB82-5181-VFD108 Opening,State,SupplyAir,ÖPPET KONTOR,5181,PLAN 8,5e1ea12b-a3d0-49e9-8c66-b4015d636d81,1f5d33c5-6915-4a79-a5ca-ac6b1c2c8354,16.0,0.3,OK
Lindinvent,Lindinvent,LB82-5181-VFD108/9070,LB82-5181-VFD108 Room temperature,Temperature,IndoorAir,ÖPPET KONTOR,5181,PLAN 8,0afc1e9f-085e-4797-83a8-5f09f2328fb6,1f5d33c5-6915-4a79-a5ca-ac6b1c2c8354,22.0,0.3,OK
Lindinvent,Lindinvent,LB82-5181-VFD108/9090,LB82-5181-VFD108 CO2,CO2,IndoorAir,ÖPPET KONTOR,5181,PLAN 8,ff547dba-e16b-4ac1-9cb1-2da9ab67b7b8,1f5d33c5-6915-4a79-a5ca-ac6b1c2c8354,498.0,0.3,OK
Lindinvent,Lindinvent,LB82-5181-VFD109/-12,LB82-5181-VFD109 Supply air flow,Flow,SupplyAir,ÖPPET KONTOR,5181,PLAN 8,2a56f80b-dbd9-4b33-b2df-3f446c222522,69b49bbc-2520-4ce5-a4c5-fc89e34c20ff,0.0,0.3,OK
Lindinvent,Lindinvent,LB82-5181-VFD109/4151,LB82-5181-VFD109 Local presence,Presence,IndoorAir,ÖPPET KONTOR,5181,PLAN 8,9a218719-cff1-4259-86e8-9a1eb87e3607,69b49bbc-2520-4ce5-a4c5-fc89e34c20ff,0.0,0.3,OK
Lindinvent,Lindinvent,LB82-5181-VFD109/4152,LB82-5181-VFD109 Presence,Presence,IndoorAir,ÖPPET KONTOR,5181,PLAN 8,5909a39e-fe7e-45f8-bf9f-538ea05104ac,69b49bbc-2520-4ce5-a4c5-fc89e34c20ff,0.0,0.3,OK
Lindinvent,Lindinvent,LB82-5181-VFD109/8006,LB82-5181-VFD109 Room temperature setpoint,CapabilityTypeSetpoint,IndoorAir,ÖPPET KONTOR,5181,PLAN 8,2b1472e3-e2e3-427f-a0f8-da8e478a6a8a,69b49bbc-2520-4ce5-a4c5-fc89e34c20ff,22.0,0.3,OK
Lindinvent,Lindinvent,LB82-5181-VFD109/8009,LB82-5181-VFD109 CO2 setpoint,CapabilityTypeSetpoint,IndoorAir,ÖPPET KONTOR,5181,PLAN 8,37615e00-ac59-4bc3-81b1-4220005c4e44,69b49bbc-2520-4ce5-a4c5-fc89e34c20ff,800.0,0.3,OK
Lindinvent,Lindinvent,LB82-5181-VFD109/9004,LB82-5181-VFD109 Opening,State,SupplyAir,ÖPPET KONTOR,5181,PLAN 8,f49ccdfa-57d6-41ad-b70c-bba342b582a0,69b49bbc-2520-4ce5-a4c5-fc89e34c20ff,16.0,0.3,OK
Lindinvent,Lindinvent,LB82-5181-VFD109/9070,LB82-5181-VFD109 Room temperature,Temperature,IndoorAir,ÖPPET KONTOR,5181,PLAN 8,ae152505-2878-40c4-8c75-1247ffbd116a,69b49bbc-2520-4ce5-a4c5-fc89e34c20ff,22.5,0.3,OK
Lindinvent,Lindinvent,LB82-5181-VFD109/9090,LB82-5181-VFD109 CO2,CO2,IndoorAir,ÖPPET KONTOR,5181,PLAN 8,e142f657-3c98-4c81-81ad-bd8c3d4f5ee3,69b49bbc-2520-4ce5-a4c5-fc89e34c20ff,485.0,0.3,OK
Lindinvent,Lindinvent,LB82-5182-KTD21/-13,LB82-5182-KTD21 Exhaust air flow,Flow,ExhaustAir,PAUSYTA,5182,PLAN 8,c2953058-a5b2-4122-a510-3b811d6b72a5,c7828d75-6b22-4601-8b70-47d1a634d842,-39.0,0.3,OK
Lindinvent,Lindinvent,LB82-5182-KTD21/-20,LB82-5182-KTD21 Pressure,Pressure,IndoorAir,PAUSYTA,5182,PLAN 8,6d022028-1910-47b3-8263-9b6e86ebd3e5,c7828d75-6b22-4601-8b70-47d1a634d842,0.0,0.3,OK
Lindinvent,Lindinvent,LB82-5182-KTD21/8007,LB82-5182-KTD21 Pressure setpoint,CapabilityTypeSetpoint,IndoorAir,PAUSYTA,5182,PLAN 8,c8f52731-6a2d-4a9e-b55b-2bdc44cd421b,c7828d75-6b22-4601-8b70-47d1a634d842,70.0,0.3,OK
Lindinvent,Lindinvent,LB82-5182-TD401/4152,LB82-5182-TD401 Presence,Presence,IndoorAir,PAUSYTA,5182,PLAN 8,364b5685-8f7c-4dc7-a3f6-a0b5bc81d656,ef717315-e608-4066-9289-76c4f4d11a83,0.0,0.3,OK
Lindinvent,Lindinvent,LB82-5182-TD401/8006,LB82-5182-TD401 Room temperature setpoint,CapabilityTypeSetpoint,IndoorAir,PAUSYTA,5182,PLAN 8,da695ffa-16c2-43f6-8363-200780292255,ef717315-e608-4066-9289-76c4f4d11a83,22.0,0.3,OK
Lindinvent,Lindinvent,LB82-5182-TD401/8009,LB82-5182-TD401 CO2 setpoint,CapabilityTypeSetpoint,IndoorAir,PAUSYTA,5182,PLAN 8,250e8a49-8d3b-4efd-b77c-551934497c61,ef717315-e608-4066-9289-76c4f4d11a83,800.0,0.3,OK
Lindinvent,Lindinvent,LB82-5182-TD401/9004,LB82-5182-TD401 Opening,State,SupplyAir,PAUSYTA,5182,PLAN 8,fe62d468-4814-49b7-92a4-c322fff030b7,ef717315-e608-4066-9289-76c4f4d11a83,0.0,0.3,OK
Lindinvent,Lindinvent,LB82-5182-TD401/9070,LB82-5182-TD401 Room temperature,Temperature,IndoorAir,PAUSYTA,5182,PLAN 8,b3a348e0-7a6e-4da8-a1b4-0e31105e734a,ef717315-e608-4066-9289-76c4f4d11a83,23.0,0.3,OK
Lindinvent,Lindinvent,LB82-5182-TD401/9073,LB82-5182-TD401 Local room temperature,Temperature,IndoorAir,PAUSYTA,5182,PLAN 8,ac9612ed-1b54-4490-ac31-8a19814dcfe4,ef717315-e608-4066-9289-76c4f4d11a83,23.5,0.3,OK
Lindinvent,Lindinvent,LB82-5182-TD401/9084,LB82-5182-TD401 Local supply air flow,Flow,SupplyAir,PAUSYTA,5182,PLAN 8,9f0f6b7e-1631-4a9c-a249-827ec613d7ce,ef717315-e608-4066-9289-76c4f4d11a83,5.0,0.3,OK
Lindinvent,Lindinvent,LB82-5182-TD401/9090,LB82-5182-TD401 CO2,CO2,IndoorAir,PAUSYTA,5182,PLAN 8,71d34848-2b3e-4b6b-9fcd-2c85b276c65e,ef717315-e608-4066-9289-76c4f4d11a83,457.0,0.3,OK
Lindinvent,Lindinvent,LB82-5182-TD402/4152,LB82-5182-TD402 Presence,Presence,IndoorAir,PAUSYTA,5182,PLAN 8,da689e4b-6bca-42a3-a4ad-414960fcb0a7,47d2e7bb-de64-4b26-af1d-98e148f36806,0.0,0.3,OK
Lindinvent,Lindinvent,LB82-5182-TD402/8006,LB82-5182-TD402 Room temperature setpoint,CapabilityTypeSetpoint,IndoorAir,PAUSYTA,5182,PLAN 8,6b82aba7-6101-400e-8122-0b1d6348d19e,47d2e7bb-de64-4b26-af1d-98e148f36806,22.0,0.3,OK
Lindinvent,Lindinvent,LB82-5182-TD402/8009,LB82-5182-TD402 CO2 setpoint,CapabilityTypeSetpoint,IndoorAir,PAUSYTA,5182,PLAN 8,fa955bcd-6953-422c-a7d7-34b7fee797ed,47d2e7bb-de64-4b26-af1d-98e148f36806,800.0,0.3,OK
Lindinvent,Lindinvent,LB82-5182-TD402/9004,LB82-5182-TD402 Opening,State,SupplyAir,PAUSYTA,5182,PLAN 8,381ee06f-2899-49aa-8b4b-f1060962a7ce,47d2e7bb-de64-4b26-af1d-98e148f36806,0.0,0.3,OK
Lindinvent,Lindinvent,LB82-5182-TD402/9070,LB82-5182-TD402 Room temperature,Temperature,IndoorAir,PAUSYTA,5182,PLAN 8,50deab1e-8a49-4436-b986-c52b8b2c29b9,47d2e7bb-de64-4b26-af1d-98e148f36806,23.0,0.3,OK
Lindinvent,Lindinvent,LB82-5182-TD402/9073,LB82-5182-TD402 Local room temperature,Temperature,IndoorAir,PAUSYTA,5182,PLAN 8,9d1f3096-7144-44d3-890b-b35ce59da17d,47d2e7bb-de64-4b26-af1d-98e148f36806,23.3,0.3,OK
Lindinvent,Lindinvent,LB82-5182-TD402/9084,LB82-5182-TD402 Local supply air flow,Flow,SupplyAir,PAUSYTA,5182,PLAN 8,672b4013-38b1-4882-a588-ba20d5c1ab30,47d2e7bb-de64-4b26-af1d-98e148f36806,3.0,0.3,OK
Lindinvent,Lindinvent,LB82-5182-TD402/9090,LB82-5182-TD402 CO2,CO2,IndoorAir,PAUSYTA,5182,PLAN 8,5fe51bd9-4284-49d1-a73b-f7432319311d,47d2e7bb-de64-4b26-af1d-98e148f36806,458.0,0.3,OK
Lindinvent,Lindinvent,LB82-5182-TD403/4152,LB82-5182-TD403 Presence,Presence,IndoorAir,PAUSYTA,5182,PLAN 8,2a44df8a-5ea6-4d2f-86d8-bc5e01890d52,905a7fa7-86b0-452e-a801-b458672a08d6,0.0,0.3,OK
Lindinvent,Lindinvent,LB82-5182-TD403/8006,LB82-5182-TD403 Room temperature setpoint,CapabilityTypeSetpoint,IndoorAir,PAUSYTA,5182,PLAN 8,5ba2f2f1-c676-4811-b77e-d23d73ed02da,905a7fa7-86b0-452e-a801-b458672a08d6,22.0,0.3,OK
Lindinvent,Lindinvent,LB82-5182-TD403/8009,LB82-5182-TD403 CO2 setpoint,CapabilityTypeSetpoint,IndoorAir,PAUSYTA,5182,PLAN 8,388ce702-255e-41fa-a56b-72bffc3516fa,905a7fa7-86b0-452e-a801-b458672a08d6,800.0,0.3,OK
Lindinvent,Lindinvent,LB82-5182-TD403/9004,LB82-5182-TD403 Opening,State,SupplyAir,PAUSYTA,5182,PLAN 8,1e31ae4e-ab1e-4dc1-a51b-ec1900690c2a,905a7fa7-86b0-452e-a801-b458672a08d6,0.0,0.3,OK
Lindinvent,Lindinvent,LB82-5182-TD403/9070,LB82-5182-TD403 Room temperature,Temperature,IndoorAir,PAUSYTA,5182,PLAN 8,18de5585-3a24-4887-8a99-9e7f456897ae,905a7fa7-86b0-452e-a801-b458672a08d6,23.0,0.3,OK
Lindinvent,Lindinvent,LB82-5182-TD403/9073,LB82-5182-TD403 Local room temperature,Temperature,IndoorAir,PAUSYTA,5182,PLAN 8,07ef2a7a-e9de-4e7b-96dc-84e0eaf63b77,905a7fa7-86b0-452e-a801-b458672a08d6,23.2,0.3,OK
Lindinvent,Lindinvent,LB82-5182-TD403/9084,LB82-5182-TD403 Local supply air flow,Flow,SupplyAir,PAUSYTA,5182,PLAN 8,6c366ceb-d0b8-41cc-bf19-f7821b156dff,905a7fa7-86b0-452e-a801-b458672a08d6,1.0,0.3,OK
Lindinvent,Lindinvent,LB82-5182-TD403/9090,LB82-5182-TD403 CO2,CO2,IndoorAir,PAUSYTA,5182,PLAN 8,61c5f2ff-527c-4c10-9e46-f8a88fec8de4,905a7fa7-86b0-452e-a801-b458672a08d6,457.0,0.3,OK
Lindinvent,Lindinvent,LB82-5182-VFD101/-12,LB82-5182-VFD101 Supply air flow,Flow,SupplyAir,PAUSYTA,5182,PLAN 8,6be3ea58-3ce9-474e-a7b1-92316c929f73,4f7a63b8-06b2-4672-94a6-d12dc73e4e98,2.0,0.3,OK
Lindinvent,Lindinvent,LB82-5182-VFD101/4151,LB82-5182-VFD101 Local presence,Presence,IndoorAir,PAUSYTA,5182,PLAN 8,202ef154-6d22-4238-839b-6a7e5d489eca,4f7a63b8-06b2-4672-94a6-d12dc73e4e98,0.0,0.3,OK
Lindinvent,Lindinvent,LB82-5182-VFD101/4152,LB82-5182-VFD101 Presence,Presence,IndoorAir,PAUSYTA,5182,PLAN 8,2d0d957c-5bc2-45ee-81ec-9b2843b1594e,4f7a63b8-06b2-4672-94a6-d12dc73e4e98,0.0,0.3,OK
Lindinvent,Lindinvent,LB82-5182-VFD101/8006,LB82-5182-VFD101 Room temperature setpoint,CapabilityTypeSetpoint,IndoorAir,PAUSYTA,5182,PLAN 8,83154cd6-e5f7-4ecc-8cc2-13122900c3c3,4f7a63b8-06b2-4672-94a6-d12dc73e4e98,22.0,0.3,OK
Lindinvent,Lindinvent,LB82-5182-VFD101/8009,LB82-5182-VFD101 CO2 setpoint,CapabilityTypeSetpoint,IndoorAir,PAUSYTA,5182,PLAN 8,604df207-d02d-433b-ac21-86b2a87b5db7,4f7a63b8-06b2-4672-94a6-d12dc73e4e98,800.0,0.3,OK
Lindinvent,Lindinvent,LB82-5182-VFD101/9004,LB82-5182-VFD101 Opening,State,SupplyAir,PAUSYTA,5182,PLAN 8,22873143-3cb4-4d68-89d4-d5312d9c6083,4f7a63b8-06b2-4672-94a6-d12dc73e4e98,16.0,0.3,OK
Lindinvent,Lindinvent,LB82-5182-VFD101/9070,LB82-5182-VFD101 Room temperature,Temperature,IndoorAir,PAUSYTA,5182,PLAN 8,4051d586-6d99-4e84-b965-02092c7d6226,4f7a63b8-06b2-4672-94a6-d12dc73e4e98,23.0,0.3,OK
Lindinvent,Lindinvent,LB82-5182-VFD101/9090,LB82-5182-VFD101 CO2,CO2,IndoorAir,PAUSYTA,5182,PLAN 8,292ebaf8-8f9b-411b-85b6-1c785450a4f8,4f7a63b8-06b2-4672-94a6-d12dc73e4e98,456.0,0.3,OK
Lindinvent,Lindinvent,LB82-5182-VFD102/-12,LB82-5182-VFD102 Supply air flow,Flow,SupplyAir,PAUSYTA,5182,PLAN 8,c667ec5a-8d51-4262-b56f-6a830c7e97bb,17617b56-080a-44ca-9b4c-a8cefd38031f,1.0,0.3,OK
Lindinvent,Lindinvent,LB82-5182-VFD102/4151,LB82-5182-VFD102 Local presence,Presence,IndoorAir,PAUSYTA,5182,PLAN 8,a47efc7e-523c-49e8-9730-83c8d40ef4eb,17617b56-080a-44ca-9b4c-a8cefd38031f,0.0,0.3,OK
Lindinvent,Lindinvent,LB82-5182-VFD102/4152,LB82-5182-VFD102 Presence,Presence,IndoorAir,PAUSYTA,5182,PLAN 8,6faf2ec1-5eae-4b99-bdda-934b5945bfcd,17617b56-080a-44ca-9b4c-a8cefd38031f,0.0,0.3,OK
Lindinvent,Lindinvent,LB82-5182-VFD102/8006,LB82-5182-VFD102 Room temperature setpoint,CapabilityTypeSetpoint,IndoorAir,PAUSYTA,5182,PLAN 8,adb38cf2-502f-4dd7-b29a-6f7b7dc16b97,17617b56-080a-44ca-9b4c-a8cefd38031f,22.0,0.3,OK
Lindinvent,Lindinvent,LB82-5182-VFD102/8009,LB82-5182-VFD102 CO2 setpoint,CapabilityTypeSetpoint,IndoorAir,PAUSYTA,5182,PLAN 8,d37a89a1-9452-449f-bba5-6dc022c835ce,17617b56-080a-44ca-9b4c-a8cefd38031f,800.0,0.3,OK
Lindinvent,Lindinvent,LB82-5182-VFD102/9004,LB82-5182-VFD102 Opening,State,SupplyAir,PAUSYTA,5182,PLAN 8,3f03d25e-7430-4b3e-8427-ae0b56d785d2,17617b56-080a-44ca-9b4c-a8cefd38031f,16.0,0.3,OK
Lindinvent,Lindinvent,LB82-5182-VFD102/9070,LB82-5182-VFD102 Room temperature,Temperature,IndoorAir,PAUSYTA,5182,PLAN 8,acce1021-53d3-4632-bd34-253616a5e42b,17617b56-080a-44ca-9b4c-a8cefd38031f,23.0,0.3,OK
Lindinvent,Lindinvent,LB82-5182-VFD102/9090,LB82-5182-VFD102 CO2,CO2,IndoorAir,PAUSYTA,5182,PLAN 8,e229304a-9707-4e7d-8f5b-935b3df1c4ae,17617b56-080a-44ca-9b4c-a8cefd38031f,456.0,0.3,OK
Lindinvent,Lindinvent,LB82-5182-VFD103/-12,LB82-5182-VFD103 Supply air flow,Flow,SupplyAir,PAUSYTA,5182,PLAN 8,810c8884-0686-45c6-b8d8-2d7598277bbf,cf13dc53-8e99-4cf6-af6a-c9a1b710907e,3.0,0.3,OK
Lindinvent,Lindinvent,LB82-5182-VFD103/4151,LB82-5182-VFD103 Local presence,Presence,IndoorAir,PAUSYTA,5182,PLAN 8,f395f643-a9b0-4fdf-b5b1-c23f20adb8a8,cf13dc53-8e99-4cf6-af6a-c9a1b710907e,0.0,0.3,OK
Lindinvent,Lindinvent,LB82-5182-VFD103/4152,LB82-5182-VFD103 Presence,Presence,IndoorAir,PAUSYTA,5182,PLAN 8,0e9e9faa-b2ee-416f-b8b5-bb0cb204992e,cf13dc53-8e99-4cf6-af6a-c9a1b710907e,0.0,0.3,OK
Lindinvent,Lindinvent,LB82-5182-VFD103/8006,LB82-5182-VFD103 Room temperature setpoint,CapabilityTypeSetpoint,IndoorAir,PAUSYTA,5182,PLAN 8,c5d2cce3-a99b-419b-b3a9-f2fec2070ca1,cf13dc53-8e99-4cf6-af6a-c9a1b710907e,22.0,0.3,OK
Lindinvent,Lindinvent,LB82-5182-VFD103/8009,LB82-5182-VFD103 CO2 setpoint,CapabilityTypeSetpoint,IndoorAir,PAUSYTA,5182,PLAN 8,042539ad-b679-4423-8ea2-8731e17497d2,cf13dc53-8e99-4cf6-af6a-c9a1b710907e,800.0,0.3,OK
Lindinvent,Lindinvent,LB82-5182-VFD103/9004,LB82-5182-VFD103 Opening,State,SupplyAir,PAUSYTA,5182,PLAN 8,f7e2d25e-ec1b-419a-95bd-ba78f48e723c,cf13dc53-8e99-4cf6-af6a-c9a1b710907e,16.0,0.3,OK
Lindinvent,Lindinvent,LB82-5182-VFD103/9070,LB82-5182-VFD103 Room temperature,Temperature,IndoorAir,PAUSYTA,5182,PLAN 8,c281a8b9-6e2a-4f48-b4fb-290e6e99d413,cf13dc53-8e99-4cf6-af6a-c9a1b710907e,23.0,0.3,OK
Lindinvent,Lindinvent,LB82-5182-VFD103/9090,LB82-5182-VFD103 CO2,CO2,IndoorAir,PAUSYTA,5182,PLAN 8,35bf86c6-e605-4d53-9757-f85e0cc432b6,cf13dc53-8e99-4cf6-af6a-c9a1b710907e,456.0,0.3,OK
Lindinvent,Lindinvent,LB82-5182-VFD104/-12,LB82-5182-VFD104 Supply air flow,Flow,SupplyAir,PAUSYTA,5182,PLAN 8,018c9c58-d980-4d13-8b88-75d38c844430,27db7486-4a08-4e73-839e-a0da1cfd2185,0.0,0.3,OK
Lindinvent,Lindinvent,LB82-5182-VFD104/4151,LB82-5182-VFD104 Local presence,Presence,IndoorAir,PAUSYTA,5182,PLAN 8,84283c83-73fc-4f6e-8712-d131e4ba7078,27db7486-4a08-4e73-839e-a0da1cfd2185,0.0,0.3,OK
Lindinvent,Lindinvent,LB82-5182-VFD104/4152,LB82-5182-VFD104 Presence,Presence,IndoorAir,PAUSYTA,5182,PLAN 8,e6f08c29-db7e-4226-bf09-eae9dbbb7132,27db7486-4a08-4e73-839e-a0da1cfd2185,0.0,0.3,OK
Lindinvent,Lindinvent,LB82-5182-VFD104/8006,LB82-5182-VFD104 Room temperature setpoint,CapabilityTypeSetpoint,IndoorAir,PAUSYTA,5182,PLAN 8,58531026-c83a-4844-a581-2010c38db6a2,27db7486-4a08-4e73-839e-a0da1cfd2185,22.0,0.3,OK
Lindinvent,Lindinvent,LB82-5182-VFD104/8009,LB82-5182-VFD104 CO2 setpoint,CapabilityTypeSetpoint,IndoorAir,PAUSYTA,5182,PLAN 8,912a8d03-d9b2-4bd3-af1a-a297cde88cbc,27db7486-4a08-4e73-839e-a0da1cfd2185,800.0,0.3,OK
Lindinvent,Lindinvent,LB82-5182-VFD104/9004,LB82-5182-VFD104 Opening,State,SupplyAir,PAUSYTA,5182,PLAN 8,547016bd-8b85-415b-b74e-a11250e4a420,27db7486-4a08-4e73-839e-a0da1cfd2185,16.0,0.3,OK
Lindinvent,Lindinvent,LB82-5182-VFD104/9070,LB82-5182-VFD104 Room temperature,Temperature,IndoorAir,PAUSYTA,5182,PLAN 8,b1890c04-40f0-49d9-9a6f-15fe173e0c9a,27db7486-4a08-4e73-839e-a0da1cfd2185,23.0,0.3,OK
Lindinvent,Lindinvent,LB82-5182-VFD104/9090,LB82-5182-VFD104 CO2,CO2,IndoorAir,PAUSYTA,5182,PLAN 8,4f0b1c4b-5f70-4e52-9f1a-84aac64f028e,27db7486-4a08-4e73-839e-a0da1cfd2185,456.0,0.3,OK
Lindinvent,Lindinvent,LB82-5182-VFD105/-12,LB82-5182-VFD105 Supply air flow,Flow,SupplyAir,PAUSYTA,5182,PLAN 8,7cdeec03-9852-42e9-9615-03b53eda77bd,fac28aa0-4000-4632-8d5c-849bcf44d106,0.0,0.3,OK
Lindinvent,Lindinvent,LB82-5182-VFD105/4151,LB82-5182-VFD105 Local presence,Presence,IndoorAir,PAUSYTA,5182,PLAN 8,ddbf64c6-691c-4a43-9bd3-a665901b4a38,fac28aa0-4000-4632-8d5c-849bcf44d106,0.0,0.3,OK
Lindinvent,Lindinvent,LB82-5182-VFD105/4152,LB82-5182-VFD105 Presence,Presence,IndoorAir,PAUSYTA,5182,PLAN 8,58d533a1-da85-4f98-9387-0d5a9ecc4f13,fac28aa0-4000-4632-8d5c-849bcf44d106,0.0,0.3,OK
Lindinvent,Lindinvent,LB82-5182-VFD105/8006,LB82-5182-VFD105 Room temperature setpoint,CapabilityTypeSetpoint,IndoorAir,PAUSYTA,5182,PLAN 8,476c47ed-45b4-4bb8-89b6-f8d82ae88a81,fac28aa0-4000-4632-8d5c-849bcf44d106,22.0,0.3,OK
Lindinvent,Lindinvent,LB82-5182-VFD105/8009,LB82-5182-VFD105 CO2 setpoint,CapabilityTypeSetpoint,IndoorAir,PAUSYTA,5182,PLAN 8,f2394e81-b421-4516-8a4a-134cd0e56168,fac28aa0-4000-4632-8d5c-849bcf44d106,800.0,0.3,OK
Lindinvent,Lindinvent,LB82-5182-VFD105/9004,LB82-5182-VFD105 Opening,State,SupplyAir,PAUSYTA,5182,PLAN 8,1771404c-d6a4-490e-8547-f3ea5d092579,fac28aa0-4000-4632-8d5c-849bcf44d106,16.0,0.3,OK
Lindinvent,Lindinvent,LB82-5182-VFD105/9070,LB82-5182-VFD105 Room temperature,Temperature,IndoorAir,PAUSYTA,5182,PLAN 8,299e3e0e-5fd1-4d85-8073-148d538a42cf,fac28aa0-4000-4632-8d5c-849bcf44d106,23.0,0.3,OK
Lindinvent,Lindinvent,LB82-5182-VFD105/9090,LB82-5182-VFD105 CO2,CO2,IndoorAir,PAUSYTA,5182,PLAN 8,365712b1-c6d2-4b38-b2db-48339d41d33a,fac28aa0-4000-4632-8d5c-849bcf44d106,456.0,0.3,OK
Lindinvent,Lindinvent,LB82-5182-VFD106/-12,LB82-5182-VFD106 Supply air flow,Flow,SupplyAir,PAUSYTA,5182,PLAN 8,425d3ef1-9342-4837-9f27-480cf5a557a4,0a0842a5-9422-40a4-8aba-5573811bee93,0.0,0.3,OK
Lindinvent,Lindinvent,LB82-5182-VFD106/4151,LB82-5182-VFD106 Local presence,Presence,IndoorAir,PAUSYTA,5182,PLAN 8,592241d3-e554-4b30-9b61-7bba31ab8b07,0a0842a5-9422-40a4-8aba-5573811bee93,0.0,0.3,OK
Lindinvent,Lindinvent,LB82-5182-VFD106/4152,LB82-5182-VFD106 Presence,Presence,IndoorAir,PAUSYTA,5182,PLAN 8,6c83a156-55bc-44e5-8f3f-06f1fc480f95,0a0842a5-9422-40a4-8aba-5573811bee93,0.0,0.3,OK
Lindinvent,Lindinvent,LB82-5182-VFD106/8006,LB82-5182-VFD106 Room temperature setpoint,CapabilityTypeSetpoint,IndoorAir,PAUSYTA,5182,PLAN 8,fd63b18a-13c1-4f2e-b24b-5cdab5b0b005,0a0842a5-9422-40a4-8aba-5573811bee93,22.0,0.3,OK
Lindinvent,Lindinvent,LB82-5182-VFD106/8009,LB82-5182-VFD106 CO2 setpoint,CapabilityTypeSetpoint,IndoorAir,PAUSYTA,5182,PLAN 8,2529e6e0-b652-42d6-b1b7-ca0cc575986e,0a0842a5-9422-40a4-8aba-5573811bee93,800.0,0.3,OK
Lindinvent,Lindinvent,LB82-5182-VFD106/9004,LB82-5182-VFD106 Opening,State,SupplyAir,PAUSYTA,5182,PLAN 8,551ee666-d6b5-41a4-a63f-7d3e598faccc,0a0842a5-9422-40a4-8aba-5573811bee93,16.0,0.3,OK
Lindinvent,Lindinvent,LB82-5182-VFD106/9070,LB82-5182-VFD106 Room temperature,Temperature,IndoorAir,PAUSYTA,5182,PLAN 8,bd21a04f-0ab6-47e3-b44c-f66a7c57e306,0a0842a5-9422-40a4-8aba-5573811bee93,23.0,0.3,OK
Lindinvent,Lindinvent,LB82-5182-VFD106/9090,LB82-5182-VFD106 CO2,CO2,IndoorAir,PAUSYTA,5182,PLAN 8,3be30283-11c8-438a-9007-67514555d360,0a0842a5-9422-40a4-8aba-5573811bee93,456.0,0.3,OK
Lindinvent,Lindinvent,LB82-5183-VFD101/-12,LB82-5183-VFD101 Supply air flow,Flow,SupplyAir,PAUSYTA,5183,PLAN 8,2faf9e04-ee11-4f44-a628-183c925ffecc,f7ae6e09-35c2-4322-90d3-312d30c0edb1,0.0,0.3,OK
Lindinvent,Lindinvent,LB82-5183-VFD101/4151,LB82-5183-VFD101 Local presence,Presence,IndoorAir,PAUSYTA,5183,PLAN 8,0664d7bd-9578-4187-8e52-e809f7478b26,f7ae6e09-35c2-4322-90d3-312d30c0edb1,1.0,0.3,OK
Lindinvent,Lindinvent,LB82-5183-VFD101/4152,LB82-5183-VFD101 Presence,Presence,IndoorAir,PAUSYTA,5183,PLAN 8,3da79e70-d594-4ade-8b68-36ddb7206509,f7ae6e09-35c2-4322-90d3-312d30c0edb1,1.0,0.3,OK
Lindinvent,Lindinvent,LB82-5183-VFD101/8006,LB82-5183-VFD101 Room temperature setpoint,CapabilityTypeSetpoint,IndoorAir,PAUSYTA,5183,PLAN 8,ba7bdd7f-13b9-418b-af00-cc3d19d2582a,f7ae6e09-35c2-4322-90d3-312d30c0edb1,22.0,0.3,OK
Lindinvent,Lindinvent,LB82-5183-VFD101/8009,LB82-5183-VFD101 CO2 setpoint,CapabilityTypeSetpoint,IndoorAir,PAUSYTA,5183,PLAN 8,f1bb174b-99fb-4d9a-880a-b87ad331ba0a,f7ae6e09-35c2-4322-90d3-312d30c0edb1,800.0,0.3,OK
Lindinvent,Lindinvent,LB82-5183-VFD101/9004,LB82-5183-VFD101 Opening,State,SupplyAir,PAUSYTA,5183,PLAN 8,9e8fc692-a98a-4823-aa47-f279ce0dc0cf,f7ae6e09-35c2-4322-90d3-312d30c0edb1,16.0,0.3,OK
Lindinvent,Lindinvent,LB82-5183-VFD101/9070,LB82-5183-VFD101 Room temperature,Temperature,IndoorAir,PAUSYTA,5183,PLAN 8,e72a0622-01f5-4473-ba4a-da994a021626,f7ae6e09-35c2-4322-90d3-312d30c0edb1,22.3,0.3,OK
Lindinvent,Lindinvent,LB82-5183-VFD101/9090,LB82-5183-VFD101 CO2,CO2,IndoorAir,PAUSYTA,5183,PLAN 8,21562ef6-63d2-4c32-a681-d86c7926f377,f7ae6e09-35c2-4322-90d3-312d30c0edb1,487.0,0.3,OK
Lindinvent,Lindinvent,LB82-5183-VFD102/-12,LB82-5183-VFD102 Supply air flow,Flow,SupplyAir,PAUSYTA,5183,PLAN 8,1a743f5d-ae8e-437a-be6d-0ccfacbf8c36,88f39863-7767-4b9d-9113-6c494e4b7f80,1.0,0.3,OK
Lindinvent,Lindinvent,LB82-5183-VFD102/4151,LB82-5183-VFD102 Local presence,Presence,IndoorAir,PAUSYTA,5183,PLAN 8,b3f739d7-7904-4445-a63b-5a67d1dc9952,88f39863-7767-4b9d-9113-6c494e4b7f80,1.0,0.3,OK
Lindinvent,Lindinvent,LB82-5183-VFD102/4152,LB82-5183-VFD102 Presence,Presence,IndoorAir,PAUSYTA,5183,PLAN 8,759a2a98-517b-46b4-b71f-7ae4f0663b2f,88f39863-7767-4b9d-9113-6c494e4b7f80,1.0,0.3,OK
Lindinvent,Lindinvent,LB82-5183-VFD102/8006,LB82-5183-VFD102 Room temperature setpoint,CapabilityTypeSetpoint,IndoorAir,PAUSYTA,5183,PLAN 8,16f2523a-b906-4238-a3e8-9962d9596099,88f39863-7767-4b9d-9113-6c494e4b7f80,22.0,0.3,OK
Lindinvent,Lindinvent,LB82-5183-VFD102/8009,LB82-5183-VFD102 CO2 setpoint,CapabilityTypeSetpoint,IndoorAir,PAUSYTA,5183,PLAN 8,6262ff47-7268-4846-9ef5-e7207bb3e6d6,88f39863-7767-4b9d-9113-6c494e4b7f80,800.0,0.3,OK
Lindinvent,Lindinvent,LB82-5183-VFD102/9004,LB82-5183-VFD102 Opening,State,SupplyAir,PAUSYTA,5183,PLAN 8,881fa26c-a191-49f8-8299-ef4009083ca3,88f39863-7767-4b9d-9113-6c494e4b7f80,16.0,0.3,OK
Lindinvent,Lindinvent,LB82-5183-VFD102/9070,LB82-5183-VFD102 Room temperature,Temperature,IndoorAir,PAUSYTA,5183,PLAN 8,c81c5bde-4f53-47de-8623-08c7f237e44d,88f39863-7767-4b9d-9113-6c494e4b7f80,22.3,0.3,OK
Lindinvent,Lindinvent,LB82-5183-VFD102/9090,LB82-5183-VFD102 CO2,CO2,IndoorAir,PAUSYTA,5183,PLAN 8,e35e7255-b91a-4ade-97e0-a072ba1c6297,88f39863-7767-4b9d-9113-6c494e4b7f80,487.0,0.3,OK
Lindinvent,Lindinvent,LB82-5183-VFD103/-12,LB82-5183-VFD103 Supply air flow,Flow,SupplyAir,PAUSYTA,5183,PLAN 8,03e26fed-acb4-4794-bda7-ef6a80544c64,3019004e-4357-4490-bf82-7b9387a77faa,1.0,0.3,OK
Lindinvent,Lindinvent,LB82-5183-VFD103/4151,LB82-5183-VFD103 Local presence,Presence,IndoorAir,PAUSYTA,5183,PLAN 8,f5722157-9e54-4fcb-80db-6afa1f5a7e0e,3019004e-4357-4490-bf82-7b9387a77faa,0.0,0.3,OK
Lindinvent,Lindinvent,LB82-5183-VFD103/4152,LB82-5183-VFD103 Presence,Presence,IndoorAir,PAUSYTA,5183,PLAN 8,27dbb61e-43a3-4a38-b708-793fe7175a14,3019004e-4357-4490-bf82-7b9387a77faa,0.0,0.3,OK
Lindinvent,Lindinvent,LB82-5183-VFD103/8006,LB82-5183-VFD103 Room temperature setpoint,CapabilityTypeSetpoint,IndoorAir,PAUSYTA,5183,PLAN 8,e52226bb-4d3e-4415-ad6c-439325091fa7,3019004e-4357-4490-bf82-7b9387a77faa,22.0,0.3,OK
Lindinvent,Lindinvent,LB82-5183-VFD103/8009,LB82-5183-VFD103 CO2 setpoint,CapabilityTypeSetpoint,IndoorAir,PAUSYTA,5183,PLAN 8,dad380f6-e843-42a0-9038-2e85dc7f68ae,3019004e-4357-4490-bf82-7b9387a77faa,800.0,0.3,OK
Lindinvent,Lindinvent,LB82-5183-VFD103/9004,LB82-5183-VFD103 Opening,State,SupplyAir,PAUSYTA,5183,PLAN 8,0dad361c-fb08-46e7-a779-0c5ff96f369f,3019004e-4357-4490-bf82-7b9387a77faa,16.0,0.3,OK
Lindinvent,Lindinvent,LB82-5183-VFD103/9070,LB82-5183-VFD103 Room temperature,Temperature,IndoorAir,PAUSYTA,5183,PLAN 8,6c15e368-f618-4d55-b176-234e5b56767a,3019004e-4357-4490-bf82-7b9387a77faa,22.4,0.3,OK
Lindinvent,Lindinvent,LB82-5183-VFD103/9090,LB82-5183-VFD103 CO2,CO2,IndoorAir,PAUSYTA,5183,PLAN 8,f065b43f-45bd-41b2-b6ab-51a7bbdf4ecf,3019004e-4357-4490-bf82-7b9387a77faa,487.0,0.3,OK
Lindinvent,Lindinvent,LB82-5183-VFD104/-12,LB82-5183-VFD104 Supply air flow,Flow,SupplyAir,PAUSYTA,5183,PLAN 8,28936da3-2bbf-48da-96f9-a06b9ff11200,3e69bf60-9fb4-42ff-8fa2-c5bfe4e8d58d,2.0,0.3,OK
Lindinvent,Lindinvent,LB82-5183-VFD104/4151,LB82-5183-VFD104 Local presence,Presence,IndoorAir,PAUSYTA,5183,PLAN 8,cfa377c5-90ad-48c3-8bb1-ce4f83520b25,3e69bf60-9fb4-42ff-8fa2-c5bfe4e8d58d,0.0,0.3,OK
Lindinvent,Lindinvent,LB82-5183-VFD104/4152,LB82-5183-VFD104 Presence,Presence,IndoorAir,PAUSYTA,5183,PLAN 8,69f04b80-c9bc-40c1-ae07-c9855165362f,3e69bf60-9fb4-42ff-8fa2-c5bfe4e8d58d,0.0,0.3,OK
Lindinvent,Lindinvent,LB82-5183-VFD104/8006,LB82-5183-VFD104 Room temperature setpoint,CapabilityTypeSetpoint,IndoorAir,PAUSYTA,5183,PLAN 8,3fd1df20-6e0b-4a3f-98aa-de6cd733d4c8,3e69bf60-9fb4-42ff-8fa2-c5bfe4e8d58d,22.0,0.3,OK
Lindinvent,Lindinvent,LB82-5183-VFD104/8009,LB82-5183-VFD104 CO2 setpoint,CapabilityTypeSetpoint,IndoorAir,PAUSYTA,5183,PLAN 8,634442c4-55f9-4b98-806c-b9b244620513,3e69bf60-9fb4-42ff-8fa2-c5bfe4e8d58d,800.0,0.3,OK
Lindinvent,Lindinvent,LB82-5183-VFD104/9004,LB82-5183-VFD104 Opening,State,SupplyAir,PAUSYTA,5183,PLAN 8,46f8e333-aabb-440f-8c23-e460229bc2cf,3e69bf60-9fb4-42ff-8fa2-c5bfe4e8d58d,16.0,0.3,OK
Lindinvent,Lindinvent,LB82-5183-VFD104/9070,LB82-5183-VFD104 Room temperature,Temperature,IndoorAir,PAUSYTA,5183,PLAN 8,011df4f3-1376-4e4b-ae99-5d294dbf0fb3,3e69bf60-9fb4-42ff-8fa2-c5bfe4e8d58d,22.3,0.3,OK
Lindinvent,Lindinvent,LB82-5183-VFD104/9090,LB82-5183-VFD104 CO2,CO2,IndoorAir,PAUSYTA,5183,PLAN 8,8a525fa5-cc9f-4371-b356-125fa198906e,3e69bf60-9fb4-42ff-8fa2-c5bfe4e8d58d,485.0,0.3,OK
Lindinvent,Lindinvent,LB82-5183-VFD105/-12,LB82-5183-VFD105 Supply air flow,Flow,SupplyAir,PAUSYTA,5183,PLAN 8,8d0de4e5-c72b-4359-b9e7-58bc71a013ea,af627186-76b9-43b9-ba48-4437239c2d0f,2.0,0.3,OK
Lindinvent,Lindinvent,LB82-5183-VFD105/4151,LB82-5183-VFD105 Local presence,Presence,IndoorAir,PAUSYTA,5183,PLAN 8,9a6a6738-5261-4925-86d1-462bbf6783fc,af627186-76b9-43b9-ba48-4437239c2d0f,1.0,0.3,OK
Lindinvent,Lindinvent,LB82-5183-VFD105/4152,LB82-5183-VFD105 Presence,Presence,IndoorAir,PAUSYTA,5183,PLAN 8,d400204d-a1ad-43ed-9daf-a47f723753b0,af627186-76b9-43b9-ba48-4437239c2d0f,1.0,0.3,OK
Lindinvent,Lindinvent,LB82-5183-VFD105/8006,LB82-5183-VFD105 Room temperature setpoint,CapabilityTypeSetpoint,IndoorAir,PAUSYTA,5183,PLAN 8,6ac09ac0-3df5-429c-a05f-c0468b854677,af627186-76b9-43b9-ba48-4437239c2d0f,22.0,0.3,OK
Lindinvent,Lindinvent,LB82-5183-VFD105/8009,LB82-5183-VFD105 CO2 setpoint,CapabilityTypeSetpoint,IndoorAir,PAUSYTA,5183,PLAN 8,8526aefa-47eb-4f98-974b-939233cea0fc,af627186-76b9-43b9-ba48-4437239c2d0f,800.0,0.3,OK
Lindinvent,Lindinvent,LB82-5183-VFD105/9004,LB82-5183-VFD105 Opening,State,SupplyAir,PAUSYTA,5183,PLAN 8,2ccf8cc2-b350-4b26-9c92-e3fc709f1e45,af627186-76b9-43b9-ba48-4437239c2d0f,16.0,0.3,OK
Lindinvent,Lindinvent,LB82-5183-VFD105/9070,LB82-5183-VFD105 Room temperature,Temperature,IndoorAir,PAUSYTA,5183,PLAN 8,5b8a97d2-b063-4bdb-92df-19bf1ec40a25,af627186-76b9-43b9-ba48-4437239c2d0f,22.2,0.3,OK
Lindinvent,Lindinvent,LB82-5183-VFD105/9090,LB82-5183-VFD105 CO2,CO2,IndoorAir,PAUSYTA,5183,PLAN 8,726a0bee-bdf0-40a2-acdd-987a090e3bda,af627186-76b9-43b9-ba48-4437239c2d0f,489.0,0.3,OK
Lindinvent,Lindinvent,LB82-5183-VFD106/-12,LB82-5183-VFD106 Supply air flow,Flow,SupplyAir,PAUSYTA,5183,PLAN 8,a684459d-6849-4f26-9028-22787ee7412c,1577bb2e-5797-45e6-894c-bc8aa6194cc0,0.0,0.3,OK
Lindinvent,Lindinvent,LB82-5183-VFD106/4151,LB82-5183-VFD106 Local presence,Presence,IndoorAir,PAUSYTA,5183,PLAN 8,555e3b4c-563a-4c1f-8faa-bc8192426b62,1577bb2e-5797-45e6-894c-bc8aa6194cc0,0.0,0.3,OK
Lindinvent,Lindinvent,LB82-5183-VFD106/4152,LB82-5183-VFD106 Presence,Presence,IndoorAir,PAUSYTA,5183,PLAN 8,2e3c15fb-771d-4f43-8f18-4354f4db51e5,1577bb2e-5797-45e6-894c-bc8aa6194cc0,0.0,0.3,OK
Lindinvent,Lindinvent,LB82-5183-VFD106/8006,LB82-5183-VFD106 Room temperature setpoint,CapabilityTypeSetpoint,IndoorAir,PAUSYTA,5183,PLAN 8,169273bd-a18a-4b85-b36f-47ecbbae8a6a,1577bb2e-5797-45e6-894c-bc8aa6194cc0,22.0,0.3,OK
Lindinvent,Lindinvent,LB82-5183-VFD106/8009,LB82-5183-VFD106 CO2 setpoint,CapabilityTypeSetpoint,IndoorAir,PAUSYTA,5183,PLAN 8,91b08b91-8ed5-4ba2-83d8-d79400ff3b7a,1577bb2e-5797-45e6-894c-bc8aa6194cc0,800.0,0.3,OK
Lindinvent,Lindinvent,LB82-5183-VFD106/9004,LB82-5183-VFD106 Opening,State,SupplyAir,PAUSYTA,5183,PLAN 8,5f0da69a-cb76-4b42-ad66-9b497be6b7a6,1577bb2e-5797-45e6-894c-bc8aa6194cc0,16.0,0.3,OK
Lindinvent,Lindinvent,LB82-5183-VFD106/9070,LB82-5183-VFD106 Room temperature,Temperature,IndoorAir,PAUSYTA,5183,PLAN 8,4d8c07e4-2843-418b-9eb0-3ca87533a909,1577bb2e-5797-45e6-894c-bc8aa6194cc0,22.2,0.3,OK
Lindinvent,Lindinvent,LB82-5183-VFD106/9090,LB82-5183-VFD106 CO2,CO2,IndoorAir,PAUSYTA,5183,PLAN 8,9ad75867-f87e-4420-bb4b-c7783d5382b1,1577bb2e-5797-45e6-894c-bc8aa6194cc0,490.0,0.3,OK
Lindinvent,Lindinvent,LB82-5183-VFD107/-12,LB82-5183-VFD107 Supply air flow,Flow,SupplyAir,PAUSYTA,5183,PLAN 8,9795bc3f-99dd-4744-ac0d-6097faa29f2b,b4e8b06f-5a54-4d0a-b253-6ae684a6c0f2,1.0,0.3,OK
Lindinvent,Lindinvent,LB82-5183-VFD107/4151,LB82-5183-VFD107 Local presence,Presence,IndoorAir,PAUSYTA,5183,PLAN 8,e8c233be-4849-43ac-9db0-77283c4170f6,b4e8b06f-5a54-4d0a-b253-6ae684a6c0f2,1.0,0.3,OK
Lindinvent,Lindinvent,LB82-5183-VFD107/4152,LB82-5183-VFD107 Presence,Presence,IndoorAir,PAUSYTA,5183,PLAN 8,2e1414e0-8bad-4fd9-b198-aab65087da6f,b4e8b06f-5a54-4d0a-b253-6ae684a6c0f2,1.0,0.3,OK
Lindinvent,Lindinvent,LB82-5183-VFD107/8006,LB82-5183-VFD107 Room temperature setpoint,CapabilityTypeSetpoint,IndoorAir,PAUSYTA,5183,PLAN 8,2b3f4ba1-9716-43de-a1e2-5e12e0bf1f80,b4e8b06f-5a54-4d0a-b253-6ae684a6c0f2,22.0,0.3,OK
Lindinvent,Lindinvent,LB82-5183-VFD107/8009,LB82-5183-VFD107 CO2 setpoint,CapabilityTypeSetpoint,IndoorAir,PAUSYTA,5183,PLAN 8,a97f284c-572e-49b2-8b4a-5ab46d34062a,b4e8b06f-5a54-4d0a-b253-6ae684a6c0f2,800.0,0.3,OK
Lindinvent,Lindinvent,LB82-5183-VFD107/9004,LB82-5183-VFD107 Opening,State,SupplyAir,PAUSYTA,5183,PLAN 8,2ef28bf1-ef53-4e33-abdd-89e25c8d245b,b4e8b06f-5a54-4d0a-b253-6ae684a6c0f2,16.0,0.3,OK
Lindinvent,Lindinvent,LB82-5183-VFD107/9070,LB82-5183-VFD107 Room temperature,Temperature,IndoorAir,PAUSYTA,5183,PLAN 8,4e00eed3-a36f-492a-a02a-708d9651ccfa,b4e8b06f-5a54-4d0a-b253-6ae684a6c0f2,22.1,0.3,OK
Lindinvent,Lindinvent,LB82-5183-VFD107/9090,LB82-5183-VFD107 CO2,CO2,IndoorAir,PAUSYTA,5183,PLAN 8,f4092753-35f8-433c-83bd-47e0763b92d6,b4e8b06f-5a54-4d0a-b253-6ae684a6c0f2,490.0,0.3,OK
Lindinvent,Lindinvent,LB82-5183-VFD21/9085,LB82-5183-VFD21 Local exhaust air flow,Flow,ExhaustAir,PAUSYTA,5183,PLAN 8,48d6253e-7c38-4d40-923e-80dc22911de5,3a4cd9e5-e04b-4d94-84da-d39dcc5d3829,-16.0,0.3,OK
Lindinvent,Lindinvent,LB82-5184A-TD401/-12,LB82-5184A-TD401 Supply air flow,Flow,SupplyAir,Lindinvent unmapped — PLAN 8,LINDINVENT-UNMAPPED-PLAN-8,PLAN 8,beff5e14-7293-43e2-bf51-a0046fe9ece0,e9b66826-645a-472c-9f55-22cdb258d61f,0.0,0.3,ERROR
Lindinvent,Lindinvent,LB82-5184A-TD401/4151,LB82-5184A-TD401 Local presence,Presence,IndoorAir,Lindinvent unmapped — PLAN 8,LINDINVENT-UNMAPPED-PLAN-8,PLAN 8,2af75a24-a24c-467c-9bd7-7002d0a6c366,e9b66826-645a-472c-9f55-22cdb258d61f,0.0,0.3,ERROR
Lindinvent,Lindinvent,LB82-5184A-TD401/4152,LB82-5184A-TD401 Presence,Presence,IndoorAir,Lindinvent unmapped — PLAN 8,LINDINVENT-UNMAPPED-PLAN-8,PLAN 8,a37543ac-6c99-4c16-beab-e01bdd6de390,e9b66826-645a-472c-9f55-22cdb258d61f,0.0,0.3,ERROR
Lindinvent,Lindinvent,LB82-5184A-TD401/8006,LB82-5184A-TD401 Room temperature setpoint,CapabilityTypeSetpoint,IndoorAir,Lindinvent unmapped — PLAN 8,LINDINVENT-UNMAPPED-PLAN-8,PLAN 8,9cec6105-678c-4c08-b34b-a61885916052,e9b66826-645a-472c-9f55-22cdb258d61f,22.5,0.3,OK
Lindinvent,Lindinvent,LB82-5184A-TD401/9004,LB82-5184A-TD401 Opening,State,SupplyAir,Lindinvent unmapped — PLAN 8,LINDINVENT-UNMAPPED-PLAN-8,PLAN 8,0dc5323b-31a9-4fc4-9311-38489d64e2c9,e9b66826-645a-472c-9f55-22cdb258d61f,0.0,0.3,ERROR
Lindinvent,Lindinvent,LB82-5184A-TD401/9070,LB82-5184A-TD401 Room temperature,Temperature,IndoorAir,Lindinvent unmapped — PLAN 8,LINDINVENT-UNMAPPED-PLAN-8,PLAN 8,d8887380-6c34-4c13-b834-c61c3c18645b,e9b66826-645a-472c-9f55-22cdb258d61f,22.2,0.3,ERROR
Lindinvent,Lindinvent,LB82-5184B-TD401/-12,LB82-5184B-TD401 Supply air flow,Flow,SupplyAir,Lindinvent unmapped — PLAN 8,LINDINVENT-UNMAPPED-PLAN-8,PLAN 8,5f89d664-b340-4fa8-a182-82c764a985d2,05eb07a1-47de-4050-80fb-88fcdbcdd4af,0.0,0.3,OK
Lindinvent,Lindinvent,LB82-5184B-TD401/4151,LB82-5184B-TD401 Local presence,Presence,IndoorAir,Lindinvent unmapped — PLAN 8,LINDINVENT-UNMAPPED-PLAN-8,PLAN 8,4928f3a4-20ad-4631-b513-25e64f77781d,05eb07a1-47de-4050-80fb-88fcdbcdd4af,0.0,0.3,OK
Lindinvent,Lindinvent,LB82-5184B-TD401/4152,LB82-5184B-TD401 Presence,Presence,IndoorAir,Lindinvent unmapped — PLAN 8,LINDINVENT-UNMAPPED-PLAN-8,PLAN 8,88550584-5f7f-4e4d-a43a-19cb95ee0de0,05eb07a1-47de-4050-80fb-88fcdbcdd4af,0.0,0.3,OK
Lindinvent,Lindinvent,LB82-5184B-TD401/8006,LB82-5184B-TD401 Room temperature setpoint,CapabilityTypeSetpoint,IndoorAir,Lindinvent unmapped — PLAN 8,LINDINVENT-UNMAPPED-PLAN-8,PLAN 8,2f3912fe-23b2-4e68-a9e2-64ba6b44743d,05eb07a1-47de-4050-80fb-88fcdbcdd4af,22.5,0.3,OK
Lindinvent,Lindinvent,LB82-5184B-TD401/9004,LB82-5184B-TD401 Opening,State,SupplyAir,Lindinvent unmapped — PLAN 8,LINDINVENT-UNMAPPED-PLAN-8,PLAN 8,1b4595cc-2875-4b8e-ad9a-ade468a3a1a1,05eb07a1-47de-4050-80fb-88fcdbcdd4af,0.0,0.3,OK
Lindinvent,Lindinvent,LB82-5184B-TD401/9070,LB82-5184B-TD401 Room temperature,Temperature,IndoorAir,Lindinvent unmapped — PLAN 8,LINDINVENT-UNMAPPED-PLAN-8,PLAN 8,76275447-650a-4d67-8548-92685fe3df28,05eb07a1-47de-4050-80fb-88fcdbcdd4af,21.8,0.3,OK
Lindinvent,Lindinvent,LB82-5184C-TD401/-12,LB82-5184C-TD401 Supply air flow,Flow,SupplyAir,Lindinvent unmapped — PLAN 8,LINDINVENT-UNMAPPED-PLAN-8,PLAN 8,7147fe62-8aba-4302-8acf-2cb1a23dda3a,ed8aa150-0d0c-412c-9526-229b9c08de9d,2.0,0.3,OK
Lindinvent,Lindinvent,LB82-5184C-TD401/4151,LB82-5184C-TD401 Local presence,Presence,IndoorAir,Lindinvent unmapped — PLAN 8,LINDINVENT-UNMAPPED-PLAN-8,PLAN 8,92ff291d-c04d-48e4-84aa-c896c6fca8ce,ed8aa150-0d0c-412c-9526-229b9c08de9d,0.0,0.3,OK
Lindinvent,Lindinvent,LB82-5184C-TD401/4152,LB82-5184C-TD401 Presence,Presence,IndoorAir,Lindinvent unmapped — PLAN 8,LINDINVENT-UNMAPPED-PLAN-8,PLAN 8,cc6b5b71-8fc9-4ac1-ac19-da180160464f,ed8aa150-0d0c-412c-9526-229b9c08de9d,0.0,0.3,OK
Lindinvent,Lindinvent,LB82-5184C-TD401/8006,LB82-5184C-TD401 Room temperature setpoint,CapabilityTypeSetpoint,IndoorAir,Lindinvent unmapped — PLAN 8,LINDINVENT-UNMAPPED-PLAN-8,PLAN 8,615cf0a4-a966-4827-92a9-21c7c3efc769,ed8aa150-0d0c-412c-9526-229b9c08de9d,22.5,0.3,OK
Lindinvent,Lindinvent,LB82-5184C-TD401/9004,LB82-5184C-TD401 Opening,State,SupplyAir,Lindinvent unmapped — PLAN 8,LINDINVENT-UNMAPPED-PLAN-8,PLAN 8,2006dfc0-6707-4186-b585-262d6d7df5a3,ed8aa150-0d0c-412c-9526-229b9c08de9d,1.0,0.3,OK
Lindinvent,Lindinvent,LB82-5184C-TD401/9070,LB82-5184C-TD401 Room temperature,Temperature,IndoorAir,Lindinvent unmapped — PLAN 8,LINDINVENT-UNMAPPED-PLAN-8,PLAN 8,3c5554bc-8c7c-4ca1-bc11-01cfe83d8cf7,ed8aa150-0d0c-412c-9526-229b9c08de9d,22.5,0.3,OK
Lindinvent,Lindinvent,LB82-5184D-TD401/-12,LB82-5184D-TD401 Supply air flow,Flow,SupplyAir,Lindinvent unmapped — PLAN 8,LINDINVENT-UNMAPPED-PLAN-8,PLAN 8,6d8966aa-dcde-4c5f-9118-30d713c12517,48f2d449-bb43-4012-b39a-dab399dda16a,0.0,0.3,OK
Lindinvent,Lindinvent,LB82-5184D-TD401/4151,LB82-5184D-TD401 Local presence,Presence,IndoorAir,Lindinvent unmapped — PLAN 8,LINDINVENT-UNMAPPED-PLAN-8,PLAN 8,96752a73-d7c1-45c3-bc7c-8dd5bad91f44,48f2d449-bb43-4012-b39a-dab399dda16a,0.0,0.3,OK
Lindinvent,Lindinvent,LB82-5184D-TD401/4152,LB82-5184D-TD401 Presence,Presence,IndoorAir,Lindinvent unmapped — PLAN 8,LINDINVENT-UNMAPPED-PLAN-8,PLAN 8,09a8d8b2-93b5-4ae2-9b11-de43b3ded19c,48f2d449-bb43-4012-b39a-dab399dda16a,0.0,0.3,OK
Lindinvent,Lindinvent,LB82-5184D-TD401/8006,LB82-5184D-TD401 Room temperature setpoint,CapabilityTypeSetpoint,IndoorAir,Lindinvent unmapped — PLAN 8,LINDINVENT-UNMAPPED-PLAN-8,PLAN 8,932c6365-a3a5-4d0b-a066-7ac1de231ef9,48f2d449-bb43-4012-b39a-dab399dda16a,22.5,0.3,OK
Lindinvent,Lindinvent,LB82-5184D-TD401/9004,LB82-5184D-TD401 Opening,State,SupplyAir,Lindinvent unmapped — PLAN 8,LINDINVENT-UNMAPPED-PLAN-8,PLAN 8,44599621-1651-4599-85ec-fc617b7bc94a,48f2d449-bb43-4012-b39a-dab399dda16a,9.0,0.3,OK
Lindinvent,Lindinvent,LB82-5184D-TD401/9070,LB82-5184D-TD401 Room temperature,Temperature,IndoorAir,Lindinvent unmapped — PLAN 8,LINDINVENT-UNMAPPED-PLAN-8,PLAN 8,46c93e0a-c713-4dab-8962-f95bb418e4a4,48f2d449-bb43-4012-b39a-dab399dda16a,21.8,0.3,OK
Lindinvent,Lindinvent,LB82-5186-VFD101/-12,LB82-5186-VFD101 Supply air flow,Flow,SupplyAir,MÖTE,5186,PLAN 8,0fd94951-785c-435f-8bbe-4a02c87b16ea,cd4b3335-a3fd-45c0-9c1d-9aeae43f4ca4,1.0,0.3,OK
Lindinvent,Lindinvent,LB82-5186-VFD101/4151,LB82-5186-VFD101 Local presence,Presence,IndoorAir,MÖTE,5186,PLAN 8,c30b348b-b6e8-4859-94ac-8e10e75914fb,cd4b3335-a3fd-45c0-9c1d-9aeae43f4ca4,0.0,0.3,OK
Lindinvent,Lindinvent,LB82-5186-VFD101/4152,LB82-5186-VFD101 Presence,Presence,IndoorAir,MÖTE,5186,PLAN 8,344c68d6-0204-45e0-968d-cc5071e54167,cd4b3335-a3fd-45c0-9c1d-9aeae43f4ca4,0.0,0.3,OK
Lindinvent,Lindinvent,LB82-5186-VFD101/8006,LB82-5186-VFD101 Room temperature setpoint,CapabilityTypeSetpoint,IndoorAir,MÖTE,5186,PLAN 8,571e0fa2-57ee-4861-83c6-0361514753da,cd4b3335-a3fd-45c0-9c1d-9aeae43f4ca4,22.0,0.3,OK
Lindinvent,Lindinvent,LB82-5186-VFD101/9004,LB82-5186-VFD101 Opening,State,SupplyAir,MÖTE,5186,PLAN 8,3d3c6a4e-58bf-49b2-b69d-71d572068406,cd4b3335-a3fd-45c0-9c1d-9aeae43f4ca4,16.0,0.3,OK
Lindinvent,Lindinvent,LB82-5186-VFD101/9070,LB82-5186-VFD101 Room temperature,Temperature,IndoorAir,MÖTE,5186,PLAN 8,269048e2-2bd0-4cf9-b173-126531c833d4,cd4b3335-a3fd-45c0-9c1d-9aeae43f4ca4,22.0,0.3,OK
Lindinvent,Lindinvent,LB82-5186-VFD102/-12,LB82-5186-VFD102 Supply air flow,Flow,SupplyAir,MÖTE,5186,PLAN 8,62b88bb2-62dd-44de-bf66-550c7886e8d8,764d731e-d239-4f9a-9f95-ad376c1b9bc8,0.0,0.3,OK
Lindinvent,Lindinvent,LB82-5186-VFD102/4151,LB82-5186-VFD102 Local presence,Presence,IndoorAir,MÖTE,5186,PLAN 8,606cbd2f-8a78-485f-a989-4355608a395e,764d731e-d239-4f9a-9f95-ad376c1b9bc8,0.0,0.3,OK
Lindinvent,Lindinvent,LB82-5186-VFD102/4152,LB82-5186-VFD102 Presence,Presence,IndoorAir,MÖTE,5186,PLAN 8,c830185b-4565-4bed-a6a7-17b4f100498c,764d731e-d239-4f9a-9f95-ad376c1b9bc8,0.0,0.3,OK
Lindinvent,Lindinvent,LB82-5186-VFD102/8006,LB82-5186-VFD102 Room temperature setpoint,CapabilityTypeSetpoint,IndoorAir,MÖTE,5186,PLAN 8,b5478b05-9128-4f43-be1c-6e30654ee51c,764d731e-d239-4f9a-9f95-ad376c1b9bc8,22.0,0.3,OK
Lindinvent,Lindinvent,LB82-5186-VFD102/9004,LB82-5186-VFD102 Opening,State,SupplyAir,MÖTE,5186,PLAN 8,18d07ceb-fa5f-40b4-a627-4ed88746fb7d,764d731e-d239-4f9a-9f95-ad376c1b9bc8,16.0,0.3,OK
Lindinvent,Lindinvent,LB82-5186-VFD102/9070,LB82-5186-VFD102 Room temperature,Temperature,IndoorAir,MÖTE,5186,PLAN 8,054d7e09-1ce7-4359-bb24-424af669c6bb,764d731e-d239-4f9a-9f95-ad376c1b9bc8,22.0,0.3,OK
Lindinvent,Lindinvent,LB82-5186-VFD103/-12,LB82-5186-VFD103 Supply air flow,Flow,SupplyAir,MÖTE,5186,PLAN 8,93f0c0fc-44a8-43a9-94e3-16b5172c5855,b1c29447-5e26-4ed8-b3aa-0231ba12285f,1.0,0.3,OK
Lindinvent,Lindinvent,LB82-5186-VFD103/4151,LB82-5186-VFD103 Local presence,Presence,IndoorAir,MÖTE,5186,PLAN 8,9fdc6970-961a-4f36-96e1-20623601a4a0,b1c29447-5e26-4ed8-b3aa-0231ba12285f,1.0,0.3,OK
Lindinvent,Lindinvent,LB82-5186-VFD103/4152,LB82-5186-VFD103 Presence,Presence,IndoorAir,MÖTE,5186,PLAN 8,a152014b-6325-43a6-9f65-c788f97e2aab,b1c29447-5e26-4ed8-b3aa-0231ba12285f,1.0,0.3,OK
Lindinvent,Lindinvent,LB82-5186-VFD103/8006,LB82-5186-VFD103 Room temperature setpoint,CapabilityTypeSetpoint,IndoorAir,MÖTE,5186,PLAN 8,8e0015f5-e7ef-4fe3-aba8-5a0d97d62e71,b1c29447-5e26-4ed8-b3aa-0231ba12285f,22.0,0.3,OK
Lindinvent,Lindinvent,LB82-5186-VFD103/9004,LB82-5186-VFD103 Opening,State,SupplyAir,MÖTE,5186,PLAN 8,7f4a1a9f-3fa5-46e3-a4d3-417177924e0f,b1c29447-5e26-4ed8-b3aa-0231ba12285f,16.0,0.3,OK
Lindinvent,Lindinvent,LB82-5186-VFD103/9070,LB82-5186-VFD103 Room temperature,Temperature,IndoorAir,MÖTE,5186,PLAN 8,143fdffd-56d2-411d-a378-88a0fbc0bf8e,b1c29447-5e26-4ed8-b3aa-0231ba12285f,22.0,0.3,OK
Lindinvent,Lindinvent,LB82-5186-VFD104/-12,LB82-5186-VFD104 Supply air flow,Flow,SupplyAir,MÖTE,5186,PLAN 8,4d71d7e6-6180-4a99-b92e-e637c6422b1b,188ae4c8-b297-425a-a65e-1a7d19b82117,0.0,0.3,OK
Lindinvent,Lindinvent,LB82-5186-VFD104/4151,LB82-5186-VFD104 Local presence,Presence,IndoorAir,MÖTE,5186,PLAN 8,c8d9825a-5d6b-4e78-963f-130c8152c2bf,188ae4c8-b297-425a-a65e-1a7d19b82117,0.0,0.3,OK
Lindinvent,Lindinvent,LB82-5186-VFD104/4152,LB82-5186-VFD104 Presence,Presence,IndoorAir,MÖTE,5186,PLAN 8,dd82db39-e9c2-40a1-97e1-f11042be6b03,188ae4c8-b297-425a-a65e-1a7d19b82117,0.0,0.3,OK
Lindinvent,Lindinvent,LB82-5186-VFD104/8006,LB82-5186-VFD104 Room temperature setpoint,CapabilityTypeSetpoint,IndoorAir,MÖTE,5186,PLAN 8,a2786e2d-5f49-4e97-8d97-ef8c93bcb60c,188ae4c8-b297-425a-a65e-1a7d19b82117,22.0,0.3,OK
Lindinvent,Lindinvent,LB82-5186-VFD104/9004,LB82-5186-VFD104 Opening,State,SupplyAir,MÖTE,5186,PLAN 8,23f3471d-3c36-4a5c-a67f-8ef9ece88b06,188ae4c8-b297-425a-a65e-1a7d19b82117,16.0,0.3,OK
Lindinvent,Lindinvent,LB82-5186-VFD104/9070,LB82-5186-VFD104 Room temperature,Temperature,IndoorAir,MÖTE,5186,PLAN 8,5695dbb9-a312-4e71-a189-9a87e231f941,188ae4c8-b297-425a-a65e-1a7d19b82117,22.0,0.3,OK
Lindinvent,Lindinvent,LB82-5186-VFD105/-12,LB82-5186-VFD105 Supply air flow,Flow,SupplyAir,MÖTE,5186,PLAN 8,00757d26-56dc-4440-bf05-199e2959f03a,eee75b33-d4ca-4f7c-9d2e-b8748ca4c371,0.0,0.3,OK
Lindinvent,Lindinvent,LB82-5186-VFD105/4151,LB82-5186-VFD105 Local presence,Presence,IndoorAir,MÖTE,5186,PLAN 8,a96d3273-8279-4574-a795-701a3a4dfffc,eee75b33-d4ca-4f7c-9d2e-b8748ca4c371,0.0,0.3,OK
Lindinvent,Lindinvent,LB82-5186-VFD105/4152,LB82-5186-VFD105 Presence,Presence,IndoorAir,MÖTE,5186,PLAN 8,7eb9a03d-67bc-4262-899c-b5ad19842b7a,eee75b33-d4ca-4f7c-9d2e-b8748ca4c371,0.0,0.3,OK
Lindinvent,Lindinvent,LB82-5186-VFD105/8006,LB82-5186-VFD105 Room temperature setpoint,CapabilityTypeSetpoint,IndoorAir,MÖTE,5186,PLAN 8,ae82b753-dd25-4e2f-85f3-4738633b6889,eee75b33-d4ca-4f7c-9d2e-b8748ca4c371,22.0,0.3,OK
Lindinvent,Lindinvent,LB82-5186-VFD105/9004,LB82-5186-VFD105 Opening,State,SupplyAir,MÖTE,5186,PLAN 8,81a01c43-2049-41c8-a796-6111fb183513,eee75b33-d4ca-4f7c-9d2e-b8748ca4c371,16.0,0.3,OK
Lindinvent,Lindinvent,LB82-5186-VFD105/9070,LB82-5186-VFD105 Room temperature,Temperature,IndoorAir,MÖTE,5186,PLAN 8,743cec4d-e02a-4099-a0a0-7c973e7bfc41,eee75b33-d4ca-4f7c-9d2e-b8748ca4c371,22.0,0.3,OK
Lindinvent,Lindinvent,LB82-5186-VFD106/-12,LB82-5186-VFD106 Supply air flow,Flow,SupplyAir,MÖTE,5186,PLAN 8,b2b0ff9b-2cca-4e26-9385-67e07e76bd03,56c1695c-3689-440c-ab99-bbf91526bc66,1.0,0.3,OK
Lindinvent,Lindinvent,LB82-5186-VFD106/4151,LB82-5186-VFD106 Local presence,Presence,IndoorAir,MÖTE,5186,PLAN 8,240a5a23-9498-410d-8395-3fd337bf1fc8,56c1695c-3689-440c-ab99-bbf91526bc66,0.0,0.3,OK
Lindinvent,Lindinvent,LB82-5186-VFD106/4152,LB82-5186-VFD106 Presence,Presence,IndoorAir,MÖTE,5186,PLAN 8,710abcd7-4a32-4766-ad91-b5c63bfac8df,56c1695c-3689-440c-ab99-bbf91526bc66,0.0,0.3,OK
Lindinvent,Lindinvent,LB82-5186-VFD106/8006,LB82-5186-VFD106 Room temperature setpoint,CapabilityTypeSetpoint,IndoorAir,MÖTE,5186,PLAN 8,9026e608-0d43-42c6-81af-ead11a278f0b,56c1695c-3689-440c-ab99-bbf91526bc66,22.0,0.3,OK
Lindinvent,Lindinvent,LB82-5186-VFD106/9004,LB82-5186-VFD106 Opening,State,SupplyAir,MÖTE,5186,PLAN 8,71088dcf-4be9-4f06-826d-ac76f3a311b3,56c1695c-3689-440c-ab99-bbf91526bc66,16.0,0.3,OK
Lindinvent,Lindinvent,LB82-5186-VFD106/9070,LB82-5186-VFD106 Room temperature,Temperature,IndoorAir,MÖTE,5186,PLAN 8,ba51d394-fc72-4c82-90e2-cf97a0b5e7ec,56c1695c-3689-440c-ab99-bbf91526bc66,22.0,0.3,OK
Lindinvent,Lindinvent,LB82-5186-VFD21/9085,LB82-5186-VFD21 Local exhaust air flow,Flow,ExhaustAir,MÖTE,5186,PLAN 8,902a2808-19ba-4b52-8f4e-727419df4848,d4eb65bb-8c56-4c18-b944-9f32d4bc6494,-16.0,0.3,OK
Lindinvent,Lindinvent,LB83-5148B-HD101/8006,LB83-5148B-HD101 Room temperature setpoint,CapabilityTypeSetpoint,IndoorAir,KONTOR,5148B,PLAN 8,30ae8da0-4c3c-4c79-85d9-4cf3ef2a8def,143422ff-ae7d-403d-82b5-f8d58490d79e,22.0,0.3,OK
Lindinvent,Lindinvent,LB83-5148B-HD101/9070,LB83-5148B-HD101 Room temperature,Temperature,IndoorAir,KONTOR,5148B,PLAN 8,97ae65c5-aca0-43bf-aef7-e1ad13b8fa93,143422ff-ae7d-403d-82b5-f8d58490d79e,23.1,0.3,OK
Lindinvent,Lindinvent,LB83-5148B-TD401/4152,LB83-5148B-TD401 Presence,Presence,IndoorAir,KONTOR,5148B,PLAN 8,ec35c534-9542-4510-804f-f0eef74d14bd,7cf9d2ab-307b-4831-a4e0-7ed8c56a721c,0.0,0.3,OK
Lindinvent,Lindinvent,LB83-5148B-TD401/8006,LB83-5148B-TD401 Room temperature setpoint,CapabilityTypeSetpoint,IndoorAir,KONTOR,5148B,PLAN 8,9c605cde-ab2d-4f24-903f-c17aa5ea3b3f,7cf9d2ab-307b-4831-a4e0-7ed8c56a721c,22.5,0.3,OK
Lindinvent,Lindinvent,LB83-5148B-TD401/9004,LB83-5148B-TD401 Opening,State,SupplyAir,KONTOR,5148B,PLAN 8,9c2f217b-3b19-4ff3-9106-b61a032d2a35,7cf9d2ab-307b-4831-a4e0-7ed8c56a721c,1.0,0.3,OK
Lindinvent,Lindinvent,LB83-5148B-TD401/9070,LB83-5148B-TD401 Room temperature,Temperature,IndoorAir,KONTOR,5148B,PLAN 8,1570f3ae-dc15-4872-ade8-247553ba138a,7cf9d2ab-307b-4831-a4e0-7ed8c56a721c,23.1,0.3,OK
Lindinvent,Lindinvent,LB83-5148B-TD401/9073,LB83-5148B-TD401 Local room temperature,Temperature,IndoorAir,KONTOR,5148B,PLAN 8,c27c3c53-a802-4311-9fb5-df0906fac9ad,7cf9d2ab-307b-4831-a4e0-7ed8c56a721c,23.1,0.3,OK
Lindinvent,Lindinvent,LB83-5148B-TD401/9084,LB83-5148B-TD401 Local supply air flow,Flow,SupplyAir,KONTOR,5148B,PLAN 8,0288e613-d3f1-478e-b508-41092d236c01,7cf9d2ab-307b-4831-a4e0-7ed8c56a721c,0.0,0.3,OK
Lindinvent,Lindinvent,LB83-5148C-HD101/8006,LB83-5148C-HD101 Room temperature setpoint,CapabilityTypeSetpoint,IndoorAir,KONTOR,5148C,PLAN 8,c26e2621-5f18-4c17-ba6c-448dd8c22e51,7f69768a-c811-43c7-b4a2-929074c93d8f,22.0,0.3,OK
Lindinvent,Lindinvent,LB83-5148C-HD101/9070,LB83-5148C-HD101 Room temperature,Temperature,IndoorAir,KONTOR,5148C,PLAN 8,efb43fde-7522-4139-ae8b-1c0e203edb09,7f69768a-c811-43c7-b4a2-929074c93d8f,22.8,0.3,OK
Lindinvent,Lindinvent,LB83-5148C-TD401/4152,LB83-5148C-TD401 Presence,Presence,IndoorAir,KONTOR,5148C,PLAN 8,91efffb4-9c9b-41d6-bb8a-6030065e5623,d7703732-fbbe-4ceb-88f3-caf23110a7af,0.0,0.3,OK
Lindinvent,Lindinvent,LB83-5148C-TD401/8006,LB83-5148C-TD401 Room temperature setpoint,CapabilityTypeSetpoint,IndoorAir,KONTOR,5148C,PLAN 8,6ffcb307-c924-401b-addc-6b4ee3a4452d,d7703732-fbbe-4ceb-88f3-caf23110a7af,22.5,0.3,OK
Lindinvent,Lindinvent,LB83-5148C-TD401/9004,LB83-5148C-TD401 Opening,State,SupplyAir,KONTOR,5148C,PLAN 8,f1b0e6aa-5184-4591-8f8a-077b7269351d,d7703732-fbbe-4ceb-88f3-caf23110a7af,0.0,0.3,OK
Lindinvent,Lindinvent,LB83-5148C-TD401/9070,LB83-5148C-TD401 Room temperature,Temperature,IndoorAir,KONTOR,5148C,PLAN 8,d73032d6-e7c3-49dd-8aed-f056e6b149ed,d7703732-fbbe-4ceb-88f3-caf23110a7af,22.8,0.3,OK
Lindinvent,Lindinvent,LB83-5148C-TD401/9073,LB83-5148C-TD401 Local room temperature,Temperature,IndoorAir,KONTOR,5148C,PLAN 8,f9442a86-b78b-4249-8c95-88fb9d2cb16a,d7703732-fbbe-4ceb-88f3-caf23110a7af,22.8,0.3,OK
Lindinvent,Lindinvent,LB83-5148C-TD401/9084,LB83-5148C-TD401 Local supply air flow,Flow,SupplyAir,KONTOR,5148C,PLAN 8,8c94d3bb-441b-48d5-b1dc-283c542ac7ba,d7703732-fbbe-4ceb-88f3-caf23110a7af,3.0,0.3,OK
Lindinvent,Lindinvent,LB83-5156-KTD21/-12,LB83-5156-KTD21 Supply air flow,Flow,SupplyAir,TELE,5156,PLAN 8,6404c45f-090d-47ae-921b-e63d6be9b6ec,32a73c0f-55c3-44f4-ae85-c624038768c6,1.0,0.3,OK
Lindinvent,Lindinvent,LB83-5156-KTD21/-20,LB83-5156-KTD21 Pressure,Pressure,IndoorAir,TELE,5156,PLAN 8,c0e7a2f3-7044-451d-b8d5-0247aaa71bea,32a73c0f-55c3-44f4-ae85-c624038768c6,0.1,0.3,OK
Lindinvent,Lindinvent,LB83-5158-TD401/4152,LB83-5158-TD401 Presence,Presence,IndoorAir,RWC,5158,PLAN 8,4a2b5db4-a067-4260-9805-964deeed9b1a,810bf958-b90a-4bb0-8b21-ceae8f0f296e,0.0,0.3,OK
Lindinvent,Lindinvent,LB83-5158-TD401/8006,LB83-5158-TD401 Room temperature setpoint,CapabilityTypeSetpoint,IndoorAir,RWC,5158,PLAN 8,f6bc65f8-7cc5-4697-ae32-2b9e4e97bcba,810bf958-b90a-4bb0-8b21-ceae8f0f296e,22.5,0.3,OK
Lindinvent,Lindinvent,LB83-5158-TD401/8009,LB83-5158-TD401 CO2 setpoint,CapabilityTypeSetpoint,IndoorAir,RWC,5158,PLAN 8,b42a28b3-a7da-4f77-ba5c-64d0c063c4bb,810bf958-b90a-4bb0-8b21-ceae8f0f296e,800.0,0.3,OK
Lindinvent,Lindinvent,LB83-5158-TD401/9004,LB83-5158-TD401 Opening,State,SupplyAir,RWC,5158,PLAN 8,ba966c41-e82a-420e-9654-fe16438dc2fa,810bf958-b90a-4bb0-8b21-ceae8f0f296e,0.0,0.3,OK
Lindinvent,Lindinvent,LB83-5158-TD401/9070,LB83-5158-TD401 Room temperature,Temperature,IndoorAir,RWC,5158,PLAN 8,1158cf7b-dd19-4fbe-90ce-0a2c1fe8db94,810bf958-b90a-4bb0-8b21-ceae8f0f296e,23.3,0.3,OK
Lindinvent,Lindinvent,LB83-5158-TD401/9073,LB83-5158-TD401 Local room temperature,Temperature,IndoorAir,RWC,5158,PLAN 8,be9ec5fa-b9a9-45f7-a6a4-9f414ca6a404,810bf958-b90a-4bb0-8b21-ceae8f0f296e,23.5,0.3,OK
Lindinvent,Lindinvent,LB83-5158-TD401/9084,LB83-5158-TD401 Local supply air flow,Flow,SupplyAir,RWC,5158,PLAN 8,d5128293-35ff-4c9c-9460-1f9b5c8a3fb9,810bf958-b90a-4bb0-8b21-ceae8f0f296e,0.0,0.3,OK
Lindinvent,Lindinvent,LB83-5158-TD401/9090,LB83-5158-TD401 CO2,CO2,IndoorAir,RWC,5158,PLAN 8,b4ae1a2d-e2da-45e1-bb7a-4494b40bb3cb,810bf958-b90a-4bb0-8b21-ceae8f0f296e,450.0,0.3,OK
Lindinvent,Lindinvent,LB83-5158-VFD101/-12,LB83-5158-VFD101 Supply air flow,Flow,SupplyAir,RWC,5158,PLAN 8,e3f6fb86-c887-480d-ac69-921ab52559ec,d6943268-2134-4117-91ad-54db54e0eab8,0.0,0.3,OK
Lindinvent,Lindinvent,LB83-5158-VFD101/4151,LB83-5158-VFD101 Local presence,Presence,IndoorAir,RWC,5158,PLAN 8,452acbcc-d67f-4e65-8107-e91b80d83f1f,d6943268-2134-4117-91ad-54db54e0eab8,0.0,0.3,OK
Lindinvent,Lindinvent,LB83-5158-VFD101/4152,LB83-5158-VFD101 Presence,Presence,IndoorAir,RWC,5158,PLAN 8,72fd840d-0954-4d31-b317-efe6ea350e5f,d6943268-2134-4117-91ad-54db54e0eab8,0.0,0.3,OK
Lindinvent,Lindinvent,LB83-5158-VFD101/8006,LB83-5158-VFD101 Room temperature setpoint,CapabilityTypeSetpoint,IndoorAir,RWC,5158,PLAN 8,0acc442b-18e1-4197-8537-cafb1df8134b,d6943268-2134-4117-91ad-54db54e0eab8,22.5,0.3,OK
Lindinvent,Lindinvent,LB83-5158-VFD101/8009,LB83-5158-VFD101 CO2 setpoint,CapabilityTypeSetpoint,IndoorAir,RWC,5158,PLAN 8,41b9a7ef-5311-4f3e-9ca4-733a7d6d31d5,d6943268-2134-4117-91ad-54db54e0eab8,800.0,0.3,OK
Lindinvent,Lindinvent,LB83-5158-VFD101/9004,LB83-5158-VFD101 Opening,State,SupplyAir,RWC,5158,PLAN 8,d9817514-122d-4e29-99ae-e2dd3877a970,d6943268-2134-4117-91ad-54db54e0eab8,16.0,0.3,OK
Lindinvent,Lindinvent,LB83-5158-VFD101/9070,LB83-5158-VFD101 Room temperature,Temperature,IndoorAir,RWC,5158,PLAN 8,bc2a98a2-df71-408a-a0c6-a95ca87cfe61,d6943268-2134-4117-91ad-54db54e0eab8,23.3,0.3,OK
Lindinvent,Lindinvent,LB83-5158-VFD101/9090,LB83-5158-VFD101 CO2,CO2,IndoorAir,RWC,5158,PLAN 8,557fd2d4-5941-4caf-a9b2-66315d30d0cb,d6943268-2134-4117-91ad-54db54e0eab8,450.0,0.3,OK
Lindinvent,Lindinvent,LB83-5159-TD401/4152,LB83-5159-TD401 Presence,Presence,IndoorAir,IT-FÖRRÅD,5159,PLAN 8,cff59ba1-6879-4539-a47d-ee34f0fe119b,1d3a9df0-f0a0-42af-aae4-c60b494995ff,0.0,0.3,OK
Lindinvent,Lindinvent,LB83-5159-TD401/8006,LB83-5159-TD401 Room temperature setpoint,CapabilityTypeSetpoint,IndoorAir,IT-FÖRRÅD,5159,PLAN 8,3fb60473-5a78-414d-b9f0-033d42f05604,1d3a9df0-f0a0-42af-aae4-c60b494995ff,22.5,0.3,OK
Lindinvent,Lindinvent,LB83-5159-TD401/9004,LB83-5159-TD401 Opening,State,SupplyAir,IT-FÖRRÅD,5159,PLAN 8,e388c164-9f29-4f15-93fa-da5dc36eb784,1d3a9df0-f0a0-42af-aae4-c60b494995ff,1.0,0.3,OK
Lindinvent,Lindinvent,LB83-5159-TD401/9070,LB83-5159-TD401 Room temperature,Temperature,IndoorAir,IT-FÖRRÅD,5159,PLAN 8,1f25f741-fe22-4e1c-8e7b-41c322ae5775,1d3a9df0-f0a0-42af-aae4-c60b494995ff,23.6,0.3,OK
Lindinvent,Lindinvent,LB83-5159-TD401/9073,LB83-5159-TD401 Local room temperature,Temperature,IndoorAir,IT-FÖRRÅD,5159,PLAN 8,c9c636a0-b22c-4114-a6ac-e6b3aa2cad51,1d3a9df0-f0a0-42af-aae4-c60b494995ff,23.6,0.3,OK
Lindinvent,Lindinvent,LB83-5159-TD401/9084,LB83-5159-TD401 Local supply air flow,Flow,SupplyAir,IT-FÖRRÅD,5159,PLAN 8,e33c0e4b-9bb7-4dbc-be67-9d49190f4ba3,1d3a9df0-f0a0-42af-aae4-c60b494995ff,3.0,0.3,OK
Lindinvent,Lindinvent,LB83-5159-VFD101/-12,LB83-5159-VFD101 Supply air flow,Flow,SupplyAir,IT-FÖRRÅD,5159,PLAN 8,5ff6175c-4022-4ac6-9c2c-b96cc9a1c5e4,972885db-b20e-4b2c-b186-5170e8b76a52,0.0,0.3,OK
Lindinvent,Lindinvent,LB83-5159-VFD101/4151,LB83-5159-VFD101 Local presence,Presence,IndoorAir,IT-FÖRRÅD,5159,PLAN 8,c76b0bc3-c587-49b8-b6e7-038e4b9acbd9,972885db-b20e-4b2c-b186-5170e8b76a52,0.0,0.3,OK
Lindinvent,Lindinvent,LB83-5159-VFD101/4152,LB83-5159-VFD101 Presence,Presence,IndoorAir,IT-FÖRRÅD,5159,PLAN 8,db2a29e6-b6c7-4ab5-aa75-60d55035f8e7,972885db-b20e-4b2c-b186-5170e8b76a52,0.0,0.3,OK
Lindinvent,Lindinvent,LB83-5159-VFD101/8006,LB83-5159-VFD101 Room temperature setpoint,CapabilityTypeSetpoint,IndoorAir,IT-FÖRRÅD,5159,PLAN 8,b5a24958-b092-43c7-a934-d224d106a2d9,972885db-b20e-4b2c-b186-5170e8b76a52,22.5,0.3,OK
Lindinvent,Lindinvent,LB83-5159-VFD101/9004,LB83-5159-VFD101 Opening,State,SupplyAir,IT-FÖRRÅD,5159,PLAN 8,74f09928-d401-42ff-a7e6-1db5764a5ce6,972885db-b20e-4b2c-b186-5170e8b76a52,16.0,0.3,OK
Lindinvent,Lindinvent,LB83-5159-VFD101/9070,LB83-5159-VFD101 Room temperature,Temperature,IndoorAir,IT-FÖRRÅD,5159,PLAN 8,d69310c2-6335-455b-83bd-05e022df56f9,972885db-b20e-4b2c-b186-5170e8b76a52,23.6,0.3,OK
Lindinvent,Lindinvent,LB83-5160-VFD101/-12,LB83-5160-VFD101 Supply air flow,Flow,SupplyAir,PASSAGE,5160A,PLAN 8,433971d1-87c2-40c6-aa0e-ff658d88952f,ad27baf1-eff8-49b6-b41e-82e145512b0c,1.0,0.3,OK
Lindinvent,Lindinvent,LB83-5160-VFD101/4151,LB83-5160-VFD101 Local presence,Presence,IndoorAir,PASSAGE,5160A,PLAN 8,d14946de-f41c-4749-aacc-f1a985f6b7ff,ad27baf1-eff8-49b6-b41e-82e145512b0c,1.0,0.3,OK
Lindinvent,Lindinvent,LB83-5160-VFD101/4152,LB83-5160-VFD101 Presence,Presence,IndoorAir,PASSAGE,5160A,PLAN 8,e7f8c9c8-f5df-44de-a978-b7c7c07017f4,ad27baf1-eff8-49b6-b41e-82e145512b0c,1.0,0.3,OK
Lindinvent,Lindinvent,LB83-5160-VFD101/8006,LB83-5160-VFD101 Room temperature setpoint,CapabilityTypeSetpoint,IndoorAir,PASSAGE,5160A,PLAN 8,b091989e-ac6f-449a-bd4e-3e5f52e95eb4,ad27baf1-eff8-49b6-b41e-82e145512b0c,22.5,0.3,OK
Lindinvent,Lindinvent,LB83-5160-VFD101/8009,LB83-5160-VFD101 CO2 setpoint,CapabilityTypeSetpoint,IndoorAir,PASSAGE,5160A,PLAN 8,d2ce8508-88d5-40d9-90a4-653bb79708eb,ad27baf1-eff8-49b6-b41e-82e145512b0c,800.0,0.3,OK
Lindinvent,Lindinvent,LB83-5160-VFD101/9004,LB83-5160-VFD101 Opening,State,SupplyAir,PASSAGE,5160A,PLAN 8,eb19ea2a-4504-4802-b60e-2343ebf0ee10,ad27baf1-eff8-49b6-b41e-82e145512b0c,16.0,0.3,OK
Lindinvent,Lindinvent,LB83-5160-VFD101/9070,LB83-5160-VFD101 Room temperature,Temperature,IndoorAir,PASSAGE,5160A,PLAN 8,77b083d9-a972-47d4-aade-d752356a05aa,ad27baf1-eff8-49b6-b41e-82e145512b0c,23.2,0.3,OK
Lindinvent,Lindinvent,LB83-5160-VFD101/9090,LB83-5160-VFD101 CO2,CO2,IndoorAir,PASSAGE,5160A,PLAN 8,302e5db6-5ae5-4739-8b66-4350f2f30778,ad27baf1-eff8-49b6-b41e-82e145512b0c,483.0,0.3,OK
Lindinvent,Lindinvent,LB83-5160-VFD102/-12,LB83-5160-VFD102 Supply air flow,Flow,SupplyAir,PASSAGE,5160A,PLAN 8,6fa096dc-ac64-42b7-9401-7703be7d3d03,49eb93a7-dde5-4990-92a9-75188e0f6067,0.0,0.3,OK
Lindinvent,Lindinvent,LB83-5160-VFD102/4151,LB83-5160-VFD102 Local presence,Presence,IndoorAir,PASSAGE,5160A,PLAN 8,fe165258-a1ae-4f9e-8cc2-d803a39bfcb9,49eb93a7-dde5-4990-92a9-75188e0f6067,1.0,0.3,OK
Lindinvent,Lindinvent,LB83-5160-VFD102/4152,LB83-5160-VFD102 Presence,Presence,IndoorAir,PASSAGE,5160A,PLAN 8,7a1005ec-ce25-4f3e-a0a2-0ae2b5249c38,49eb93a7-dde5-4990-92a9-75188e0f6067,1.0,0.3,OK
Lindinvent,Lindinvent,LB83-5160-VFD102/8006,LB83-5160-VFD102 Room temperature setpoint,CapabilityTypeSetpoint,IndoorAir,PASSAGE,5160A,PLAN 8,3d0e0926-d77c-4e2e-80bd-b6a3114fb667,49eb93a7-dde5-4990-92a9-75188e0f6067,22.5,0.3,OK
Lindinvent,Lindinvent,LB83-5160-VFD102/8009,LB83-5160-VFD102 CO2 setpoint,CapabilityTypeSetpoint,IndoorAir,PASSAGE,5160A,PLAN 8,52641923-c215-4dcd-b112-ea8010d1d60b,49eb93a7-dde5-4990-92a9-75188e0f6067,800.0,0.3,OK
Lindinvent,Lindinvent,LB83-5160-VFD102/9004,LB83-5160-VFD102 Opening,State,SupplyAir,PASSAGE,5160A,PLAN 8,9d8b6731-f810-45ec-b004-5d51da507865,49eb93a7-dde5-4990-92a9-75188e0f6067,16.0,0.3,OK
Lindinvent,Lindinvent,LB83-5160-VFD102/9070,LB83-5160-VFD102 Room temperature,Temperature,IndoorAir,PASSAGE,5160A,PLAN 8,2bbbfa03-f08b-4976-af83-76dd83268dee,49eb93a7-dde5-4990-92a9-75188e0f6067,23.7,0.3,OK
Lindinvent,Lindinvent,LB83-5160-VFD102/9090,LB83-5160-VFD102 CO2,CO2,IndoorAir,PASSAGE,5160A,PLAN 8,1cd0403c-915a-483a-a6b6-acb3b295a0d6,49eb93a7-dde5-4990-92a9-75188e0f6067,497.0,0.3,OK
Lindinvent,Lindinvent,LB83-5160-VFD103/-12,LB83-5160-VFD103 Supply air flow,Flow,SupplyAir,PASSAGE,5160A,PLAN 8,b2361ba5-600f-4deb-a88a-f532dff4a822,1a5beb11-7e30-405a-bf89-79097e800e2a,1.0,0.3,OK
Lindinvent,Lindinvent,LB83-5160-VFD103/4151,LB83-5160-VFD103 Local presence,Presence,IndoorAir,PASSAGE,5160A,PLAN 8,594f1a55-f235-4498-8435-01adde8e7ff0,1a5beb11-7e30-405a-bf89-79097e800e2a,1.0,0.3,OK
Lindinvent,Lindinvent,LB83-5160-VFD103/4152,LB83-5160-VFD103 Presence,Presence,IndoorAir,PASSAGE,5160A,PLAN 8,d94dde96-bdfd-4018-8ec7-60da827d8f2b,1a5beb11-7e30-405a-bf89-79097e800e2a,1.0,0.3,OK
Lindinvent,Lindinvent,LB83-5160-VFD103/8006,LB83-5160-VFD103 Room temperature setpoint,CapabilityTypeSetpoint,IndoorAir,PASSAGE,5160A,PLAN 8,aee56efd-40d9-429d-9268-30e8419a8fc1,1a5beb11-7e30-405a-bf89-79097e800e2a,22.5,0.3,OK
Lindinvent,Lindinvent,LB83-5160-VFD103/8009,LB83-5160-VFD103 CO2 setpoint,CapabilityTypeSetpoint,IndoorAir,PASSAGE,5160A,PLAN 8,47ed60a7-becd-4738-903c-d2c3065574ab,1a5beb11-7e30-405a-bf89-79097e800e2a,800.0,0.3,OK
Lindinvent,Lindinvent,LB83-5160-VFD103/9004,LB83-5160-VFD103 Opening,State,SupplyAir,PASSAGE,5160A,PLAN 8,57897caf-e29c-4a2a-85e8-eee4f6b6b50c,1a5beb11-7e30-405a-bf89-79097e800e2a,16.0,0.3,OK
Lindinvent,Lindinvent,LB83-5160-VFD103/9070,LB83-5160-VFD103 Room temperature,Temperature,IndoorAir,PASSAGE,5160A,PLAN 8,47ec9146-8fb2-47c2-8352-55434947164c,1a5beb11-7e30-405a-bf89-79097e800e2a,23.2,0.3,OK
Lindinvent,Lindinvent,LB83-5160-VFD103/9090,LB83-5160-VFD103 CO2,CO2,IndoorAir,PASSAGE,5160A,PLAN 8,8724ff8c-2fe4-408b-8ef9-8e0b3788f685,1a5beb11-7e30-405a-bf89-79097e800e2a,485.0,0.3,OK
Lindinvent,Lindinvent,LB83-5160C-VFD101/-12,LB83-5160C-VFD101 Supply air flow,Flow,SupplyAir,KONTOR,5160C,PLAN 8,2e6979ff-966d-4b60-b0ea-9d7a1924ed5a,79cd8d5a-aa1d-41fa-9f75-170bb5e28910,0.0,0.3,OK
Lindinvent,Lindinvent,LB83-5160C-VFD101/4151,LB83-5160C-VFD101 Local presence,Presence,IndoorAir,KONTOR,5160C,PLAN 8,0baacb4e-a387-4225-b66f-e81ed5be764a,79cd8d5a-aa1d-41fa-9f75-170bb5e28910,0.0,0.3,OK
Lindinvent,Lindinvent,LB83-5160C-VFD101/4152,LB83-5160C-VFD101 Presence,Presence,IndoorAir,KONTOR,5160C,PLAN 8,2f8643f8-e3ac-42cb-a1d3-d572542b5844,79cd8d5a-aa1d-41fa-9f75-170bb5e28910,0.0,0.3,OK
Lindinvent,Lindinvent,LB83-5160C-VFD101/8006,LB83-5160C-VFD101 Room temperature setpoint,CapabilityTypeSetpoint,IndoorAir,KONTOR,5160C,PLAN 8,019e8337-77ef-4ae5-a535-1accfb850b69,79cd8d5a-aa1d-41fa-9f75-170bb5e28910,22.5,0.3,OK
Lindinvent,Lindinvent,LB83-5160C-VFD101/9004,LB83-5160C-VFD101 Opening,State,SupplyAir,KONTOR,5160C,PLAN 8,a2ea5580-fa48-40a3-ba0e-d76ad69cb069,79cd8d5a-aa1d-41fa-9f75-170bb5e28910,16.0,0.3,OK
Lindinvent,Lindinvent,LB83-5160C-VFD101/9070,LB83-5160C-VFD101 Room temperature,Temperature,IndoorAir,KONTOR,5160C,PLAN 8,95357ec2-1052-4ee7-8640-9a30c16314a2,79cd8d5a-aa1d-41fa-9f75-170bb5e28910,23.7,0.3,OK
Lindinvent,Lindinvent,LB83-5160D-VFD101/-12,LB83-5160D-VFD101 Supply air flow,Flow,SupplyAir,KONTOR,5160D,PLAN 8,6fa89e9a-d70b-4387-8652-c14652d4ab67,861cdaf1-ef9c-443d-af38-628c13951f4c,2.0,0.3,OK
Lindinvent,Lindinvent,LB83-5160D-VFD101/4151,LB83-5160D-VFD101 Local presence,Presence,IndoorAir,KONTOR,5160D,PLAN 8,d7a2c92b-ffd7-4896-b54f-18b26c1d85f7,861cdaf1-ef9c-443d-af38-628c13951f4c,0.0,0.3,OK
Lindinvent,Lindinvent,LB83-5160D-VFD101/4152,LB83-5160D-VFD101 Presence,Presence,IndoorAir,KONTOR,5160D,PLAN 8,52cd0406-fab9-4559-86a8-fcef9d92508d,861cdaf1-ef9c-443d-af38-628c13951f4c,0.0,0.3,OK
Lindinvent,Lindinvent,LB83-5160D-VFD101/8006,LB83-5160D-VFD101 Room temperature setpoint,CapabilityTypeSetpoint,IndoorAir,KONTOR,5160D,PLAN 8,5f100da7-0a4f-420e-b794-ed8e6c8514bf,861cdaf1-ef9c-443d-af38-628c13951f4c,22.5,0.3,OK
Lindinvent,Lindinvent,LB83-5160D-VFD101/9004,LB83-5160D-VFD101 Opening,State,SupplyAir,KONTOR,5160D,PLAN 8,ba948a37-211b-4993-9320-02cb5f533c3a,861cdaf1-ef9c-443d-af38-628c13951f4c,16.0,0.3,OK
Lindinvent,Lindinvent,LB83-5160D-VFD101/9070,LB83-5160D-VFD101 Room temperature,Temperature,IndoorAir,KONTOR,5160D,PLAN 8,f674c745-f44f-44d3-b8cc-a3afa0bd2ba8,861cdaf1-ef9c-443d-af38-628c13951f4c,23.7,0.3,OK
Lindinvent,Lindinvent,LB83-5160E-VFD101/-12,LB83-5160E-VFD101 Supply air flow,Flow,SupplyAir,PASSAGE,5160A,PLAN 8,68755241-baed-4c24-a05e-da3dbcc3183f,eac76540-d8ba-4ba0-888b-f5515daf288c,0.0,0.3,OK
Lindinvent,Lindinvent,LB83-5160E-VFD101/4151,LB83-5160E-VFD101 Local presence,Presence,IndoorAir,PASSAGE,5160A,PLAN 8,9428413e-171e-413a-a165-d81a31c513d7,eac76540-d8ba-4ba0-888b-f5515daf288c,0.0,0.3,OK
Lindinvent,Lindinvent,LB83-5160E-VFD101/4152,LB83-5160E-VFD101 Presence,Presence,IndoorAir,PASSAGE,5160A,PLAN 8,7a8143f1-658d-4633-918c-3857b91ac37d,eac76540-d8ba-4ba0-888b-f5515daf288c,0.0,0.3,OK
Lindinvent,Lindinvent,LB83-5160E-VFD101/8006,LB83-5160E-VFD101 Room temperature setpoint,CapabilityTypeSetpoint,IndoorAir,PASSAGE,5160A,PLAN 8,d805d46e-63a7-4df1-9bdc-de24948fe776,eac76540-d8ba-4ba0-888b-f5515daf288c,22.5,0.3,OK
Lindinvent,Lindinvent,LB83-5160E-VFD101/9004,LB83-5160E-VFD101 Opening,State,SupplyAir,PASSAGE,5160A,PLAN 8,bea75395-64ee-4b04-b033-6e53679c1d12,eac76540-d8ba-4ba0-888b-f5515daf288c,16.0,0.3,OK
Lindinvent,Lindinvent,LB83-5160E-VFD101/9070,LB83-5160E-VFD101 Room temperature,Temperature,IndoorAir,PASSAGE,5160A,PLAN 8,810f39e0-a505-4717-b5cf-420b61d1ce77,eac76540-d8ba-4ba0-888b-f5515daf288c,23.7,0.3,OK
Lindinvent,Lindinvent,LB83-5185-VFD101/-12,LB83-5185-VFD101 Supply air flow,Flow,SupplyAir,PASSAGE,5185,PLAN 8,d839a66d-29d0-4bb8-9577-6dfd653a1619,588e17f8-51d7-4ab8-87b2-91e07b3fc2b0,2.0,0.3,OK
Lindinvent,Lindinvent,LB83-5185-VFD101/4151,LB83-5185-VFD101 Local presence,Presence,IndoorAir,PASSAGE,5185,PLAN 8,3485aa75-f402-4cc1-b557-95d2d8bee726,588e17f8-51d7-4ab8-87b2-91e07b3fc2b0,0.0,0.3,OK
Lindinvent,Lindinvent,LB83-5185-VFD101/4152,LB83-5185-VFD101 Presence,Presence,IndoorAir,PASSAGE,5185,PLAN 8,356a9e2b-764a-4696-969d-ab6752e42cba,588e17f8-51d7-4ab8-87b2-91e07b3fc2b0,0.0,0.3,OK
Lindinvent,Lindinvent,LB83-5185-VFD101/8006,LB83-5185-VFD101 Room temperature setpoint,CapabilityTypeSetpoint,IndoorAir,PASSAGE,5185,PLAN 8,4ee345b0-f78b-4f27-a924-86046335f2cc,588e17f8-51d7-4ab8-87b2-91e07b3fc2b0,22.0,0.3,OK
Lindinvent,Lindinvent,LB83-5185-VFD101/8009,LB83-5185-VFD101 CO2 setpoint,CapabilityTypeSetpoint,IndoorAir,PASSAGE,5185,PLAN 8,e99130fa-8f6c-40fd-b2ea-5a96127c437a,588e17f8-51d7-4ab8-87b2-91e07b3fc2b0,800.0,0.3,OK
Lindinvent,Lindinvent,LB83-5185-VFD101/9004,LB83-5185-VFD101 Opening,State,SupplyAir,PASSAGE,5185,PLAN 8,b9a74d2b-d380-475c-8037-96feeb213cf6,588e17f8-51d7-4ab8-87b2-91e07b3fc2b0,16.0,0.3,OK
Lindinvent,Lindinvent,LB83-5185-VFD101/9070,LB83-5185-VFD101 Room temperature,Temperature,IndoorAir,PASSAGE,5185,PLAN 8,3336e028-ef9a-4487-abf7-223fec07089a,588e17f8-51d7-4ab8-87b2-91e07b3fc2b0,22.3,0.3,OK
Lindinvent,Lindinvent,LB83-5185-VFD101/9090,LB83-5185-VFD101 CO2,CO2,IndoorAir,PASSAGE,5185,PLAN 8,b747b577-4474-4b9b-8b0c-6af5c8264622,588e17f8-51d7-4ab8-87b2-91e07b3fc2b0,495.0,0.3,OK
Lindinvent,Lindinvent,LB83-5185-VFD102/-12,LB83-5185-VFD102 Supply air flow,Flow,SupplyAir,PASSAGE,5185,PLAN 8,b5a0333a-e97d-4907-a63f-4ea872cf2de0,1f71d514-241f-4be5-9589-cfec6c40d7e9,1.0,0.3,OK
Lindinvent,Lindinvent,LB83-5185-VFD102/4151,LB83-5185-VFD102 Local presence,Presence,IndoorAir,PASSAGE,5185,PLAN 8,6f220cb6-980b-413d-ac06-34052c41c617,1f71d514-241f-4be5-9589-cfec6c40d7e9,0.0,0.3,OK
Lindinvent,Lindinvent,LB83-5185-VFD102/4152,LB83-5185-VFD102 Presence,Presence,IndoorAir,PASSAGE,5185,PLAN 8,61f763a6-dbde-4f77-bb23-3eee447bf527,1f71d514-241f-4be5-9589-cfec6c40d7e9,0.0,0.3,OK
Lindinvent,Lindinvent,LB83-5185-VFD102/8006,LB83-5185-VFD102 Room temperature setpoint,CapabilityTypeSetpoint,IndoorAir,PASSAGE,5185,PLAN 8,fdf69c34-e081-4b36-a041-45cfaa57fe8a,1f71d514-241f-4be5-9589-cfec6c40d7e9,22.0,0.3,OK
Lindinvent,Lindinvent,LB83-5185-VFD102/8009,LB83-5185-VFD102 CO2 setpoint,CapabilityTypeSetpoint,IndoorAir,PASSAGE,5185,PLAN 8,fd4e94e2-e43f-4666-b14e-539f539e6b81,1f71d514-241f-4be5-9589-cfec6c40d7e9,800.0,0.3,OK
Lindinvent,Lindinvent,LB83-5185-VFD102/9004,LB83-5185-VFD102 Opening,State,SupplyAir,PASSAGE,5185,PLAN 8,63b2243f-cd51-4b68-85eb-f08a2d502be8,1f71d514-241f-4be5-9589-cfec6c40d7e9,16.0,0.3,OK
Lindinvent,Lindinvent,LB83-5185-VFD102/9070,LB83-5185-VFD102 Room temperature,Temperature,IndoorAir,PASSAGE,5185,PLAN 8,b47f22d9-6edf-4149-b729-94289b9854ba,1f71d514-241f-4be5-9589-cfec6c40d7e9,22.3,0.3,OK
Lindinvent,Lindinvent,LB83-5185-VFD102/9090,LB83-5185-VFD102 CO2,CO2,IndoorAir,PASSAGE,5185,PLAN 8,a884f70e-3039-4fa7-95ce-da29688b4de8,1f71d514-241f-4be5-9589-cfec6c40d7e9,496.0,0.3,OK
Lindinvent,Lindinvent,LB83-5185-VFD103/-12,LB83-5185-VFD103 Supply air flow,Flow,SupplyAir,PASSAGE,5185,PLAN 8,296224fa-b1f5-4846-a69a-853a39a70a59,20e4e5a1-f051-4532-b5e2-c0793e11c918,1.0,0.3,OK
Lindinvent,Lindinvent,LB83-5185-VFD103/4151,LB83-5185-VFD103 Local presence,Presence,IndoorAir,PASSAGE,5185,PLAN 8,7d73b34b-0a0e-4139-b949-45b9fd3137d6,20e4e5a1-f051-4532-b5e2-c0793e11c918,0.0,0.3,OK
Lindinvent,Lindinvent,LB83-5185-VFD103/4152,LB83-5185-VFD103 Presence,Presence,IndoorAir,PASSAGE,5185,PLAN 8,1d8a0266-383d-42ec-870a-42470bc4ec77,20e4e5a1-f051-4532-b5e2-c0793e11c918,0.0,0.3,OK
Lindinvent,Lindinvent,LB83-5185-VFD103/8006,LB83-5185-VFD103 Room temperature setpoint,CapabilityTypeSetpoint,IndoorAir,PASSAGE,5185,PLAN 8,65f546b9-ccb6-4556-9bfb-753cc42d51bc,20e4e5a1-f051-4532-b5e2-c0793e11c918,22.0,0.3,OK
Lindinvent,Lindinvent,LB83-5185-VFD103/8009,LB83-5185-VFD103 CO2 setpoint,CapabilityTypeSetpoint,IndoorAir,PASSAGE,5185,PLAN 8,6bca71b3-3180-4992-a215-6deedf2f193f,20e4e5a1-f051-4532-b5e2-c0793e11c918,800.0,0.3,OK
Lindinvent,Lindinvent,LB83-5185-VFD103/9004,LB83-5185-VFD103 Opening,State,SupplyAir,PASSAGE,5185,PLAN 8,5c30454c-0203-4cfa-bb97-47b9d813c426,20e4e5a1-f051-4532-b5e2-c0793e11c918,16.0,0.3,OK
Lindinvent,Lindinvent,LB83-5185-VFD103/9070,LB83-5185-VFD103 Room temperature,Temperature,IndoorAir,PASSAGE,5185,PLAN 8,6b154397-ff74-439f-86fe-2606c2000153,20e4e5a1-f051-4532-b5e2-c0793e11c918,22.3,0.3,OK
Lindinvent,Lindinvent,LB83-5185-VFD103/9090,LB83-5185-VFD103 CO2,CO2,IndoorAir,PASSAGE,5185,PLAN 8,6b78024d-b3c2-4cac-95cf-262f603bc4ca,20e4e5a1-f051-4532-b5e2-c0793e11c918,495.0,0.3,OK
Lindinvent,Lindinvent,LB83-5185-VFD104/-12,LB83-5185-VFD104 Supply air flow,Flow,SupplyAir,PASSAGE,5185,PLAN 8,e05022f4-0eab-46a9-9be6-485b9b623e0c,aaaa1cf6-ca74-435e-b02a-dfc6002eca53,0.0,0.3,OK
Lindinvent,Lindinvent,LB83-5185-VFD104/4151,LB83-5185-VFD104 Local presence,Presence,IndoorAir,PASSAGE,5185,PLAN 8,b6f4db44-3981-4a55-b6ec-cdf8d29f93b3,aaaa1cf6-ca74-435e-b02a-dfc6002eca53,0.0,0.3,OK
Lindinvent,Lindinvent,LB83-5185-VFD104/4152,LB83-5185-VFD104 Presence,Presence,IndoorAir,PASSAGE,5185,PLAN 8,2e3be5ed-6472-4776-83b0-de88422c0b03,aaaa1cf6-ca74-435e-b02a-dfc6002eca53,0.0,0.3,OK
Lindinvent,Lindinvent,LB83-5185-VFD104/8006,LB83-5185-VFD104 Room temperature setpoint,CapabilityTypeSetpoint,IndoorAir,PASSAGE,5185,PLAN 8,ad389b77-a047-44cd-bc22-45c6844dc703,aaaa1cf6-ca74-435e-b02a-dfc6002eca53,22.0,0.3,OK
Lindinvent,Lindinvent,LB83-5185-VFD104/8009,LB83-5185-VFD104 CO2 setpoint,CapabilityTypeSetpoint,IndoorAir,PASSAGE,5185,PLAN 8,f7dcabd6-4500-4204-95e7-03dc64acf7bc,aaaa1cf6-ca74-435e-b02a-dfc6002eca53,800.0,0.3,OK
Lindinvent,Lindinvent,LB83-5185-VFD104/9004,LB83-5185-VFD104 Opening,State,SupplyAir,PASSAGE,5185,PLAN 8,bd9ddaae-24f1-47cf-b693-a42120d83d34,aaaa1cf6-ca74-435e-b02a-dfc6002eca53,16.0,0.3,OK
Lindinvent,Lindinvent,LB83-5185-VFD104/9070,LB83-5185-VFD104 Room temperature,Temperature,IndoorAir,PASSAGE,5185,PLAN 8,0042f41a-6a26-4cc6-a063-7e9c5cb3dadd,aaaa1cf6-ca74-435e-b02a-dfc6002eca53,22.3,0.3,OK
Lindinvent,Lindinvent,LB83-5185-VFD104/9090,LB83-5185-VFD104 CO2,CO2,IndoorAir,PASSAGE,5185,PLAN 8,a11766ba-dce4-426d-9abd-fe063754cabe,aaaa1cf6-ca74-435e-b02a-dfc6002eca53,494.0,0.3,OK
Lindinvent,Lindinvent,LB83-5185-VFD105/-12,LB83-5185-VFD105 Supply air flow,Flow,SupplyAir,PASSAGE,5185,PLAN 8,7c7ae657-280b-4adf-9c63-48d3522a86b7,7ef70104-2fce-4607-ac90-dd75dd64086b,0.0,0.3,OK
Lindinvent,Lindinvent,LB83-5185-VFD105/4151,LB83-5185-VFD105 Local presence,Presence,IndoorAir,PASSAGE,5185,PLAN 8,fc63d431-9098-491c-b231-2dc5fda8619b,7ef70104-2fce-4607-ac90-dd75dd64086b,0.0,0.3,OK
Lindinvent,Lindinvent,LB83-5185-VFD105/4152,LB83-5185-VFD105 Presence,Presence,IndoorAir,PASSAGE,5185,PLAN 8,000bea3b-03c2-45a4-8008-ab91e8271f43,7ef70104-2fce-4607-ac90-dd75dd64086b,0.0,0.3,OK
Lindinvent,Lindinvent,LB83-5185-VFD105/8006,LB83-5185-VFD105 Room temperature setpoint,CapabilityTypeSetpoint,IndoorAir,PASSAGE,5185,PLAN 8,c1b77704-e66d-4b04-8f29-c82443759f90,7ef70104-2fce-4607-ac90-dd75dd64086b,22.0,0.3,OK
Lindinvent,Lindinvent,LB83-5185-VFD105/8009,LB83-5185-VFD105 CO2 setpoint,CapabilityTypeSetpoint,IndoorAir,PASSAGE,5185,PLAN 8,5ab58e60-a156-4176-bc5f-4df514cac1b5,7ef70104-2fce-4607-ac90-dd75dd64086b,800.0,0.3,OK
Lindinvent,Lindinvent,LB83-5185-VFD105/9004,LB83-5185-VFD105 Opening,State,SupplyAir,PASSAGE,5185,PLAN 8,8e2970fd-cb0b-4783-b533-6e66b7968f17,7ef70104-2fce-4607-ac90-dd75dd64086b,16.0,0.3,OK
Lindinvent,Lindinvent,LB83-5185-VFD105/9070,LB83-5185-VFD105 Room temperature,Temperature,IndoorAir,PASSAGE,5185,PLAN 8,4618e562-5533-4490-8ef4-11835aab3f00,7ef70104-2fce-4607-ac90-dd75dd64086b,22.1,0.3,OK
Lindinvent,Lindinvent,LB83-5185-VFD105/9090,LB83-5185-VFD105 CO2,CO2,IndoorAir,PASSAGE,5185,PLAN 8,6dfde3e6-0f9b-490c-a9ef-c36c35a48987,7ef70104-2fce-4607-ac90-dd75dd64086b,490.0,0.3,OK
Lindinvent,Lindinvent,LB83-5185-VFD106/-12,LB83-5185-VFD106 Supply air flow,Flow,SupplyAir,PASSAGE,5185,PLAN 8,be3d19c1-6b6b-4fe4-91a6-7a0021b2dd8e,4018f7f9-7c7e-4e0d-8927-d5597363d8cc,1.0,0.3,OK
Lindinvent,Lindinvent,LB83-5185-VFD106/4151,LB83-5185-VFD106 Local presence,Presence,IndoorAir,PASSAGE,5185,PLAN 8,590f919e-de8a-4da0-9ac2-8cdce38929f3,4018f7f9-7c7e-4e0d-8927-d5597363d8cc,0.0,0.3,OK
Lindinvent,Lindinvent,LB83-5185-VFD106/4152,LB83-5185-VFD106 Presence,Presence,IndoorAir,PASSAGE,5185,PLAN 8,4b9edc33-ac11-4eab-959d-ec5d433e1340,4018f7f9-7c7e-4e0d-8927-d5597363d8cc,0.0,0.3,OK
Lindinvent,Lindinvent,LB83-5185-VFD106/8006,LB83-5185-VFD106 Room temperature setpoint,CapabilityTypeSetpoint,IndoorAir,PASSAGE,5185,PLAN 8,dd58bf06-2a3e-4364-b1f5-6ce8430fefcf,4018f7f9-7c7e-4e0d-8927-d5597363d8cc,22.0,0.3,OK
Lindinvent,Lindinvent,LB83-5185-VFD106/8009,LB83-5185-VFD106 CO2 setpoint,CapabilityTypeSetpoint,IndoorAir,PASSAGE,5185,PLAN 8,f8929f76-dd1a-41fc-a639-39d21be61aee,4018f7f9-7c7e-4e0d-8927-d5597363d8cc,800.0,0.3,OK
Lindinvent,Lindinvent,LB83-5185-VFD106/9004,LB83-5185-VFD106 Opening,State,SupplyAir,PASSAGE,5185,PLAN 8,fc3506a6-14be-4fa8-af5f-8fb2639340e8,4018f7f9-7c7e-4e0d-8927-d5597363d8cc,16.0,0.3,OK
Lindinvent,Lindinvent,LB83-5185-VFD106/9070,LB83-5185-VFD106 Room temperature,Temperature,IndoorAir,PASSAGE,5185,PLAN 8,12ded983-158f-41c6-97b3-b1660ea1a813,4018f7f9-7c7e-4e0d-8927-d5597363d8cc,22.1,0.3,OK
Lindinvent,Lindinvent,LB83-5185-VFD106/9090,LB83-5185-VFD106 CO2,CO2,IndoorAir,PASSAGE,5185,PLAN 8,157bdb52-4ffd-4e49-9ef7-8929fce5da10,4018f7f9-7c7e-4e0d-8927-d5597363d8cc,492.0,0.3,OK
Lindinvent,Lindinvent,LB83-5185-VFD107/-12,LB83-5185-VFD107 Supply air flow,Flow,SupplyAir,PASSAGE,5185,PLAN 8,12270bbf-47f6-4fe3-bce2-2a433ccd2704,efea8e8b-a439-4e7f-8d7b-6188ce317585,1.0,0.3,OK
Lindinvent,Lindinvent,LB83-5185-VFD107/4151,LB83-5185-VFD107 Local presence,Presence,IndoorAir,PASSAGE,5185,PLAN 8,99ac9246-431a-405b-aeb2-3d7d098dde6e,efea8e8b-a439-4e7f-8d7b-6188ce317585,0.0,0.3,OK
Lindinvent,Lindinvent,LB83-5185-VFD107/4152,LB83-5185-VFD107 Presence,Presence,IndoorAir,PASSAGE,5185,PLAN 8,a6dc874b-e6de-463f-8f67-c791535918cf,efea8e8b-a439-4e7f-8d7b-6188ce317585,0.0,0.3,OK
Lindinvent,Lindinvent,LB83-5185-VFD107/8006,LB83-5185-VFD107 Room temperature setpoint,CapabilityTypeSetpoint,IndoorAir,PASSAGE,5185,PLAN 8,b3c3a323-0cb5-47a5-ae90-27d858cc8e53,efea8e8b-a439-4e7f-8d7b-6188ce317585,22.0,0.3,OK
Lindinvent,Lindinvent,LB83-5185-VFD107/8009,LB83-5185-VFD107 CO2 setpoint,CapabilityTypeSetpoint,IndoorAir,PASSAGE,5185,PLAN 8,4164a12a-f636-41a0-8e1d-b9bedf43f24d,efea8e8b-a439-4e7f-8d7b-6188ce317585,800.0,0.3,OK
Lindinvent,Lindinvent,LB83-5185-VFD107/9004,LB83-5185-VFD107 Opening,State,SupplyAir,PASSAGE,5185,PLAN 8,a39c2689-0c21-4fea-bbf9-5949c0de9c6d,efea8e8b-a439-4e7f-8d7b-6188ce317585,16.0,0.3,OK
Lindinvent,Lindinvent,LB83-5185-VFD107/9070,LB83-5185-VFD107 Room temperature,Temperature,IndoorAir,PASSAGE,5185,PLAN 8,19c46f11-f733-40d7-966e-fdad79609563,efea8e8b-a439-4e7f-8d7b-6188ce317585,22.1,0.3,OK
Lindinvent,Lindinvent,LB83-5185-VFD107/9090,LB83-5185-VFD107 CO2,CO2,IndoorAir,PASSAGE,5185,PLAN 8,2fc7afc7-a0c9-4beb-a4ec-bf1f4b8f421a,efea8e8b-a439-4e7f-8d7b-6188ce317585,491.0,0.3,OK
Lindinvent,Lindinvent,LB83-5187-VFD101/-12,LB83-5187-VFD101 Supply air flow,Flow,SupplyAir,WC,5187,PLAN 8,0c2647bc-cbce-4e57-a5e1-c4e5ccc0609c,bc126f2d-abec-4767-bd71-0ad47a55051a,0.0,0.3,OK
Lindinvent,Lindinvent,LB83-5187-VFD101/4151,LB83-5187-VFD101 Local presence,Presence,IndoorAir,WC,5187,PLAN 8,70598ddb-6409-415e-b229-1c194fac386c,bc126f2d-abec-4767-bd71-0ad47a55051a,0.0,0.3,OK
Lindinvent,Lindinvent,LB83-5187-VFD101/4152,LB83-5187-VFD101 Presence,Presence,IndoorAir,WC,5187,PLAN 8,ed6d4935-6392-4ccd-83a9-6f4711ca0028,bc126f2d-abec-4767-bd71-0ad47a55051a,0.0,0.3,OK
Lindinvent,Lindinvent,LB83-5187-VFD101/8006,LB83-5187-VFD101 Room temperature setpoint,CapabilityTypeSetpoint,IndoorAir,WC,5187,PLAN 8,ed6ea9cd-1dec-4f96-b236-2780f35fa82f,bc126f2d-abec-4767-bd71-0ad47a55051a,22.0,0.3,OK
Lindinvent,Lindinvent,LB83-5187-VFD101/8009,LB83-5187-VFD101 CO2 setpoint,CapabilityTypeSetpoint,IndoorAir,WC,5187,PLAN 8,f9c50650-8e97-4921-91ef-978d954394b7,bc126f2d-abec-4767-bd71-0ad47a55051a,800.0,0.3,OK
Lindinvent,Lindinvent,LB83-5187-VFD101/9004,LB83-5187-VFD101 Opening,State,SupplyAir,WC,5187,PLAN 8,08d359b0-b09c-431d-ba72-10022aa34789,bc126f2d-abec-4767-bd71-0ad47a55051a,16.0,0.3,OK
Lindinvent,Lindinvent,LB83-5187-VFD101/9070,LB83-5187-VFD101 Room temperature,Temperature,IndoorAir,WC,5187,PLAN 8,9d5f35ac-d96e-4860-aee5-394ca9d27eb5,bc126f2d-abec-4767-bd71-0ad47a55051a,22.1,0.3,OK
Lindinvent,Lindinvent,LB83-5187-VFD101/9090,LB83-5187-VFD101 CO2,CO2,IndoorAir,WC,5187,PLAN 8,5fdb5e3d-bccd-4f06-9b5e-016a467e3091,bc126f2d-abec-4767-bd71-0ad47a55051a,491.0,0.3,OK
Lindinvent,Lindinvent,LB83-5187-VFD102/-12,LB83-5187-VFD102 Supply air flow,Flow,SupplyAir,WC,5187,PLAN 8,ca0635e9-b083-4188-832a-a59377f7b855,596d0c83-7c2c-44ca-bc4d-4b0ad593e975,1.0,0.3,OK
Lindinvent,Lindinvent,LB83-5187-VFD102/4151,LB83-5187-VFD102 Local presence,Presence,IndoorAir,WC,5187,PLAN 8,87d9af4f-d356-4df5-9c52-d575680db190,596d0c83-7c2c-44ca-bc4d-4b0ad593e975,0.0,0.3,OK
Lindinvent,Lindinvent,LB83-5187-VFD102/4152,LB83-5187-VFD102 Presence,Presence,IndoorAir,WC,5187,PLAN 8,2d7de66e-3c55-4941-9ffd-faf8ca1cb4a9,596d0c83-7c2c-44ca-bc4d-4b0ad593e975,0.0,0.3,OK
Lindinvent,Lindinvent,LB83-5187-VFD102/8006,LB83-5187-VFD102 Room temperature setpoint,CapabilityTypeSetpoint,IndoorAir,WC,5187,PLAN 8,7c573b15-6feb-4c0d-aecd-add97ac29f1c,596d0c83-7c2c-44ca-bc4d-4b0ad593e975,22.0,0.3,OK
Lindinvent,Lindinvent,LB83-5187-VFD102/8009,LB83-5187-VFD102 CO2 setpoint,CapabilityTypeSetpoint,IndoorAir,WC,5187,PLAN 8,b984dcf8-ed01-4edb-a7e4-cbf1b8ef8e8c,596d0c83-7c2c-44ca-bc4d-4b0ad593e975,800.0,0.3,OK
Lindinvent,Lindinvent,LB83-5187-VFD102/9004,LB83-5187-VFD102 Opening,State,SupplyAir,WC,5187,PLAN 8,dbd3e000-4ab6-4bd3-8d8c-017cb2ab4e1f,596d0c83-7c2c-44ca-bc4d-4b0ad593e975,16.0,0.3,OK
Lindinvent,Lindinvent,LB83-5187-VFD102/9070,LB83-5187-VFD102 Room temperature,Temperature,IndoorAir,WC,5187,PLAN 8,ffd127e3-efab-45af-b7ba-07129972b7c4,596d0c83-7c2c-44ca-bc4d-4b0ad593e975,22.1,0.3,OK
Lindinvent,Lindinvent,LB83-5187-VFD102/9090,LB83-5187-VFD102 CO2,CO2,IndoorAir,WC,5187,PLAN 8,b56ba0a1-33a5-4c36-967a-a2ade0baf102,596d0c83-7c2c-44ca-bc4d-4b0ad593e975,491.0,0.3,OK
Lindinvent,Lindinvent,LB83-5187-VFD103/-12,LB83-5187-VFD103 Supply air flow,Flow,SupplyAir,WC,5187,PLAN 8,834d30eb-f3e0-417f-afa0-b44b0c9810fd,7a33d420-de0d-41be-970e-60c6b53f252a,0.0,0.3,OK
Lindinvent,Lindinvent,LB83-5187-VFD103/4151,LB83-5187-VFD103 Local presence,Presence,IndoorAir,WC,5187,PLAN 8,100e1762-5dfc-430e-88bb-dda68d4ceec3,7a33d420-de0d-41be-970e-60c6b53f252a,0.0,0.3,OK
Lindinvent,Lindinvent,LB83-5187-VFD103/4152,LB83-5187-VFD103 Presence,Presence,IndoorAir,WC,5187,PLAN 8,bc116a84-4d6f-49a3-bb4c-86028a75cef2,7a33d420-de0d-41be-970e-60c6b53f252a,0.0,0.3,OK
Lindinvent,Lindinvent,LB83-5187-VFD103/8006,LB83-5187-VFD103 Room temperature setpoint,CapabilityTypeSetpoint,IndoorAir,WC,5187,PLAN 8,6285ddd5-31a7-40e6-be65-443e1f5d06d2,7a33d420-de0d-41be-970e-60c6b53f252a,22.0,0.3,OK
Lindinvent,Lindinvent,LB83-5187-VFD103/8009,LB83-5187-VFD103 CO2 setpoint,CapabilityTypeSetpoint,IndoorAir,WC,5187,PLAN 8,8a129590-2d5e-453d-a8c1-d6d8fc09cf61,7a33d420-de0d-41be-970e-60c6b53f252a,800.0,0.3,OK
Lindinvent,Lindinvent,LB83-5187-VFD103/9004,LB83-5187-VFD103 Opening,State,SupplyAir,WC,5187,PLAN 8,c9bac91a-8ec5-481e-becc-7ed489be0a47,7a33d420-de0d-41be-970e-60c6b53f252a,16.0,0.3,OK
Lindinvent,Lindinvent,LB83-5187-VFD103/9070,LB83-5187-VFD103 Room temperature,Temperature,IndoorAir,WC,5187,PLAN 8,6494be76-27ca-48d3-997b-8b98a7674abb,7a33d420-de0d-41be-970e-60c6b53f252a,22.1,0.3,OK
Lindinvent,Lindinvent,LB83-5187-VFD103/9090,LB83-5187-VFD103 CO2,CO2,IndoorAir,WC,5187,PLAN 8,e9ea8176-dd37-4972-b0b2-f4c209b7ea45,7a33d420-de0d-41be-970e-60c6b53f252a,491.0,0.3,OK
Lindinvent,Lindinvent,LB83-5187-VFD104/-12,LB83-5187-VFD104 Supply air flow,Flow,SupplyAir,WC,5187,PLAN 8,cbbcbdb5-0377-40a2-ae99-0aa810c20b47,9ab7106d-c40f-4882-96c2-a6ba82ea9bfd,0.0,0.3,OK
Lindinvent,Lindinvent,LB83-5187-VFD104/4151,LB83-5187-VFD104 Local presence,Presence,IndoorAir,WC,5187,PLAN 8,9ce09172-ec31-4a07-ac56-016b86f54737,9ab7106d-c40f-4882-96c2-a6ba82ea9bfd,0.0,0.3,OK
Lindinvent,Lindinvent,LB83-5187-VFD104/4152,LB83-5187-VFD104 Presence,Presence,IndoorAir,WC,5187,PLAN 8,4575b9c2-1514-48cf-9c55-648d92a8bced,9ab7106d-c40f-4882-96c2-a6ba82ea9bfd,0.0,0.3,OK
Lindinvent,Lindinvent,LB83-5187-VFD104/8006,LB83-5187-VFD104 Room temperature setpoint,CapabilityTypeSetpoint,IndoorAir,WC,5187,PLAN 8,8225111f-a3bb-4429-bf1d-f2b4dbd0f0bb,9ab7106d-c40f-4882-96c2-a6ba82ea9bfd,22.0,0.3,OK
Lindinvent,Lindinvent,LB83-5187-VFD104/8009,LB83-5187-VFD104 CO2 setpoint,CapabilityTypeSetpoint,IndoorAir,WC,5187,PLAN 8,3b8504f4-98b6-4a06-97c8-8341188bf098,9ab7106d-c40f-4882-96c2-a6ba82ea9bfd,800.0,0.3,OK
Lindinvent,Lindinvent,LB83-5187-VFD104/9004,LB83-5187-VFD104 Opening,State,SupplyAir,WC,5187,PLAN 8,4a25f5e0-44ab-46e5-8ea1-f55615753628,9ab7106d-c40f-4882-96c2-a6ba82ea9bfd,16.0,0.3,OK
Lindinvent,Lindinvent,LB83-5187-VFD104/9070,LB83-5187-VFD104 Room temperature,Temperature,IndoorAir,WC,5187,PLAN 8,c3334ec3-1f13-4dec-9564-b43e8e6adf0d,9ab7106d-c40f-4882-96c2-a6ba82ea9bfd,22.1,0.3,OK
Lindinvent,Lindinvent,LB83-5187-VFD104/9090,LB83-5187-VFD104 CO2,CO2,IndoorAir,WC,5187,PLAN 8,a1ff9e68-3fff-4772-9016-498fa4a47d93,9ab7106d-c40f-4882-96c2-a6ba82ea9bfd,491.0,0.3,OK
Lindinvent,Lindinvent,LB83-5188-TD401/4152,LB83-5188-TD401 Presence,Presence,IndoorAir,TRAPPA,5188,PLAN 8,654d3fcf-81fd-44fe-9b87-bf9e25a36ad4,32abbe75-08d9-48d5-af28-4c714ead692f,0.0,0.3,OK
Lindinvent,Lindinvent,LB83-5188-TD401/8006,LB83-5188-TD401 Room temperature setpoint,CapabilityTypeSetpoint,IndoorAir,TRAPPA,5188,PLAN 8,89b34a62-b290-4791-9722-4e5378016640,32abbe75-08d9-48d5-af28-4c714ead692f,22.5,0.3,OK
Lindinvent,Lindinvent,LB83-5188-TD401/9004,LB83-5188-TD401 Opening,State,SupplyAir,TRAPPA,5188,PLAN 8,b9601087-c350-4e93-a860-3a1e96db37ad,32abbe75-08d9-48d5-af28-4c714ead692f,1.0,0.3,OK
Lindinvent,Lindinvent,LB83-5188-TD401/9070,LB83-5188-TD401 Room temperature,Temperature,IndoorAir,TRAPPA,5188,PLAN 8,85c943a2-ca2d-4a11-89d3-91e2864b9645,32abbe75-08d9-48d5-af28-4c714ead692f,23.0,0.3,OK
Lindinvent,Lindinvent,LB83-5188-TD401/9073,LB83-5188-TD401 Local room temperature,Temperature,IndoorAir,TRAPPA,5188,PLAN 8,349c8686-4e8b-421f-a61e-1252991c06a7,32abbe75-08d9-48d5-af28-4c714ead692f,23.0,0.3,OK
Lindinvent,Lindinvent,LB83-5188-TD401/9084,LB83-5188-TD401 Local supply air flow,Flow,SupplyAir,TRAPPA,5188,PLAN 8,78b0baa0-34d9-44f3-b825-c24085786538,32abbe75-08d9-48d5-af28-4c714ead692f,2.0,0.3,OK
Lindinvent,Lindinvent,LB83-5188-VFD101/-12,LB83-5188-VFD101 Supply air flow,Flow,SupplyAir,TRAPPA,5188,PLAN 8,cadeb647-8e19-4336-90af-7a9b88c6a91c,2d285485-f145-46f7-a9ad-187c1cb14308,1.0,0.3,OK
Lindinvent,Lindinvent,LB83-5188-VFD101/4151,LB83-5188-VFD101 Local presence,Presence,IndoorAir,TRAPPA,5188,PLAN 8,df1d66a7-8bb8-4201-ad9c-6634e84f7e61,2d285485-f145-46f7-a9ad-187c1cb14308,0.0,0.3,OK
Lindinvent,Lindinvent,LB83-5188-VFD101/4152,LB83-5188-VFD101 Presence,Presence,IndoorAir,TRAPPA,5188,PLAN 8,7424cd88-4295-4e7b-a752-2ee2d476a2bd,2d285485-f145-46f7-a9ad-187c1cb14308,0.0,0.3,OK
Lindinvent,Lindinvent,LB83-5188-VFD101/8006,LB83-5188-VFD101 Room temperature setpoint,CapabilityTypeSetpoint,IndoorAir,TRAPPA,5188,PLAN 8,bef42e8a-6186-419c-a2e7-fd05ec557e3f,2d285485-f145-46f7-a9ad-187c1cb14308,22.5,0.3,OK
Lindinvent,Lindinvent,LB83-5188-VFD101/9004,LB83-5188-VFD101 Opening,State,SupplyAir,TRAPPA,5188,PLAN 8,d9da3eef-87c3-4de2-bed4-70bd750506f5,2d285485-f145-46f7-a9ad-187c1cb14308,16.0,0.3,OK
Lindinvent,Lindinvent,LB83-5188-VFD101/9070,LB83-5188-VFD101 Room temperature,Temperature,IndoorAir,TRAPPA,5188,PLAN 8,aa0982e8-da94-4798-950c-8736823bb72f,2d285485-f145-46f7-a9ad-187c1cb14308,22.8,0.3,OK
Lindinvent,Lindinvent,LB83-5189-VFD101/-12,LB83-5189-VFD101 Supply air flow,Flow,SupplyAir,TELE,5189,PLAN 8,91966a8a-b12e-4696-b67b-7e12d6e3d57e,ba054656-0c93-48b0-85ba-d91ff0fe47c0,0.0,0.3,OK
Lindinvent,Lindinvent,LB83-5189-VFD101/4151,LB83-5189-VFD101 Local presence,Presence,IndoorAir,TELE,5189,PLAN 8,79426738-9774-4d3c-a381-1ea7f58089d8,ba054656-0c93-48b0-85ba-d91ff0fe47c0,0.0,0.3,OK
Lindinvent,Lindinvent,LB83-5189-VFD101/4152,LB83-5189-VFD101 Presence,Presence,IndoorAir,TELE,5189,PLAN 8,691a09eb-bc4d-4879-8c0b-4fcef76fecb2,ba054656-0c93-48b0-85ba-d91ff0fe47c0,0.0,0.3,OK
Lindinvent,Lindinvent,LB83-5189-VFD101/8006,LB83-5189-VFD101 Room temperature setpoint,CapabilityTypeSetpoint,IndoorAir,TELE,5189,PLAN 8,0465904d-a680-49f4-8aa8-b75c2716eb98,ba054656-0c93-48b0-85ba-d91ff0fe47c0,22.5,0.3,OK
Lindinvent,Lindinvent,LB83-5189-VFD101/9004,LB83-5189-VFD101 Opening,State,SupplyAir,TELE,5189,PLAN 8,14d6833d-d4f1-4617-a302-3012a6062786,ba054656-0c93-48b0-85ba-d91ff0fe47c0,16.0,0.3,OK
Lindinvent,Lindinvent,LB83-5189-VFD101/9070,LB83-5189-VFD101 Room temperature,Temperature,IndoorAir,TELE,5189,PLAN 8,3319a95d-fdbc-44f3-8c78-029d27599eaa,ba054656-0c93-48b0-85ba-d91ff0fe47c0,22.1,0.3,OK
Lindinvent,Lindinvent,LB83-5189-VFD22/9085,LB83-5189-VFD22 Local exhaust air flow,Flow,ExhaustAir,TELE,5189,PLAN 8,7a7006ce-ab31-415e-bc0d-37f670bc820a,60206942-b649-4615-b7d9-91962c43adf5,-12.0,0.3,OK
Lindinvent,Lindinvent,LB83-5190-VFD101/-12,LB83-5190-VFD101 Supply air flow,Flow,SupplyAir,ÖPPET KONTOR,5190,PLAN 8,166de63f-accc-411c-b6fb-facf64abd89a,5dd15598-16dd-4b21-91f7-24d5fd6337fb,1.0,0.3,OK
Lindinvent,Lindinvent,LB83-5190-VFD101/4151,LB83-5190-VFD101 Local presence,Presence,IndoorAir,ÖPPET KONTOR,5190,PLAN 8,0c6e079c-12a2-47d5-bbdf-cbf8c9e0944a,5dd15598-16dd-4b21-91f7-24d5fd6337fb,1.0,0.3,OK
Lindinvent,Lindinvent,LB83-5190-VFD101/4152,LB83-5190-VFD101 Presence,Presence,IndoorAir,ÖPPET KONTOR,5190,PLAN 8,b5b37830-5641-40c7-9e4a-be67b12113eb,5dd15598-16dd-4b21-91f7-24d5fd6337fb,1.0,0.3,OK
Lindinvent,Lindinvent,LB83-5190-VFD101/8006,LB83-5190-VFD101 Room temperature setpoint,CapabilityTypeSetpoint,IndoorAir,ÖPPET KONTOR,5190,PLAN 8,9c6c2a32-1be0-470f-a836-220c8d98f381,5dd15598-16dd-4b21-91f7-24d5fd6337fb,22.5,0.3,OK
Lindinvent,Lindinvent,LB83-5190-VFD101/8009,LB83-5190-VFD101 CO2 setpoint,CapabilityTypeSetpoint,IndoorAir,ÖPPET KONTOR,5190,PLAN 8,2057743e-103e-40b3-9376-d278d8a0250f,5dd15598-16dd-4b21-91f7-24d5fd6337fb,800.0,0.3,OK
Lindinvent,Lindinvent,LB83-5190-VFD101/9004,LB83-5190-VFD101 Opening,State,SupplyAir,ÖPPET KONTOR,5190,PLAN 8,0abc1dc3-86f4-454e-83ec-23281d17cc31,5dd15598-16dd-4b21-91f7-24d5fd6337fb,16.0,0.3,OK
Lindinvent,Lindinvent,LB83-5190-VFD101/9070,LB83-5190-VFD101 Room temperature,Temperature,IndoorAir,ÖPPET KONTOR,5190,PLAN 8,7649489b-5226-43ec-815d-9b8a3542d65a,5dd15598-16dd-4b21-91f7-24d5fd6337fb,23.2,0.3,OK
Lindinvent,Lindinvent,LB83-5190-VFD101/9090,LB83-5190-VFD101 CO2,CO2,IndoorAir,ÖPPET KONTOR,5190,PLAN 8,6092839a-0b53-49ac-8b75-70eaba7e999b,5dd15598-16dd-4b21-91f7-24d5fd6337fb,486.0,0.3,OK
Lindinvent,Lindinvent,LB83-5190-VFD102/-12,LB83-5190-VFD102 Supply air flow,Flow,SupplyAir,ÖPPET KONTOR,5190,PLAN 8,a3753f2e-7bbc-4ac4-944a-d82d015e85a5,8ab179ec-f3ef-4183-b083-d236ba12e398,1.0,0.3,OK
Lindinvent,Lindinvent,LB83-5190-VFD102/4151,LB83-5190-VFD102 Local presence,Presence,IndoorAir,ÖPPET KONTOR,5190,PLAN 8,21b3c9fb-cccf-4876-bd72-ae3d834f8315,8ab179ec-f3ef-4183-b083-d236ba12e398,1.0,0.3,OK
Lindinvent,Lindinvent,LB83-5190-VFD102/4152,LB83-5190-VFD102 Presence,Presence,IndoorAir,ÖPPET KONTOR,5190,PLAN 8,eeec1cc9-faa3-4731-8598-1190ce674956,8ab179ec-f3ef-4183-b083-d236ba12e398,1.0,0.3,OK
Lindinvent,Lindinvent,LB83-5190-VFD102/8006,LB83-5190-VFD102 Room temperature setpoint,CapabilityTypeSetpoint,IndoorAir,ÖPPET KONTOR,5190,PLAN 8,34e05e2c-2c2b-47cf-85f3-7df42a0e2c35,8ab179ec-f3ef-4183-b083-d236ba12e398,22.5,0.3,OK
Lindinvent,Lindinvent,LB83-5190-VFD102/8009,LB83-5190-VFD102 CO2 setpoint,CapabilityTypeSetpoint,IndoorAir,ÖPPET KONTOR,5190,PLAN 8,bb95b59a-d6c5-43d8-b4d9-6025b7d79891,8ab179ec-f3ef-4183-b083-d236ba12e398,800.0,0.3,OK
Lindinvent,Lindinvent,LB83-5190-VFD102/9004,LB83-5190-VFD102 Opening,State,SupplyAir,ÖPPET KONTOR,5190,PLAN 8,0c9b94dc-cc0b-42c8-882c-54a9d292f254,8ab179ec-f3ef-4183-b083-d236ba12e398,16.0,0.3,OK
Lindinvent,Lindinvent,LB83-5190-VFD102/9070,LB83-5190-VFD102 Room temperature,Temperature,IndoorAir,ÖPPET KONTOR,5190,PLAN 8,4a12beb7-b0c8-4607-9a49-ba556eab7c25,8ab179ec-f3ef-4183-b083-d236ba12e398,23.2,0.3,OK
Lindinvent,Lindinvent,LB83-5190-VFD102/9090,LB83-5190-VFD102 CO2,CO2,IndoorAir,ÖPPET KONTOR,5190,PLAN 8,0b8cde0b-7e3f-4d5b-b7ed-66d151b03bf1,8ab179ec-f3ef-4183-b083-d236ba12e398,482.0,0.3,OK
Lindinvent,Lindinvent,LB83-5190-VFD103/-12,LB83-5190-VFD103 Supply air flow,Flow,SupplyAir,ÖPPET KONTOR,5190,PLAN 8,f08c3640-38d4-4566-85d2-824095032639,fafadf0a-b6e0-41d5-a73d-a8c589d6067f,1.0,0.3,OK
Lindinvent,Lindinvent,LB83-5190-VFD103/4151,LB83-5190-VFD103 Local presence,Presence,IndoorAir,ÖPPET KONTOR,5190,PLAN 8,1713a9f6-aa7a-427f-a6be-a97498628158,fafadf0a-b6e0-41d5-a73d-a8c589d6067f,1.0,0.3,OK
Lindinvent,Lindinvent,LB83-5190-VFD103/4152,LB83-5190-VFD103 Presence,Presence,IndoorAir,ÖPPET KONTOR,5190,PLAN 8,c5c8b9e4-bb79-47a1-b9df-17dd5654d42a,fafadf0a-b6e0-41d5-a73d-a8c589d6067f,1.0,0.3,OK
Lindinvent,Lindinvent,LB83-5190-VFD103/8006,LB83-5190-VFD103 Room temperature setpoint,CapabilityTypeSetpoint,IndoorAir,ÖPPET KONTOR,5190,PLAN 8,aa4ee318-1bf1-421a-9c41-fd495081f08d,fafadf0a-b6e0-41d5-a73d-a8c589d6067f,22.5,0.3,OK
Lindinvent,Lindinvent,LB83-5190-VFD103/8009,LB83-5190-VFD103 CO2 setpoint,CapabilityTypeSetpoint,IndoorAir,ÖPPET KONTOR,5190,PLAN 8,b44b473b-92d2-4b0e-a2ae-c1a900a1ba8b,fafadf0a-b6e0-41d5-a73d-a8c589d6067f,800.0,0.3,OK
Lindinvent,Lindinvent,LB83-5190-VFD103/9004,LB83-5190-VFD103 Opening,State,SupplyAir,ÖPPET KONTOR,5190,PLAN 8,422d1156-fdef-4d7d-af20-68abf8b8f40f,fafadf0a-b6e0-41d5-a73d-a8c589d6067f,16.0,0.3,OK
Lindinvent,Lindinvent,LB83-5190-VFD103/9070,LB83-5190-VFD103 Room temperature,Temperature,IndoorAir,ÖPPET KONTOR,5190,PLAN 8,37f85168-8525-40fc-a147-6bafcb171640,fafadf0a-b6e0-41d5-a73d-a8c589d6067f,23.2,0.3,OK
Lindinvent,Lindinvent,LB83-5190-VFD103/9090,LB83-5190-VFD103 CO2,CO2,IndoorAir,ÖPPET KONTOR,5190,PLAN 8,d9e3a471-6370-4465-be8f-f8a135d90cf2,fafadf0a-b6e0-41d5-a73d-a8c589d6067f,484.0,0.3,OK
Lindinvent,Lindinvent,LB83-5190-VFD104/-12,LB83-5190-VFD104 Supply air flow,Flow,SupplyAir,ÖPPET KONTOR,5190,PLAN 8,14a693bb-4214-4964-87f0-5f5498480c01,cf5d295e-eea2-4aae-ad64-8b4efd180a15,1.0,0.3,OK
Lindinvent,Lindinvent,LB83-5190-VFD104/4151,LB83-5190-VFD104 Local presence,Presence,IndoorAir,ÖPPET KONTOR,5190,PLAN 8,86eb4634-f297-4d12-bf0f-03e9c4568cdb,cf5d295e-eea2-4aae-ad64-8b4efd180a15,1.0,0.3,OK
Lindinvent,Lindinvent,LB83-5190-VFD104/4152,LB83-5190-VFD104 Presence,Presence,IndoorAir,ÖPPET KONTOR,5190,PLAN 8,018a4a6f-03ba-4859-85b1-7e23c24d375c,cf5d295e-eea2-4aae-ad64-8b4efd180a15,1.0,0.3,OK
Lindinvent,Lindinvent,LB83-5190-VFD104/8006,LB83-5190-VFD104 Room temperature setpoint,CapabilityTypeSetpoint,IndoorAir,ÖPPET KONTOR,5190,PLAN 8,5eef20db-c1b9-43ad-b346-d9408bddb7f0,cf5d295e-eea2-4aae-ad64-8b4efd180a15,22.5,0.3,OK
Lindinvent,Lindinvent,LB83-5190-VFD104/8009,LB83-5190-VFD104 CO2 setpoint,CapabilityTypeSetpoint,IndoorAir,ÖPPET KONTOR,5190,PLAN 8,aa428231-a0d8-4297-9f37-2299b3ba5311,cf5d295e-eea2-4aae-ad64-8b4efd180a15,800.0,0.3,OK
Lindinvent,Lindinvent,LB83-5190-VFD104/9004,LB83-5190-VFD104 Opening,State,SupplyAir,ÖPPET KONTOR,5190,PLAN 8,c9b12d9b-e3ba-4279-b476-61d9c8230c3f,cf5d295e-eea2-4aae-ad64-8b4efd180a15,16.0,0.3,OK
Lindinvent,Lindinvent,LB83-5190-VFD104/9070,LB83-5190-VFD104 Room temperature,Temperature,IndoorAir,ÖPPET KONTOR,5190,PLAN 8,eafa9e0b-5c64-455f-b79b-9115093faf9e,cf5d295e-eea2-4aae-ad64-8b4efd180a15,23.0,0.3,OK
Lindinvent,Lindinvent,LB83-5190-VFD104/9090,LB83-5190-VFD104 CO2,CO2,IndoorAir,ÖPPET KONTOR,5190,PLAN 8,358e8eb2-4e3c-4165-9311-7b42494eb945,cf5d295e-eea2-4aae-ad64-8b4efd180a15,476.0,0.3,OK
Lindinvent,Lindinvent,LB83-5190-VFD105/-12,LB83-5190-VFD105 Supply air flow,Flow,SupplyAir,ÖPPET KONTOR,5190,PLAN 8,127b3083-d4bc-4403-9a38-304376d5c348,e2a1dedd-7245-4471-a3fb-0acc0fe709a6,2.0,0.3,OK
Lindinvent,Lindinvent,LB83-5190-VFD105/4151,LB83-5190-VFD105 Local presence,Presence,IndoorAir,ÖPPET KONTOR,5190,PLAN 8,b5792b23-f804-4a68-9bcb-c9adeacbde4e,e2a1dedd-7245-4471-a3fb-0acc0fe709a6,1.0,0.3,OK
Lindinvent,Lindinvent,LB83-5190-VFD105/4152,LB83-5190-VFD105 Presence,Presence,IndoorAir,ÖPPET KONTOR,5190,PLAN 8,f5658463-873a-4d7b-9081-ccdcf7100d32,e2a1dedd-7245-4471-a3fb-0acc0fe709a6,1.0,0.3,OK
Lindinvent,Lindinvent,LB83-5190-VFD105/8006,LB83-5190-VFD105 Room temperature setpoint,CapabilityTypeSetpoint,IndoorAir,ÖPPET KONTOR,5190,PLAN 8,28056daf-6684-434e-8fb2-b4b77add2669,e2a1dedd-7245-4471-a3fb-0acc0fe709a6,22.5,0.3,OK
Lindinvent,Lindinvent,LB83-5190-VFD105/8009,LB83-5190-VFD105 CO2 setpoint,CapabilityTypeSetpoint,IndoorAir,ÖPPET KONTOR,5190,PLAN 8,f8aaed18-718d-479f-9c79-15c0e39450aa,e2a1dedd-7245-4471-a3fb-0acc0fe709a6,800.0,0.3,OK
Lindinvent,Lindinvent,LB83-5190-VFD105/9004,LB83-5190-VFD105 Opening,State,SupplyAir,ÖPPET KONTOR,5190,PLAN 8,83072bfd-bd4c-45ec-ad72-bdee7d57567c,e2a1dedd-7245-4471-a3fb-0acc0fe709a6,16.0,0.3,OK
Lindinvent,Lindinvent,LB83-5190-VFD105/9070,LB83-5190-VFD105 Room temperature,Temperature,IndoorAir,ÖPPET KONTOR,5190,PLAN 8,f2680b87-13d5-4b92-b313-967b7b8948dd,e2a1dedd-7245-4471-a3fb-0acc0fe709a6,23.0,0.3,OK
Lindinvent,Lindinvent,LB83-5190-VFD105/9090,LB83-5190-VFD105 CO2,CO2,IndoorAir,ÖPPET KONTOR,5190,PLAN 8,c9386ef2-1a7c-4829-856b-ec440232f14b,e2a1dedd-7245-4471-a3fb-0acc0fe709a6,476.0,0.3,OK
Lindinvent,Lindinvent,LB83-5190-VFD106/-12,LB83-5190-VFD106 Supply air flow,Flow,SupplyAir,ÖPPET KONTOR,5190,PLAN 8,ee2b91cd-f9f9-4210-ab7e-0b521cf40741,190f21fa-99ad-4a5a-a460-e0134484514f,2.0,0.3,OK
Lindinvent,Lindinvent,LB83-5190-VFD106/4151,LB83-5190-VFD106 Local presence,Presence,IndoorAir,ÖPPET KONTOR,5190,PLAN 8,9151b6ab-b877-458c-9328-cf0b1906285a,190f21fa-99ad-4a5a-a460-e0134484514f,1.0,0.3,OK
Lindinvent,Lindinvent,LB83-5190-VFD106/4152,LB83-5190-VFD106 Presence,Presence,IndoorAir,ÖPPET KONTOR,5190,PLAN 8,764013e8-fa01-44e2-8003-1809da2e3eb6,190f21fa-99ad-4a5a-a460-e0134484514f,1.0,0.3,OK
Lindinvent,Lindinvent,LB83-5190-VFD106/8006,LB83-5190-VFD106 Room temperature setpoint,CapabilityTypeSetpoint,IndoorAir,ÖPPET KONTOR,5190,PLAN 8,b534c743-35fd-415f-a662-2d072bbf8a76,190f21fa-99ad-4a5a-a460-e0134484514f,22.5,0.3,OK
Lindinvent,Lindinvent,LB83-5190-VFD106/8009,LB83-5190-VFD106 CO2 setpoint,CapabilityTypeSetpoint,IndoorAir,ÖPPET KONTOR,5190,PLAN 8,6d335756-3073-46e5-8a65-2641d54193d7,190f21fa-99ad-4a5a-a460-e0134484514f,800.0,0.3,OK
Lindinvent,Lindinvent,LB83-5190-VFD106/9004,LB83-5190-VFD106 Opening,State,SupplyAir,ÖPPET KONTOR,5190,PLAN 8,86741bc5-7b88-4984-938f-8fbe08343f1f,190f21fa-99ad-4a5a-a460-e0134484514f,16.0,0.3,OK
Lindinvent,Lindinvent,LB83-5190-VFD106/9070,LB83-5190-VFD106 Room temperature,Temperature,IndoorAir,ÖPPET KONTOR,5190,PLAN 8,7226788f-a37b-4c99-a8dc-0a384b2f4bef,190f21fa-99ad-4a5a-a460-e0134484514f,23.0,0.3,OK
Lindinvent,Lindinvent,LB83-5190-VFD106/9090,LB83-5190-VFD106 CO2,CO2,IndoorAir,ÖPPET KONTOR,5190,PLAN 8,bfee9a9e-7be1-4271-8712-f24827ddc291,190f21fa-99ad-4a5a-a460-e0134484514f,475.0,0.3,OK
Lindinvent,Lindinvent,LB83-5190-VFD107/-12,LB83-5190-VFD107 Supply air flow,Flow,SupplyAir,ÖPPET KONTOR,5190,PLAN 8,05876d49-6564-49cc-b423-582f74df1336,752b4348-0f40-48d1-ae23-d2a543a7095a,0.0,0.3,OK
Lindinvent,Lindinvent,LB83-5190-VFD107/4151,LB83-5190-VFD107 Local presence,Presence,IndoorAir,ÖPPET KONTOR,5190,PLAN 8,20a62595-04cc-4e01-9fb9-f8cc8c4e4307,752b4348-0f40-48d1-ae23-d2a543a7095a,1.0,0.3,OK
Lindinvent,Lindinvent,LB83-5190-VFD107/4152,LB83-5190-VFD107 Presence,Presence,IndoorAir,ÖPPET KONTOR,5190,PLAN 8,87ffaa23-f599-4df7-9a7c-3de880411226,752b4348-0f40-48d1-ae23-d2a543a7095a,1.0,0.3,OK
Lindinvent,Lindinvent,LB83-5190-VFD107/8006,LB83-5190-VFD107 Room temperature setpoint,CapabilityTypeSetpoint,IndoorAir,ÖPPET KONTOR,5190,PLAN 8,ff0ff657-b6b2-4271-bc2d-f4d941b85050,752b4348-0f40-48d1-ae23-d2a543a7095a,22.5,0.3,OK
Lindinvent,Lindinvent,LB83-5190-VFD107/8009,LB83-5190-VFD107 CO2 setpoint,CapabilityTypeSetpoint,IndoorAir,ÖPPET KONTOR,5190,PLAN 8,8517043c-b076-48c1-9cb9-7b88d99d6da9,752b4348-0f40-48d1-ae23-d2a543a7095a,800.0,0.3,OK
Lindinvent,Lindinvent,LB83-5190-VFD107/9004,LB83-5190-VFD107 Opening,State,SupplyAir,ÖPPET KONTOR,5190,PLAN 8,95cfa87a-229c-4d27-8ec7-51bd4dc44c5c,752b4348-0f40-48d1-ae23-d2a543a7095a,16.0,0.3,OK
Lindinvent,Lindinvent,LB83-5190-VFD107/9070,LB83-5190-VFD107 Room temperature,Temperature,IndoorAir,ÖPPET KONTOR,5190,PLAN 8,f8bdbb45-5fdb-4697-8ae1-17befd984110,752b4348-0f40-48d1-ae23-d2a543a7095a,23.0,0.3,OK
Lindinvent,Lindinvent,LB83-5190-VFD107/9090,LB83-5190-VFD107 CO2,CO2,IndoorAir,ÖPPET KONTOR,5190,PLAN 8,b97d7636-80bf-4fd5-9526-bd8e08a10654,752b4348-0f40-48d1-ae23-d2a543a7095a,477.0,0.3,OK
Lindinvent,Lindinvent,LB83-5190-VFD108/-12,LB83-5190-VFD108 Supply air flow,Flow,SupplyAir,ÖPPET KONTOR,5190,PLAN 8,69b606c7-9c40-497b-bb5a-58afc3660345,9cc97e75-b414-4330-9d78-051b1c567022,1.0,0.3,OK
Lindinvent,Lindinvent,LB83-5190-VFD108/4151,LB83-5190-VFD108 Local presence,Presence,IndoorAir,ÖPPET KONTOR,5190,PLAN 8,a4ff3e7d-5a84-49e9-9ed1-968fec00ae85,9cc97e75-b414-4330-9d78-051b1c567022,1.0,0.3,OK
Lindinvent,Lindinvent,LB83-5190-VFD108/4152,LB83-5190-VFD108 Presence,Presence,IndoorAir,ÖPPET KONTOR,5190,PLAN 8,becb5909-0559-4509-a6f1-c273c0773ef8,9cc97e75-b414-4330-9d78-051b1c567022,1.0,0.3,OK
Lindinvent,Lindinvent,LB83-5190-VFD108/8006,LB83-5190-VFD108 Room temperature setpoint,CapabilityTypeSetpoint,IndoorAir,ÖPPET KONTOR,5190,PLAN 8,41da8b04-e40f-43a9-bcd1-b671827b6629,9cc97e75-b414-4330-9d78-051b1c567022,22.5,0.3,OK
Lindinvent,Lindinvent,LB83-5190-VFD108/8009,LB83-5190-VFD108 CO2 setpoint,CapabilityTypeSetpoint,IndoorAir,ÖPPET KONTOR,5190,PLAN 8,7107ae37-46f5-4c8f-b845-d381490cc5f5,9cc97e75-b414-4330-9d78-051b1c567022,800.0,0.3,OK
Lindinvent,Lindinvent,LB83-5190-VFD108/9004,LB83-5190-VFD108 Opening,State,SupplyAir,ÖPPET KONTOR,5190,PLAN 8,a1528ede-0271-4574-a8bc-d2fc43f6a018,9cc97e75-b414-4330-9d78-051b1c567022,16.0,0.3,OK
Lindinvent,Lindinvent,LB83-5190-VFD108/9070,LB83-5190-VFD108 Room temperature,Temperature,IndoorAir,ÖPPET KONTOR,5190,PLAN 8,7274b133-55cc-479c-9e65-6047178853c9,9cc97e75-b414-4330-9d78-051b1c567022,23.0,0.3,OK
Lindinvent,Lindinvent,LB83-5190-VFD108/9090,LB83-5190-VFD108 CO2,CO2,IndoorAir,ÖPPET KONTOR,5190,PLAN 8,c0037bbc-e6de-4068-945d-fd1ef55da261,9cc97e75-b414-4330-9d78-051b1c567022,477.0,0.3,OK
Lindinvent,Lindinvent,LB83-5191-VFD101/-12,LB83-5191-VFD101 Supply air flow,Flow,SupplyAir,ÖPPET KONTOR,5191,PLAN 8,50eb7b43-3923-4474-99ed-6560ec031b70,cefec79b-34d4-4cc3-b28c-1a6205e778df,1.0,0.3,OK
Lindinvent,Lindinvent,LB83-5191-VFD101/4151,LB83-5191-VFD101 Local presence,Presence,IndoorAir,ÖPPET KONTOR,5191,PLAN 8,af432615-1d0d-45b1-8471-e214ee4b74fa,cefec79b-34d4-4cc3-b28c-1a6205e778df,0.0,0.3,OK
Lindinvent,Lindinvent,LB83-5191-VFD101/4152,LB83-5191-VFD101 Presence,Presence,IndoorAir,ÖPPET KONTOR,5191,PLAN 8,01a971a6-aa1a-421f-b15d-3cdb9bee1667,cefec79b-34d4-4cc3-b28c-1a6205e778df,0.0,0.3,OK
Lindinvent,Lindinvent,LB83-5191-VFD101/8006,LB83-5191-VFD101 Room temperature setpoint,CapabilityTypeSetpoint,IndoorAir,ÖPPET KONTOR,5191,PLAN 8,95cf0a8d-572b-4a6b-8d02-53630f787982,cefec79b-34d4-4cc3-b28c-1a6205e778df,22.5,0.3,OK
Lindinvent,Lindinvent,LB83-5191-VFD101/8009,LB83-5191-VFD101 CO2 setpoint,CapabilityTypeSetpoint,IndoorAir,ÖPPET KONTOR,5191,PLAN 8,3a49fe84-3b55-4108-9562-a1e944bf3e88,cefec79b-34d4-4cc3-b28c-1a6205e778df,800.0,0.3,OK
Lindinvent,Lindinvent,LB83-5191-VFD101/9004,LB83-5191-VFD101 Opening,State,SupplyAir,ÖPPET KONTOR,5191,PLAN 8,894faa03-f635-4bf6-87c8-a030a1f6d73d,cefec79b-34d4-4cc3-b28c-1a6205e778df,16.0,0.3,OK
Lindinvent,Lindinvent,LB83-5191-VFD101/9070,LB83-5191-VFD101 Room temperature,Temperature,IndoorAir,ÖPPET KONTOR,5191,PLAN 8,5b6dde9e-d37b-41f3-a16c-74499e37532b,cefec79b-34d4-4cc3-b28c-1a6205e778df,23.5,0.3,OK
Lindinvent,Lindinvent,LB83-5191-VFD101/9090,LB83-5191-VFD101 CO2,CO2,IndoorAir,ÖPPET KONTOR,5191,PLAN 8,e7ba30c0-d63a-49f1-930a-2fd00b6bbc03,cefec79b-34d4-4cc3-b28c-1a6205e778df,479.0,0.3,OK
Lindinvent,Lindinvent,LB83-5191-VFD102/-12,LB83-5191-VFD102 Supply air flow,Flow,SupplyAir,ÖPPET KONTOR,5191,PLAN 8,63232003-2c96-4a06-b6ed-8b84f1257595,1b61f354-3801-48dd-8fba-feb3ef367c84,1.0,0.3,OK
Lindinvent,Lindinvent,LB83-5191-VFD102/4151,LB83-5191-VFD102 Local presence,Presence,IndoorAir,ÖPPET KONTOR,5191,PLAN 8,5a342739-b25c-46dc-96de-f373ff0e3cbf,1b61f354-3801-48dd-8fba-feb3ef367c84,0.0,0.3,OK
Lindinvent,Lindinvent,LB83-5191-VFD102/4152,LB83-5191-VFD102 Presence,Presence,IndoorAir,ÖPPET KONTOR,5191,PLAN 8,45bf7561-4535-46bb-920f-d023bcba6b2b,1b61f354-3801-48dd-8fba-feb3ef367c84,0.0,0.3,OK
Lindinvent,Lindinvent,LB83-5191-VFD102/8006,LB83-5191-VFD102 Room temperature setpoint,CapabilityTypeSetpoint,IndoorAir,ÖPPET KONTOR,5191,PLAN 8,c74cebdb-ce1b-4ce8-8540-50c99b17d1c0,1b61f354-3801-48dd-8fba-feb3ef367c84,22.5,0.3,OK
Lindinvent,Lindinvent,LB83-5191-VFD102/8009,LB83-5191-VFD102 CO2 setpoint,CapabilityTypeSetpoint,IndoorAir,ÖPPET KONTOR,5191,PLAN 8,b3426759-0f6d-4d28-8b2f-cb772f1281cd,1b61f354-3801-48dd-8fba-feb3ef367c84,800.0,0.3,OK
Lindinvent,Lindinvent,LB83-5191-VFD102/9004,LB83-5191-VFD102 Opening,State,SupplyAir,ÖPPET KONTOR,5191,PLAN 8,fe21449c-9854-48e9-8443-409c6b5553f9,1b61f354-3801-48dd-8fba-feb3ef367c84,16.0,0.3,OK
Lindinvent,Lindinvent,LB83-5191-VFD102/9070,LB83-5191-VFD102 Room temperature,Temperature,IndoorAir,ÖPPET KONTOR,5191,PLAN 8,0ef2af7e-25ae-4469-8636-c8ddc5b1881e,1b61f354-3801-48dd-8fba-feb3ef367c84,23.0,0.3,OK
Lindinvent,Lindinvent,LB83-5191-VFD102/9090,LB83-5191-VFD102 CO2,CO2,IndoorAir,ÖPPET KONTOR,5191,PLAN 8,ac280bdd-e3c5-4a34-93ca-06638515faab,1b61f354-3801-48dd-8fba-feb3ef367c84,490.0,0.3,OK
Lindinvent,Lindinvent,LB83-5191-VFD103/-12,LB83-5191-VFD103 Supply air flow,Flow,SupplyAir,ÖPPET KONTOR,5191,PLAN 8,ecd159d5-d919-4db6-a9d4-34b79f2a0a90,147c28cd-a40f-43b6-97b8-3ec62508e5ca,0.0,0.3,OK
Lindinvent,Lindinvent,LB83-5191-VFD103/4151,LB83-5191-VFD103 Local presence,Presence,IndoorAir,ÖPPET KONTOR,5191,PLAN 8,e76d009a-969e-4de8-8ffd-b369285d6389,147c28cd-a40f-43b6-97b8-3ec62508e5ca,0.0,0.3,OK
Lindinvent,Lindinvent,LB83-5191-VFD103/4152,LB83-5191-VFD103 Presence,Presence,IndoorAir,ÖPPET KONTOR,5191,PLAN 8,8cb31e9c-915a-4dc4-b8c6-1762c44c0357,147c28cd-a40f-43b6-97b8-3ec62508e5ca,0.0,0.3,OK
Lindinvent,Lindinvent,LB83-5191-VFD103/8006,LB83-5191-VFD103 Room temperature setpoint,CapabilityTypeSetpoint,IndoorAir,ÖPPET KONTOR,5191,PLAN 8,5458d567-af46-45b1-b564-b3c3a94ab024,147c28cd-a40f-43b6-97b8-3ec62508e5ca,22.5,0.3,OK
Lindinvent,Lindinvent,LB83-5191-VFD103/8009,LB83-5191-VFD103 CO2 setpoint,CapabilityTypeSetpoint,IndoorAir,ÖPPET KONTOR,5191,PLAN 8,192e5748-5a3e-4ebd-86b3-9f552a517a21,147c28cd-a40f-43b6-97b8-3ec62508e5ca,800.0,0.3,OK
Lindinvent,Lindinvent,LB83-5191-VFD103/9004,LB83-5191-VFD103 Opening,State,SupplyAir,ÖPPET KONTOR,5191,PLAN 8,dc42dfc8-388a-4d75-a44f-1010f324d05b,147c28cd-a40f-43b6-97b8-3ec62508e5ca,16.0,0.3,OK
Lindinvent,Lindinvent,LB83-5191-VFD103/9070,LB83-5191-VFD103 Room temperature,Temperature,IndoorAir,ÖPPET KONTOR,5191,PLAN 8,14ff8101-cc83-4548-b0e3-ecfa222bf534,147c28cd-a40f-43b6-97b8-3ec62508e5ca,23.0,0.3,OK
Lindinvent,Lindinvent,LB83-5191-VFD103/9090,LB83-5191-VFD103 CO2,CO2,IndoorAir,ÖPPET KONTOR,5191,PLAN 8,7afc9ee7-d713-4031-90c8-deefe4a9f27f,147c28cd-a40f-43b6-97b8-3ec62508e5ca,490.0,0.3,OK
Lindinvent,Lindinvent,LB83-5191-VFD104/-12,LB83-5191-VFD104 Supply air flow,Flow,SupplyAir,ÖPPET KONTOR,5191,PLAN 8,e4c01138-88a6-4b4f-8b74-f9187e026636,5825ebdd-d6b6-4d6f-a624-23544ad72b7f,1.0,0.3,OK
Lindinvent,Lindinvent,LB83-5191-VFD104/4151,LB83-5191-VFD104 Local presence,Presence,IndoorAir,ÖPPET KONTOR,5191,PLAN 8,5f13e04c-15c9-4aae-911f-92b5cd2bf7e7,5825ebdd-d6b6-4d6f-a624-23544ad72b7f,1.0,0.3,OK
Lindinvent,Lindinvent,LB83-5191-VFD104/4152,LB83-5191-VFD104 Presence,Presence,IndoorAir,ÖPPET KONTOR,5191,PLAN 8,f3eaf378-9a3f-4e31-b51d-6cbcf6227f2d,5825ebdd-d6b6-4d6f-a624-23544ad72b7f,1.0,0.3,OK
Lindinvent,Lindinvent,LB83-5191-VFD104/8006,LB83-5191-VFD104 Room temperature setpoint,CapabilityTypeSetpoint,IndoorAir,ÖPPET KONTOR,5191,PLAN 8,d5d9d142-48c6-448e-9a24-f3b15080f00f,5825ebdd-d6b6-4d6f-a624-23544ad72b7f,22.5,0.3,OK
Lindinvent,Lindinvent,LB83-5191-VFD104/8009,LB83-5191-VFD104 CO2 setpoint,CapabilityTypeSetpoint,IndoorAir,ÖPPET KONTOR,5191,PLAN 8,7ba7e701-7b96-4f88-bd38-2975790f2b2c,5825ebdd-d6b6-4d6f-a624-23544ad72b7f,800.0,0.3,OK
Lindinvent,Lindinvent,LB83-5191-VFD104/9004,LB83-5191-VFD104 Opening,State,SupplyAir,ÖPPET KONTOR,5191,PLAN 8,30347bbd-c89b-4b89-bfab-9ec0643cbc22,5825ebdd-d6b6-4d6f-a624-23544ad72b7f,16.0,0.3,OK
Lindinvent,Lindinvent,LB83-5191-VFD104/9070,LB83-5191-VFD104 Room temperature,Temperature,IndoorAir,ÖPPET KONTOR,5191,PLAN 8,4004bc81-8a2b-4637-992d-1ffafe3e2188,5825ebdd-d6b6-4d6f-a624-23544ad72b7f,22.5,0.3,OK
Lindinvent,Lindinvent,LB83-5191-VFD104/9090,LB83-5191-VFD104 CO2,CO2,IndoorAir,ÖPPET KONTOR,5191,PLAN 8,0f86811a-ad7c-465e-9288-1e9d847c2642,5825ebdd-d6b6-4d6f-a624-23544ad72b7f,482.0,0.3,OK
Lindinvent,Lindinvent,LB83-5191-VFD105/-12,LB83-5191-VFD105 Supply air flow,Flow,SupplyAir,ÖPPET KONTOR,5191,PLAN 8,6aba5d16-d8e1-4a6a-ba39-77449a134a0e,2a035aa3-e9eb-46ef-a5a4-99cf07bd3808,0.0,0.3,OK
Lindinvent,Lindinvent,LB83-5191-VFD105/4151,LB83-5191-VFD105 Local presence,Presence,IndoorAir,ÖPPET KONTOR,5191,PLAN 8,9686affc-869e-4b4c-b4e3-752b62d5ce11,2a035aa3-e9eb-46ef-a5a4-99cf07bd3808,1.0,0.3,OK
Lindinvent,Lindinvent,LB83-5191-VFD105/4152,LB83-5191-VFD105 Presence,Presence,IndoorAir,ÖPPET KONTOR,5191,PLAN 8,5d19242a-d8d4-4264-a32f-f85a87d76783,2a035aa3-e9eb-46ef-a5a4-99cf07bd3808,1.0,0.3,OK
Lindinvent,Lindinvent,LB83-5191-VFD105/8006,LB83-5191-VFD105 Room temperature setpoint,CapabilityTypeSetpoint,IndoorAir,ÖPPET KONTOR,5191,PLAN 8,37d8f2b6-c413-46b2-879c-d4f7afe20a75,2a035aa3-e9eb-46ef-a5a4-99cf07bd3808,22.5,0.3,OK
Lindinvent,Lindinvent,LB83-5191-VFD105/8009,LB83-5191-VFD105 CO2 setpoint,CapabilityTypeSetpoint,IndoorAir,ÖPPET KONTOR,5191,PLAN 8,a28624bb-4b95-493a-8d71-9756f759aead,2a035aa3-e9eb-46ef-a5a4-99cf07bd3808,800.0,0.3,OK
Lindinvent,Lindinvent,LB83-5191-VFD105/9004,LB83-5191-VFD105 Opening,State,SupplyAir,ÖPPET KONTOR,5191,PLAN 8,a3044eb3-4113-49e8-9f31-f5983e50e93c,2a035aa3-e9eb-46ef-a5a4-99cf07bd3808,16.0,0.3,OK
Lindinvent,Lindinvent,LB83-5191-VFD105/9070,LB83-5191-VFD105 Room temperature,Temperature,IndoorAir,ÖPPET KONTOR,5191,PLAN 8,a2421a1d-c5a8-4021-8f9e-79c5f4f7a88c,2a035aa3-e9eb-46ef-a5a4-99cf07bd3808,21.9,0.3,OK
Lindinvent,Lindinvent,LB83-5191-VFD105/9090,LB83-5191-VFD105 CO2,CO2,IndoorAir,ÖPPET KONTOR,5191,PLAN 8,959b1d98-21f8-4bbe-95d1-61024e5f288f,2a035aa3-e9eb-46ef-a5a4-99cf07bd3808,481.0,0.3,OK
Lindinvent,Lindinvent,LB83-5191-VFD106/-12,LB83-5191-VFD106 Supply air flow,Flow,SupplyAir,ÖPPET KONTOR,5191,PLAN 8,6ffa6839-c62a-4c07-809f-415b2b1a5dde,a4582640-756c-4e5b-90f0-bbe7cf4c5052,1.0,0.3,OK
Lindinvent,Lindinvent,LB83-5191-VFD106/4151,LB83-5191-VFD106 Local presence,Presence,IndoorAir,ÖPPET KONTOR,5191,PLAN 8,ed44e37d-694d-4f92-bef5-34c65d8f5731,a4582640-756c-4e5b-90f0-bbe7cf4c5052,1.0,0.3,OK
Lindinvent,Lindinvent,LB83-5191-VFD106/4152,LB83-5191-VFD106 Presence,Presence,IndoorAir,ÖPPET KONTOR,5191,PLAN 8,fd09bc18-9b5c-444f-b6d3-a6b993eafe1d,a4582640-756c-4e5b-90f0-bbe7cf4c5052,1.0,0.3,OK
Lindinvent,Lindinvent,LB83-5191-VFD106/8006,LB83-5191-VFD106 Room temperature setpoint,CapabilityTypeSetpoint,IndoorAir,ÖPPET KONTOR,5191,PLAN 8,224961cf-2adc-42ac-bd13-56ef08799c6b,a4582640-756c-4e5b-90f0-bbe7cf4c5052,22.5,0.3,OK
Lindinvent,Lindinvent,LB83-5191-VFD106/8009,LB83-5191-VFD106 CO2 setpoint,CapabilityTypeSetpoint,IndoorAir,ÖPPET KONTOR,5191,PLAN 8,05d1e556-6f31-4902-bdf7-fff03bdbcf25,a4582640-756c-4e5b-90f0-bbe7cf4c5052,800.0,0.3,OK
Lindinvent,Lindinvent,LB83-5191-VFD106/9004,LB83-5191-VFD106 Opening,State,SupplyAir,ÖPPET KONTOR,5191,PLAN 8,b420f211-03d7-43dd-bdcc-6dfe632dfddb,a4582640-756c-4e5b-90f0-bbe7cf4c5052,16.0,0.3,OK
Lindinvent,Lindinvent,LB83-5191-VFD106/9070,LB83-5191-VFD106 Room temperature,Temperature,IndoorAir,ÖPPET KONTOR,5191,PLAN 8,653045c5-66fb-4738-952a-bade710113f8,a4582640-756c-4e5b-90f0-bbe7cf4c5052,22.7,0.3,OK
Lindinvent,Lindinvent,LB83-5191-VFD106/9090,LB83-5191-VFD106 CO2,CO2,IndoorAir,ÖPPET KONTOR,5191,PLAN 8,65b443c3-922a-462e-bc6c-e05689d450fc,a4582640-756c-4e5b-90f0-bbe7cf4c5052,481.0,0.3,OK
Lindinvent,Lindinvent,LB83-5191-VFD21/9085,LB83-5191-VFD21 Local exhaust air flow,Flow,ExhaustAir,ÖPPET KONTOR,5191,PLAN 8,405611db-b98f-4356-9317-bfbfe307d8b1,844b9d0b-0e3c-475b-ad94-007945cf70b3,-20.0,0.3,OK
Lindinvent,Lindinvent,LB83-5191-VFD301/-12,LB83-5191-VFD301 Supply air flow,Flow,SupplyAir,ÖPPET KONTOR,5191,PLAN 8,c44ff825-f38c-4cc9-ae04-2e80b7f357d1,9f48f289-cb4f-41b3-b9bf-0639b6d4ee49,1.0,0.3,OK
Lindinvent,Lindinvent,LB83-5191-VFD301/8006,LB83-5191-VFD301 Room temperature setpoint,CapabilityTypeSetpoint,IndoorAir,ÖPPET KONTOR,5191,PLAN 8,433a4c2a-4bef-4cc5-8f94-c1533f3ed54f,9f48f289-cb4f-41b3-b9bf-0639b6d4ee49,22.5,0.3,OK
Lindinvent,Lindinvent,LB83-5191-VFD301/9070,LB83-5191-VFD301 Room temperature,Temperature,IndoorAir,ÖPPET KONTOR,5191,PLAN 8,6e08e393-0a74-4119-8965-b6d8409c68a7,9f48f289-cb4f-41b3-b9bf-0639b6d4ee49,23.6,0.3,OK
Lindinvent,Lindinvent,LB83-5192-HD101/8006,LB83-5192-HD101 Room temperature setpoint,CapabilityTypeSetpoint,IndoorAir,ÖPPET KONTOR,5192,PLAN 8,365a5e70-9d37-471f-b2e0-56e6be9fa340,ecda385e-6021-4f4c-a2df-c1d9c3864e70,23.0,0.3,OK
Lindinvent,Lindinvent,LB83-5192-HD101/9070,LB83-5192-HD101 Room temperature,Temperature,IndoorAir,ÖPPET KONTOR,5192,PLAN 8,618f33bf-1379-42f3-935d-474b2a15c94a,ecda385e-6021-4f4c-a2df-c1d9c3864e70,22.5,0.3,OK
Lindinvent,Lindinvent,LB83-5192-HD102/8006,LB83-5192-HD102 Room temperature setpoint,CapabilityTypeSetpoint,IndoorAir,ÖPPET KONTOR,5192,PLAN 8,da5e02e1-1a34-4bcf-b3f7-af40ba5c2572,8b2da295-a215-450b-bb1b-6a4c1351d554,23.0,0.3,OK
Lindinvent,Lindinvent,LB83-5192-HD102/9070,LB83-5192-HD102 Room temperature,Temperature,IndoorAir,ÖPPET KONTOR,5192,PLAN 8,06d14e43-cfeb-48cd-93c9-f152de81f3d3,8b2da295-a215-450b-bb1b-6a4c1351d554,22.6,0.3,OK
Lindinvent,Lindinvent,LB83-5192-HD103/8006,LB83-5192-HD103 Room temperature setpoint,CapabilityTypeSetpoint,IndoorAir,ÖPPET KONTOR,5192,PLAN 8,a47dbc17-867f-43e6-9162-cc21a17ef027,c6a0e83e-bae9-41a8-8f9e-726f7aee8161,23.0,0.3,OK
Lindinvent,Lindinvent,LB83-5192-HD103/9070,LB83-5192-HD103 Room temperature,Temperature,IndoorAir,ÖPPET KONTOR,5192,PLAN 8,57927044-bc14-4e00-9556-76c4474c3ca1,c6a0e83e-bae9-41a8-8f9e-726f7aee8161,22.5,0.3,OK
Lindinvent,Lindinvent,LB83-5192-HD104/8006,LB83-5192-HD104 Room temperature setpoint,CapabilityTypeSetpoint,IndoorAir,ÖPPET KONTOR,5192,PLAN 8,72a4b3fd-1b4a-4556-aaaf-0b84bc5a2986,0975b2e2-4138-48a6-b33f-1d10963fe1ae,23.0,0.3,OK
Lindinvent,Lindinvent,LB83-5192-HD104/9070,LB83-5192-HD104 Room temperature,Temperature,IndoorAir,ÖPPET KONTOR,5192,PLAN 8,843d56d1-5cc0-4474-80b5-fc9f5a61fd27,0975b2e2-4138-48a6-b33f-1d10963fe1ae,21.9,0.3,OK
Lindinvent,Lindinvent,LB83-5192-HD105/8006,LB83-5192-HD105 Room temperature setpoint,CapabilityTypeSetpoint,IndoorAir,ÖPPET KONTOR,5192,PLAN 8,3f6a0c25-2e9d-4ae4-b55b-8b3df76b0a1d,307a4916-cae0-4066-899f-58509589e351,23.0,0.3,OK
Lindinvent,Lindinvent,LB83-5192-HD105/9070,LB83-5192-HD105 Room temperature,Temperature,IndoorAir,ÖPPET KONTOR,5192,PLAN 8,58661800-059e-4bfd-842e-b7b91f92fdf9,307a4916-cae0-4066-899f-58509589e351,21.9,0.3,OK
Lindinvent,Lindinvent,LB83-5192-HD106/8006,LB83-5192-HD106 Room temperature setpoint,CapabilityTypeSetpoint,IndoorAir,ÖPPET KONTOR,5192,PLAN 8,61d70be1-8851-45d0-9690-5c64a9dd5ed6,51e00117-b4d1-4779-9ce0-f65cdef1d842,23.0,0.3,OK
Lindinvent,Lindinvent,LB83-5192-HD106/9070,LB83-5192-HD106 Room temperature,Temperature,IndoorAir,ÖPPET KONTOR,5192,PLAN 8,e47d8a99-416f-4eed-9067-bb70781ddd1e,51e00117-b4d1-4779-9ce0-f65cdef1d842,21.9,0.3,OK
Lindinvent,Lindinvent,LB83-5192-VFD101/-12,LB83-5192-VFD101 Supply air flow,Flow,SupplyAir,ÖPPET KONTOR,5192,PLAN 8,31f72187-9216-4a98-b183-140b900fd4e4,376cb6c1-f278-4838-9de2-16eba561cbf0,0.0,0.3,OK
Lindinvent,Lindinvent,LB83-5192-VFD101/4151,LB83-5192-VFD101 Local presence,Presence,IndoorAir,ÖPPET KONTOR,5192,PLAN 8,42d34fd8-431b-41b1-8e88-ff2f39a6191a,376cb6c1-f278-4838-9de2-16eba561cbf0,0.0,0.3,OK
Lindinvent,Lindinvent,LB83-5192-VFD101/4152,LB83-5192-VFD101 Presence,Presence,IndoorAir,ÖPPET KONTOR,5192,PLAN 8,cccc3575-2b56-4e07-8af3-329ac490047a,376cb6c1-f278-4838-9de2-16eba561cbf0,0.0,0.3,OK
Lindinvent,Lindinvent,LB83-5192-VFD101/8006,LB83-5192-VFD101 Room temperature setpoint,CapabilityTypeSetpoint,IndoorAir,ÖPPET KONTOR,5192,PLAN 8,2db8cea5-4734-4010-b344-960ee8d8e90f,376cb6c1-f278-4838-9de2-16eba561cbf0,23.0,0.3,OK
Lindinvent,Lindinvent,LB83-5192-VFD101/8009,LB83-5192-VFD101 CO2 setpoint,CapabilityTypeSetpoint,IndoorAir,ÖPPET KONTOR,5192,PLAN 8,83f48b77-953a-41aa-bfd6-47c112e8e05d,376cb6c1-f278-4838-9de2-16eba561cbf0,800.0,0.3,OK
Lindinvent,Lindinvent,LB83-5192-VFD101/9004,LB83-5192-VFD101 Opening,State,SupplyAir,ÖPPET KONTOR,5192,PLAN 8,32fad6a6-d120-42a8-b1e8-cbe0800a6d69,376cb6c1-f278-4838-9de2-16eba561cbf0,16.0,0.3,OK
Lindinvent,Lindinvent,LB83-5192-VFD101/9070,LB83-5192-VFD101 Room temperature,Temperature,IndoorAir,ÖPPET KONTOR,5192,PLAN 8,6abbf3a3-0f6a-4ed3-8d5d-902d427b861b,376cb6c1-f278-4838-9de2-16eba561cbf0,22.5,0.3,OK
Lindinvent,Lindinvent,LB83-5192-VFD101/9090,LB83-5192-VFD101 CO2,CO2,IndoorAir,ÖPPET KONTOR,5192,PLAN 8,208a7269-c2b7-4d4d-b0d1-51673ca3f081,376cb6c1-f278-4838-9de2-16eba561cbf0,482.0,0.3,OK
Lindinvent,Lindinvent,LB83-5192-VFD102/-12,LB83-5192-VFD102 Supply air flow,Flow,SupplyAir,ÖPPET KONTOR,5192,PLAN 8,e25258b3-534a-4361-b975-d8c0341365a5,f5f334cb-64e1-4888-9772-d52cf7c55bd8,1.0,0.3,OK
Lindinvent,Lindinvent,LB83-5192-VFD102/4151,LB83-5192-VFD102 Local presence,Presence,IndoorAir,ÖPPET KONTOR,5192,PLAN 8,f0878cb3-710c-4431-99f2-9429aa1ea1ce,f5f334cb-64e1-4888-9772-d52cf7c55bd8,0.0,0.3,OK
Lindinvent,Lindinvent,LB83-5192-VFD102/4152,LB83-5192-VFD102 Presence,Presence,IndoorAir,ÖPPET KONTOR,5192,PLAN 8,2771233d-ef3b-4bfb-8dba-1cf70fabd8b6,f5f334cb-64e1-4888-9772-d52cf7c55bd8,0.0,0.3,OK
Lindinvent,Lindinvent,LB83-5192-VFD102/8006,LB83-5192-VFD102 Room temperature setpoint,CapabilityTypeSetpoint,IndoorAir,ÖPPET KONTOR,5192,PLAN 8,f352518d-21ed-4d37-abb6-faf3009e1f59,f5f334cb-64e1-4888-9772-d52cf7c55bd8,23.0,0.3,OK
Lindinvent,Lindinvent,LB83-5192-VFD102/8009,LB83-5192-VFD102 CO2 setpoint,CapabilityTypeSetpoint,IndoorAir,ÖPPET KONTOR,5192,PLAN 8,aeb4f3da-b351-4cb2-91fe-bb692afab2e7,f5f334cb-64e1-4888-9772-d52cf7c55bd8,800.0,0.3,OK
Lindinvent,Lindinvent,LB83-5192-VFD102/9004,LB83-5192-VFD102 Opening,State,SupplyAir,ÖPPET KONTOR,5192,PLAN 8,421608cb-ad42-4df6-aee5-dcce5cfbee7c,f5f334cb-64e1-4888-9772-d52cf7c55bd8,16.0,0.3,OK
Lindinvent,Lindinvent,LB83-5192-VFD102/9070,LB83-5192-VFD102 Room temperature,Temperature,IndoorAir,ÖPPET KONTOR,5192,PLAN 8,2b14e039-e3b3-492d-8894-27280d8834c9,f5f334cb-64e1-4888-9772-d52cf7c55bd8,22.6,0.3,OK
Lindinvent,Lindinvent,LB83-5192-VFD102/9090,LB83-5192-VFD102 CO2,CO2,IndoorAir,ÖPPET KONTOR,5192,PLAN 8,696a64fa-921c-4483-8c8e-1ca5c24c2f40,f5f334cb-64e1-4888-9772-d52cf7c55bd8,483.0,0.3,OK
Lindinvent,Lindinvent,LB83-5192-VFD103/-12,LB83-5192-VFD103 Supply air flow,Flow,SupplyAir,ÖPPET KONTOR,5192,PLAN 8,635a4ef4-0558-43d3-b69f-a1b72f49bc1a,63e1d692-b06d-4a27-b651-8b164d8ea705,1.0,0.3,OK
Lindinvent,Lindinvent,LB83-5192-VFD103/4151,LB83-5192-VFD103 Local presence,Presence,IndoorAir,ÖPPET KONTOR,5192,PLAN 8,d502e55d-a74c-4065-842a-d14b2def71f2,63e1d692-b06d-4a27-b651-8b164d8ea705,1.0,0.3,OK
Lindinvent,Lindinvent,LB83-5192-VFD103/4152,LB83-5192-VFD103 Presence,Presence,IndoorAir,ÖPPET KONTOR,5192,PLAN 8,941345e0-a2f6-48d2-9403-cb0b7a6ebd3e,63e1d692-b06d-4a27-b651-8b164d8ea705,1.0,0.3,OK
Lindinvent,Lindinvent,LB83-5192-VFD103/8006,LB83-5192-VFD103 Room temperature setpoint,CapabilityTypeSetpoint,IndoorAir,ÖPPET KONTOR,5192,PLAN 8,fd33d99a-9b76-48a7-b509-6f33ab25743d,63e1d692-b06d-4a27-b651-8b164d8ea705,23.0,0.3,OK
Lindinvent,Lindinvent,LB83-5192-VFD103/8009,LB83-5192-VFD103 CO2 setpoint,CapabilityTypeSetpoint,IndoorAir,ÖPPET KONTOR,5192,PLAN 8,fe81203e-f014-4a43-bfda-2807121337e2,63e1d692-b06d-4a27-b651-8b164d8ea705,800.0,0.3,OK
Lindinvent,Lindinvent,LB83-5192-VFD103/9004,LB83-5192-VFD103 Opening,State,SupplyAir,ÖPPET KONTOR,5192,PLAN 8,6983b4af-f4e3-426f-9c50-538568054e7b,63e1d692-b06d-4a27-b651-8b164d8ea705,16.0,0.3,OK
Lindinvent,Lindinvent,LB83-5192-VFD103/9070,LB83-5192-VFD103 Room temperature,Temperature,IndoorAir,ÖPPET KONTOR,5192,PLAN 8,39d608ca-a38d-4ad3-9b33-c4b6791fcda0,63e1d692-b06d-4a27-b651-8b164d8ea705,22.6,0.3,OK
Lindinvent,Lindinvent,LB83-5192-VFD103/9090,LB83-5192-VFD103 CO2,CO2,IndoorAir,ÖPPET KONTOR,5192,PLAN 8,3680d03e-fe1b-48d6-95c8-42a362079afa,63e1d692-b06d-4a27-b651-8b164d8ea705,482.0,0.3,OK
Lindinvent,Lindinvent,LB83-5192-VFD104/-12,LB83-5192-VFD104 Supply air flow,Flow,SupplyAir,ÖPPET KONTOR,5192,PLAN 8,da4af620-6d9e-4b81-b4ea-412d79f0ec32,fd760870-e27d-45c9-980e-56a6f734d716,0.0,0.3,OK
Lindinvent,Lindinvent,LB83-5192-VFD104/4151,LB83-5192-VFD104 Local presence,Presence,IndoorAir,ÖPPET KONTOR,5192,PLAN 8,b1de2f23-92d8-459e-88db-99885a216b89,fd760870-e27d-45c9-980e-56a6f734d716,0.0,0.3,OK
Lindinvent,Lindinvent,LB83-5192-VFD104/4152,LB83-5192-VFD104 Presence,Presence,IndoorAir,ÖPPET KONTOR,5192,PLAN 8,8ed94aec-7973-4042-9440-a29502863731,fd760870-e27d-45c9-980e-56a6f734d716,0.0,0.3,OK
Lindinvent,Lindinvent,LB83-5192-VFD104/8006,LB83-5192-VFD104 Room temperature setpoint,CapabilityTypeSetpoint,IndoorAir,ÖPPET KONTOR,5192,PLAN 8,1c260954-cb02-4128-bdae-9ad9f3367c30,fd760870-e27d-45c9-980e-56a6f734d716,23.0,0.3,OK
Lindinvent,Lindinvent,LB83-5192-VFD104/8009,LB83-5192-VFD104 CO2 setpoint,CapabilityTypeSetpoint,IndoorAir,ÖPPET KONTOR,5192,PLAN 8,af9a87ba-d516-4cf4-ac57-1d9ebb8a9910,fd760870-e27d-45c9-980e-56a6f734d716,800.0,0.3,OK
Lindinvent,Lindinvent,LB83-5192-VFD104/9004,LB83-5192-VFD104 Opening,State,SupplyAir,ÖPPET KONTOR,5192,PLAN 8,6ac704c0-bf3e-4c83-b75c-122295fb5a69,fd760870-e27d-45c9-980e-56a6f734d716,16.0,0.3,OK
Lindinvent,Lindinvent,LB83-5192-VFD104/9070,LB83-5192-VFD104 Room temperature,Temperature,IndoorAir,ÖPPET KONTOR,5192,PLAN 8,b47e0643-24fd-4b41-ae84-c580f6ff9d43,fd760870-e27d-45c9-980e-56a6f734d716,21.9,0.3,OK
Lindinvent,Lindinvent,LB83-5192-VFD104/9090,LB83-5192-VFD104 CO2,CO2,IndoorAir,ÖPPET KONTOR,5192,PLAN 8,f3874a44-4886-47ab-9fd8-2011139a805e,fd760870-e27d-45c9-980e-56a6f734d716,480.0,0.3,OK
Lindinvent,Lindinvent,LB83-5192-VFD105/-12,LB83-5192-VFD105 Supply air flow,Flow,SupplyAir,ÖPPET KONTOR,5192,PLAN 8,a96de3fd-8bb7-479f-94db-886d891a3126,2cfc7a13-c08c-4bd2-9e0a-071ace3da78d,1.0,0.3,OK
Lindinvent,Lindinvent,LB83-5192-VFD105/4151,LB83-5192-VFD105 Local presence,Presence,IndoorAir,ÖPPET KONTOR,5192,PLAN 8,f6e189ed-4bde-411e-b646-90572a3e35e2,2cfc7a13-c08c-4bd2-9e0a-071ace3da78d,1.0,0.3,OK
Lindinvent,Lindinvent,LB83-5192-VFD105/4152,LB83-5192-VFD105 Presence,Presence,IndoorAir,ÖPPET KONTOR,5192,PLAN 8,b65ee21b-2eb1-4a57-9853-e053a6094883,2cfc7a13-c08c-4bd2-9e0a-071ace3da78d,1.0,0.3,OK
Lindinvent,Lindinvent,LB83-5192-VFD105/8006,LB83-5192-VFD105 Room temperature setpoint,CapabilityTypeSetpoint,IndoorAir,ÖPPET KONTOR,5192,PLAN 8,6e679e98-a444-496e-9e85-cc21d9487677,2cfc7a13-c08c-4bd2-9e0a-071ace3da78d,23.0,0.3,OK
Lindinvent,Lindinvent,LB83-5192-VFD105/8009,LB83-5192-VFD105 CO2 setpoint,CapabilityTypeSetpoint,IndoorAir,ÖPPET KONTOR,5192,PLAN 8,407cc783-888c-4972-9230-7ddc2c94fe86,2cfc7a13-c08c-4bd2-9e0a-071ace3da78d,800.0,0.3,OK
Lindinvent,Lindinvent,LB83-5192-VFD105/9004,LB83-5192-VFD105 Opening,State,SupplyAir,ÖPPET KONTOR,5192,PLAN 8,9ad3f025-4840-4dba-a974-a964e7a6c7f7,2cfc7a13-c08c-4bd2-9e0a-071ace3da78d,16.0,0.3,OK
Lindinvent,Lindinvent,LB83-5192-VFD105/9070,LB83-5192-VFD105 Room temperature,Temperature,IndoorAir,ÖPPET KONTOR,5192,PLAN 8,b8f58d80-db01-4f7e-8db0-9928175af244,2cfc7a13-c08c-4bd2-9e0a-071ace3da78d,21.9,0.3,OK
Lindinvent,Lindinvent,LB83-5192-VFD105/9090,LB83-5192-VFD105 CO2,CO2,IndoorAir,ÖPPET KONTOR,5192,PLAN 8,8d8b0d6f-cc61-4488-96fc-7f7b15e009a1,2cfc7a13-c08c-4bd2-9e0a-071ace3da78d,481.0,0.3,OK
Lindinvent,Lindinvent,LB83-5192-VFD106/-12,LB83-5192-VFD106 Supply air flow,Flow,SupplyAir,ÖPPET KONTOR,5192,PLAN 8,92964192-f290-4ff6-b8bd-1dbe4e06ebb9,a5b24e69-5caa-4ce4-aec0-fd1a2ac8074c,1.0,0.3,OK
Lindinvent,Lindinvent,LB83-5192-VFD106/4151,LB83-5192-VFD106 Local presence,Presence,IndoorAir,ÖPPET KONTOR,5192,PLAN 8,e4f89f01-fd10-453c-a6d4-2ae5fabdee22,a5b24e69-5caa-4ce4-aec0-fd1a2ac8074c,0.0,0.3,OK
Lindinvent,Lindinvent,LB83-5192-VFD106/4152,LB83-5192-VFD106 Presence,Presence,IndoorAir,ÖPPET KONTOR,5192,PLAN 8,122397bd-0b29-406d-aa76-6e5f36b8c268,a5b24e69-5caa-4ce4-aec0-fd1a2ac8074c,0.0,0.3,OK
Lindinvent,Lindinvent,LB83-5192-VFD106/8006,LB83-5192-VFD106 Room temperature setpoint,CapabilityTypeSetpoint,IndoorAir,ÖPPET KONTOR,5192,PLAN 8,dbfb4ddf-c518-4eb0-9308-96a0e2069525,a5b24e69-5caa-4ce4-aec0-fd1a2ac8074c,23.0,0.3,OK
Lindinvent,Lindinvent,LB83-5192-VFD106/8009,LB83-5192-VFD106 CO2 setpoint,CapabilityTypeSetpoint,IndoorAir,ÖPPET KONTOR,5192,PLAN 8,319c394f-72c7-4086-9903-db7126ebbc63,a5b24e69-5caa-4ce4-aec0-fd1a2ac8074c,800.0,0.3,OK
Lindinvent,Lindinvent,LB83-5192-VFD106/9004,LB83-5192-VFD106 Opening,State,SupplyAir,ÖPPET KONTOR,5192,PLAN 8,e9ce9d81-ec62-485c-8e12-35ccd548389e,a5b24e69-5caa-4ce4-aec0-fd1a2ac8074c,16.0,0.3,OK
Lindinvent,Lindinvent,LB83-5192-VFD106/9070,LB83-5192-VFD106 Room temperature,Temperature,IndoorAir,ÖPPET KONTOR,5192,PLAN 8,5c9dc3d4-d886-41ad-8b8a-ccba85ed2769,a5b24e69-5caa-4ce4-aec0-fd1a2ac8074c,21.9,0.3,OK
Lindinvent,Lindinvent,LB83-5192-VFD106/9090,LB83-5192-VFD106 CO2,CO2,IndoorAir,ÖPPET KONTOR,5192,PLAN 8,c6c3c079-da20-42f6-8ee8-78093a1e7716,a5b24e69-5caa-4ce4-aec0-fd1a2ac8074c,478.0,0.3,OK
Lindinvent,Lindinvent,LB83-5193-HD101/8006,LB83-5193-HD101 Room temperature setpoint,CapabilityTypeSetpoint,IndoorAir,FRD,5193,PLAN 8,9bb6dcdb-2703-4da1-8461-507efb667dbe,a4240de0-89d5-46ad-8137-14dc21c82d5b,23.0,0.3,OK
Lindinvent,Lindinvent,LB83-5193-HD101/9070,LB83-5193-HD101 Room temperature,Temperature,IndoorAir,FRD,5193,PLAN 8,fc5f5929-e02f-4587-84de-cef12f54353d,a4240de0-89d5-46ad-8137-14dc21c82d5b,22.2,0.3,OK
Lindinvent,Lindinvent,LB83-5193-TD401/4152,LB83-5193-TD401 Presence,Presence,IndoorAir,FRD,5193,PLAN 8,48b3c7b5-2635-45ce-9a5f-9156a0dbbc21,494815a5-68ba-4694-be5f-3bbc1dec504e,0.0,0.3,OK
Lindinvent,Lindinvent,LB83-5193-TD401/8006,LB83-5193-TD401 Room temperature setpoint,CapabilityTypeSetpoint,IndoorAir,FRD,5193,PLAN 8,00c63d5c-a8de-4ac0-93fe-450e68a3de3f,494815a5-68ba-4694-be5f-3bbc1dec504e,23.0,0.3,OK
Lindinvent,Lindinvent,LB83-5193-TD401/9004,LB83-5193-TD401 Opening,State,SupplyAir,FRD,5193,PLAN 8,dcbedb2f-ea49-4a3f-81a5-d1705c45dee0,494815a5-68ba-4694-be5f-3bbc1dec504e,1.0,0.3,OK
Lindinvent,Lindinvent,LB83-5193-TD401/9070,LB83-5193-TD401 Room temperature,Temperature,IndoorAir,FRD,5193,PLAN 8,9fdd9c38-38b3-4ebb-90ab-d0363161d216,494815a5-68ba-4694-be5f-3bbc1dec504e,22.2,0.3,OK
Lindinvent,Lindinvent,LB83-5193-TD401/9073,LB83-5193-TD401 Local room temperature,Temperature,IndoorAir,FRD,5193,PLAN 8,ec43c9e3-b98e-4b67-8251-6cdf69876170,494815a5-68ba-4694-be5f-3bbc1dec504e,22.2,0.3,OK
Lindinvent,Lindinvent,LB83-5193-TD401/9084,LB83-5193-TD401 Local supply air flow,Flow,SupplyAir,FRD,5193,PLAN 8,43584f5c-ee02-4a5b-8f79-1c4daf574d76,494815a5-68ba-4694-be5f-3bbc1dec504e,4.0,0.3,OK
Lindinvent,Lindinvent,LB83-5194-TD401/4152,LB83-5194-TD401 Presence,Presence,IndoorAir,Lindinvent unmapped — PLAN 8,LINDINVENT-UNMAPPED-PLAN-8,PLAN 8,c7f4b47c-9a77-495b-a025-c36891ac555b,29f671bb-62d8-48a0-bd27-740a23d4a5be,0.0,0.3,OK
Lindinvent,Lindinvent,LB83-5194-TD401/8006,LB83-5194-TD401 Room temperature setpoint,CapabilityTypeSetpoint,IndoorAir,Lindinvent unmapped — PLAN 8,LINDINVENT-UNMAPPED-PLAN-8,PLAN 8,78138b37-4aa8-491b-980a-a59ac7ec2da6,29f671bb-62d8-48a0-bd27-740a23d4a5be,22.5,0.3,OK
Lindinvent,Lindinvent,LB83-5194-TD401/9004,LB83-5194-TD401 Opening,State,SupplyAir,Lindinvent unmapped — PLAN 8,LINDINVENT-UNMAPPED-PLAN-8,PLAN 8,9579a23f-6c83-42e2-8c1a-27c89e99e1f4,29f671bb-62d8-48a0-bd27-740a23d4a5be,1.0,0.3,OK
Lindinvent,Lindinvent,LB83-5194-TD401/9070,LB83-5194-TD401 Room temperature,Temperature,IndoorAir,Lindinvent unmapped — PLAN 8,LINDINVENT-UNMAPPED-PLAN-8,PLAN 8,ad3b061a-e43f-4151-aa72-d016d6995d19,29f671bb-62d8-48a0-bd27-740a23d4a5be,22.1,0.3,OK
Lindinvent,Lindinvent,LB83-5194-TD401/9073,LB83-5194-TD401 Local room temperature,Temperature,IndoorAir,Lindinvent unmapped — PLAN 8,LINDINVENT-UNMAPPED-PLAN-8,PLAN 8,617707fb-4603-4bf7-88e5-28b467b770a2,29f671bb-62d8-48a0-bd27-740a23d4a5be,22.1,0.3,OK
Lindinvent,Lindinvent,LB83-5194-TD401/9084,LB83-5194-TD401 Local supply air flow,Flow,SupplyAir,Lindinvent unmapped — PLAN 8,LINDINVENT-UNMAPPED-PLAN-8,PLAN 8,26fbdac9-f90d-4c0c-839a-a32e09927d16,29f671bb-62d8-48a0-bd27-740a23d4a5be,3.0,0.3,OK
Lindinvent,Lindinvent,LB83-5195-TD401/4152,LB83-5195-TD401 Presence,Presence,IndoorAir,Lindinvent unmapped — PLAN 8,LINDINVENT-UNMAPPED-PLAN-8,PLAN 8,bc7844ed-8812-47ac-8568-33c0f03c53d4,9b111915-beae-4fe8-ae33-bc75d7ee9707,0.0,0.3,OK
Lindinvent,Lindinvent,LB83-5195-TD401/8006,LB83-5195-TD401 Room temperature setpoint,CapabilityTypeSetpoint,IndoorAir,Lindinvent unmapped — PLAN 8,LINDINVENT-UNMAPPED-PLAN-8,PLAN 8,0ea2bb01-e5ed-44c6-8a6e-bad62cf0270f,9b111915-beae-4fe8-ae33-bc75d7ee9707,22.5,0.3,OK
Lindinvent,Lindinvent,LB83-5195-TD401/9004,LB83-5195-TD401 Opening,State,SupplyAir,Lindinvent unmapped — PLAN 8,LINDINVENT-UNMAPPED-PLAN-8,PLAN 8,19474684-f0be-4145-be08-b7c1e44cbb19,9b111915-beae-4fe8-ae33-bc75d7ee9707,0.0,0.3,OK
Lindinvent,Lindinvent,LB83-5195-TD401/9070,LB83-5195-TD401 Room temperature,Temperature,IndoorAir,Lindinvent unmapped — PLAN 8,LINDINVENT-UNMAPPED-PLAN-8,PLAN 8,cc3d3dc6-224d-412f-9462-af34e2d26769,9b111915-beae-4fe8-ae33-bc75d7ee9707,21.8,0.3,OK
Lindinvent,Lindinvent,LB83-5195-TD401/9073,LB83-5195-TD401 Local room temperature,Temperature,IndoorAir,Lindinvent unmapped — PLAN 8,LINDINVENT-UNMAPPED-PLAN-8,PLAN 8,c53fcf45-9d1a-4cb2-9bfd-e0e1ce06d8b7,9b111915-beae-4fe8-ae33-bc75d7ee9707,21.8,0.3,OK
Lindinvent,Lindinvent,LB83-5195-TD401/9084,LB83-5195-TD401 Local supply air flow,Flow,SupplyAir,Lindinvent unmapped — PLAN 8,LINDINVENT-UNMAPPED-PLAN-8,PLAN 8,8b91d031-6892-4fa8-8341-772b9cf4a837,9b111915-beae-4fe8-ae33-bc75d7ee9707,3.0,0.3,OK
Lindinvent,Lindinvent,LB83-5196-HD101/8006,LB83-5196-HD101 Room temperature setpoint,CapabilityTypeSetpoint,IndoorAir,Lindinvent unmapped — PLAN 8,LINDINVENT-UNMAPPED-PLAN-8,PLAN 8,efab405a-41c2-4986-b48d-d141e4ed4fea,a9a8a147-326c-420c-88ea-57907adc9d98,23.0,0.3,OK
Lindinvent,Lindinvent,LB83-5196-HD101/9070,LB83-5196-HD101 Room temperature,Temperature,IndoorAir,Lindinvent unmapped — PLAN 8,LINDINVENT-UNMAPPED-PLAN-8,PLAN 8,89ac80e3-bb73-4a56-95c9-ac1d624d4869,a9a8a147-326c-420c-88ea-57907adc9d98,22.7,0.3,OK
Lindinvent,Lindinvent,LB83-5196-HD102/8006,LB83-5196-HD102 Room temperature setpoint,CapabilityTypeSetpoint,IndoorAir,Lindinvent unmapped — PLAN 8,LINDINVENT-UNMAPPED-PLAN-8,PLAN 8,1835f2a0-1cdb-4fe0-9623-74eba419f3f4,2096fdcb-ed83-4ae6-adb4-38b72afd0c9c,23.0,0.3,OK
Lindinvent,Lindinvent,LB83-5196-HD102/9070,LB83-5196-HD102 Room temperature,Temperature,IndoorAir,Lindinvent unmapped — PLAN 8,LINDINVENT-UNMAPPED-PLAN-8,PLAN 8,6487a725-e970-4379-afab-996197c81cf9,2096fdcb-ed83-4ae6-adb4-38b72afd0c9c,22.7,0.3,OK
Lindinvent,Lindinvent,LB83-5196-VFD101/-12,LB83-5196-VFD101 Supply air flow,Flow,SupplyAir,Lindinvent unmapped — PLAN 8,LINDINVENT-UNMAPPED-PLAN-8,PLAN 8,a6e9eb14-0d1e-4586-b90d-a1abb18fc242,45914212-dd76-4780-a843-bfdd503fdf38,0.0,0.3,OK
Lindinvent,Lindinvent,LB83-5196-VFD101/4151,LB83-5196-VFD101 Local presence,Presence,IndoorAir,Lindinvent unmapped — PLAN 8,LINDINVENT-UNMAPPED-PLAN-8,PLAN 8,d6e5370f-52fd-47b2-987b-4ed1c63e7c9f,45914212-dd76-4780-a843-bfdd503fdf38,0.0,0.3,OK
Lindinvent,Lindinvent,LB83-5196-VFD101/4152,LB83-5196-VFD101 Presence,Presence,IndoorAir,Lindinvent unmapped — PLAN 8,LINDINVENT-UNMAPPED-PLAN-8,PLAN 8,96b6815d-de63-4e57-91ce-ce0b1d184c20,45914212-dd76-4780-a843-bfdd503fdf38,0.0,0.3,OK
Lindinvent,Lindinvent,LB83-5196-VFD101/8006,LB83-5196-VFD101 Room temperature setpoint,CapabilityTypeSetpoint,IndoorAir,Lindinvent unmapped — PLAN 8,LINDINVENT-UNMAPPED-PLAN-8,PLAN 8,f5deec85-d5fc-4238-b937-d8d6f8486b59,45914212-dd76-4780-a843-bfdd503fdf38,23.0,0.3,OK
Lindinvent,Lindinvent,LB83-5196-VFD101/8009,LB83-5196-VFD101 CO2 setpoint,CapabilityTypeSetpoint,IndoorAir,Lindinvent unmapped — PLAN 8,LINDINVENT-UNMAPPED-PLAN-8,PLAN 8,69dfded7-35fd-4c63-82f3-3c22583c8720,45914212-dd76-4780-a843-bfdd503fdf38,800.0,0.3,OK
Lindinvent,Lindinvent,LB83-5196-VFD101/9004,LB83-5196-VFD101 Opening,State,SupplyAir,Lindinvent unmapped — PLAN 8,LINDINVENT-UNMAPPED-PLAN-8,PLAN 8,5621cc6d-4173-42da-87b1-0c0a50c7a98c,45914212-dd76-4780-a843-bfdd503fdf38,16.0,0.3,OK
Lindinvent,Lindinvent,LB83-5196-VFD101/9070,LB83-5196-VFD101 Room temperature,Temperature,IndoorAir,Lindinvent unmapped — PLAN 8,LINDINVENT-UNMAPPED-PLAN-8,PLAN 8,1c6da39d-b3c3-4f2d-9f17-b0de2c5ced6b,45914212-dd76-4780-a843-bfdd503fdf38,22.7,0.3,OK
Lindinvent,Lindinvent,LB83-5196-VFD101/9090,LB83-5196-VFD101 CO2,CO2,IndoorAir,Lindinvent unmapped — PLAN 8,LINDINVENT-UNMAPPED-PLAN-8,PLAN 8,23fbb5c5-4a08-48fe-9825-9bf1a4e0d431,45914212-dd76-4780-a843-bfdd503fdf38,481.0,0.3,OK
Lindinvent,Lindinvent,LB83-5196-VFD102/-12,LB83-5196-VFD102 Supply air flow,Flow,SupplyAir,Lindinvent unmapped — PLAN 8,LINDINVENT-UNMAPPED-PLAN-8,PLAN 8,2850397d-673f-4fb1-908e-899a7b50ad8d,1f32ad42-672e-4cf8-887f-ab3dff9abac6,1.0,0.3,OK
Lindinvent,Lindinvent,LB83-5196-VFD102/4151,LB83-5196-VFD102 Local presence,Presence,IndoorAir,Lindinvent unmapped — PLAN 8,LINDINVENT-UNMAPPED-PLAN-8,PLAN 8,8fbca83a-153d-4f53-9eac-cfac52d9a5fe,1f32ad42-672e-4cf8-887f-ab3dff9abac6,0.0,0.3,OK
Lindinvent,Lindinvent,LB83-5196-VFD102/4152,LB83-5196-VFD102 Presence,Presence,IndoorAir,Lindinvent unmapped — PLAN 8,LINDINVENT-UNMAPPED-PLAN-8,PLAN 8,82b5dd93-9e8c-4b36-b5d0-f07768ed0aec,1f32ad42-672e-4cf8-887f-ab3dff9abac6,0.0,0.3,OK
Lindinvent,Lindinvent,LB83-5196-VFD102/8006,LB83-5196-VFD102 Room temperature setpoint,CapabilityTypeSetpoint,IndoorAir,Lindinvent unmapped — PLAN 8,LINDINVENT-UNMAPPED-PLAN-8,PLAN 8,b2f5474c-e844-4cb7-bcff-5f8d1dbd4408,1f32ad42-672e-4cf8-887f-ab3dff9abac6,23.0,0.3,OK
Lindinvent,Lindinvent,LB83-5196-VFD102/8009,LB83-5196-VFD102 CO2 setpoint,CapabilityTypeSetpoint,IndoorAir,Lindinvent unmapped — PLAN 8,LINDINVENT-UNMAPPED-PLAN-8,PLAN 8,5d660659-965d-4580-ba28-3a5c9893faff,1f32ad42-672e-4cf8-887f-ab3dff9abac6,800.0,0.3,OK
Lindinvent,Lindinvent,LB83-5196-VFD102/9004,LB83-5196-VFD102 Opening,State,SupplyAir,Lindinvent unmapped — PLAN 8,LINDINVENT-UNMAPPED-PLAN-8,PLAN 8,085351cb-0904-4b3d-a417-62dcb8052b70,1f32ad42-672e-4cf8-887f-ab3dff9abac6,16.0,0.3,OK
Lindinvent,Lindinvent,LB83-5196-VFD102/9070,LB83-5196-VFD102 Room temperature,Temperature,IndoorAir,Lindinvent unmapped — PLAN 8,LINDINVENT-UNMAPPED-PLAN-8,PLAN 8,9c9c5a2e-95a8-4f18-85ee-81f7d3001e0f,1f32ad42-672e-4cf8-887f-ab3dff9abac6,22.7,0.3,OK
Lindinvent,Lindinvent,LB83-5196-VFD102/9090,LB83-5196-VFD102 CO2,CO2,IndoorAir,Lindinvent unmapped — PLAN 8,LINDINVENT-UNMAPPED-PLAN-8,PLAN 8,a179eeda-794d-47d7-beec-85eb58f78db8,1f32ad42-672e-4cf8-887f-ab3dff9abac6,481.0,0.3,OK
Lindinvent,Lindinvent,LB91-6164-VFD101/-12,LB91-6164-VFD101 Supply air flow,Flow,SupplyAir,KONTOR,6164,PLAN 9,f565b488-f2fa-458b-b404-ef0d56ae7108,951a9eb6-3b06-460c-a709-7c1fc77057ce,33.0,0.3,OK
Lindinvent,Lindinvent,LB91-6164-VFD101/4151,LB91-6164-VFD101 Local presence,Presence,IndoorAir,KONTOR,6164,PLAN 9,9bfd33ad-6b41-434b-8f03-660d61ebb934,951a9eb6-3b06-460c-a709-7c1fc77057ce,0.0,0.3,OK
Lindinvent,Lindinvent,LB91-6164-VFD101/4152,LB91-6164-VFD101 Presence,Presence,IndoorAir,KONTOR,6164,PLAN 9,2057514a-dc3f-488a-b578-97e488b2d906,951a9eb6-3b06-460c-a709-7c1fc77057ce,0.0,0.3,OK
Lindinvent,Lindinvent,LB91-6164-VFD101/8006,LB91-6164-VFD101 Room temperature setpoint,CapabilityTypeSetpoint,IndoorAir,KONTOR,6164,PLAN 9,58ab3f58-d172-4254-8094-629d873b622e,951a9eb6-3b06-460c-a709-7c1fc77057ce,21.0,0.3,OK
Lindinvent,Lindinvent,LB91-6164-VFD101/9004,LB91-6164-VFD101 Opening,State,SupplyAir,KONTOR,6164,PLAN 9,57455e10-96f6-460d-8c59-69acb1971156,951a9eb6-3b06-460c-a709-7c1fc77057ce,44.0,0.3,OK
Lindinvent,Lindinvent,LB91-6164-VFD101/9070,LB91-6164-VFD101 Room temperature,Temperature,IndoorAir,KONTOR,6164,PLAN 9,21179470-336d-40b4-8db4-974b80c669a5,951a9eb6-3b06-460c-a709-7c1fc77057ce,22.2,0.3,OK
Lindinvent,Lindinvent,LB91-6164b-TD401/4152,LB91-6164b-TD401 Presence,Presence,IndoorAir,Lindinvent unmapped — PLAN 9,LINDINVENT-UNMAPPED-PLAN-9,PLAN 9,01b42361-42b9-4946-9d02-70c23a2a93de,831dab82-8db0-4e22-86d6-dd356c47971e,0.0,0.3,OK
Lindinvent,Lindinvent,LB91-6164b-TD401/8006,LB91-6164b-TD401 Room temperature setpoint,CapabilityTypeSetpoint,IndoorAir,Lindinvent unmapped — PLAN 9,LINDINVENT-UNMAPPED-PLAN-9,PLAN 9,0b716016-2576-4c2b-a4a0-24578d40d4b9,831dab82-8db0-4e22-86d6-dd356c47971e,22.5,0.3,OK
Lindinvent,Lindinvent,LB91-6164b-TD401/9004,LB91-6164b-TD401 Opening,State,SupplyAir,Lindinvent unmapped — PLAN 9,LINDINVENT-UNMAPPED-PLAN-9,PLAN 9,b219bdbd-db20-4df6-b66a-5a37adf47018,831dab82-8db0-4e22-86d6-dd356c47971e,1.0,0.3,OK
Lindinvent,Lindinvent,LB91-6164b-TD401/9070,LB91-6164b-TD401 Room temperature,Temperature,IndoorAir,Lindinvent unmapped — PLAN 9,LINDINVENT-UNMAPPED-PLAN-9,PLAN 9,1ce7aa7a-4f0d-4cd1-85d9-29eba2fce81d,831dab82-8db0-4e22-86d6-dd356c47971e,22.0,0.3,OK
Lindinvent,Lindinvent,LB91-6164b-TD401/9073,LB91-6164b-TD401 Local room temperature,Temperature,IndoorAir,Lindinvent unmapped — PLAN 9,LINDINVENT-UNMAPPED-PLAN-9,PLAN 9,ed77bc93-83e2-4428-9cf0-51092ff77d96,831dab82-8db0-4e22-86d6-dd356c47971e,22.0,0.3,OK
Lindinvent,Lindinvent,LB91-6164b-TD401/9084,LB91-6164b-TD401 Local supply air flow,Flow,SupplyAir,Lindinvent unmapped — PLAN 9,LINDINVENT-UNMAPPED-PLAN-9,PLAN 9,7bc82292-8fd6-4a33-b925-76decbad52f7,831dab82-8db0-4e22-86d6-dd356c47971e,5.0,0.3,OK
Lindinvent,Lindinvent,LB91-6165-VFD101/-12,LB91-6165-VFD101 Supply air flow,Flow,SupplyAir,KONTOR,6165,PLAN 9,01a6035d-a04f-4bca-9e8a-3d7aeb2d800b,9b41f83c-7c23-4772-97f3-d6da5ab1f9ef,32.0,0.3,OK
Lindinvent,Lindinvent,LB91-6165-VFD101/4151,LB91-6165-VFD101 Local presence,Presence,IndoorAir,KONTOR,6165,PLAN 9,6250baf8-246e-4473-98be-852344a28b85,9b41f83c-7c23-4772-97f3-d6da5ab1f9ef,0.0,0.3,OK
Lindinvent,Lindinvent,LB91-6165-VFD101/4152,LB91-6165-VFD101 Presence,Presence,IndoorAir,KONTOR,6165,PLAN 9,7a2bea19-b0f6-45af-af11-2b2140a90f58,9b41f83c-7c23-4772-97f3-d6da5ab1f9ef,0.0,0.3,OK
Lindinvent,Lindinvent,LB91-6165-VFD101/8006,LB91-6165-VFD101 Room temperature setpoint,CapabilityTypeSetpoint,IndoorAir,KONTOR,6165,PLAN 9,58489473-80ca-4b1c-ac76-62d6e186c910,9b41f83c-7c23-4772-97f3-d6da5ab1f9ef,21.0,0.3,OK
Lindinvent,Lindinvent,LB91-6165-VFD101/9004,LB91-6165-VFD101 Opening,State,SupplyAir,KONTOR,6165,PLAN 9,d7bb95a8-2112-4f2b-8423-51a7347f0e87,9b41f83c-7c23-4772-97f3-d6da5ab1f9ef,42.0,0.3,OK
Lindinvent,Lindinvent,LB91-6165-VFD101/9070,LB91-6165-VFD101 Room temperature,Temperature,IndoorAir,KONTOR,6165,PLAN 9,393112e1-8d6b-4e5e-8c5d-0e3573c5745c,9b41f83c-7c23-4772-97f3-d6da5ab1f9ef,22.2,0.3,OK
Lindinvent,Lindinvent,LB91-6166-VFD101/-12,LB91-6166-VFD101 Supply air flow,Flow,SupplyAir,KONTOR,6166,PLAN 9,d4d44489-51de-4b0f-a763-6fc1e4144069,f4ab1d85-c839-4405-8ee2-f0174c12f645,21.0,0.3,OK
Lindinvent,Lindinvent,LB91-6166-VFD101/4151,LB91-6166-VFD101 Local presence,Presence,IndoorAir,KONTOR,6166,PLAN 9,67790be3-a2e3-40a9-b5f3-6f4fc230ab68,f4ab1d85-c839-4405-8ee2-f0174c12f645,1.0,0.3,OK
Lindinvent,Lindinvent,LB91-6166-VFD101/4152,LB91-6166-VFD101 Presence,Presence,IndoorAir,KONTOR,6166,PLAN 9,a1e296d5-f370-43c4-bfba-a452e8b9bc41,f4ab1d85-c839-4405-8ee2-f0174c12f645,1.0,0.3,OK
Lindinvent,Lindinvent,LB91-6166-VFD101/8006,LB91-6166-VFD101 Room temperature setpoint,CapabilityTypeSetpoint,IndoorAir,KONTOR,6166,PLAN 9,3baef86e-e4a9-4572-87f2-a4a1ad0e243b,f4ab1d85-c839-4405-8ee2-f0174c12f645,21.0,0.3,OK
Lindinvent,Lindinvent,LB91-6166-VFD101/9004,LB91-6166-VFD101 Opening,State,SupplyAir,KONTOR,6166,PLAN 9,433f7969-8e93-4c03-bd8e-2a5b277e516b,f4ab1d85-c839-4405-8ee2-f0174c12f645,100.0,0.3,OK
Lindinvent,Lindinvent,LB91-6166-VFD101/9070,LB91-6166-VFD101 Room temperature,Temperature,IndoorAir,KONTOR,6166,PLAN 9,05a6cfce-5287-46c5-a70f-d9a20d6ec43d,f4ab1d85-c839-4405-8ee2-f0174c12f645,22.2,0.3,OK
Lindinvent,Lindinvent,LB91-6167-VFD101/-12,LB91-6167-VFD101 Supply air flow,Flow,SupplyAir,KONTOR,6167,PLAN 9,b115fb02-f3e7-4dce-90c3-1d0d210c3465,45c5996a-340d-4f75-8b90-4516780bb153,27.0,0.3,OK
Lindinvent,Lindinvent,LB91-6167-VFD101/4151,LB91-6167-VFD101 Local presence,Presence,IndoorAir,KONTOR,6167,PLAN 9,85619dfe-926d-4e7e-902c-16276643ab06,45c5996a-340d-4f75-8b90-4516780bb153,1.0,0.3,OK
Lindinvent,Lindinvent,LB91-6167-VFD101/4152,LB91-6167-VFD101 Presence,Presence,IndoorAir,KONTOR,6167,PLAN 9,53b74ed9-a71e-4d63-a324-a2e475c03533,45c5996a-340d-4f75-8b90-4516780bb153,1.0,0.3,OK
Lindinvent,Lindinvent,LB91-6167-VFD101/8006,LB91-6167-VFD101 Room temperature setpoint,CapabilityTypeSetpoint,IndoorAir,KONTOR,6167,PLAN 9,e81a6212-8e9a-4e55-aab9-3ff7bb4a31ce,45c5996a-340d-4f75-8b90-4516780bb153,21.0,0.3,OK
Lindinvent,Lindinvent,LB91-6167-VFD101/9004,LB91-6167-VFD101 Opening,State,SupplyAir,KONTOR,6167,PLAN 9,ccc9d038-2144-490e-9162-f3a53a01c00f,45c5996a-340d-4f75-8b90-4516780bb153,100.0,0.3,OK
Lindinvent,Lindinvent,LB91-6167-VFD101/9070,LB91-6167-VFD101 Room temperature,Temperature,IndoorAir,KONTOR,6167,PLAN 9,6d26efb1-7fab-4efc-bfc5-8df38a4becbe,45c5996a-340d-4f75-8b90-4516780bb153,22.2,0.3,OK
Lindinvent,Lindinvent,LB91-6177-VFD101/-12,LB91-6177-VFD101 Supply air flow,Flow,SupplyAir,BIBLIOTEK,6177,PLAN 9,41df59ad-ce8c-4779-831b-c10a035f608d,1a52ae8b-e08a-4bdf-b2ae-ff166c712ce4,36.0,0.3,OK
Lindinvent,Lindinvent,LB91-6177-VFD101/4151,LB91-6177-VFD101 Local presence,Presence,IndoorAir,BIBLIOTEK,6177,PLAN 9,83a2e3fb-311f-4bed-b10e-062b2c6014dd,1a52ae8b-e08a-4bdf-b2ae-ff166c712ce4,0.0,0.3,OK
Lindinvent,Lindinvent,LB91-6177-VFD101/4152,LB91-6177-VFD101 Presence,Presence,IndoorAir,BIBLIOTEK,6177,PLAN 9,b466f518-0c39-492f-bc1e-26f3b196212c,1a52ae8b-e08a-4bdf-b2ae-ff166c712ce4,0.0,0.3,OK
Lindinvent,Lindinvent,LB91-6177-VFD101/8006,LB91-6177-VFD101 Room temperature setpoint,CapabilityTypeSetpoint,IndoorAir,BIBLIOTEK,6177,PLAN 9,c592982f-d9e6-4aea-8ebd-3b3a6d98717b,1a52ae8b-e08a-4bdf-b2ae-ff166c712ce4,22.5,0.3,OK
Lindinvent,Lindinvent,LB91-6177-VFD101/8009,LB91-6177-VFD101 CO2 setpoint,CapabilityTypeSetpoint,IndoorAir,BIBLIOTEK,6177,PLAN 9,348610dd-7b36-42cf-8841-cf43cf6c1ff6,1a52ae8b-e08a-4bdf-b2ae-ff166c712ce4,800.0,0.3,OK
Lindinvent,Lindinvent,LB91-6177-VFD101/9004,LB91-6177-VFD101 Opening,State,SupplyAir,BIBLIOTEK,6177,PLAN 9,4e5caa27-d9b7-470f-b175-00319bbf7e3b,1a52ae8b-e08a-4bdf-b2ae-ff166c712ce4,27.0,0.3,OK
Lindinvent,Lindinvent,LB91-6177-VFD101/9070,LB91-6177-VFD101 Room temperature,Temperature,IndoorAir,BIBLIOTEK,6177,PLAN 9,31b62930-c242-4ff2-a662-9c31717c6332,1a52ae8b-e08a-4bdf-b2ae-ff166c712ce4,22.7,0.3,OK
Lindinvent,Lindinvent,LB91-6177-VFD101/9090,LB91-6177-VFD101 CO2,CO2,IndoorAir,BIBLIOTEK,6177,PLAN 9,99507143-2fd2-4f0a-b2d6-bc672d906a08,1a52ae8b-e08a-4bdf-b2ae-ff166c712ce4,496.0,0.3,OK
Lindinvent,Lindinvent,LB91-6179a-TD401/4152,LB91-6179a-TD401 Presence,Presence,IndoorAir,Lindinvent unmapped — PLAN 9,LINDINVENT-UNMAPPED-PLAN-9,PLAN 9,2f5402bc-1c6f-4b51-b8c6-4716c2c46df8,aaab011f-e9d9-4030-ade6-c4187210fb6a,1.0,0.3,OK
Lindinvent,Lindinvent,LB91-6179a-TD401/8006,LB91-6179a-TD401 Room temperature setpoint,CapabilityTypeSetpoint,IndoorAir,Lindinvent unmapped — PLAN 9,LINDINVENT-UNMAPPED-PLAN-9,PLAN 9,24d7d455-84ac-40e0-95c6-416a4a6b78b4,aaab011f-e9d9-4030-ade6-c4187210fb6a,22.5,0.3,OK
Lindinvent,Lindinvent,LB91-6179a-TD401/8009,LB91-6179a-TD401 CO2 setpoint,CapabilityTypeSetpoint,IndoorAir,Lindinvent unmapped — PLAN 9,LINDINVENT-UNMAPPED-PLAN-9,PLAN 9,a8a01538-2af0-4457-b71b-ec49402050e0,aaab011f-e9d9-4030-ade6-c4187210fb6a,800.0,0.3,OK
Lindinvent,Lindinvent,LB91-6179a-TD401/9004,LB91-6179a-TD401 Opening,State,SupplyAir,Lindinvent unmapped — PLAN 9,LINDINVENT-UNMAPPED-PLAN-9,PLAN 9,69ab0894-7aab-48a2-abdc-250353e0589a,aaab011f-e9d9-4030-ade6-c4187210fb6a,3.0,0.3,OK
Lindinvent,Lindinvent,LB91-6179a-TD401/9070,LB91-6179a-TD401 Room temperature,Temperature,IndoorAir,Lindinvent unmapped — PLAN 9,LINDINVENT-UNMAPPED-PLAN-9,PLAN 9,dd407f89-0372-42a6-a010-776aa777b1a1,aaab011f-e9d9-4030-ade6-c4187210fb6a,22.4,0.3,OK
Lindinvent,Lindinvent,LB91-6179a-TD401/9073,LB91-6179a-TD401 Local room temperature,Temperature,IndoorAir,Lindinvent unmapped — PLAN 9,LINDINVENT-UNMAPPED-PLAN-9,PLAN 9,5586ab4a-cd8c-4ef4-a16e-6c76fa2506b0,aaab011f-e9d9-4030-ade6-c4187210fb6a,21.9,0.3,OK
Lindinvent,Lindinvent,LB91-6179a-TD401/9084,LB91-6179a-TD401 Local supply air flow,Flow,SupplyAir,Lindinvent unmapped — PLAN 9,LINDINVENT-UNMAPPED-PLAN-9,PLAN 9,b401f6cc-642a-4f9a-a93d-b7a5281f1b9d,aaab011f-e9d9-4030-ade6-c4187210fb6a,8.0,0.3,OK
Lindinvent,Lindinvent,LB91-6179a-TD401/9090,LB91-6179a-TD401 CO2,CO2,IndoorAir,Lindinvent unmapped — PLAN 9,LINDINVENT-UNMAPPED-PLAN-9,PLAN 9,a24a2285-2494-41ba-9fc5-00dedbd6ceac,aaab011f-e9d9-4030-ade6-c4187210fb6a,482.0,0.3,OK
Lindinvent,Lindinvent,LB91-6179a-VFD101/-12,LB91-6179a-VFD101 Supply air flow,Flow,SupplyAir,Lindinvent unmapped — PLAN 9,LINDINVENT-UNMAPPED-PLAN-9,PLAN 9,4a04c2b6-a5cd-4373-a5f5-fe5257d84623,a2efe68a-6e76-4076-ae23-2755e0dfeb51,6.0,0.3,OK
Lindinvent,Lindinvent,LB91-6179a-VFD101/4151,LB91-6179a-VFD101 Local presence,Presence,IndoorAir,Lindinvent unmapped — PLAN 9,LINDINVENT-UNMAPPED-PLAN-9,PLAN 9,0708ebe0-72a8-4165-b46a-dcbf32499ba5,a2efe68a-6e76-4076-ae23-2755e0dfeb51,1.0,0.3,OK
Lindinvent,Lindinvent,LB91-6179a-VFD101/4152,LB91-6179a-VFD101 Presence,Presence,IndoorAir,Lindinvent unmapped — PLAN 9,LINDINVENT-UNMAPPED-PLAN-9,PLAN 9,e9f01110-e839-4336-be57-dba63caadd88,a2efe68a-6e76-4076-ae23-2755e0dfeb51,1.0,0.3,OK
Lindinvent,Lindinvent,LB91-6179a-VFD101/8006,LB91-6179a-VFD101 Room temperature setpoint,CapabilityTypeSetpoint,IndoorAir,Lindinvent unmapped — PLAN 9,LINDINVENT-UNMAPPED-PLAN-9,PLAN 9,5d332d81-1fa9-4a6c-959a-886ade469f16,a2efe68a-6e76-4076-ae23-2755e0dfeb51,22.5,0.3,OK
Lindinvent,Lindinvent,LB91-6179a-VFD101/8009,LB91-6179a-VFD101 CO2 setpoint,CapabilityTypeSetpoint,IndoorAir,Lindinvent unmapped — PLAN 9,LINDINVENT-UNMAPPED-PLAN-9,PLAN 9,f33a543b-537e-40ca-9f3f-24ec5a8f1b67,a2efe68a-6e76-4076-ae23-2755e0dfeb51,800.0,0.3,OK
Lindinvent,Lindinvent,LB91-6179a-VFD101/9004,LB91-6179a-VFD101 Opening,State,SupplyAir,Lindinvent unmapped — PLAN 9,LINDINVENT-UNMAPPED-PLAN-9,PLAN 9,5a696b41-6234-4afb-803d-339057bbffad,a2efe68a-6e76-4076-ae23-2755e0dfeb51,20.0,0.3,OK
Lindinvent,Lindinvent,LB91-6179a-VFD101/9070,LB91-6179a-VFD101 Room temperature,Temperature,IndoorAir,Lindinvent unmapped — PLAN 9,LINDINVENT-UNMAPPED-PLAN-9,PLAN 9,28cad73d-da78-4a9c-8176-ae2e1b276c18,a2efe68a-6e76-4076-ae23-2755e0dfeb51,22.3,0.3,OK
Lindinvent,Lindinvent,LB91-6179a-VFD101/9090,LB91-6179a-VFD101 CO2,CO2,IndoorAir,Lindinvent unmapped — PLAN 9,LINDINVENT-UNMAPPED-PLAN-9,PLAN 9,2e901638-9c7a-4914-82f1-2325dd7b1376,a2efe68a-6e76-4076-ae23-2755e0dfeb51,482.0,0.3,OK
Lindinvent,Lindinvent,LB91-6179b-VFD101/-12,LB91-6179b-VFD101 Supply air flow,Flow,SupplyAir,Lindinvent unmapped — PLAN 9,LINDINVENT-UNMAPPED-PLAN-9,PLAN 9,0af5321f-2e4c-4e1d-bd01-237cc9719aee,968e89b2-f059-4305-bd66-0e18effa2ddb,5.0,0.3,OK
Lindinvent,Lindinvent,LB91-6179b-VFD101/4151,LB91-6179b-VFD101 Local presence,Presence,IndoorAir,Lindinvent unmapped — PLAN 9,LINDINVENT-UNMAPPED-PLAN-9,PLAN 9,479dda62-3e58-4500-83ae-7e5ab4c81560,968e89b2-f059-4305-bd66-0e18effa2ddb,1.0,0.3,OK
Lindinvent,Lindinvent,LB91-6179b-VFD101/4152,LB91-6179b-VFD101 Presence,Presence,IndoorAir,Lindinvent unmapped — PLAN 9,LINDINVENT-UNMAPPED-PLAN-9,PLAN 9,6e6ff273-a9ad-444d-8225-e76812978ffe,968e89b2-f059-4305-bd66-0e18effa2ddb,1.0,0.3,OK
Lindinvent,Lindinvent,LB91-6179b-VFD101/8006,LB91-6179b-VFD101 Room temperature setpoint,CapabilityTypeSetpoint,IndoorAir,Lindinvent unmapped — PLAN 9,LINDINVENT-UNMAPPED-PLAN-9,PLAN 9,ef4c4e31-3e36-4daf-a052-f7ecd2b966f0,968e89b2-f059-4305-bd66-0e18effa2ddb,22.5,0.3,OK
Lindinvent,Lindinvent,LB91-6179b-VFD101/8009,LB91-6179b-VFD101 CO2 setpoint,CapabilityTypeSetpoint,IndoorAir,Lindinvent unmapped — PLAN 9,LINDINVENT-UNMAPPED-PLAN-9,PLAN 9,7e5f4461-a58f-4628-98c5-92e154bb5dca,968e89b2-f059-4305-bd66-0e18effa2ddb,800.0,0.3,OK
Lindinvent,Lindinvent,LB91-6179b-VFD101/9004,LB91-6179b-VFD101 Opening,State,SupplyAir,Lindinvent unmapped — PLAN 9,LINDINVENT-UNMAPPED-PLAN-9,PLAN 9,774db05a-34e7-47f8-b2ca-21754f6899bf,968e89b2-f059-4305-bd66-0e18effa2ddb,18.0,0.3,OK
Lindinvent,Lindinvent,LB91-6179b-VFD101/9070,LB91-6179b-VFD101 Room temperature,Temperature,IndoorAir,Lindinvent unmapped — PLAN 9,LINDINVENT-UNMAPPED-PLAN-9,PLAN 9,daeedc06-6b19-40f4-84fe-a4ce11f03b62,968e89b2-f059-4305-bd66-0e18effa2ddb,22.3,0.3,OK
Lindinvent,Lindinvent,LB91-6179b-VFD101/9090,LB91-6179b-VFD101 CO2,CO2,IndoorAir,Lindinvent unmapped — PLAN 9,LINDINVENT-UNMAPPED-PLAN-9,PLAN 9,785d3a83-62d0-4622-a26d-6218d1831bfd,968e89b2-f059-4305-bd66-0e18effa2ddb,483.0,0.3,OK
Lindinvent,Lindinvent,LB91-6182-HD101/4151,LB91-6182-HD101 Local presence,Presence,IndoorAir,MÖTE,6182,PLAN 9,46ca2361-4819-4be8-bf24-c392e20d0df6,b131b73f-c95a-4396-85b4-910a3f46819c,0.0,0.3,OK
Lindinvent,Lindinvent,LB91-6182-HD101/4152,LB91-6182-HD101 Presence,Presence,IndoorAir,MÖTE,6182,PLAN 9,6148d6a0-0167-4e69-9b35-daf47e4407b3,b131b73f-c95a-4396-85b4-910a3f46819c,0.0,0.3,OK
Lindinvent,Lindinvent,LB91-6182-HD101/8006,LB91-6182-HD101 Room temperature setpoint,CapabilityTypeSetpoint,IndoorAir,MÖTE,6182,PLAN 9,63b64f44-aa38-4120-a383-f5ea1bec2ba5,b131b73f-c95a-4396-85b4-910a3f46819c,21.0,0.3,OK
Lindinvent,Lindinvent,LB91-6182-HD101/8009,LB91-6182-HD101 CO2 setpoint,CapabilityTypeSetpoint,IndoorAir,MÖTE,6182,PLAN 9,cab9f961-a6be-43fc-b5b9-1906a95cf471,b131b73f-c95a-4396-85b4-910a3f46819c,800.0,0.3,OK
Lindinvent,Lindinvent,LB91-6182-HD101/9070,LB91-6182-HD101 Room temperature,Temperature,IndoorAir,MÖTE,6182,PLAN 9,5a70ae5e-46f4-4e3a-8504-c6df0d09caf8,b131b73f-c95a-4396-85b4-910a3f46819c,22.1,0.3,OK
Lindinvent,Lindinvent,LB91-6182-HD101/9090,LB91-6182-HD101 CO2,CO2,IndoorAir,MÖTE,6182,PLAN 9,c3f96723-c394-4bef-9bc9-2fc9cfa59aef,b131b73f-c95a-4396-85b4-910a3f46819c,527.0,0.3,OK
Lindinvent,Lindinvent,LB91-6182-VFD101/-12,LB91-6182-VFD101 Supply air flow,Flow,SupplyAir,MÖTE,6182,PLAN 9,35e30fa3-6d3d-4f48-95c0-0ab24d9b42c1,e4742100-3ad9-47ad-b050-fcc45fbc1d62,63.0,0.3,OK
Lindinvent,Lindinvent,LB91-6182-VFD101/4151,LB91-6182-VFD101 Local presence,Presence,IndoorAir,MÖTE,6182,PLAN 9,ee1017ca-2e27-4c48-9ba1-536523d6c4f5,e4742100-3ad9-47ad-b050-fcc45fbc1d62,0.0,0.3,OK
Lindinvent,Lindinvent,LB91-6182-VFD101/4152,LB91-6182-VFD101 Presence,Presence,IndoorAir,MÖTE,6182,PLAN 9,cbeac6f4-daa5-4ff7-8eed-f9ff60f3728c,e4742100-3ad9-47ad-b050-fcc45fbc1d62,0.0,0.3,OK
Lindinvent,Lindinvent,LB91-6182-VFD101/8006,LB91-6182-VFD101 Room temperature setpoint,CapabilityTypeSetpoint,IndoorAir,MÖTE,6182,PLAN 9,d174dbc6-71bd-4cb8-b150-83674525356b,e4742100-3ad9-47ad-b050-fcc45fbc1d62,21.0,0.3,OK
Lindinvent,Lindinvent,LB91-6182-VFD101/8009,LB91-6182-VFD101 CO2 setpoint,CapabilityTypeSetpoint,IndoorAir,MÖTE,6182,PLAN 9,dc3d9b4d-9173-4b00-9943-52ff62c82e2d,e4742100-3ad9-47ad-b050-fcc45fbc1d62,800.0,0.3,OK
Lindinvent,Lindinvent,LB91-6182-VFD101/9004,LB91-6182-VFD101 Opening,State,SupplyAir,MÖTE,6182,PLAN 9,d9800ce9-d99b-41e2-8c84-84e47439641a,e4742100-3ad9-47ad-b050-fcc45fbc1d62,42.0,0.3,OK
Lindinvent,Lindinvent,LB91-6182-VFD101/9070,LB91-6182-VFD101 Room temperature,Temperature,IndoorAir,MÖTE,6182,PLAN 9,6f5b6624-7580-410a-991b-bad2ce85f82e,e4742100-3ad9-47ad-b050-fcc45fbc1d62,22.1,0.3,OK
Lindinvent,Lindinvent,LB91-6182-VFD101/9090,LB91-6182-VFD101 CO2,CO2,IndoorAir,MÖTE,6182,PLAN 9,6e35d20e-44a5-4fba-8556-9013173358e8,e4742100-3ad9-47ad-b050-fcc45fbc1d62,529.0,0.3,OK
Lindinvent,Lindinvent,LB91-6182-VFD102/-12,LB91-6182-VFD102 Supply air flow,Flow,SupplyAir,MÖTE,6182,PLAN 9,830c8326-dad8-4308-a0af-796577164306,beabb3da-8970-43f2-b235-8932c8448291,126.0,0.3,OK
Lindinvent,Lindinvent,LB91-6182-VFD102/4151,LB91-6182-VFD102 Local presence,Presence,IndoorAir,MÖTE,6182,PLAN 9,a51f1f99-04f5-4800-9c63-844d3f0a9039,beabb3da-8970-43f2-b235-8932c8448291,0.0,0.3,OK
Lindinvent,Lindinvent,LB91-6182-VFD102/4152,LB91-6182-VFD102 Presence,Presence,IndoorAir,MÖTE,6182,PLAN 9,e2d0b796-18f7-4f67-a2ea-7f78fa9d0bb5,beabb3da-8970-43f2-b235-8932c8448291,0.0,0.3,OK
Lindinvent,Lindinvent,LB91-6182-VFD102/8006,LB91-6182-VFD102 Room temperature setpoint,CapabilityTypeSetpoint,IndoorAir,MÖTE,6182,PLAN 9,77d8cdb5-7037-41b4-a303-955a9c07f28a,beabb3da-8970-43f2-b235-8932c8448291,21.0,0.3,OK
Lindinvent,Lindinvent,LB91-6182-VFD102/8009,LB91-6182-VFD102 CO2 setpoint,CapabilityTypeSetpoint,IndoorAir,MÖTE,6182,PLAN 9,b13896d4-01a2-49f8-81ee-782b540efaab,beabb3da-8970-43f2-b235-8932c8448291,800.0,0.3,OK
Lindinvent,Lindinvent,LB91-6182-VFD102/9004,LB91-6182-VFD102 Opening,State,SupplyAir,MÖTE,6182,PLAN 9,431a3936-c482-467b-b023-7088e0f74fdb,beabb3da-8970-43f2-b235-8932c8448291,44.0,0.3,OK
Lindinvent,Lindinvent,LB91-6182-VFD102/9070,LB91-6182-VFD102 Room temperature,Temperature,IndoorAir,MÖTE,6182,PLAN 9,0ae7be67-3643-4017-8235-616d0ceb1747,beabb3da-8970-43f2-b235-8932c8448291,22.1,0.3,OK
Lindinvent,Lindinvent,LB91-6182-VFD102/9090,LB91-6182-VFD102 CO2,CO2,IndoorAir,MÖTE,6182,PLAN 9,c71b1415-745c-4a07-ae04-7c74eeee79c8,beabb3da-8970-43f2-b235-8932c8448291,529.0,0.3,OK
Lindinvent,Lindinvent,LB91-6183a-VFD101/-12,LB91-6183a-VFD101 Supply air flow,Flow,SupplyAir,Lindinvent unmapped — PLAN 9,LINDINVENT-UNMAPPED-PLAN-9,PLAN 9,b01ca1da-2e9b-454e-8a23-ce4401b6f0dc,188e35c3-9a5a-4ff9-b28f-f35ab067f029,12.0,0.3,OK
Lindinvent,Lindinvent,LB91-6183a-VFD101/4151,LB91-6183a-VFD101 Local presence,Presence,IndoorAir,Lindinvent unmapped — PLAN 9,LINDINVENT-UNMAPPED-PLAN-9,PLAN 9,7c42c2c1-6d29-4fe3-b85b-4b416e6f3cd3,188e35c3-9a5a-4ff9-b28f-f35ab067f029,1.0,0.3,OK
Lindinvent,Lindinvent,LB91-6183a-VFD101/4152,LB91-6183a-VFD101 Presence,Presence,IndoorAir,Lindinvent unmapped — PLAN 9,LINDINVENT-UNMAPPED-PLAN-9,PLAN 9,edc674c7-0cf4-4ea9-b713-146d2ac3c2cb,188e35c3-9a5a-4ff9-b28f-f35ab067f029,1.0,0.3,OK
Lindinvent,Lindinvent,LB91-6183a-VFD101/8006,LB91-6183a-VFD101 Room temperature setpoint,CapabilityTypeSetpoint,IndoorAir,Lindinvent unmapped — PLAN 9,LINDINVENT-UNMAPPED-PLAN-9,PLAN 9,c3647e04-85a2-46b3-a1e2-92a0fccf31f3,188e35c3-9a5a-4ff9-b28f-f35ab067f029,22.5,0.3,OK
Lindinvent,Lindinvent,LB91-6183a-VFD101/9004,LB91-6183a-VFD101 Opening,State,SupplyAir,Lindinvent unmapped — PLAN 9,LINDINVENT-UNMAPPED-PLAN-9,PLAN 9,84a0b0cd-124d-4d6c-a462-957342974f48,188e35c3-9a5a-4ff9-b28f-f35ab067f029,27.0,0.3,OK
Lindinvent,Lindinvent,LB91-6183a-VFD101/9070,LB91-6183a-VFD101 Room temperature,Temperature,IndoorAir,Lindinvent unmapped — PLAN 9,LINDINVENT-UNMAPPED-PLAN-9,PLAN 9,1892fce3-b8de-4c7c-ab01-566cbb9d4691,188e35c3-9a5a-4ff9-b28f-f35ab067f029,21.8,0.3,OK
Lindinvent,Lindinvent,LB91-6183b-VFD101/-12,LB91-6183b-VFD101 Supply air flow,Flow,SupplyAir,Lindinvent unmapped — PLAN 9,LINDINVENT-UNMAPPED-PLAN-9,PLAN 9,6b722d5b-ca8e-48e8-aa67-d86863a5e809,bc78dac9-feda-4048-be70-eafe899ce395,12.0,0.3,OK
Lindinvent,Lindinvent,LB91-6183b-VFD101/4151,LB91-6183b-VFD101 Local presence,Presence,IndoorAir,Lindinvent unmapped — PLAN 9,LINDINVENT-UNMAPPED-PLAN-9,PLAN 9,609e88dd-7e0c-4a46-832a-7cc63a797c0e,bc78dac9-feda-4048-be70-eafe899ce395,1.0,0.3,OK
Lindinvent,Lindinvent,LB91-6183b-VFD101/4152,LB91-6183b-VFD101 Presence,Presence,IndoorAir,Lindinvent unmapped — PLAN 9,LINDINVENT-UNMAPPED-PLAN-9,PLAN 9,f37e6be8-1a8a-4d73-b572-8f054c8c2ddb,bc78dac9-feda-4048-be70-eafe899ce395,1.0,0.3,OK
Lindinvent,Lindinvent,LB91-6183b-VFD101/8006,LB91-6183b-VFD101 Room temperature setpoint,CapabilityTypeSetpoint,IndoorAir,Lindinvent unmapped — PLAN 9,LINDINVENT-UNMAPPED-PLAN-9,PLAN 9,a901afa5-84e7-4192-8d93-1ca8fc891bdf,bc78dac9-feda-4048-be70-eafe899ce395,22.5,0.3,OK
Lindinvent,Lindinvent,LB91-6183b-VFD101/9004,LB91-6183b-VFD101 Opening,State,SupplyAir,Lindinvent unmapped — PLAN 9,LINDINVENT-UNMAPPED-PLAN-9,PLAN 9,ea0e4d71-ccbf-4482-a68b-2de063aa0b38,bc78dac9-feda-4048-be70-eafe899ce395,31.0,0.3,OK
Lindinvent,Lindinvent,LB91-6183b-VFD101/9070,LB91-6183b-VFD101 Room temperature,Temperature,IndoorAir,Lindinvent unmapped — PLAN 9,LINDINVENT-UNMAPPED-PLAN-9,PLAN 9,6edef097-6eae-48f5-9714-25d98d7d3935,bc78dac9-feda-4048-be70-eafe899ce395,21.8,0.3,OK
Lindinvent,Lindinvent,LB91-6184b-KTD101/-13,LB91-6184b-KTD101 Exhaust air flow,Flow,ExhaustAir,Lindinvent unmapped — PLAN 9,LINDINVENT-UNMAPPED-PLAN-9,PLAN 9,9833c1b4-72f9-4717-b899-a4343a60a64d,39992c5f-f302-44c0-97bd-be32bfa625d1,-193.0,0.3,OK
Lindinvent,Lindinvent,LB91-6184b-KTD101/-20,LB91-6184b-KTD101 Pressure,Pressure,IndoorAir,Lindinvent unmapped — PLAN 9,LINDINVENT-UNMAPPED-PLAN-9,PLAN 9,0241e77c-6311-42bc-a489-a80e68e365ab,39992c5f-f302-44c0-97bd-be32bfa625d1,81.7,0.3,OK
Lindinvent,Lindinvent,LB91-6184b-KTD101/8007,LB91-6184b-KTD101 Pressure setpoint,CapabilityTypeSetpoint,IndoorAir,Lindinvent unmapped — PLAN 9,LINDINVENT-UNMAPPED-PLAN-9,PLAN 9,3bacfb95-8ae7-48b3-9f22-89a53b1972a7,39992c5f-f302-44c0-97bd-be32bfa625d1,83.0,0.3,OK
Lindinvent,Lindinvent,LB91-6185-FLKV/8006,LB91-6185-FLKV Room temperature setpoint,CapabilityTypeSetpoint,IndoorAir,Lindinvent unmapped — PLAN 9,LINDINVENT-UNMAPPED-PLAN-9,PLAN 9,10f77306-13f7-4698-90e6-cae7e41a67bc,0cbe60a9-57ec-4dcc-b185-1d27c91f7807,22.5,0.3,OK
Lindinvent,Lindinvent,LB91-6185-FLKV/8006,LB91-6185-FLKV Room temperature setpoint,CapabilityTypeSetpoint,IndoorAir,Lindinvent unmapped — PLAN 9,LINDINVENT-UNMAPPED-PLAN-9,PLAN 9,b0331857-586c-44a2-b26d-5524fab62d8f,7c416326-fc9a-4cba-8a66-af984ceeb301,22.0,0.3,OK
Lindinvent,Lindinvent,LB91-6185-FLKV/9070,LB91-6185-FLKV Room temperature,Temperature,IndoorAir,Lindinvent unmapped — PLAN 9,LINDINVENT-UNMAPPED-PLAN-9,PLAN 9,d31c5bf1-14a9-43dd-bc68-551dba6cdfe9,0cbe60a9-57ec-4dcc-b185-1d27c91f7807,22.9,0.3,OK
Lindinvent,Lindinvent,LB91-6185-FLKV/9070,LB91-6185-FLKV Room temperature,Temperature,IndoorAir,Lindinvent unmapped — PLAN 9,LINDINVENT-UNMAPPED-PLAN-9,PLAN 9,9187f922-bcf4-4aa0-a001-14a665ba69c1,7c416326-fc9a-4cba-8a66-af984ceeb301,22.9,0.3,OK
Lindinvent,Lindinvent,LB91-6185-TD401/4152,LB91-6185-TD401 Presence,Presence,IndoorAir,Lindinvent unmapped — PLAN 9,LINDINVENT-UNMAPPED-PLAN-9,PLAN 9,c8a85922-e8bf-42b9-834a-dd42eb0e639f,f1928faa-14f6-4de4-8c5c-301799071bb9,0.0,0.3,OK
Lindinvent,Lindinvent,LB91-6185-TD401/4152,LB91-6185-TD401 Presence,Presence,IndoorAir,Lindinvent unmapped — PLAN 9,LINDINVENT-UNMAPPED-PLAN-9,PLAN 9,019087e0-fd87-4667-88c3-9ea0790dfeb5,75b2e767-d4c2-4c60-af3e-e0308cc7ffa2,0.0,0.3,OK
Lindinvent,Lindinvent,LB91-6185-TD401/8006,LB91-6185-TD401 Room temperature setpoint,CapabilityTypeSetpoint,IndoorAir,Lindinvent unmapped — PLAN 9,LINDINVENT-UNMAPPED-PLAN-9,PLAN 9,8d3b105e-7738-4de8-abbc-65b81732b3b4,f1928faa-14f6-4de4-8c5c-301799071bb9,22.0,0.3,OK
Lindinvent,Lindinvent,LB91-6185-TD401/8006,LB91-6185-TD401 Room temperature setpoint,CapabilityTypeSetpoint,IndoorAir,Lindinvent unmapped — PLAN 9,LINDINVENT-UNMAPPED-PLAN-9,PLAN 9,78b45dd2-e45b-485d-b50f-37f6f55ccc40,75b2e767-d4c2-4c60-af3e-e0308cc7ffa2,22.5,0.3,OK
Lindinvent,Lindinvent,LB91-6185-TD401/8009,LB91-6185-TD401 CO2 setpoint,CapabilityTypeSetpoint,IndoorAir,Lindinvent unmapped — PLAN 9,LINDINVENT-UNMAPPED-PLAN-9,PLAN 9,f5939652-1002-4f70-a710-aa34ca586dc1,f1928faa-14f6-4de4-8c5c-301799071bb9,800.0,0.3,OK
Lindinvent,Lindinvent,LB91-6185-TD401/8009,LB91-6185-TD401 CO2 setpoint,CapabilityTypeSetpoint,IndoorAir,Lindinvent unmapped — PLAN 9,LINDINVENT-UNMAPPED-PLAN-9,PLAN 9,512e080d-4de0-42ec-92ac-c4109489bef5,75b2e767-d4c2-4c60-af3e-e0308cc7ffa2,800.0,0.3,OK
Lindinvent,Lindinvent,LB91-6185-TD401/9004,LB91-6185-TD401 Opening,State,SupplyAir,Lindinvent unmapped — PLAN 9,LINDINVENT-UNMAPPED-PLAN-9,PLAN 9,e82bd94f-22a2-488a-9cc9-27345b792f1f,f1928faa-14f6-4de4-8c5c-301799071bb9,0.0,0.3,OK
Lindinvent,Lindinvent,LB91-6185-TD401/9004,LB91-6185-TD401 Opening,State,SupplyAir,Lindinvent unmapped — PLAN 9,LINDINVENT-UNMAPPED-PLAN-9,PLAN 9,765190fc-64a1-4a23-9cab-06e22e9da319,75b2e767-d4c2-4c60-af3e-e0308cc7ffa2,13.0,0.3,OK
Lindinvent,Lindinvent,LB91-6185-TD401/9070,LB91-6185-TD401 Room temperature,Temperature,IndoorAir,Lindinvent unmapped — PLAN 9,LINDINVENT-UNMAPPED-PLAN-9,PLAN 9,c7d3db76-5df6-4c0f-9277-86b002710fc0,f1928faa-14f6-4de4-8c5c-301799071bb9,21.3,0.3,OK
Lindinvent,Lindinvent,LB91-6185-TD401/9070,LB91-6185-TD401 Room temperature,Temperature,IndoorAir,Lindinvent unmapped — PLAN 9,LINDINVENT-UNMAPPED-PLAN-9,PLAN 9,72880175-24eb-4fcc-9ccf-a324e42bf1ba,75b2e767-d4c2-4c60-af3e-e0308cc7ffa2,22.9,0.3,OK
Lindinvent,Lindinvent,LB91-6185-TD401/9073,LB91-6185-TD401 Local room temperature,Temperature,IndoorAir,Lindinvent unmapped — PLAN 9,LINDINVENT-UNMAPPED-PLAN-9,PLAN 9,440ae4cd-4b15-4e95-aca1-cbb9c3178b01,f1928faa-14f6-4de4-8c5c-301799071bb9,21.1,0.3,OK
Lindinvent,Lindinvent,LB91-6185-TD401/9073,LB91-6185-TD401 Local room temperature,Temperature,IndoorAir,Lindinvent unmapped — PLAN 9,LINDINVENT-UNMAPPED-PLAN-9,PLAN 9,bd0f1580-f370-4e3b-894d-7f29d79816ab,75b2e767-d4c2-4c60-af3e-e0308cc7ffa2,22.7,0.3,OK
Lindinvent,Lindinvent,LB91-6185-TD401/9084,LB91-6185-TD401 Local supply air flow,Flow,SupplyAir,Lindinvent unmapped — PLAN 9,LINDINVENT-UNMAPPED-PLAN-9,PLAN 9,80f6d050-8fdb-4f67-85bf-74de4af17b7c,f1928faa-14f6-4de4-8c5c-301799071bb9,7.0,0.3,OK
Lindinvent,Lindinvent,LB91-6185-TD401/9084,LB91-6185-TD401 Local supply air flow,Flow,SupplyAir,Lindinvent unmapped — PLAN 9,LINDINVENT-UNMAPPED-PLAN-9,PLAN 9,997b051a-2dd0-4190-a06c-1f5d95167874,75b2e767-d4c2-4c60-af3e-e0308cc7ffa2,36.0,0.3,OK
Lindinvent,Lindinvent,LB91-6185-TD401/9090,LB91-6185-TD401 CO2,CO2,IndoorAir,Lindinvent unmapped — PLAN 9,LINDINVENT-UNMAPPED-PLAN-9,PLAN 9,a499a90c-2f74-478e-9971-cf031aacd21e,f1928faa-14f6-4de4-8c5c-301799071bb9,431.0,0.3,OK
Lindinvent,Lindinvent,LB91-6185-TD401/9090,LB91-6185-TD401 CO2,CO2,IndoorAir,Lindinvent unmapped — PLAN 9,LINDINVENT-UNMAPPED-PLAN-9,PLAN 9,9f25e9c4-673f-4356-94c6-615b7b1116ff,75b2e767-d4c2-4c60-af3e-e0308cc7ffa2,491.0,0.3,OK
Lindinvent,Lindinvent,LB91-6185-TD402/4152,LB91-6185-TD402 Presence,Presence,IndoorAir,Lindinvent unmapped — PLAN 9,LINDINVENT-UNMAPPED-PLAN-9,PLAN 9,5616785b-350d-4061-bab8-63a5a5008071,bbc739ac-6277-41ad-bf25-273a33503578,0.0,0.3,OK
Lindinvent,Lindinvent,LB91-6185-TD402/8006,LB91-6185-TD402 Room temperature setpoint,CapabilityTypeSetpoint,IndoorAir,Lindinvent unmapped — PLAN 9,LINDINVENT-UNMAPPED-PLAN-9,PLAN 9,e3c2c218-36d1-4c1b-94fd-dc2943c7d443,bbc739ac-6277-41ad-bf25-273a33503578,22.0,0.3,OK
Lindinvent,Lindinvent,LB91-6185-TD402/8009,LB91-6185-TD402 CO2 setpoint,CapabilityTypeSetpoint,IndoorAir,Lindinvent unmapped — PLAN 9,LINDINVENT-UNMAPPED-PLAN-9,PLAN 9,579d4dae-f2bf-4581-bf32-5eee3c14fc14,bbc739ac-6277-41ad-bf25-273a33503578,800.0,0.3,OK
Lindinvent,Lindinvent,LB91-6185-TD402/9004,LB91-6185-TD402 Opening,State,SupplyAir,Lindinvent unmapped — PLAN 9,LINDINVENT-UNMAPPED-PLAN-9,PLAN 9,77734017-1e32-4617-b78c-b9406430cc50,bbc739ac-6277-41ad-bf25-273a33503578,23.0,0.3,OK
Lindinvent,Lindinvent,LB91-6185-TD402/9070,LB91-6185-TD402 Room temperature,Temperature,IndoorAir,Lindinvent unmapped — PLAN 9,LINDINVENT-UNMAPPED-PLAN-9,PLAN 9,7999d9f7-156a-40b7-84f3-bc94e099459d,bbc739ac-6277-41ad-bf25-273a33503578,22.9,0.3,OK
Lindinvent,Lindinvent,LB91-6185-TD402/9073,LB91-6185-TD402 Local room temperature,Temperature,IndoorAir,Lindinvent unmapped — PLAN 9,LINDINVENT-UNMAPPED-PLAN-9,PLAN 9,87169aa6-0862-452e-997e-6f74bd68e9ee,bbc739ac-6277-41ad-bf25-273a33503578,23.2,0.3,OK
Lindinvent,Lindinvent,LB91-6185-TD402/9084,LB91-6185-TD402 Local supply air flow,Flow,SupplyAir,Lindinvent unmapped — PLAN 9,LINDINVENT-UNMAPPED-PLAN-9,PLAN 9,600c99d7-2750-4e2a-80d6-56b04c64291d,bbc739ac-6277-41ad-bf25-273a33503578,64.0,0.3,OK
Lindinvent,Lindinvent,LB91-6185-TD402/9090,LB91-6185-TD402 CO2,CO2,IndoorAir,Lindinvent unmapped — PLAN 9,LINDINVENT-UNMAPPED-PLAN-9,PLAN 9,dd566893-9d48-46ba-9a07-80ca6b5457f9,bbc739ac-6277-41ad-bf25-273a33503578,492.0,0.3,OK
Lindinvent,Lindinvent,LB91-6185-VFD101/-12,LB91-6185-VFD101 Supply air flow,Flow,SupplyAir,Lindinvent unmapped — PLAN 9,LINDINVENT-UNMAPPED-PLAN-9,PLAN 9,170b0018-d44d-4cba-8671-f4051cbca5e4,fc86b3a5-ca7e-46dc-b98a-b88469a14be4,7.0,0.3,OK
Lindinvent,Lindinvent,LB91-6185-VFD101/4151,LB91-6185-VFD101 Local presence,Presence,IndoorAir,Lindinvent unmapped — PLAN 9,LINDINVENT-UNMAPPED-PLAN-9,PLAN 9,f3131fd4-1034-42e2-8aa1-c2ca053a9ce5,fc86b3a5-ca7e-46dc-b98a-b88469a14be4,0.0,0.3,OK
Lindinvent,Lindinvent,LB91-6185-VFD101/4152,LB91-6185-VFD101 Presence,Presence,IndoorAir,Lindinvent unmapped — PLAN 9,LINDINVENT-UNMAPPED-PLAN-9,PLAN 9,b6402d6c-3cf5-43ca-bb4d-d34ca748f8d3,fc86b3a5-ca7e-46dc-b98a-b88469a14be4,0.0,0.3,OK
Lindinvent,Lindinvent,LB91-6185-VFD101/8006,LB91-6185-VFD101 Room temperature setpoint,CapabilityTypeSetpoint,IndoorAir,Lindinvent unmapped — PLAN 9,LINDINVENT-UNMAPPED-PLAN-9,PLAN 9,94248a38-d41a-452a-9997-ab6c46d7069e,fc86b3a5-ca7e-46dc-b98a-b88469a14be4,22.0,0.3,OK
Lindinvent,Lindinvent,LB91-6185-VFD101/8009,LB91-6185-VFD101 CO2 setpoint,CapabilityTypeSetpoint,IndoorAir,Lindinvent unmapped — PLAN 9,LINDINVENT-UNMAPPED-PLAN-9,PLAN 9,50408bcf-4901-4956-93a9-4d8a3d52ee75,fc86b3a5-ca7e-46dc-b98a-b88469a14be4,800.0,0.3,OK
Lindinvent,Lindinvent,LB91-6185-VFD101/9004,LB91-6185-VFD101 Opening,State,SupplyAir,Lindinvent unmapped — PLAN 9,LINDINVENT-UNMAPPED-PLAN-9,PLAN 9,44936964-b3d4-4584-bdcb-b56ce0961b47,fc86b3a5-ca7e-46dc-b98a-b88469a14be4,22.0,0.3,OK
Lindinvent,Lindinvent,LB91-6185-VFD101/9070,LB91-6185-VFD101 Room temperature,Temperature,IndoorAir,Lindinvent unmapped — PLAN 9,LINDINVENT-UNMAPPED-PLAN-9,PLAN 9,f80ba5c9-e992-4eed-9d3f-c8babf0c44db,fc86b3a5-ca7e-46dc-b98a-b88469a14be4,21.3,0.3,OK
Lindinvent,Lindinvent,LB91-6185-VFD101/9090,LB91-6185-VFD101 CO2,CO2,IndoorAir,Lindinvent unmapped — PLAN 9,LINDINVENT-UNMAPPED-PLAN-9,PLAN 9,203a7842-d7f9-4886-b016-b00d8f9f4588,fc86b3a5-ca7e-46dc-b98a-b88469a14be4,431.0,0.3,OK
Lindinvent,Lindinvent,LB91-6187a-VFD101/-12,LB91-6187a-VFD101 Supply air flow,Flow,SupplyAir,Lindinvent unmapped — PLAN 9,LINDINVENT-UNMAPPED-PLAN-9,PLAN 9,45adaf06-a7b2-4018-9618-3da123ccbf46,ec34aa6a-87fa-49da-932c-362b17078aa0,18.0,0.3,OK
Lindinvent,Lindinvent,LB91-6187a-VFD101/4151,LB91-6187a-VFD101 Local presence,Presence,IndoorAir,Lindinvent unmapped — PLAN 9,LINDINVENT-UNMAPPED-PLAN-9,PLAN 9,af8c6d7b-d133-4b59-ae7a-9824dfc8227c,ec34aa6a-87fa-49da-932c-362b17078aa0,0.0,0.3,OK
Lindinvent,Lindinvent,LB91-6187a-VFD101/4152,LB91-6187a-VFD101 Presence,Presence,IndoorAir,Lindinvent unmapped — PLAN 9,LINDINVENT-UNMAPPED-PLAN-9,PLAN 9,43a11c23-5c42-4530-9464-4111f290a4c1,ec34aa6a-87fa-49da-932c-362b17078aa0,0.0,0.3,OK
Lindinvent,Lindinvent,LB91-6187a-VFD101/8006,LB91-6187a-VFD101 Room temperature setpoint,CapabilityTypeSetpoint,IndoorAir,Lindinvent unmapped — PLAN 9,LINDINVENT-UNMAPPED-PLAN-9,PLAN 9,2c691936-ebc0-4759-a613-509a0ef52852,ec34aa6a-87fa-49da-932c-362b17078aa0,19.0,0.3,OK
Lindinvent,Lindinvent,LB91-6187a-VFD101/9004,LB91-6187a-VFD101 Opening,State,SupplyAir,Lindinvent unmapped — PLAN 9,LINDINVENT-UNMAPPED-PLAN-9,PLAN 9,6bfe873b-5f31-4288-ac54-25078db32f25,ec34aa6a-87fa-49da-932c-362b17078aa0,100.0,0.3,OK
Lindinvent,Lindinvent,LB91-6187a-VFD101/9070,LB91-6187a-VFD101 Room temperature,Temperature,IndoorAir,Lindinvent unmapped — PLAN 9,LINDINVENT-UNMAPPED-PLAN-9,PLAN 9,7e4b0065-3f95-4c75-8295-275ee9b09458,ec34aa6a-87fa-49da-932c-362b17078aa0,21.7,0.3,OK
Lindinvent,Lindinvent,LB91-6189-TD401/4152,LB91-6189-TD401 Presence,Presence,IndoorAir,KOP/PRINT,6189,PLAN 9,2a3dd5e2-daa6-4a54-8bb0-0fd71a898f53,83b631eb-9260-473d-bb07-02589392e4a3,0.0,0.3,OK
Lindinvent,Lindinvent,LB91-6189-TD401/8006,LB91-6189-TD401 Room temperature setpoint,CapabilityTypeSetpoint,IndoorAir,KOP/PRINT,6189,PLAN 9,66090e09-c919-4d5d-865c-4eb9a4de9eac,83b631eb-9260-473d-bb07-02589392e4a3,22.5,0.3,OK
Lindinvent,Lindinvent,LB91-6189-TD401/9004,LB91-6189-TD401 Opening,State,SupplyAir,KOP/PRINT,6189,PLAN 9,7f80f74d-a9d2-4660-bbc3-6f3188da64c3,83b631eb-9260-473d-bb07-02589392e4a3,0.0,0.3,OK
Lindinvent,Lindinvent,LB91-6189-TD401/9070,LB91-6189-TD401 Room temperature,Temperature,IndoorAir,KOP/PRINT,6189,PLAN 9,a6cd982b-81a1-40a4-b250-f74da6903748,83b631eb-9260-473d-bb07-02589392e4a3,20.9,0.3,OK
Lindinvent,Lindinvent,LB91-6189-TD401/9073,LB91-6189-TD401 Local room temperature,Temperature,IndoorAir,KOP/PRINT,6189,PLAN 9,778e7d78-26a6-4cdd-bd3c-52c3224c5c00,83b631eb-9260-473d-bb07-02589392e4a3,20.9,0.3,OK
Lindinvent,Lindinvent,LB91-6189-TD401/9084,LB91-6189-TD401 Local supply air flow,Flow,SupplyAir,KOP/PRINT,6189,PLAN 9,99b89881-f1ec-41fc-a5b6-85eb3f357017,83b631eb-9260-473d-bb07-02589392e4a3,7.0,0.3,OK
Lindinvent,Lindinvent,LB91-6190-TD401/4152,LB91-6190-TD401 Presence,Presence,IndoorAir,KONTOR,6190,PLAN 9,c3a0d58b-3d66-4ec0-8f74-4a165e0eda34,33eebab2-6111-43f0-aaa2-6b740eb165d2,0.0,0.3,OK
Lindinvent,Lindinvent,LB91-6190-TD401/8006,LB91-6190-TD401 Room temperature setpoint,CapabilityTypeSetpoint,IndoorAir,KONTOR,6190,PLAN 9,75c190df-d859-4beb-b19c-d12e2d775aa8,33eebab2-6111-43f0-aaa2-6b740eb165d2,22.5,0.3,OK
Lindinvent,Lindinvent,LB91-6190-TD401/9004,LB91-6190-TD401 Opening,State,SupplyAir,KONTOR,6190,PLAN 9,5a323fd3-d9b2-45e9-9979-ea777b59f4c0,33eebab2-6111-43f0-aaa2-6b740eb165d2,0.0,0.3,OK
Lindinvent,Lindinvent,LB91-6190-TD401/9070,LB91-6190-TD401 Room temperature,Temperature,IndoorAir,KONTOR,6190,PLAN 9,3693bf2f-5196-42ab-9e16-40cf588f1c95,33eebab2-6111-43f0-aaa2-6b740eb165d2,22.2,0.3,OK
Lindinvent,Lindinvent,LB91-6190-TD401/9073,LB91-6190-TD401 Local room temperature,Temperature,IndoorAir,KONTOR,6190,PLAN 9,555a1ecd-9343-46ac-af94-9ad5dd6f1115,33eebab2-6111-43f0-aaa2-6b740eb165d2,22.2,0.3,OK
Lindinvent,Lindinvent,LB91-6190-TD401/9084,LB91-6190-TD401 Local supply air flow,Flow,SupplyAir,KONTOR,6190,PLAN 9,ebd05230-cb60-40a5-a627-90835e3585ee,33eebab2-6111-43f0-aaa2-6b740eb165d2,8.0,0.3,OK
Lindinvent,Lindinvent,LB91-6191-HD101/8006,LB91-6191-HD101 Room temperature setpoint,CapabilityTypeSetpoint,IndoorAir,KONTOR,6191,PLAN 9,eab348b7-aa8c-48e7-9aa4-04308403b5d5,450c1900-4546-4c9e-bbb6-b583ba93de07,22.5,0.3,OK
Lindinvent,Lindinvent,LB91-6191-HD101/9070,LB91-6191-HD101 Room temperature,Temperature,IndoorAir,KONTOR,6191,PLAN 9,1053dc64-cff9-4082-900f-9f1d0871114a,450c1900-4546-4c9e-bbb6-b583ba93de07,20.9,0.3,OK
Lindinvent,Lindinvent,LB91-6191-HD102/8006,LB91-6191-HD102 Room temperature setpoint,CapabilityTypeSetpoint,IndoorAir,KONTOR,6191,PLAN 9,0e561919-d3c1-46a2-bf3c-0280849740ac,9c444cec-02e0-4c1a-85c7-cb87757b5f23,22.5,0.3,OK
Lindinvent,Lindinvent,LB91-6191-HD102/9070,LB91-6191-HD102 Room temperature,Temperature,IndoorAir,KONTOR,6191,PLAN 9,5610ed10-409b-4a53-91c1-708157814722,9c444cec-02e0-4c1a-85c7-cb87757b5f23,22.2,0.3,OK
Lindinvent,Lindinvent,LB91-6191-HD103/8006,LB91-6191-HD103 Room temperature setpoint,CapabilityTypeSetpoint,IndoorAir,KONTOR,6191,PLAN 9,5b53aca4-a14f-4db8-aca9-d0afad28b6c0,740eb9a0-9319-49ed-be12-37dcdfc877d4,22.5,0.3,OK
Lindinvent,Lindinvent,LB91-6191-HD103/9070,LB91-6191-HD103 Room temperature,Temperature,IndoorAir,KONTOR,6191,PLAN 9,4e0b51b3-bf9c-4633-ac84-08312c5f11a1,740eb9a0-9319-49ed-be12-37dcdfc877d4,22.2,0.3,OK
Lindinvent,Lindinvent,LB91-6191-HD104/8006,LB91-6191-HD104 Room temperature setpoint,CapabilityTypeSetpoint,IndoorAir,KONTOR,6191,PLAN 9,472f4ad9-6da6-4a81-aac7-1e657708dc2e,b5a4b0e9-7c63-40b3-a577-633045edb56c,21.5,0.3,OK
Lindinvent,Lindinvent,LB91-6191-HD104/9070,LB91-6191-HD104 Room temperature,Temperature,IndoorAir,KONTOR,6191,PLAN 9,215ea7b2-5477-45a2-8cc6-f3607157a1bd,b5a4b0e9-7c63-40b3-a577-633045edb56c,21.4,0.3,OK
Lindinvent,Lindinvent,LB91-6191-HD105/8006,LB91-6191-HD105 Room temperature setpoint,CapabilityTypeSetpoint,IndoorAir,KONTOR,6191,PLAN 9,22c3bcfa-c5fb-4151-9800-81bd00e6fe95,688602ba-d0e7-40da-bff0-9f5c71ef90b7,23.0,0.3,OK
Lindinvent,Lindinvent,LB91-6191-HD105/9070,LB91-6191-HD105 Room temperature,Temperature,IndoorAir,KONTOR,6191,PLAN 9,334a6094-b171-49af-991e-3ddcc8c4767a,688602ba-d0e7-40da-bff0-9f5c71ef90b7,21.4,0.3,OK
Lindinvent,Lindinvent,LB91-6191-HD106/8006,LB91-6191-HD106 Room temperature setpoint,CapabilityTypeSetpoint,IndoorAir,KONTOR,6191,PLAN 9,37f88a7e-d9ac-4d47-a505-0e7d227184e9,6f938755-5a17-4089-b7cd-eb3cfcc8ccc9,21.5,0.3,OK
Lindinvent,Lindinvent,LB91-6191-HD106/9070,LB91-6191-HD106 Room temperature,Temperature,IndoorAir,KONTOR,6191,PLAN 9,5a7dd5e7-1e90-492f-b044-936c649134d1,6f938755-5a17-4089-b7cd-eb3cfcc8ccc9,21.4,0.3,OK
Lindinvent,Lindinvent,LB91-6191-HD107/8006,LB91-6191-HD107 Room temperature setpoint,CapabilityTypeSetpoint,IndoorAir,KONTOR,6191,PLAN 9,7d78393f-91e8-472d-abfe-03551ae6786f,c05d16f9-c01f-481a-9402-e4f2887fb0e6,22.5,0.3,OK
Lindinvent,Lindinvent,LB91-6191-HD107/9070,LB91-6191-HD107 Room temperature,Temperature,IndoorAir,KONTOR,6191,PLAN 9,f4cbc71f-33dd-4551-abfa-094beb22bc43,c05d16f9-c01f-481a-9402-e4f2887fb0e6,21.4,0.3,OK
Lindinvent,Lindinvent,LB91-6191-HD108/8006,LB91-6191-HD108 Room temperature setpoint,CapabilityTypeSetpoint,IndoorAir,KONTOR,6191,PLAN 9,cb811b89-2287-466d-88c8-85eb6eb225ca,e6a9a399-ad41-4387-a0b9-ad293b244409,21.5,0.3,OK
Lindinvent,Lindinvent,LB91-6191-HD108/9070,LB91-6191-HD108 Room temperature,Temperature,IndoorAir,KONTOR,6191,PLAN 9,45374077-d645-41e0-b43e-44ba4770d6b3,e6a9a399-ad41-4387-a0b9-ad293b244409,21.4,0.3,OK
Lindinvent,Lindinvent,LB91-6191-TD401/4152,LB91-6191-TD401 Presence,Presence,IndoorAir,KONTOR,6191,PLAN 9,19261406-0506-45c6-8e58-06bfdf336254,a0b81376-0576-4c1e-940f-26a83e54473d,0.0,0.3,OK
Lindinvent,Lindinvent,LB91-6191-TD401/8006,LB91-6191-TD401 Room temperature setpoint,CapabilityTypeSetpoint,IndoorAir,KONTOR,6191,PLAN 9,ebd3b3fe-bc7a-4893-a9fe-572df0ed24fb,a0b81376-0576-4c1e-940f-26a83e54473d,21.0,0.3,OK
Lindinvent,Lindinvent,LB91-6191-TD401/8009,LB91-6191-TD401 CO2 setpoint,CapabilityTypeSetpoint,IndoorAir,KONTOR,6191,PLAN 9,8d28fda2-52dd-49a0-93bc-a72fc24d1582,a0b81376-0576-4c1e-940f-26a83e54473d,800.0,0.3,OK
Lindinvent,Lindinvent,LB91-6191-TD401/9004,LB91-6191-TD401 Opening,State,SupplyAir,KONTOR,6191,PLAN 9,404327cf-f03d-41b2-9c9d-50c59a71e7b6,a0b81376-0576-4c1e-940f-26a83e54473d,12.0,0.3,OK
Lindinvent,Lindinvent,LB91-6191-TD401/9070,LB91-6191-TD401 Room temperature,Temperature,IndoorAir,KONTOR,6191,PLAN 9,4ed0fb51-3243-4ea8-9beb-1997a1b9bf35,a0b81376-0576-4c1e-940f-26a83e54473d,21.4,0.3,OK
Lindinvent,Lindinvent,LB91-6191-TD401/9073,LB91-6191-TD401 Local room temperature,Temperature,IndoorAir,KONTOR,6191,PLAN 9,42227dde-820f-4ad7-8c55-7ddcfc8001d6,a0b81376-0576-4c1e-940f-26a83e54473d,21.3,0.3,OK
Lindinvent,Lindinvent,LB91-6191-TD401/9084,LB91-6191-TD401 Local supply air flow,Flow,SupplyAir,KONTOR,6191,PLAN 9,3714caee-40eb-42c6-b042-734c05fa78cc,a0b81376-0576-4c1e-940f-26a83e54473d,37.0,0.3,OK
Lindinvent,Lindinvent,LB91-6191-TD401/9090,LB91-6191-TD401 CO2,CO2,IndoorAir,KONTOR,6191,PLAN 9,658fdbe8-e94f-4191-8435-6eaa4d526bbc,a0b81376-0576-4c1e-940f-26a83e54473d,422.0,0.3,OK
Lindinvent,Lindinvent,LB91-6193-TD401/4152,LB91-6193-TD401 Presence,Presence,IndoorAir,KONTOR,6193,PLAN 9,d2a9651f-d2fe-47c7-a448-43101492ae71,a389b8b5-6cf0-4e61-96ec-44666976778d,0.0,0.3,OK
Lindinvent,Lindinvent,LB91-6193-TD401/8006,LB91-6193-TD401 Room temperature setpoint,CapabilityTypeSetpoint,IndoorAir,KONTOR,6193,PLAN 9,e59e958f-1027-4dad-85c8-664ef68d93aa,a389b8b5-6cf0-4e61-96ec-44666976778d,21.0,0.3,OK
Lindinvent,Lindinvent,LB91-6193-TD401/8009,LB91-6193-TD401 CO2 setpoint,CapabilityTypeSetpoint,IndoorAir,KONTOR,6193,PLAN 9,b70a4871-39db-461f-b783-58b5f45f8192,a389b8b5-6cf0-4e61-96ec-44666976778d,800.0,0.3,OK
Lindinvent,Lindinvent,LB91-6193-TD401/9004,LB91-6193-TD401 Opening,State,SupplyAir,KONTOR,6193,PLAN 9,bb1ea0cf-6eab-474d-82a9-aabc7872f574,a389b8b5-6cf0-4e61-96ec-44666976778d,11.0,0.3,OK
Lindinvent,Lindinvent,LB91-6193-TD401/9070,LB91-6193-TD401 Room temperature,Temperature,IndoorAir,KONTOR,6193,PLAN 9,966d927c-aa30-4de3-86be-dfb024123d3c,a389b8b5-6cf0-4e61-96ec-44666976778d,21.4,0.3,OK
Lindinvent,Lindinvent,LB91-6193-TD401/9073,LB91-6193-TD401 Local room temperature,Temperature,IndoorAir,KONTOR,6193,PLAN 9,da32a189-567a-4353-996a-c8ea31034ef8,a389b8b5-6cf0-4e61-96ec-44666976778d,21.4,0.3,OK
Lindinvent,Lindinvent,LB91-6193-TD401/9084,LB91-6193-TD401 Local supply air flow,Flow,SupplyAir,KONTOR,6193,PLAN 9,68122313-950a-4cad-b1b5-18614f84f9a9,a389b8b5-6cf0-4e61-96ec-44666976778d,35.0,0.3,OK
Lindinvent,Lindinvent,LB91-6193-TD401/9090,LB91-6193-TD401 CO2,CO2,IndoorAir,KONTOR,6193,PLAN 9,e41a2331-32f2-47ca-90f4-59cad63efab2,a389b8b5-6cf0-4e61-96ec-44666976778d,422.0,0.3,OK
Lindinvent,Lindinvent,LB91-6194-TD401/4152,LB91-6194-TD401 Presence,Presence,IndoorAir,MÖTE,6194,PLAN 9,e6af5c1a-3873-42f1-809a-a0c4e95a8b60,c3461be8-9193-43e8-82a3-1f92c01a2256,0.0,0.3,OK
Lindinvent,Lindinvent,LB91-6194-TD401/8006,LB91-6194-TD401 Room temperature setpoint,CapabilityTypeSetpoint,IndoorAir,MÖTE,6194,PLAN 9,dbe7bf4a-eb4b-4124-ade6-18739593752d,c3461be8-9193-43e8-82a3-1f92c01a2256,21.0,0.3,OK
Lindinvent,Lindinvent,LB91-6194-TD401/8009,LB91-6194-TD401 CO2 setpoint,CapabilityTypeSetpoint,IndoorAir,MÖTE,6194,PLAN 9,436966ba-b1f9-48c1-9bad-fb8070ee9cad,c3461be8-9193-43e8-82a3-1f92c01a2256,800.0,0.3,OK
Lindinvent,Lindinvent,LB91-6194-TD401/9004,LB91-6194-TD401 Opening,State,SupplyAir,MÖTE,6194,PLAN 9,7e4607d7-6d3e-4914-904f-60a1a8388b5a,c3461be8-9193-43e8-82a3-1f92c01a2256,12.0,0.3,OK
Lindinvent,Lindinvent,LB91-6194-TD401/9070,LB91-6194-TD401 Room temperature,Temperature,IndoorAir,MÖTE,6194,PLAN 9,7a3919cf-66e1-46a6-a14f-01ce33db196b,c3461be8-9193-43e8-82a3-1f92c01a2256,21.4,0.3,OK
Lindinvent,Lindinvent,LB91-6194-TD401/9073,LB91-6194-TD401 Local room temperature,Temperature,IndoorAir,MÖTE,6194,PLAN 9,7eb0df75-8a70-42ab-8be4-55010d7c76d4,c3461be8-9193-43e8-82a3-1f92c01a2256,21.4,0.3,OK
Lindinvent,Lindinvent,LB91-6194-TD401/9084,LB91-6194-TD401 Local supply air flow,Flow,SupplyAir,MÖTE,6194,PLAN 9,6504e25d-4cf0-45be-8fcc-167038709a87,c3461be8-9193-43e8-82a3-1f92c01a2256,35.0,0.3,OK
Lindinvent,Lindinvent,LB91-6194-TD401/9090,LB91-6194-TD401 CO2,CO2,IndoorAir,MÖTE,6194,PLAN 9,fa1906a1-b5a4-45ec-a701-120fe1eaac26,c3461be8-9193-43e8-82a3-1f92c01a2256,422.0,0.3,OK
Lindinvent,Lindinvent,LB91-6195-HD101/8006,LB91-6195-HD101 Room temperature setpoint,CapabilityTypeSetpoint,IndoorAir,MÖTE,6195,PLAN 9,74f1755a-e72b-49a0-a2f0-8662a0c87d14,424c7bb8-2d35-412d-bfda-8026e577eeaa,22.5,0.3,OK
Lindinvent,Lindinvent,LB91-6195-HD101/9070,LB91-6195-HD101 Room temperature,Temperature,IndoorAir,MÖTE,6195,PLAN 9,b0acc096-c3c9-47a9-86e9-5072b36e416d,424c7bb8-2d35-412d-bfda-8026e577eeaa,21.4,0.3,OK
Lindinvent,Lindinvent,LB91-6195-HD102/8006,LB91-6195-HD102 Room temperature setpoint,CapabilityTypeSetpoint,IndoorAir,MÖTE,6195,PLAN 9,b70551f9-f9e3-43a9-9fb4-e97d723aea43,1002a767-67fc-42de-886c-aa6af4653773,21.5,0.3,OK
Lindinvent,Lindinvent,LB91-6195-HD102/9070,LB91-6195-HD102 Room temperature,Temperature,IndoorAir,MÖTE,6195,PLAN 9,31030125-87bb-4230-a244-1bd313069a61,1002a767-67fc-42de-886c-aa6af4653773,21.4,0.3,OK
Lindinvent,Lindinvent,LB91-6195-HD103/8006,LB91-6195-HD103 Room temperature setpoint,CapabilityTypeSetpoint,IndoorAir,MÖTE,6195,PLAN 9,9705ae10-0433-4944-b52e-4916b50aa647,79987e2c-3630-4fb8-a064-807f86a1444a,22.5,0.3,OK
Lindinvent,Lindinvent,LB91-6195-HD103/9070,LB91-6195-HD103 Room temperature,Temperature,IndoorAir,MÖTE,6195,PLAN 9,22c50a3e-7461-466e-a44c-1ec3f43b8282,79987e2c-3630-4fb8-a064-807f86a1444a,21.4,0.3,OK
Lindinvent,Lindinvent,LB91-6195-HD104/8006,LB91-6195-HD104 Room temperature setpoint,CapabilityTypeSetpoint,IndoorAir,MÖTE,6195,PLAN 9,938e8fdb-4344-4815-a18b-13c89e764892,9e486fab-56ae-4907-ac92-2e0cf49ff179,21.5,0.3,OK
Lindinvent,Lindinvent,LB91-6195-HD104/9070,LB91-6195-HD104 Room temperature,Temperature,IndoorAir,MÖTE,6195,PLAN 9,dd43b905-d86c-4816-97f4-2793329ff5c5,9e486fab-56ae-4907-ac92-2e0cf49ff179,21.4,0.3,OK
Lindinvent,Lindinvent,LB91-6195-HD105/8006,LB91-6195-HD105 Room temperature setpoint,CapabilityTypeSetpoint,IndoorAir,MÖTE,6195,PLAN 9,9527b3ed-be38-4df4-be08-d7e8d0e4a1ab,b890423f-3c39-41d8-b92e-b9e5c142a1c3,22.5,0.3,OK
Lindinvent,Lindinvent,LB91-6195-HD105/9070,LB91-6195-HD105 Room temperature,Temperature,IndoorAir,MÖTE,6195,PLAN 9,dd858157-3763-4bff-9a8a-3dba029c9885,b890423f-3c39-41d8-b92e-b9e5c142a1c3,21.4,0.3,OK
Lindinvent,Lindinvent,LB91-6195-TD401/4152,LB91-6195-TD401 Presence,Presence,IndoorAir,MÖTE,6195,PLAN 9,a84f675a-f296-4b91-b577-9cb6a1e28f4e,2ef100c5-b1c9-4fdb-901a-dc0c7ad78d3c,1.0,0.3,OK
Lindinvent,Lindinvent,LB91-6195-TD401/8006,LB91-6195-TD401 Room temperature setpoint,CapabilityTypeSetpoint,IndoorAir,MÖTE,6195,PLAN 9,449de363-1c7d-4e72-b6ae-5946487a089b,2ef100c5-b1c9-4fdb-901a-dc0c7ad78d3c,22.0,0.3,OK
Lindinvent,Lindinvent,LB91-6195-TD401/8009,LB91-6195-TD401 CO2 setpoint,CapabilityTypeSetpoint,IndoorAir,MÖTE,6195,PLAN 9,624c4d10-59fe-4878-8cc3-6943ac8cfbe1,2ef100c5-b1c9-4fdb-901a-dc0c7ad78d3c,800.0,0.3,OK
Lindinvent,Lindinvent,LB91-6195-TD401/9004,LB91-6195-TD401 Opening,State,SupplyAir,MÖTE,6195,PLAN 9,e4e42909-9bdd-4b43-871e-401b0bc7b78f,2ef100c5-b1c9-4fdb-901a-dc0c7ad78d3c,11.0,0.3,OK
Lindinvent,Lindinvent,LB91-6195-TD401/9070,LB91-6195-TD401 Room temperature,Temperature,IndoorAir,MÖTE,6195,PLAN 9,1acd16c3-364d-48c0-87aa-d0e4673dc892,2ef100c5-b1c9-4fdb-901a-dc0c7ad78d3c,22.3,0.3,OK
Lindinvent,Lindinvent,LB91-6195-TD401/9073,LB91-6195-TD401 Local room temperature,Temperature,IndoorAir,MÖTE,6195,PLAN 9,459dcd68-fcb2-4f7b-af7c-eb8c4cb034ae,2ef100c5-b1c9-4fdb-901a-dc0c7ad78d3c,22.7,0.3,OK
Lindinvent,Lindinvent,LB91-6195-TD401/9084,LB91-6195-TD401 Local supply air flow,Flow,SupplyAir,MÖTE,6195,PLAN 9,4e01ae9c-6138-4560-a9f0-a1d45e74a76c,2ef100c5-b1c9-4fdb-901a-dc0c7ad78d3c,31.0,0.3,OK
Lindinvent,Lindinvent,LB91-6195-TD401/9090,LB91-6195-TD401 CO2,CO2,IndoorAir,MÖTE,6195,PLAN 9,f17d91d6-be36-4cbc-ad13-d3d60026fece,2ef100c5-b1c9-4fdb-901a-dc0c7ad78d3c,481.0,0.3,OK
Lindinvent,Lindinvent,LB91-6195-TD402/4152,LB91-6195-TD402 Presence,Presence,IndoorAir,MÖTE,6195,PLAN 9,daca6fe7-d434-4b23-946f-13f5f6e7bd6d,683d3ecb-53b7-4a58-9fe1-ef3ea0268087,1.0,0.3,OK
Lindinvent,Lindinvent,LB91-6195-TD402/8006,LB91-6195-TD402 Room temperature setpoint,CapabilityTypeSetpoint,IndoorAir,MÖTE,6195,PLAN 9,cb62cbcd-9712-404d-8811-017825b3967b,683d3ecb-53b7-4a58-9fe1-ef3ea0268087,22.0,0.3,OK
Lindinvent,Lindinvent,LB91-6195-TD402/8009,LB91-6195-TD402 CO2 setpoint,CapabilityTypeSetpoint,IndoorAir,MÖTE,6195,PLAN 9,1366febf-d3b7-4593-9748-53fa2c4fb846,683d3ecb-53b7-4a58-9fe1-ef3ea0268087,800.0,0.3,OK
Lindinvent,Lindinvent,LB91-6195-TD402/9004,LB91-6195-TD402 Opening,State,SupplyAir,MÖTE,6195,PLAN 9,be6330fc-324e-490e-ae10-3f765cb412b6,683d3ecb-53b7-4a58-9fe1-ef3ea0268087,10.0,0.3,OK
Lindinvent,Lindinvent,LB91-6195-TD402/9070,LB91-6195-TD402 Room temperature,Temperature,IndoorAir,MÖTE,6195,PLAN 9,7299b3ee-1408-4832-b676-b391062b4ce0,683d3ecb-53b7-4a58-9fe1-ef3ea0268087,22.4,0.3,OK
Lindinvent,Lindinvent,LB91-6195-TD402/9073,LB91-6195-TD402 Local room temperature,Temperature,IndoorAir,MÖTE,6195,PLAN 9,5cdc3ecb-72d3-40da-93c6-fb715a49c73e,683d3ecb-53b7-4a58-9fe1-ef3ea0268087,22.2,0.3,OK
Lindinvent,Lindinvent,LB91-6195-TD402/9084,LB91-6195-TD402 Local supply air flow,Flow,SupplyAir,MÖTE,6195,PLAN 9,467ef9c9-ee1e-484d-8da9-304e96f94635,683d3ecb-53b7-4a58-9fe1-ef3ea0268087,31.0,0.3,OK
Lindinvent,Lindinvent,LB91-6195-TD402/9090,LB91-6195-TD402 CO2,CO2,IndoorAir,MÖTE,6195,PLAN 9,c49a95de-a591-4667-934c-de2cd81514b4,683d3ecb-53b7-4a58-9fe1-ef3ea0268087,480.0,0.3,OK
Lindinvent,Lindinvent,LB91-6195-TD403/4152,LB91-6195-TD403 Presence,Presence,IndoorAir,MÖTE,6195,PLAN 9,0724d011-69c4-4983-a793-22100b531317,d59d64f3-5776-4300-aa9c-0e89e92ed849,1.0,0.3,OK
Lindinvent,Lindinvent,LB91-6195-TD403/8006,LB91-6195-TD403 Room temperature setpoint,CapabilityTypeSetpoint,IndoorAir,MÖTE,6195,PLAN 9,007763c9-0421-4ffe-b4fb-d3a77564e5e5,d59d64f3-5776-4300-aa9c-0e89e92ed849,22.0,0.3,OK
Lindinvent,Lindinvent,LB91-6195-TD403/8009,LB91-6195-TD403 CO2 setpoint,CapabilityTypeSetpoint,IndoorAir,MÖTE,6195,PLAN 9,ba31704b-1c1a-40d0-bae1-beeb48ccb14b,d59d64f3-5776-4300-aa9c-0e89e92ed849,800.0,0.3,OK
Lindinvent,Lindinvent,LB91-6195-TD403/9004,LB91-6195-TD403 Opening,State,SupplyAir,MÖTE,6195,PLAN 9,9f949eef-a78a-496c-9da0-a8e3a840f635,d59d64f3-5776-4300-aa9c-0e89e92ed849,11.0,0.3,OK
Lindinvent,Lindinvent,LB91-6195-TD403/9070,LB91-6195-TD403 Room temperature,Temperature,IndoorAir,MÖTE,6195,PLAN 9,f0dd6e2e-4abc-464c-9880-199f5eeeb45d,d59d64f3-5776-4300-aa9c-0e89e92ed849,22.4,0.3,OK
Lindinvent,Lindinvent,LB91-6195-TD403/9073,LB91-6195-TD403 Local room temperature,Temperature,IndoorAir,MÖTE,6195,PLAN 9,ca04971b-6edb-42bc-8b9f-3e50c32eb5bd,d59d64f3-5776-4300-aa9c-0e89e92ed849,22.2,0.3,OK
Lindinvent,Lindinvent,LB91-6195-TD403/9084,LB91-6195-TD403 Local supply air flow,Flow,SupplyAir,MÖTE,6195,PLAN 9,67e34424-4ec1-403b-bfc3-39c939386e06,d59d64f3-5776-4300-aa9c-0e89e92ed849,29.0,0.3,OK
Lindinvent,Lindinvent,LB91-6195-TD403/9090,LB91-6195-TD403 CO2,CO2,IndoorAir,MÖTE,6195,PLAN 9,d52b472d-81d1-4859-9572-e3e2e7b60937,d59d64f3-5776-4300-aa9c-0e89e92ed849,480.0,0.3,OK
Lindinvent,Lindinvent,LB91-6196-HD101/8006,LB91-6196-HD101 Room temperature setpoint,CapabilityTypeSetpoint,IndoorAir,MÖTE,6196,PLAN 9,4ec4c5a8-98ed-4639-bfbd-cba08e7cb1eb,387c5894-6e6d-423a-b5f6-b9f96e19f133,22.5,0.3,OK
Lindinvent,Lindinvent,LB91-6196-HD101/9070,LB91-6196-HD101 Room temperature,Temperature,IndoorAir,MÖTE,6196,PLAN 9,dc3fe2f5-20db-41c3-bb1f-891a2ad7d5eb,387c5894-6e6d-423a-b5f6-b9f96e19f133,21.7,0.3,OK
Lindinvent,Lindinvent,LB91-6196-HD102/8006,LB91-6196-HD102 Room temperature setpoint,CapabilityTypeSetpoint,IndoorAir,MÖTE,6196,PLAN 9,67241578-96d2-4c71-b396-047a82264069,3cc12083-049f-46bb-b021-f30e08279242,22.5,0.3,OK
Lindinvent,Lindinvent,LB91-6196-HD102/9070,LB91-6196-HD102 Room temperature,Temperature,IndoorAir,MÖTE,6196,PLAN 9,4fc4db74-53c0-4f32-8909-048c1815909f,3cc12083-049f-46bb-b021-f30e08279242,21.7,0.3,OK
Lindinvent,Lindinvent,LB91-6196-HD103/8006,LB91-6196-HD103 Room temperature setpoint,CapabilityTypeSetpoint,IndoorAir,MÖTE,6196,PLAN 9,e430dbdb-a0b2-4813-b85d-e7ffeb000f1c,074c7119-aa15-4d56-b15a-a724537b0971,22.5,0.3,OK
Lindinvent,Lindinvent,LB91-6196-HD103/9070,LB91-6196-HD103 Room temperature,Temperature,IndoorAir,MÖTE,6196,PLAN 9,9196b8ba-8fcb-4286-8e80-c81638a8e0db,074c7119-aa15-4d56-b15a-a724537b0971,21.6,0.3,OK
Lindinvent,Lindinvent,LB91-6196-HD104/8006,LB91-6196-HD104 Room temperature setpoint,CapabilityTypeSetpoint,IndoorAir,MÖTE,6196,PLAN 9,79672065-e545-4a7f-b598-e4e71581fe4d,6d855683-3904-433d-8aa1-97549ce9f57c,22.5,0.3,OK
Lindinvent,Lindinvent,LB91-6196-HD104/9070,LB91-6196-HD104 Room temperature,Temperature,IndoorAir,MÖTE,6196,PLAN 9,3765536e-8eea-40a6-87cb-df421577d5ba,6d855683-3904-433d-8aa1-97549ce9f57c,21.7,0.3,OK
Lindinvent,Lindinvent,LB91-6196-HD105/8006,LB91-6196-HD105 Room temperature setpoint,CapabilityTypeSetpoint,IndoorAir,MÖTE,6196,PLAN 9,d65d52e0-dee5-4b55-879d-15f00a8ccebf,75587d74-06d0-4c3b-a642-c18e922297d2,22.5,0.3,OK
Lindinvent,Lindinvent,LB91-6196-HD105/9070,LB91-6196-HD105 Room temperature,Temperature,IndoorAir,MÖTE,6196,PLAN 9,8226b0de-8131-476e-a641-ef47e3f11f89,75587d74-06d0-4c3b-a642-c18e922297d2,22.4,0.3,OK
Lindinvent,Lindinvent,LB91-6196-HD106/8006,LB91-6196-HD106 Room temperature setpoint,CapabilityTypeSetpoint,IndoorAir,MÖTE,6196,PLAN 9,d5cfa7f8-c11d-4f3a-9d5e-150538b8e196,182605cf-d002-4a79-b5af-0c83888fbb92,22.5,0.3,OK
Lindinvent,Lindinvent,LB91-6196-HD106/9070,LB91-6196-HD106 Room temperature,Temperature,IndoorAir,MÖTE,6196,PLAN 9,e7289953-961a-4515-9914-e9fbe0f44014,182605cf-d002-4a79-b5af-0c83888fbb92,22.3,0.3,OK
Lindinvent,Lindinvent,LB91-6196-HD107/8006,LB91-6196-HD107 Room temperature setpoint,CapabilityTypeSetpoint,IndoorAir,MÖTE,6196,PLAN 9,33edf781-13d1-4e63-bd6c-3b4702f9fe57,f8d1d29c-c3bd-4e3c-add6-7d318f44a904,22.5,0.3,OK
Lindinvent,Lindinvent,LB91-6196-HD107/9070,LB91-6196-HD107 Room temperature,Temperature,IndoorAir,MÖTE,6196,PLAN 9,293a2736-ced5-4994-b592-a40c2f45c96f,f8d1d29c-c3bd-4e3c-add6-7d318f44a904,22.4,0.3,OK
Lindinvent,Lindinvent,LB91-6196-HD108/8006,LB91-6196-HD108 Room temperature setpoint,CapabilityTypeSetpoint,IndoorAir,MÖTE,6196,PLAN 9,7e78273c-c0a5-488d-8bb2-f242c01fd36f,1b366f84-f3a4-4b62-9c8b-35511d21884a,22.5,0.3,OK
Lindinvent,Lindinvent,LB91-6196-HD108/9070,LB91-6196-HD108 Room temperature,Temperature,IndoorAir,MÖTE,6196,PLAN 9,45019f88-fe44-4737-a96c-753ba9955da8,1b366f84-f3a4-4b62-9c8b-35511d21884a,22.3,0.3,OK
Lindinvent,Lindinvent,LB91-6196-HD109/8006,LB91-6196-HD109 Room temperature setpoint,CapabilityTypeSetpoint,IndoorAir,MÖTE,6196,PLAN 9,a1e54454-1255-4434-85c7-e5acbcc8022f,da0de7e9-3151-4046-afc3-52cf00764471,22.5,0.3,OK
Lindinvent,Lindinvent,LB91-6196-HD109/9070,LB91-6196-HD109 Room temperature,Temperature,IndoorAir,MÖTE,6196,PLAN 9,fb5a193e-6554-4205-9f0b-9c3758afa842,da0de7e9-3151-4046-afc3-52cf00764471,22.3,0.3,OK
Lindinvent,Lindinvent,LB91-6196-TD401/4152,LB91-6196-TD401 Presence,Presence,IndoorAir,MÖTE,6196,PLAN 9,3fc023d0-3950-4249-82c4-b5dafd624b4a,322a7b9a-8d95-452e-9d57-5b91d49ec304,1.0,0.3,OK
Lindinvent,Lindinvent,LB91-6196-TD401/8006,LB91-6196-TD401 Room temperature setpoint,CapabilityTypeSetpoint,IndoorAir,MÖTE,6196,PLAN 9,c712c234-528e-4dc9-8b26-d0b629df4f31,322a7b9a-8d95-452e-9d57-5b91d49ec304,22.0,0.3,OK
Lindinvent,Lindinvent,LB91-6196-TD401/8009,LB91-6196-TD401 CO2 setpoint,CapabilityTypeSetpoint,IndoorAir,MÖTE,6196,PLAN 9,9af386db-44a5-4f0a-8907-78c845618c56,322a7b9a-8d95-452e-9d57-5b91d49ec304,800.0,0.3,OK
Lindinvent,Lindinvent,LB91-6196-TD401/9004,LB91-6196-TD401 Opening,State,SupplyAir,MÖTE,6196,PLAN 9,4e6c985f-6380-4319-870e-7553e5188186,322a7b9a-8d95-452e-9d57-5b91d49ec304,2.0,0.3,OK
Lindinvent,Lindinvent,LB91-6196-TD401/9070,LB91-6196-TD401 Room temperature,Temperature,IndoorAir,MÖTE,6196,PLAN 9,caa14b35-ec01-44ca-9c4d-f88469d5f9dc,322a7b9a-8d95-452e-9d57-5b91d49ec304,21.7,0.3,OK
Lindinvent,Lindinvent,LB91-6196-TD401/9073,LB91-6196-TD401 Local room temperature,Temperature,IndoorAir,MÖTE,6196,PLAN 9,5a8c2115-0491-49e8-91aa-aeda20310944,322a7b9a-8d95-452e-9d57-5b91d49ec304,21.9,0.3,OK
Lindinvent,Lindinvent,LB91-6196-TD401/9084,LB91-6196-TD401 Local supply air flow,Flow,SupplyAir,MÖTE,6196,PLAN 9,c315f0cb-843a-4ef7-abbe-9dcdb00eb56a,322a7b9a-8d95-452e-9d57-5b91d49ec304,10.0,0.3,OK
Lindinvent,Lindinvent,LB91-6196-TD401/9090,LB91-6196-TD401 CO2,CO2,IndoorAir,MÖTE,6196,PLAN 9,d41eea00-793d-4b3c-9f2f-e8ce6f2de747,322a7b9a-8d95-452e-9d57-5b91d49ec304,442.0,0.3,OK
Lindinvent,Lindinvent,LB91-6196-TD402/4152,LB91-6196-TD402 Presence,Presence,IndoorAir,MÖTE,6196,PLAN 9,7f66428d-e101-4b3a-b789-c3385f0b43f1,2e1e8631-3772-4374-8a84-b812f13242f0,1.0,0.3,OK
Lindinvent,Lindinvent,LB91-6196-TD402/8006,LB91-6196-TD402 Room temperature setpoint,CapabilityTypeSetpoint,IndoorAir,MÖTE,6196,PLAN 9,5e96845d-1f1f-4415-81ce-975992ec42e8,2e1e8631-3772-4374-8a84-b812f13242f0,22.0,0.3,OK
Lindinvent,Lindinvent,LB91-6196-TD402/8009,LB91-6196-TD402 CO2 setpoint,CapabilityTypeSetpoint,IndoorAir,MÖTE,6196,PLAN 9,cf409556-5e81-4327-b299-30650163f963,2e1e8631-3772-4374-8a84-b812f13242f0,800.0,0.3,OK
Lindinvent,Lindinvent,LB91-6196-TD402/9004,LB91-6196-TD402 Opening,State,SupplyAir,MÖTE,6196,PLAN 9,e1081a1a-4179-4f7a-80e3-a95c8f394500,2e1e8631-3772-4374-8a84-b812f13242f0,3.0,0.3,OK
Lindinvent,Lindinvent,LB91-6196-TD402/9070,LB91-6196-TD402 Room temperature,Temperature,IndoorAir,MÖTE,6196,PLAN 9,44309125-aff3-4761-a8b7-daebd59f8c9b,2e1e8631-3772-4374-8a84-b812f13242f0,21.7,0.3,OK
Lindinvent,Lindinvent,LB91-6196-TD402/9073,LB91-6196-TD402 Local room temperature,Temperature,IndoorAir,MÖTE,6196,PLAN 9,cedf0c29-64a7-4fb4-aced-3de796a52c49,2e1e8631-3772-4374-8a84-b812f13242f0,21.4,0.3,OK
Lindinvent,Lindinvent,LB91-6196-TD402/9084,LB91-6196-TD402 Local supply air flow,Flow,SupplyAir,MÖTE,6196,PLAN 9,d4b04baa-d3e4-431f-b37f-bc863bf9c1ea,2e1e8631-3772-4374-8a84-b812f13242f0,10.0,0.3,OK
Lindinvent,Lindinvent,LB91-6196-TD402/9090,LB91-6196-TD402 CO2,CO2,IndoorAir,MÖTE,6196,PLAN 9,4621ca0e-6d27-4373-ae84-ac46666b530d,2e1e8631-3772-4374-8a84-b812f13242f0,442.0,0.3,OK
Lindinvent,Lindinvent,LB91-6197-HD101/8006,LB91-6197-HD101 Room temperature setpoint,CapabilityTypeSetpoint,IndoorAir,MÖTE,6197,PLAN 9,41f69308-9d4e-40e7-b053-3c71d8d6f34b,1d4474f1-a3cc-4c8b-9040-e834800398d2,22.0,0.3,OK
Lindinvent,Lindinvent,LB91-6197-HD101/9070,LB91-6197-HD101 Room temperature,Temperature,IndoorAir,MÖTE,6197,PLAN 9,bdea6334-299a-447c-a544-d31c2fc81915,1d4474f1-a3cc-4c8b-9040-e834800398d2,22.9,0.3,OK
Lindinvent,Lindinvent,LB91-6197-HD102/8006,LB91-6197-HD102 Room temperature setpoint,CapabilityTypeSetpoint,IndoorAir,MÖTE,6197,PLAN 9,68eb07f8-ee32-4691-a884-6cb8e20f32a0,64c7b714-b136-4ac6-9572-9aecd4cb5a54,22.0,0.3,OK
Lindinvent,Lindinvent,LB91-6197-HD102/9070,LB91-6197-HD102 Room temperature,Temperature,IndoorAir,MÖTE,6197,PLAN 9,68d59e93-8db8-452c-ad08-e2b09e53d2ce,64c7b714-b136-4ac6-9572-9aecd4cb5a54,22.9,0.3,OK
Lindinvent,Lindinvent,LB91-6197-HD103/8006,LB91-6197-HD103 Room temperature setpoint,CapabilityTypeSetpoint,IndoorAir,MÖTE,6197,PLAN 9,34fc705f-5b09-47b0-bdc2-9ad32726f8b8,06adbf7b-0154-42fb-a02d-01f78bd827b9,22.0,0.3,OK
Lindinvent,Lindinvent,LB91-6197-HD103/9070,LB91-6197-HD103 Room temperature,Temperature,IndoorAir,MÖTE,6197,PLAN 9,a7a0bb80-4ce4-4b22-87cc-37845ad33ee3,06adbf7b-0154-42fb-a02d-01f78bd827b9,22.9,0.3,OK
Lindinvent,Lindinvent,LB91-6197-VFD101/-12,LB91-6197-VFD101 Supply air flow,Flow,SupplyAir,MÖTE,6197,PLAN 9,e515e398-e2f3-4c43-a245-bc2bf1a0c3a6,edc46ae2-9001-4fbe-902b-0a81e1123201,83.0,0.3,OK
Lindinvent,Lindinvent,LB91-6197-VFD101/8006,LB91-6197-VFD101 Room temperature setpoint,CapabilityTypeSetpoint,IndoorAir,MÖTE,6197,PLAN 9,a754476d-d041-49a6-8746-346d5ae7dcb8,edc46ae2-9001-4fbe-902b-0a81e1123201,22.0,0.3,OK
Lindinvent,Lindinvent,LB91-6197-VFD101/8009,LB91-6197-VFD101 CO2 setpoint,CapabilityTypeSetpoint,IndoorAir,MÖTE,6197,PLAN 9,714a7eaa-e647-4437-9dee-ec5be30da8e3,edc46ae2-9001-4fbe-902b-0a81e1123201,800.0,0.3,OK
Lindinvent,Lindinvent,LB91-6197-VFD101/9070,LB91-6197-VFD101 Room temperature,Temperature,IndoorAir,MÖTE,6197,PLAN 9,3f96a125-6022-46a1-b1c7-488ce9c209eb,edc46ae2-9001-4fbe-902b-0a81e1123201,22.9,0.3,OK
Lindinvent,Lindinvent,LB91-6197-VFD101/9090,LB91-6197-VFD101 CO2,CO2,IndoorAir,MÖTE,6197,PLAN 9,49f8345e-5b47-4a35-af50-0cac2d671da1,edc46ae2-9001-4fbe-902b-0a81e1123201,438.0,0.3,OK
Lindinvent,Lindinvent,LB91-6198b-KTD101/-13,LB91-6198b-KTD101 Exhaust air flow,Flow,ExhaustAir,Lindinvent unmapped — PLAN 9,LINDINVENT-UNMAPPED-PLAN-9,PLAN 9,d1e40bbb-f3bb-4ab7-98fd-628d85811dd0,cd408859-29d0-4481-b59d-ca64daac0664,-44.0,0.3,OK
Lindinvent,Lindinvent,LB91-6198b-KTD101/-20,LB91-6198b-KTD101 Pressure,Pressure,IndoorAir,Lindinvent unmapped — PLAN 9,LINDINVENT-UNMAPPED-PLAN-9,PLAN 9,a2d2790c-5f4d-4e65-96db-92723f2d6da3,cd408859-29d0-4481-b59d-ca64daac0664,50.0,0.3,OK
Lindinvent,Lindinvent,LB91-6198b-KTD101/8007,LB91-6198b-KTD101 Pressure setpoint,CapabilityTypeSetpoint,IndoorAir,Lindinvent unmapped — PLAN 9,LINDINVENT-UNMAPPED-PLAN-9,PLAN 9,a9b4ebc5-c431-4cc2-93ca-6c07fcebecdd,cd408859-29d0-4481-b59d-ca64daac0664,50.0,0.3,OK
Lindinvent,Lindinvent,LB91-6198b-VFD101/-12,LB91-6198b-VFD101 Supply air flow,Flow,SupplyAir,Lindinvent unmapped — PLAN 9,LINDINVENT-UNMAPPED-PLAN-9,PLAN 9,5495bc0b-18ff-4bac-977d-47806ab65ed7,123fc065-0478-43d5-aab6-08d111fb0fd7,10.0,0.3,OK
Lindinvent,Lindinvent,LB91-6198b-VFD101/4151,LB91-6198b-VFD101 Local presence,Presence,IndoorAir,Lindinvent unmapped — PLAN 9,LINDINVENT-UNMAPPED-PLAN-9,PLAN 9,6447d3da-0cf5-47b2-888a-1471733e21a9,123fc065-0478-43d5-aab6-08d111fb0fd7,1.0,0.3,OK
Lindinvent,Lindinvent,LB91-6198b-VFD101/4152,LB91-6198b-VFD101 Presence,Presence,IndoorAir,Lindinvent unmapped — PLAN 9,LINDINVENT-UNMAPPED-PLAN-9,PLAN 9,5238a330-3aee-4c8f-9c2c-1a32c2a4ccca,123fc065-0478-43d5-aab6-08d111fb0fd7,1.0,0.3,OK
Lindinvent,Lindinvent,LB91-6198b-VFD101/8006,LB91-6198b-VFD101 Room temperature setpoint,CapabilityTypeSetpoint,IndoorAir,Lindinvent unmapped — PLAN 9,LINDINVENT-UNMAPPED-PLAN-9,PLAN 9,c431307f-5378-490e-991f-d5f0d6bae896,123fc065-0478-43d5-aab6-08d111fb0fd7,22.5,0.3,OK
Lindinvent,Lindinvent,LB91-6198b-VFD101/9004,LB91-6198b-VFD101 Opening,State,SupplyAir,Lindinvent unmapped — PLAN 9,LINDINVENT-UNMAPPED-PLAN-9,PLAN 9,0b41d8ed-7aef-4686-9d2d-f1ad521a55aa,123fc065-0478-43d5-aab6-08d111fb0fd7,27.0,0.3,OK
Lindinvent,Lindinvent,LB91-6198b-VFD101/9070,LB91-6198b-VFD101 Room temperature,Temperature,IndoorAir,Lindinvent unmapped — PLAN 9,LINDINVENT-UNMAPPED-PLAN-9,PLAN 9,27beb889-24d0-49a5-83b4-c50504008a70,123fc065-0478-43d5-aab6-08d111fb0fd7,21.7,0.3,OK
Lindinvent,Lindinvent,LB91-6199-KTD101/-12,LB91-6199-KTD101 Supply air flow,Flow,SupplyAir,PASS,6199,PLAN 9,9e687afb-4836-47f6-b703-2ac372fd2784,49f6cbdb-e8ba-480b-996e-28d97d22e02b,1245.0,0.3,OK
Lindinvent,Lindinvent,LB91-6199-KTD101/-20,LB91-6199-KTD101 Pressure,Pressure,IndoorAir,PASS,6199,PLAN 9,2aa1a419-fd52-41c1-95eb-dc91023fa5a6,49f6cbdb-e8ba-480b-996e-28d97d22e02b,201.8,0.3,OK
Lindinvent,Lindinvent,LB91-6199-KTD101/8007,LB91-6199-KTD101 Pressure setpoint,CapabilityTypeSetpoint,IndoorAir,PASS,6199,PLAN 9,b990d2df-a4d7-468b-a483-6ae3978d264d,49f6cbdb-e8ba-480b-996e-28d97d22e02b,200.0,0.3,OK
Lindinvent,Lindinvent,LB91-6200-HD101/8006,LB91-6200-HD101 Room temperature setpoint,CapabilityTypeSetpoint,IndoorAir,MÖTE,6200,PLAN 9,12c7b42c-c5eb-437a-941c-3d78b00f6f24,9c449b4d-1de2-4ecd-9938-a2b847a5584f,21.0,0.3,OK
Lindinvent,Lindinvent,LB91-6200-HD101/9070,LB91-6200-HD101 Room temperature,Temperature,IndoorAir,MÖTE,6200,PLAN 9,e225a6af-6083-41e4-b3ce-c3662d544089,9c449b4d-1de2-4ecd-9938-a2b847a5584f,22.1,0.3,OK
Lindinvent,Lindinvent,LB91-6200-VFD101/-12,LB91-6200-VFD101 Supply air flow,Flow,SupplyAir,MÖTE,6200,PLAN 9,a6d730ca-69eb-4b94-a807-fcf8a1b379f8,3761e449-c2e9-4149-953f-6fbf6340f7d1,44.0,0.3,OK
Lindinvent,Lindinvent,LB91-6200-VFD101/4151,LB91-6200-VFD101 Local presence,Presence,IndoorAir,MÖTE,6200,PLAN 9,44041cb5-4fa2-4ab6-a619-7dd99883d799,3761e449-c2e9-4149-953f-6fbf6340f7d1,1.0,0.3,OK
Lindinvent,Lindinvent,LB91-6200-VFD101/4152,LB91-6200-VFD101 Presence,Presence,IndoorAir,MÖTE,6200,PLAN 9,a735c7eb-21d4-4ac0-afb2-8aa40fcf2fc0,3761e449-c2e9-4149-953f-6fbf6340f7d1,1.0,0.3,OK
Lindinvent,Lindinvent,LB91-6200-VFD101/8006,LB91-6200-VFD101 Room temperature setpoint,CapabilityTypeSetpoint,IndoorAir,MÖTE,6200,PLAN 9,8d5c0c6a-e5ce-48c7-a506-c97d6a3290bc,3761e449-c2e9-4149-953f-6fbf6340f7d1,21.0,0.3,OK
Lindinvent,Lindinvent,LB91-6200-VFD101/9004,LB91-6200-VFD101 Opening,State,SupplyAir,MÖTE,6200,PLAN 9,2f788cd8-47e6-4d04-97d5-103d44cf05d5,3761e449-c2e9-4149-953f-6fbf6340f7d1,35.0,0.3,OK
Lindinvent,Lindinvent,LB91-6200-VFD101/9070,LB91-6200-VFD101 Room temperature,Temperature,IndoorAir,MÖTE,6200,PLAN 9,9763b3db-4071-402e-9e6f-e00081ca405d,3761e449-c2e9-4149-953f-6fbf6340f7d1,22.1,0.3,OK
Lindinvent,Lindinvent,LB91-6200-VFD102/-12,LB91-6200-VFD102 Supply air flow,Flow,SupplyAir,MÖTE,6200,PLAN 9,f8598c44-273c-47d2-afdf-7f07aaf6cff8,c1feaec4-ede3-447d-97f2-a814fdae3034,22.0,0.3,OK
Lindinvent,Lindinvent,LB91-6200-VFD102/4151,LB91-6200-VFD102 Local presence,Presence,IndoorAir,MÖTE,6200,PLAN 9,d31ee658-4e74-412d-8a71-cc007678d4cb,c1feaec4-ede3-447d-97f2-a814fdae3034,1.0,0.3,OK
Lindinvent,Lindinvent,LB91-6200-VFD102/4152,LB91-6200-VFD102 Presence,Presence,IndoorAir,MÖTE,6200,PLAN 9,77e0ea12-998a-44b5-98cf-3a72e7315291,c1feaec4-ede3-447d-97f2-a814fdae3034,1.0,0.3,OK
Lindinvent,Lindinvent,LB91-6200-VFD102/8006,LB91-6200-VFD102 Room temperature setpoint,CapabilityTypeSetpoint,IndoorAir,MÖTE,6200,PLAN 9,2bcdfd4a-b450-4a0a-aba2-adc759132f14,c1feaec4-ede3-447d-97f2-a814fdae3034,21.0,0.3,OK
Lindinvent,Lindinvent,LB91-6200-VFD102/9004,LB91-6200-VFD102 Opening,State,SupplyAir,MÖTE,6200,PLAN 9,342d258f-cd27-41a5-927c-d3f5dd7e3444,c1feaec4-ede3-447d-97f2-a814fdae3034,38.0,0.3,OK
Lindinvent,Lindinvent,LB91-6200-VFD102/9070,LB91-6200-VFD102 Room temperature,Temperature,IndoorAir,MÖTE,6200,PLAN 9,2d2fd5e7-9a40-4fdb-8101-71e276cb06cb,c1feaec4-ede3-447d-97f2-a814fdae3034,22.1,0.3,OK
Lindinvent,Lindinvent,LB91-6200-VFD21/9085,LB91-6200-VFD21 Local exhaust air flow,Flow,ExhaustAir,MÖTE,6200,PLAN 9,98eae6c1-a547-468e-a174-25096c1e4c2a,471cebc2-a6a1-4b6c-8725-6dcb75305e59,-390.0,0.3,OK
Lindinvent,Lindinvent,LB91-6201-VFD21/9085,LB91-6201-VFD21 Local exhaust air flow,Flow,ExhaustAir,PENTRY,6201,PLAN 9,8459e861-0b82-4f5a-82b1-db8075759d74,d07d14a4-0f6f-4d4f-b4db-036b4a2b4664,-300.0,0.3,OK
Lindinvent,Lindinvent,LB91-6202-KTD21/-13,LB91-6202-KTD21 Exhaust air flow,Flow,ExhaustAir,KPR,6202,PLAN 9,3147ba3a-7f91-4f26-be9f-1ab2d0692811,1fbfdd03-a7a2-4ccf-bc9b-b75ef55c6967,-40.0,0.3,OK
Lindinvent,Lindinvent,LB91-6202-KTD21/-20,LB91-6202-KTD21 Pressure,Pressure,IndoorAir,KPR,6202,PLAN 9,d51c152c-120b-49e3-bb95-1961c52393ea,1fbfdd03-a7a2-4ccf-bc9b-b75ef55c6967,28.8,0.3,OK
Lindinvent,Lindinvent,LB91-6202-KTD21/8007,LB91-6202-KTD21 Pressure setpoint,CapabilityTypeSetpoint,IndoorAir,KPR,6202,PLAN 9,e6aabc1f-f80d-4366-9818-121485b4e051,1fbfdd03-a7a2-4ccf-bc9b-b75ef55c6967,29.0,0.3,OK
Lindinvent,Lindinvent,LB91-6206-HD101/8006,LB91-6206-HD101 Room temperature setpoint,CapabilityTypeSetpoint,IndoorAir,RECEPTION/ ENTRÉ,6206,PLAN 9,5903b5bb-f2eb-4adf-a273-6b8a8725d1c0,de0edc05-d4b4-435a-a385-c9c5415a9838,21.0,0.3,OK
Lindinvent,Lindinvent,LB91-6206-HD101/9070,LB91-6206-HD101 Room temperature,Temperature,IndoorAir,RECEPTION/ ENTRÉ,6206,PLAN 9,054d1045-e529-40a8-a57a-2752d252e4e3,de0edc05-d4b4-435a-a385-c9c5415a9838,22.2,0.3,OK
Lindinvent,Lindinvent,LB91-6206-VFD101/-12,LB91-6206-VFD101 Supply air flow,Flow,SupplyAir,RECEPTION/ ENTRÉ,6206,PLAN 9,9e5d551a-4442-4697-a638-ab83d1fff7db,fa1773b2-10ed-4a22-adb2-58854d5d0ce0,53.0,0.3,OK
Lindinvent,Lindinvent,LB91-6206-VFD101/4151,LB91-6206-VFD101 Local presence,Presence,IndoorAir,RECEPTION/ ENTRÉ,6206,PLAN 9,1c8ca140-76af-484d-9787-654edc482fa6,fa1773b2-10ed-4a22-adb2-58854d5d0ce0,0.0,0.3,OK
Lindinvent,Lindinvent,LB91-6206-VFD101/4152,LB91-6206-VFD101 Presence,Presence,IndoorAir,RECEPTION/ ENTRÉ,6206,PLAN 9,155e134e-4f69-45e2-bda5-a866f31567a9,fa1773b2-10ed-4a22-adb2-58854d5d0ce0,0.0,0.3,OK
Lindinvent,Lindinvent,LB91-6206-VFD101/8006,LB91-6206-VFD101 Room temperature setpoint,CapabilityTypeSetpoint,IndoorAir,RECEPTION/ ENTRÉ,6206,PLAN 9,6c317abd-d118-485d-a255-053bf3484edc,fa1773b2-10ed-4a22-adb2-58854d5d0ce0,21.0,0.3,OK
Lindinvent,Lindinvent,LB91-6206-VFD101/9004,LB91-6206-VFD101 Opening,State,SupplyAir,RECEPTION/ ENTRÉ,6206,PLAN 9,d98b3fe3-a858-4e05-9c90-0e261f49bd68,fa1773b2-10ed-4a22-adb2-58854d5d0ce0,100.0,0.3,OK
Lindinvent,Lindinvent,LB91-6206-VFD101/9070,LB91-6206-VFD101 Room temperature,Temperature,IndoorAir,RECEPTION/ ENTRÉ,6206,PLAN 9,a793a374-e4a6-44b9-a60e-30154c3d2482,fa1773b2-10ed-4a22-adb2-58854d5d0ce0,22.2,0.3,OK
Lindinvent,Lindinvent,LB91-6208-KTD101/-13,LB91-6208-KTD101 Exhaust air flow,Flow,ExhaustAir,Lindinvent unmapped — PLAN 9,LINDINVENT-UNMAPPED-PLAN-9,PLAN 9,5bf469c1-7e2b-4d2a-b8d3-b646d81fb8f6,d5b355a4-5319-4cd1-8fc2-1589608f274e,-88.0,0.3,OK
Lindinvent,Lindinvent,LB91-6208-KTD101/-20,LB91-6208-KTD101 Pressure,Pressure,IndoorAir,Lindinvent unmapped — PLAN 9,LINDINVENT-UNMAPPED-PLAN-9,PLAN 9,81ab6e79-cb53-4c03-84b8-a00ff615e775,d5b355a4-5319-4cd1-8fc2-1589608f274e,60.7,0.3,OK
Lindinvent,Lindinvent,LB91-6208-KTD101/8007,LB91-6208-KTD101 Pressure setpoint,CapabilityTypeSetpoint,IndoorAir,Lindinvent unmapped — PLAN 9,LINDINVENT-UNMAPPED-PLAN-9,PLAN 9,3cd42f02-24e9-43dc-ab30-210c8c9ebbba,d5b355a4-5319-4cd1-8fc2-1589608f274e,60.0,0.3,OK
Lindinvent,Lindinvent,LB91-6209-VFD101/-12,LB91-6209-VFD101 Supply air flow,Flow,SupplyAir,Lindinvent unmapped — PLAN 9,LINDINVENT-UNMAPPED-PLAN-9,PLAN 9,3e98e2c9-efa2-40dc-9f01-0030e12467c5,2bd4088d-57b6-4cdf-b337-3b2eec85d48d,23.0,0.3,OK
Lindinvent,Lindinvent,LB91-6209-VFD101/4151,LB91-6209-VFD101 Local presence,Presence,IndoorAir,Lindinvent unmapped — PLAN 9,LINDINVENT-UNMAPPED-PLAN-9,PLAN 9,f013d784-f3d5-40fc-8647-f906b242279f,2bd4088d-57b6-4cdf-b337-3b2eec85d48d,0.0,0.3,OK
Lindinvent,Lindinvent,LB91-6209-VFD101/4152,LB91-6209-VFD101 Presence,Presence,IndoorAir,Lindinvent unmapped — PLAN 9,LINDINVENT-UNMAPPED-PLAN-9,PLAN 9,3b67906b-bc5c-472b-afd2-d3fce4fb3179,2bd4088d-57b6-4cdf-b337-3b2eec85d48d,0.0,0.3,OK
Lindinvent,Lindinvent,LB91-6209-VFD101/8006,LB91-6209-VFD101 Room temperature setpoint,CapabilityTypeSetpoint,IndoorAir,Lindinvent unmapped — PLAN 9,LINDINVENT-UNMAPPED-PLAN-9,PLAN 9,51f27520-187c-40cf-9abb-1b9bb4f82257,2bd4088d-57b6-4cdf-b337-3b2eec85d48d,22.5,0.3,OK
Lindinvent,Lindinvent,LB91-6209-VFD101/9004,LB91-6209-VFD101 Opening,State,SupplyAir,Lindinvent unmapped — PLAN 9,LINDINVENT-UNMAPPED-PLAN-9,PLAN 9,9aa067c4-b91d-4435-87f6-c6f7dfa88c22,2bd4088d-57b6-4cdf-b337-3b2eec85d48d,53.0,0.3,OK
Lindinvent,Lindinvent,LB91-6209-VFD101/9070,LB91-6209-VFD101 Room temperature,Temperature,IndoorAir,Lindinvent unmapped — PLAN 9,LINDINVENT-UNMAPPED-PLAN-9,PLAN 9,e33ffd37-58e2-4614-a3e4-82e679789df8,2bd4088d-57b6-4cdf-b337-3b2eec85d48d,23.0,0.3,OK
Lindinvent,Lindinvent,LB91-6210-VFD101/-12,LB91-6210-VFD101 Supply air flow,Flow,SupplyAir,Lindinvent unmapped — PLAN 9,LINDINVENT-UNMAPPED-PLAN-9,PLAN 9,394a473e-e3b9-44dc-9c5d-53761da4f86e,a44a85b1-89af-46d6-b3dd-5fc42006d01b,22.0,0.3,OK
Lindinvent,Lindinvent,LB91-6210-VFD101/4151,LB91-6210-VFD101 Local presence,Presence,IndoorAir,Lindinvent unmapped — PLAN 9,LINDINVENT-UNMAPPED-PLAN-9,PLAN 9,0e3e456c-31f1-4320-9726-4847863ae535,a44a85b1-89af-46d6-b3dd-5fc42006d01b,0.0,0.3,OK
Lindinvent,Lindinvent,LB91-6210-VFD101/4152,LB91-6210-VFD101 Presence,Presence,IndoorAir,Lindinvent unmapped — PLAN 9,LINDINVENT-UNMAPPED-PLAN-9,PLAN 9,7e80659f-2de2-4685-8579-278965bb2306,a44a85b1-89af-46d6-b3dd-5fc42006d01b,0.0,0.3,OK
Lindinvent,Lindinvent,LB91-6210-VFD101/8006,LB91-6210-VFD101 Room temperature setpoint,CapabilityTypeSetpoint,IndoorAir,Lindinvent unmapped — PLAN 9,LINDINVENT-UNMAPPED-PLAN-9,PLAN 9,fa95b053-b36a-4cbf-98ad-db0b2be4130b,a44a85b1-89af-46d6-b3dd-5fc42006d01b,20.0,0.3,OK
Lindinvent,Lindinvent,LB91-6210-VFD101/9004,LB91-6210-VFD101 Opening,State,SupplyAir,Lindinvent unmapped — PLAN 9,LINDINVENT-UNMAPPED-PLAN-9,PLAN 9,d77dbf49-03db-4cec-9de7-408ae99e20ef,a44a85b1-89af-46d6-b3dd-5fc42006d01b,52.0,0.3,OK
Lindinvent,Lindinvent,LB91-6210-VFD101/9070,LB91-6210-VFD101 Room temperature,Temperature,IndoorAir,Lindinvent unmapped — PLAN 9,LINDINVENT-UNMAPPED-PLAN-9,PLAN 9,aa6a50f0-94cc-4b6f-8007-f6bdbacd21e8,a44a85b1-89af-46d6-b3dd-5fc42006d01b,21.0,0.3,OK
Lindinvent,Lindinvent,LB91-6211-VFD101/-12,LB91-6211-VFD101 Supply air flow,Flow,SupplyAir,Lindinvent unmapped — PLAN 9,LINDINVENT-UNMAPPED-PLAN-9,PLAN 9,d2f51860-bd2a-4f6b-8b4e-cfa02d1d2a7d,6df6af44-96f7-4c78-a4ca-d364bbe49be3,22.0,0.3,OK
Lindinvent,Lindinvent,LB91-6211-VFD101/4151,LB91-6211-VFD101 Local presence,Presence,IndoorAir,Lindinvent unmapped — PLAN 9,LINDINVENT-UNMAPPED-PLAN-9,PLAN 9,e14e07f5-bb10-4789-a198-7f0e2f8e263c,6df6af44-96f7-4c78-a4ca-d364bbe49be3,1.0,0.3,OK
Lindinvent,Lindinvent,LB91-6211-VFD101/4152,LB91-6211-VFD101 Presence,Presence,IndoorAir,Lindinvent unmapped — PLAN 9,LINDINVENT-UNMAPPED-PLAN-9,PLAN 9,840d2142-be95-4ba2-94fb-236602737910,6df6af44-96f7-4c78-a4ca-d364bbe49be3,1.0,0.3,OK
Lindinvent,Lindinvent,LB91-6211-VFD101/8006,LB91-6211-VFD101 Room temperature setpoint,CapabilityTypeSetpoint,IndoorAir,Lindinvent unmapped — PLAN 9,LINDINVENT-UNMAPPED-PLAN-9,PLAN 9,5add6405-e7c7-4e1a-84f5-38cf4e0ff183,6df6af44-96f7-4c78-a4ca-d364bbe49be3,21.0,0.3,OK
Lindinvent,Lindinvent,LB91-6211-VFD101/8009,LB91-6211-VFD101 CO2 setpoint,CapabilityTypeSetpoint,IndoorAir,Lindinvent unmapped — PLAN 9,LINDINVENT-UNMAPPED-PLAN-9,PLAN 9,c7009ed4-7b0d-40d4-8bfd-e5717ba869ee,6df6af44-96f7-4c78-a4ca-d364bbe49be3,800.0,0.3,OK
Lindinvent,Lindinvent,LB91-6211-VFD101/9004,LB91-6211-VFD101 Opening,State,SupplyAir,Lindinvent unmapped — PLAN 9,LINDINVENT-UNMAPPED-PLAN-9,PLAN 9,8f583ee4-45bd-485f-9cd2-71d3784c992c,6df6af44-96f7-4c78-a4ca-d364bbe49be3,47.0,0.3,OK
Lindinvent,Lindinvent,LB91-6211-VFD101/9070,LB91-6211-VFD101 Room temperature,Temperature,IndoorAir,Lindinvent unmapped — PLAN 9,LINDINVENT-UNMAPPED-PLAN-9,PLAN 9,8b751487-0f21-4375-b78d-49623927980c,6df6af44-96f7-4c78-a4ca-d364bbe49be3,22.1,0.3,OK
Lindinvent,Lindinvent,LB91-6211-VFD101/9090,LB91-6211-VFD101 CO2,CO2,IndoorAir,Lindinvent unmapped — PLAN 9,LINDINVENT-UNMAPPED-PLAN-9,PLAN 9,4f43a7ad-7a37-44c4-9114-40d4f49e3963,6df6af44-96f7-4c78-a4ca-d364bbe49be3,529.0,0.3,OK
Lindinvent,Lindinvent,LB91-6211-VFD102/-12,LB91-6211-VFD102 Supply air flow,Flow,SupplyAir,Lindinvent unmapped — PLAN 9,LINDINVENT-UNMAPPED-PLAN-9,PLAN 9,64037fca-1ba5-4d5e-a30b-1a80189492c3,2059299d-8f38-4a18-81d7-55f59a356c21,22.0,0.3,OK
Lindinvent,Lindinvent,LB91-6211-VFD102/4151,LB91-6211-VFD102 Local presence,Presence,IndoorAir,Lindinvent unmapped — PLAN 9,LINDINVENT-UNMAPPED-PLAN-9,PLAN 9,72ed6622-cbf0-4cf4-9b9d-28f0e19c4604,2059299d-8f38-4a18-81d7-55f59a356c21,0.0,0.3,OK
Lindinvent,Lindinvent,LB91-6211-VFD102/4152,LB91-6211-VFD102 Presence,Presence,IndoorAir,Lindinvent unmapped — PLAN 9,LINDINVENT-UNMAPPED-PLAN-9,PLAN 9,fd162291-039c-420b-993a-ca39ec996df1,2059299d-8f38-4a18-81d7-55f59a356c21,0.0,0.3,OK
Lindinvent,Lindinvent,LB91-6211-VFD102/8006,LB91-6211-VFD102 Room temperature setpoint,CapabilityTypeSetpoint,IndoorAir,Lindinvent unmapped — PLAN 9,LINDINVENT-UNMAPPED-PLAN-9,PLAN 9,3c459089-45a6-459a-b894-217b09cafe83,2059299d-8f38-4a18-81d7-55f59a356c21,21.0,0.3,OK
Lindinvent,Lindinvent,LB91-6211-VFD102/8009,LB91-6211-VFD102 CO2 setpoint,CapabilityTypeSetpoint,IndoorAir,Lindinvent unmapped — PLAN 9,LINDINVENT-UNMAPPED-PLAN-9,PLAN 9,52c7df47-6dd1-4c24-90db-d965aa432fb1,2059299d-8f38-4a18-81d7-55f59a356c21,800.0,0.3,OK
Lindinvent,Lindinvent,LB91-6211-VFD102/9004,LB91-6211-VFD102 Opening,State,SupplyAir,Lindinvent unmapped — PLAN 9,LINDINVENT-UNMAPPED-PLAN-9,PLAN 9,8df8ebde-c05c-4f20-ba1a-768dd39a8cae,2059299d-8f38-4a18-81d7-55f59a356c21,43.0,0.3,OK
Lindinvent,Lindinvent,LB91-6211-VFD102/9070,LB91-6211-VFD102 Room temperature,Temperature,IndoorAir,Lindinvent unmapped — PLAN 9,LINDINVENT-UNMAPPED-PLAN-9,PLAN 9,d8857e96-9b93-4668-a0b3-38373946dc07,2059299d-8f38-4a18-81d7-55f59a356c21,22.1,0.3,OK
Lindinvent,Lindinvent,LB91-6211-VFD102/9090,LB91-6211-VFD102 CO2,CO2,IndoorAir,Lindinvent unmapped — PLAN 9,LINDINVENT-UNMAPPED-PLAN-9,PLAN 9,e45d0bec-dfc3-4cd5-b85a-d1435755d81f,2059299d-8f38-4a18-81d7-55f59a356c21,529.0,0.3,OK
Lindinvent,Lindinvent,LB91-6211-VFD103/-12,LB91-6211-VFD103 Supply air flow,Flow,SupplyAir,Lindinvent unmapped — PLAN 9,LINDINVENT-UNMAPPED-PLAN-9,PLAN 9,c1dfea71-8752-4f6c-9553-95ed588b4641,a5617316-9d3e-4cf6-a7d4-a9f42eee8ebe,22.0,0.3,OK
Lindinvent,Lindinvent,LB91-6211-VFD103/4151,LB91-6211-VFD103 Local presence,Presence,IndoorAir,Lindinvent unmapped — PLAN 9,LINDINVENT-UNMAPPED-PLAN-9,PLAN 9,f770e5ab-c490-4d43-b2a7-13eebec9725c,a5617316-9d3e-4cf6-a7d4-a9f42eee8ebe,1.0,0.3,OK
Lindinvent,Lindinvent,LB91-6211-VFD103/4152,LB91-6211-VFD103 Presence,Presence,IndoorAir,Lindinvent unmapped — PLAN 9,LINDINVENT-UNMAPPED-PLAN-9,PLAN 9,198ddb36-a8cf-40a3-9458-d3eeffc07a12,a5617316-9d3e-4cf6-a7d4-a9f42eee8ebe,1.0,0.3,OK
Lindinvent,Lindinvent,LB91-6211-VFD103/8006,LB91-6211-VFD103 Room temperature setpoint,CapabilityTypeSetpoint,IndoorAir,Lindinvent unmapped — PLAN 9,LINDINVENT-UNMAPPED-PLAN-9,PLAN 9,61b40b59-bac1-4e89-a71e-e63efa9c9fa4,a5617316-9d3e-4cf6-a7d4-a9f42eee8ebe,21.0,0.3,OK
Lindinvent,Lindinvent,LB91-6211-VFD103/8009,LB91-6211-VFD103 CO2 setpoint,CapabilityTypeSetpoint,IndoorAir,Lindinvent unmapped — PLAN 9,LINDINVENT-UNMAPPED-PLAN-9,PLAN 9,0faaa06a-8977-4a4b-9b39-da6af4a24075,a5617316-9d3e-4cf6-a7d4-a9f42eee8ebe,800.0,0.3,OK
Lindinvent,Lindinvent,LB91-6211-VFD103/9004,LB91-6211-VFD103 Opening,State,SupplyAir,Lindinvent unmapped — PLAN 9,LINDINVENT-UNMAPPED-PLAN-9,PLAN 9,323056e7-dd22-4532-8ff5-e36d1eab6712,a5617316-9d3e-4cf6-a7d4-a9f42eee8ebe,33.0,0.3,OK
Lindinvent,Lindinvent,LB91-6211-VFD103/9070,LB91-6211-VFD103 Room temperature,Temperature,IndoorAir,Lindinvent unmapped — PLAN 9,LINDINVENT-UNMAPPED-PLAN-9,PLAN 9,d1d72c24-e1f6-40c3-a634-da07414180d1,a5617316-9d3e-4cf6-a7d4-a9f42eee8ebe,22.1,0.3,OK
Lindinvent,Lindinvent,LB91-6211-VFD103/9090,LB91-6211-VFD103 CO2,CO2,IndoorAir,Lindinvent unmapped — PLAN 9,LINDINVENT-UNMAPPED-PLAN-9,PLAN 9,a204a540-575f-4518-bc41-6d9a70926613,a5617316-9d3e-4cf6-a7d4-a9f42eee8ebe,527.0,0.3,OK
Lindinvent,Lindinvent,LB91-6211-VFD104/-12,LB91-6211-VFD104 Supply air flow,Flow,SupplyAir,Lindinvent unmapped — PLAN 9,LINDINVENT-UNMAPPED-PLAN-9,PLAN 9,ff23a168-e678-424d-b6df-157c943644c6,003c8029-9ea5-4c66-a930-a75f882aec51,23.0,0.3,OK
Lindinvent,Lindinvent,LB91-6211-VFD104/4151,LB91-6211-VFD104 Local presence,Presence,IndoorAir,Lindinvent unmapped — PLAN 9,LINDINVENT-UNMAPPED-PLAN-9,PLAN 9,07ac0116-6009-43bc-bad9-9c563967255c,003c8029-9ea5-4c66-a930-a75f882aec51,1.0,0.3,OK
Lindinvent,Lindinvent,LB91-6211-VFD104/4152,LB91-6211-VFD104 Presence,Presence,IndoorAir,Lindinvent unmapped — PLAN 9,LINDINVENT-UNMAPPED-PLAN-9,PLAN 9,b7ff1c6a-9b2a-4d74-a146-82a0970e27fc,003c8029-9ea5-4c66-a930-a75f882aec51,1.0,0.3,OK
Lindinvent,Lindinvent,LB91-6211-VFD104/8006,LB91-6211-VFD104 Room temperature setpoint,CapabilityTypeSetpoint,IndoorAir,Lindinvent unmapped — PLAN 9,LINDINVENT-UNMAPPED-PLAN-9,PLAN 9,25484484-62ed-41fc-9f53-153624512b93,003c8029-9ea5-4c66-a930-a75f882aec51,21.0,0.3,OK
Lindinvent,Lindinvent,LB91-6211-VFD104/8009,LB91-6211-VFD104 CO2 setpoint,CapabilityTypeSetpoint,IndoorAir,Lindinvent unmapped — PLAN 9,LINDINVENT-UNMAPPED-PLAN-9,PLAN 9,2440d622-4db6-40c3-ae92-867e72e524b8,003c8029-9ea5-4c66-a930-a75f882aec51,800.0,0.3,OK
Lindinvent,Lindinvent,LB91-6211-VFD104/9004,LB91-6211-VFD104 Opening,State,SupplyAir,Lindinvent unmapped — PLAN 9,LINDINVENT-UNMAPPED-PLAN-9,PLAN 9,62c0ca69-b845-4587-bd72-7a5f23c4321c,003c8029-9ea5-4c66-a930-a75f882aec51,42.0,0.3,OK
Lindinvent,Lindinvent,LB91-6211-VFD104/9070,LB91-6211-VFD104 Room temperature,Temperature,IndoorAir,Lindinvent unmapped — PLAN 9,LINDINVENT-UNMAPPED-PLAN-9,PLAN 9,9bec0e49-d21d-4881-b477-1aed6dbca1d0,003c8029-9ea5-4c66-a930-a75f882aec51,22.1,0.3,OK
Lindinvent,Lindinvent,LB91-6211-VFD104/9090,LB91-6211-VFD104 CO2,CO2,IndoorAir,Lindinvent unmapped — PLAN 9,LINDINVENT-UNMAPPED-PLAN-9,PLAN 9,3abd24a5-e82a-4dcf-b5a8-c1377a7482fa,003c8029-9ea5-4c66-a930-a75f882aec51,529.0,0.3,OK
Lindinvent,Lindinvent,LB91-6212-VFD101/-12,LB91-6212-VFD101 Supply air flow,Flow,SupplyAir,Lindinvent unmapped — PLAN 9,LINDINVENT-UNMAPPED-PLAN-9,PLAN 9,72d32004-82a1-4e3e-81a7-eb26dd3f4046,dd18ef08-cf25-4d34-8342-a1334722b47e,27.0,0.3,OK
Lindinvent,Lindinvent,LB91-6212-VFD101/4151,LB91-6212-VFD101 Local presence,Presence,IndoorAir,Lindinvent unmapped — PLAN 9,LINDINVENT-UNMAPPED-PLAN-9,PLAN 9,6294e837-ad40-4d9c-8167-bd05f153cc83,dd18ef08-cf25-4d34-8342-a1334722b47e,0.0,0.3,OK
Lindinvent,Lindinvent,LB91-6212-VFD101/4152,LB91-6212-VFD101 Presence,Presence,IndoorAir,Lindinvent unmapped — PLAN 9,LINDINVENT-UNMAPPED-PLAN-9,PLAN 9,4dee192c-49b3-44e3-8807-f3e2a83d98de,dd18ef08-cf25-4d34-8342-a1334722b47e,0.0,0.3,OK
Lindinvent,Lindinvent,LB91-6212-VFD101/8006,LB91-6212-VFD101 Room temperature setpoint,CapabilityTypeSetpoint,IndoorAir,Lindinvent unmapped — PLAN 9,LINDINVENT-UNMAPPED-PLAN-9,PLAN 9,a206b27d-f5a5-43c2-a7ea-cb75b77245be,dd18ef08-cf25-4d34-8342-a1334722b47e,21.0,0.3,OK
Lindinvent,Lindinvent,LB91-6212-VFD101/8009,LB91-6212-VFD101 CO2 setpoint,CapabilityTypeSetpoint,IndoorAir,Lindinvent unmapped — PLAN 9,LINDINVENT-UNMAPPED-PLAN-9,PLAN 9,cbe22c62-ebe0-4198-a780-5ff950219491,dd18ef08-cf25-4d34-8342-a1334722b47e,800.0,0.3,OK
Lindinvent,Lindinvent,LB91-6212-VFD101/9004,LB91-6212-VFD101 Opening,State,SupplyAir,Lindinvent unmapped — PLAN 9,LINDINVENT-UNMAPPED-PLAN-9,PLAN 9,4b981e73-45fb-4d90-a51a-3f236ef39891,dd18ef08-cf25-4d34-8342-a1334722b47e,38.0,0.3,OK
Lindinvent,Lindinvent,LB91-6212-VFD101/9070,LB91-6212-VFD101 Room temperature,Temperature,IndoorAir,Lindinvent unmapped — PLAN 9,LINDINVENT-UNMAPPED-PLAN-9,PLAN 9,024f0b43-a431-4529-906f-dd8e53fdc326,dd18ef08-cf25-4d34-8342-a1334722b47e,21.7,0.3,OK
Lindinvent,Lindinvent,LB91-6212-VFD101/9090,LB91-6212-VFD101 CO2,CO2,IndoorAir,Lindinvent unmapped — PLAN 9,LINDINVENT-UNMAPPED-PLAN-9,PLAN 9,4e200321-0e36-4d4d-acaa-39008dd135d4,dd18ef08-cf25-4d34-8342-a1334722b47e,475.0,0.3,OK
Lindinvent,Lindinvent,LB91-6212-VFD102/-12,LB91-6212-VFD102 Supply air flow,Flow,SupplyAir,Lindinvent unmapped — PLAN 9,LINDINVENT-UNMAPPED-PLAN-9,PLAN 9,77e4a418-fd67-4a88-8ffd-dde262174616,d5146a9f-324c-4224-8455-41ecd2b712d0,48.0,0.3,OK
Lindinvent,Lindinvent,LB91-6212-VFD102/4151,LB91-6212-VFD102 Local presence,Presence,IndoorAir,Lindinvent unmapped — PLAN 9,LINDINVENT-UNMAPPED-PLAN-9,PLAN 9,ae45b1bb-6cc9-484d-9e33-1ef231a06dfa,d5146a9f-324c-4224-8455-41ecd2b712d0,0.0,0.3,OK
Lindinvent,Lindinvent,LB91-6212-VFD102/4152,LB91-6212-VFD102 Presence,Presence,IndoorAir,Lindinvent unmapped — PLAN 9,LINDINVENT-UNMAPPED-PLAN-9,PLAN 9,a6427a28-3535-4a3e-943f-0596a268e42b,d5146a9f-324c-4224-8455-41ecd2b712d0,0.0,0.3,OK
Lindinvent,Lindinvent,LB91-6212-VFD102/8006,LB91-6212-VFD102 Room temperature setpoint,CapabilityTypeSetpoint,IndoorAir,Lindinvent unmapped — PLAN 9,LINDINVENT-UNMAPPED-PLAN-9,PLAN 9,8c9c6b6e-a9a1-42aa-a6d4-170ffa6ac82e,d5146a9f-324c-4224-8455-41ecd2b712d0,21.0,0.3,OK
Lindinvent,Lindinvent,LB91-6212-VFD102/8009,LB91-6212-VFD102 CO2 setpoint,CapabilityTypeSetpoint,IndoorAir,Lindinvent unmapped — PLAN 9,LINDINVENT-UNMAPPED-PLAN-9,PLAN 9,02b5f0a6-ad36-44bc-b960-82ff909747d7,d5146a9f-324c-4224-8455-41ecd2b712d0,800.0,0.3,OK
Lindinvent,Lindinvent,LB91-6212-VFD102/9004,LB91-6212-VFD102 Opening,State,SupplyAir,Lindinvent unmapped — PLAN 9,LINDINVENT-UNMAPPED-PLAN-9,PLAN 9,a6f7c610-8e5a-44b2-b554-882fe0e44aac,d5146a9f-324c-4224-8455-41ecd2b712d0,46.0,0.3,OK
Lindinvent,Lindinvent,LB91-6212-VFD102/9070,LB91-6212-VFD102 Room temperature,Temperature,IndoorAir,Lindinvent unmapped — PLAN 9,LINDINVENT-UNMAPPED-PLAN-9,PLAN 9,28d3bb9d-9c29-4bcd-98e2-4f65f2f4696e,d5146a9f-324c-4224-8455-41ecd2b712d0,21.7,0.3,OK
Lindinvent,Lindinvent,LB91-6212-VFD102/9090,LB91-6212-VFD102 CO2,CO2,IndoorAir,Lindinvent unmapped — PLAN 9,LINDINVENT-UNMAPPED-PLAN-9,PLAN 9,3feaaab3-ce2a-47d6-afb7-8186c4526843,d5146a9f-324c-4224-8455-41ecd2b712d0,475.0,0.3,OK
Lindinvent,Lindinvent,LB91-6212-VFD103/-12,LB91-6212-VFD103 Supply air flow,Flow,SupplyAir,Lindinvent unmapped — PLAN 9,LINDINVENT-UNMAPPED-PLAN-9,PLAN 9,08ebb3d7-7319-43c2-b494-b851982996ae,4c413588-797e-4448-8d18-81882f864d9d,21.0,0.3,OK
Lindinvent,Lindinvent,LB91-6212-VFD103/4151,LB91-6212-VFD103 Local presence,Presence,IndoorAir,Lindinvent unmapped — PLAN 9,LINDINVENT-UNMAPPED-PLAN-9,PLAN 9,bfa2aa64-d0d8-44b6-9a66-f6c2ca6daedd,4c413588-797e-4448-8d18-81882f864d9d,0.0,0.3,OK
Lindinvent,Lindinvent,LB91-6212-VFD103/4152,LB91-6212-VFD103 Presence,Presence,IndoorAir,Lindinvent unmapped — PLAN 9,LINDINVENT-UNMAPPED-PLAN-9,PLAN 9,cfe72ab9-408d-4662-a66c-96948fe0654a,4c413588-797e-4448-8d18-81882f864d9d,0.0,0.3,OK
Lindinvent,Lindinvent,LB91-6212-VFD103/8006,LB91-6212-VFD103 Room temperature setpoint,CapabilityTypeSetpoint,IndoorAir,Lindinvent unmapped — PLAN 9,LINDINVENT-UNMAPPED-PLAN-9,PLAN 9,637badbd-32ed-4f3c-b8c4-d4450bad7d84,4c413588-797e-4448-8d18-81882f864d9d,21.0,0.3,OK
Lindinvent,Lindinvent,LB91-6212-VFD103/8009,LB91-6212-VFD103 CO2 setpoint,CapabilityTypeSetpoint,IndoorAir,Lindinvent unmapped — PLAN 9,LINDINVENT-UNMAPPED-PLAN-9,PLAN 9,85ae0ece-8ccf-479b-8328-fa8b9d93989d,4c413588-797e-4448-8d18-81882f864d9d,800.0,0.3,OK
Lindinvent,Lindinvent,LB91-6212-VFD103/9004,LB91-6212-VFD103 Opening,State,SupplyAir,Lindinvent unmapped — PLAN 9,LINDINVENT-UNMAPPED-PLAN-9,PLAN 9,a9645faa-9777-4413-b10e-285e27368783,4c413588-797e-4448-8d18-81882f864d9d,37.0,0.3,OK
Lindinvent,Lindinvent,LB91-6212-VFD103/9070,LB91-6212-VFD103 Room temperature,Temperature,IndoorAir,Lindinvent unmapped — PLAN 9,LINDINVENT-UNMAPPED-PLAN-9,PLAN 9,053f0c7b-7f96-4ca9-b37c-ad0e9a918986,4c413588-797e-4448-8d18-81882f864d9d,21.7,0.3,OK
Lindinvent,Lindinvent,LB91-6212-VFD103/9090,LB91-6212-VFD103 CO2,CO2,IndoorAir,Lindinvent unmapped — PLAN 9,LINDINVENT-UNMAPPED-PLAN-9,PLAN 9,891ef5c6-c435-41c5-b654-fe354413f23b,4c413588-797e-4448-8d18-81882f864d9d,474.0,0.3,OK
Lindinvent,Lindinvent,LB91-6212-VFD104/-12,LB91-6212-VFD104 Supply air flow,Flow,SupplyAir,Lindinvent unmapped — PLAN 9,LINDINVENT-UNMAPPED-PLAN-9,PLAN 9,79f8e797-258a-4a26-a929-4d5da51a6465,1a6390ad-f978-463d-b724-0949024bafbb,52.0,0.3,OK
Lindinvent,Lindinvent,LB91-6212-VFD104/4151,LB91-6212-VFD104 Local presence,Presence,IndoorAir,Lindinvent unmapped — PLAN 9,LINDINVENT-UNMAPPED-PLAN-9,PLAN 9,c4df1da5-1807-42c8-a7a6-2514d11ad74c,1a6390ad-f978-463d-b724-0949024bafbb,0.0,0.3,OK
Lindinvent,Lindinvent,LB91-6212-VFD104/4152,LB91-6212-VFD104 Presence,Presence,IndoorAir,Lindinvent unmapped — PLAN 9,LINDINVENT-UNMAPPED-PLAN-9,PLAN 9,0cc4e04b-25c8-4ebc-9a12-640dcc52505f,1a6390ad-f978-463d-b724-0949024bafbb,0.0,0.3,OK
Lindinvent,Lindinvent,LB91-6212-VFD104/8006,LB91-6212-VFD104 Room temperature setpoint,CapabilityTypeSetpoint,IndoorAir,Lindinvent unmapped — PLAN 9,LINDINVENT-UNMAPPED-PLAN-9,PLAN 9,eec50c10-c853-4d01-a468-8bb24fb2d180,1a6390ad-f978-463d-b724-0949024bafbb,21.0,0.3,OK
Lindinvent,Lindinvent,LB91-6212-VFD104/8009,LB91-6212-VFD104 CO2 setpoint,CapabilityTypeSetpoint,IndoorAir,Lindinvent unmapped — PLAN 9,LINDINVENT-UNMAPPED-PLAN-9,PLAN 9,e76a4881-fb9d-41bf-9ad7-b8e151149273,1a6390ad-f978-463d-b724-0949024bafbb,800.0,0.3,OK
Lindinvent,Lindinvent,LB91-6212-VFD104/9004,LB91-6212-VFD104 Opening,State,SupplyAir,Lindinvent unmapped — PLAN 9,LINDINVENT-UNMAPPED-PLAN-9,PLAN 9,d56d0c16-111e-4e1d-be5f-d7361a49232f,1a6390ad-f978-463d-b724-0949024bafbb,36.0,0.3,OK
Lindinvent,Lindinvent,LB91-6212-VFD104/9070,LB91-6212-VFD104 Room temperature,Temperature,IndoorAir,Lindinvent unmapped — PLAN 9,LINDINVENT-UNMAPPED-PLAN-9,PLAN 9,bfd8b22e-b73c-4135-866f-9d4d30bb1a22,1a6390ad-f978-463d-b724-0949024bafbb,21.7,0.3,OK
Lindinvent,Lindinvent,LB91-6212-VFD104/9090,LB91-6212-VFD104 CO2,CO2,IndoorAir,Lindinvent unmapped — PLAN 9,LINDINVENT-UNMAPPED-PLAN-9,PLAN 9,b43434e3-9ccb-49f5-96b9-37123e582d40,1a6390ad-f978-463d-b724-0949024bafbb,475.0,0.3,OK
Lindinvent,Lindinvent,LB91-6212-VFD21/9085,LB91-6212-VFD21 Local exhaust air flow,Flow,ExhaustAir,Lindinvent unmapped — PLAN 9,LINDINVENT-UNMAPPED-PLAN-9,PLAN 9,309e17e1-6b74-47c9-9a27-563abdb815b6,2d14b7cc-4018-4ade-8492-a04b53733b32,-171.0,0.3,OK
Lindinvent,Lindinvent,LB91-KK-RUM-FLK/8006,LB91-KK-RUM-FLK Room temperature setpoint,CapabilityTypeSetpoint,IndoorAir,FLÄKTRUM,6137,PLAN 9,95c10f31-9fa5-43b2-8050-944c5e9ca283,24ea61c1-d099-4684-b24b-62ed1b2d0f18,22.0,0.3,OK
Lindinvent,Lindinvent,LB91-KK-RUM-FLK/9070,LB91-KK-RUM-FLK Room temperature,Temperature,IndoorAir,FLÄKTRUM,6137,PLAN 9,31c7a729-3a68-4579-b9cf-4bf9e5d553ff,24ea61c1-d099-4684-b24b-62ed1b2d0f18,22.7,0.3,OK
Lindinvent,Lindinvent,Nod52403/4152,Nod52403 Presence,Presence,IndoorAir,Lindinvent unmapped — PLAN 8,LINDINVENT-UNMAPPED-PLAN-8,PLAN 8,70400514-9269-4636-8d71-8857e7278775,6c564986-d59f-46b0-a874-e6dccc62400e,0.0,0.3,OK
Lindinvent,Lindinvent,Nod52403/9400,Nod52403 Illuminance,Illuminance,IndoorAir,Lindinvent unmapped — PLAN 8,LINDINVENT-UNMAPPED-PLAN-8,PLAN 8,2f6169ed-15ba-406b-99c3-d6c6ca290044,6c564986-d59f-46b0-a874-e6dccc62400e,0.0,0.3,OK
Lindinvent,Lindinvent,Nod52415/4152,Nod52415 Presence,Presence,IndoorAir,Lindinvent unmapped — PLAN 8,LINDINVENT-UNMAPPED-PLAN-8,PLAN 8,9a39deef-f487-4a59-8305-3c30c31cba63,4fe18f9c-8310-4ee0-9dd5-ae8618f4a91e,0.0,0.3,OK
Lindinvent,Lindinvent,Nod52415/9400,Nod52415 Illuminance,Illuminance,IndoorAir,Lindinvent unmapped — PLAN 8,LINDINVENT-UNMAPPED-PLAN-8,PLAN 8,ed795b83-cc54-4c70-be38-08133b2cdcda,4fe18f9c-8310-4ee0-9dd5-ae8618f4a91e,0.0,0.3,OK
Lindinvent,Lindinvent,Nod52418/4152,Nod52418 Presence,Presence,IndoorAir,Lindinvent unmapped — PLAN 8,LINDINVENT-UNMAPPED-PLAN-8,PLAN 8,a342aa3a-1772-43af-87a3-91c9e35d0209,246a26db-18cc-4d82-ad0d-0b3ee20a4553,1.0,0.3,OK
Lindinvent,Lindinvent,Nod52418/9400,Nod52418 Illuminance,Illuminance,IndoorAir,Lindinvent unmapped — PLAN 8,LINDINVENT-UNMAPPED-PLAN-8,PLAN 8,d15bc026-af4a-43f1-869c-f4b62856da32,246a26db-18cc-4d82-ad0d-0b3ee20a4553,138.0,0.3,OK
Lindinvent,Lindinvent,Nod52421/4152,Nod52421 Presence,Presence,IndoorAir,Lindinvent unmapped — PLAN 8,LINDINVENT-UNMAPPED-PLAN-8,PLAN 8,f3d6dc30-2275-466a-9361-6ee2088c8a69,ff29897f-9f2b-4717-9a26-6e4298c95409,0.0,0.3,OK
Lindinvent,Lindinvent,Nod52421/9400,Nod52421 Illuminance,Illuminance,IndoorAir,Lindinvent unmapped — PLAN 8,LINDINVENT-UNMAPPED-PLAN-8,PLAN 8,bedc913e-47b4-4aff-adf6-46ab7d467b78,ff29897f-9f2b-4717-9a26-6e4298c95409,0.0,0.3,OK
Lindinvent,Lindinvent,Nod52425/4152,Nod52425 Presence,Presence,IndoorAir,Lindinvent unmapped — PLAN 8,LINDINVENT-UNMAPPED-PLAN-8,PLAN 8,7c4070fb-7c28-4adc-bddf-92bcae3b5697,756764b2-afd3-41e1-be97-9c1fb0932233,0.0,0.3,OK
Lindinvent,Lindinvent,Nod52425/9400,Nod52425 Illuminance,Illuminance,IndoorAir,Lindinvent unmapped — PLAN 8,LINDINVENT-UNMAPPED-PLAN-8,PLAN 8,0b6bd0c1-e7d3-4eaa-a9f1-ae43c2ff2b07,756764b2-afd3-41e1-be97-9c1fb0932233,0.0,0.3,OK
Lindinvent,Lindinvent,Nod61259/4152,Nod61259 Presence,Presence,IndoorAir,Lindinvent unmapped — PLAN 9,LINDINVENT-UNMAPPED-PLAN-9,PLAN 9,d0583802-abb9-4d7c-abe1-479efd6b44de,ce803488-c809-45b2-824a-cabed3f97417,0.0,0.3,OK
Lindinvent,Lindinvent,Nod61259/9400,Nod61259 Illuminance,Illuminance,IndoorAir,Lindinvent unmapped — PLAN 9,LINDINVENT-UNMAPPED-PLAN-9,PLAN 9,68162cba-d164-4c7b-823c-45471c22f992,ce803488-c809-45b2-824a-cabed3f97417,69.0,0.3,OK
Lindinvent,Lindinvent,Nod61261/4152,Nod61261 Presence,Presence,IndoorAir,Lindinvent unmapped — PLAN 9,LINDINVENT-UNMAPPED-PLAN-9,PLAN 9,344a81a7-e51f-49fe-96f2-556e5f19b5bc,613f0979-1bf0-424b-899d-fe99173d2037,0.0,0.3,OK
Lindinvent,Lindinvent,Nod61261/9400,Nod61261 Illuminance,Illuminance,IndoorAir,Lindinvent unmapped — PLAN 9,LINDINVENT-UNMAPPED-PLAN-9,PLAN 9,1af041a5-0121-4246-af7a-d55f4e83542e,613f0979-1bf0-424b-899d-fe99173d2037,80.0,0.3,OK
Lindinvent,Lindinvent,Nod61265/4152,Nod61265 Presence,Presence,IndoorAir,Lindinvent unmapped — PLAN 9,LINDINVENT-UNMAPPED-PLAN-9,PLAN 9,d9d6ee7a-fd96-48e4-a7dd-6e9c0607d4bc,57d22c58-4b10-4bd1-a27c-04878eb53a5b,0.0,0.3,OK
Lindinvent,Lindinvent,Nod61265/9400,Nod61265 Illuminance,Illuminance,IndoorAir,Lindinvent unmapped — PLAN 9,LINDINVENT-UNMAPPED-PLAN-9,PLAN 9,defdc6cb-8df1-499f-acf2-d8d79ba8afd7,57d22c58-4b10-4bd1-a27c-04878eb53a5b,0.0,0.3,OK
Lindinvent,Lindinvent,Nod61267/4152,Nod61267 Presence,Presence,IndoorAir,Lindinvent unmapped — PLAN 9,LINDINVENT-UNMAPPED-PLAN-9,PLAN 9,ff62ad9f-ab03-4034-854c-d059c8a4a1bb,faaf108f-bc5d-4769-a747-ba7823897c74,0.0,1613.0,ERROR
Lindinvent,Lindinvent,Nod61267/9400,Nod61267 Illuminance,Illuminance,IndoorAir,Lindinvent unmapped — PLAN 9,LINDINVENT-UNMAPPED-PLAN-9,PLAN 9,0a0a2f28-a63a-4daf-9689-a89cbfe2b0e2,faaf108f-bc5d-4769-a747-ba7823897c74,0.0,1613.0,ERROR
Lindinvent,Lindinvent,Nod61279/4152,Nod61279 Presence,Presence,IndoorAir,Lindinvent unmapped — PLAN 9,LINDINVENT-UNMAPPED-PLAN-9,PLAN 9,41594449-8d48-4173-9970-d2226e883e6e,ab69d7da-4acc-476c-9626-0ec3e478a176,0.0,0.3,OK
Lindinvent,Lindinvent,Nod61279/9400,Nod61279 Illuminance,Illuminance,IndoorAir,Lindinvent unmapped — PLAN 9,LINDINVENT-UNMAPPED-PLAN-9,PLAN 9,cb92b9f3-efc7-486d-8c6a-39aefe6118f7,ab69d7da-4acc-476c-9626-0ec3e478a176,25.0,0.3,OK
Lindinvent,Lindinvent,Nod61330/4152,Nod61330 Presence,Presence,IndoorAir,Lindinvent unmapped — PLAN 9,LINDINVENT-UNMAPPED-PLAN-9,PLAN 9,699ba7d1-9432-46d4-be9c-6b848bbf099e,cd34dc5a-b2ca-4779-b5d3-006744ed598d,0.0,0.3,ERROR
Lindinvent,Lindinvent,Nod61330/9400,Nod61330 Illuminance,Illuminance,IndoorAir,Lindinvent unmapped — PLAN 9,LINDINVENT-UNMAPPED-PLAN-9,PLAN 9,f15d2627-599d-4468-a275-fd651c93d824,cd34dc5a-b2ca-4779-b5d3-006744ed598d,59.0,0.3,OK
Lindinvent,Lindinvent,Nod61419/4152,Nod61419 Presence,Presence,IndoorAir,Lindinvent unmapped — PLAN 9,LINDINVENT-UNMAPPED-PLAN-9,PLAN 9,9b69f624-fccf-4b84-969b-56d7781267ab,75849cff-a885-4acd-844c-0cba61960f56,0.0,0.3,OK
Lindinvent,Lindinvent,Nod61419/9400,Nod61419 Illuminance,Illuminance,IndoorAir,Lindinvent unmapped — PLAN 9,LINDINVENT-UNMAPPED-PLAN-9,PLAN 9,ef69f0ea-85aa-4992-86e8-c3f5584e4722,75849cff-a885-4acd-844c-0cba61960f56,65.0,0.3,OK
Lindinvent,Lindinvent,Nod61423/4152,Nod61423 Presence,Presence,IndoorAir,Lindinvent unmapped — PLAN 9,LINDINVENT-UNMAPPED-PLAN-9,PLAN 9,e5a74b80-05e9-4b62-9ea4-317b988517b6,2a5ee958-7501-42e3-bf9d-106b9564c85d,0.0,0.3,OK
Lindinvent,Lindinvent,Nod61423/9400,Nod61423 Illuminance,Illuminance,IndoorAir,Lindinvent unmapped — PLAN 9,LINDINVENT-UNMAPPED-PLAN-9,PLAN 9,dd3f222d-ea45-4ddf-8487-1faf2e192395,2a5ee958-7501-42e3-bf9d-106b9564c85d,44.0,0.3,OK
Lindinvent,Lindinvent,Nod61501/4152,Nod61501 Presence,Presence,IndoorAir,Lindinvent unmapped — PLAN 9,LINDINVENT-UNMAPPED-PLAN-9,PLAN 9,1bf2da2f-ef8f-4784-bece-810af34632af,116c22b4-d200-4d59-8b99-dee4eca6e6b5,0.0,0.3,OK
Lindinvent,Lindinvent,Nod61501/9400,Nod61501 Illuminance,Illuminance,IndoorAir,Lindinvent unmapped — PLAN 9,LINDINVENT-UNMAPPED-PLAN-9,PLAN 9,361f0dbc-757e-4892-b8e3-03bd7c5f737d,116c22b4-d200-4d59-8b99-dee4eca6e6b5,0.0,0.3,ERROR
Lindinvent,Lindinvent,Nod71006/4152,Nod71006 Presence,Presence,IndoorAir,Lindinvent unmapped — PLAN 10,LINDINVENT-UNMAPPED-PLAN-10,PLAN 10,28cab432-ba50-4377-955d-b27892d3322e,9cc58290-8c18-4e53-b8f8-d496867f0aea,1.0,0.3,OK
Lindinvent,Lindinvent,Nod71006/8006,Nod71006 Room temperature setpoint,CapabilityTypeSetpoint,IndoorAir,Lindinvent unmapped — PLAN 10,LINDINVENT-UNMAPPED-PLAN-10,PLAN 10,748f542f-d0a9-411d-a84f-92603a2e774d,9cc58290-8c18-4e53-b8f8-d496867f0aea,22.0,0.3,OK
Lindinvent,Lindinvent,Nod71006/9004,Nod71006 Opening,State,SupplyAir,Lindinvent unmapped — PLAN 10,LINDINVENT-UNMAPPED-PLAN-10,PLAN 10,3f6c9339-2b74-4e4c-89b8-32fcc43bd129,9cc58290-8c18-4e53-b8f8-d496867f0aea,2.0,0.3,OK
Lindinvent,Lindinvent,Nod71006/9070,Nod71006 Room temperature,Temperature,IndoorAir,Lindinvent unmapped — PLAN 10,LINDINVENT-UNMAPPED-PLAN-10,PLAN 10,b545f874-eb54-4c2c-9ef2-d01328c641ea,9cc58290-8c18-4e53-b8f8-d496867f0aea,21.9,0.3,OK
Lindinvent,Lindinvent,Nod71006/9073,Nod71006 Local room temperature,Temperature,IndoorAir,Lindinvent unmapped — PLAN 10,LINDINVENT-UNMAPPED-PLAN-10,PLAN 10,c728e9eb-40fb-4b2f-8547-0d18c579d5b0,9cc58290-8c18-4e53-b8f8-d496867f0aea,21.9,0.3,OK
Lindinvent,Lindinvent,Nod71006/9084,Nod71006 Local supply air flow,Flow,SupplyAir,Lindinvent unmapped — PLAN 10,LINDINVENT-UNMAPPED-PLAN-10,PLAN 10,bfedc68c-1bb5-4c71-bf1d-74b8b9687781,9cc58290-8c18-4e53-b8f8-d496867f0aea,10.0,0.3,OK
Lindinvent,Lindinvent,Nod71007/4152,Nod71007 Presence,Presence,IndoorAir,Lindinvent unmapped — PLAN 10,LINDINVENT-UNMAPPED-PLAN-10,PLAN 10,0f1b90a6-b71b-4243-8b20-e41fc4cec92f,2788edf7-eeea-4353-be06-779cda0061b1,1.0,0.3,OK
Lindinvent,Lindinvent,Nod71007/8006,Nod71007 Room temperature setpoint,CapabilityTypeSetpoint,IndoorAir,Lindinvent unmapped — PLAN 10,LINDINVENT-UNMAPPED-PLAN-10,PLAN 10,ec9b36ab-86b6-4fb5-b2bc-cf81d346975b,2788edf7-eeea-4353-be06-779cda0061b1,19.0,0.3,OK
Lindinvent,Lindinvent,Nod71007/9004,Nod71007 Opening,State,SupplyAir,Lindinvent unmapped — PLAN 10,LINDINVENT-UNMAPPED-PLAN-10,PLAN 10,6736cb51-f39c-4327-9e56-2353c8fb8308,2788edf7-eeea-4353-be06-779cda0061b1,29.0,0.3,OK
Lindinvent,Lindinvent,Nod71007/9070,Nod71007 Room temperature,Temperature,IndoorAir,Lindinvent unmapped — PLAN 10,LINDINVENT-UNMAPPED-PLAN-10,PLAN 10,1b2f3a82-1634-4d99-bda7-60c4a064b27b,2788edf7-eeea-4353-be06-779cda0061b1,21.8,0.3,OK
Lindinvent,Lindinvent,Nod71007/9073,Nod71007 Local room temperature,Temperature,IndoorAir,Lindinvent unmapped — PLAN 10,LINDINVENT-UNMAPPED-PLAN-10,PLAN 10,5176bef2-a57f-4361-83a9-7136dcb60e80,2788edf7-eeea-4353-be06-779cda0061b1,21.8,0.3,OK
Lindinvent,Lindinvent,Nod71007/9084,Nod71007 Local supply air flow,Flow,SupplyAir,Lindinvent unmapped — PLAN 10,LINDINVENT-UNMAPPED-PLAN-10,PLAN 10,78349028-a39a-48ec-9f40-c325feb6a873,2788edf7-eeea-4353-be06-779cda0061b1,94.0,0.3,OK
Lindinvent,Lindinvent,Nod71008/4152,Nod71008 Presence,Presence,IndoorAir,Lindinvent unmapped — PLAN 10,LINDINVENT-UNMAPPED-PLAN-10,PLAN 10,66f453b6-12c3-4b52-a193-49b3aa38769a,8c5d6675-fc6e-4d27-8373-a29dccf26664,1.0,0.3,OK
Lindinvent,Lindinvent,Nod71008/8006,Nod71008 Room temperature setpoint,CapabilityTypeSetpoint,IndoorAir,Lindinvent unmapped — PLAN 10,LINDINVENT-UNMAPPED-PLAN-10,PLAN 10,7ba7d211-04ee-4903-8d9e-0d6e114419c7,8c5d6675-fc6e-4d27-8373-a29dccf26664,19.0,0.3,OK
Lindinvent,Lindinvent,Nod71008/9004,Nod71008 Opening,State,SupplyAir,Lindinvent unmapped — PLAN 10,LINDINVENT-UNMAPPED-PLAN-10,PLAN 10,46283327-9aa9-489f-9d70-ffe223e4e015,8c5d6675-fc6e-4d27-8373-a29dccf26664,22.0,0.3,OK
Lindinvent,Lindinvent,Nod71008/9070,Nod71008 Room temperature,Temperature,IndoorAir,Lindinvent unmapped — PLAN 10,LINDINVENT-UNMAPPED-PLAN-10,PLAN 10,e52b34f9-a609-47e9-8bf2-5821a208f342,8c5d6675-fc6e-4d27-8373-a29dccf26664,19.7,0.3,OK
Lindinvent,Lindinvent,Nod71008/9073,Nod71008 Local room temperature,Temperature,IndoorAir,Lindinvent unmapped — PLAN 10,LINDINVENT-UNMAPPED-PLAN-10,PLAN 10,c842d727-260c-4dc1-8c1c-883c6c297056,8c5d6675-fc6e-4d27-8373-a29dccf26664,19.7,0.3,OK
Lindinvent,Lindinvent,Nod71008/9084,Nod71008 Local supply air flow,Flow,SupplyAir,Lindinvent unmapped — PLAN 10,LINDINVENT-UNMAPPED-PLAN-10,PLAN 10,c77f619e-2c62-4809-839e-81edc30fa917,8c5d6675-fc6e-4d27-8373-a29dccf26664,67.0,0.3,OK
Lindinvent,Lindinvent,Nod71009/4152,Nod71009 Presence,Presence,IndoorAir,Lindinvent unmapped — PLAN 10,LINDINVENT-UNMAPPED-PLAN-10,PLAN 10,05f221b9-c661-41aa-8433-bd71b62253ac,2c059a40-2a86-4ccd-b44d-c81bd3b25d5f,1.0,0.3,OK
Lindinvent,Lindinvent,Nod71009/8006,Nod71009 Room temperature setpoint,CapabilityTypeSetpoint,IndoorAir,Lindinvent unmapped — PLAN 10,LINDINVENT-UNMAPPED-PLAN-10,PLAN 10,79d52b2c-222f-4281-ab09-950a5cc0fb12,2c059a40-2a86-4ccd-b44d-c81bd3b25d5f,19.0,0.3,OK
Lindinvent,Lindinvent,Nod71009/9004,Nod71009 Opening,State,SupplyAir,Lindinvent unmapped — PLAN 10,LINDINVENT-UNMAPPED-PLAN-10,PLAN 10,853540c1-4ef5-4353-a6fe-d01ef34cdac8,2c059a40-2a86-4ccd-b44d-c81bd3b25d5f,30.0,0.3,OK
Lindinvent,Lindinvent,Nod71009/9070,Nod71009 Room temperature,Temperature,IndoorAir,Lindinvent unmapped — PLAN 10,LINDINVENT-UNMAPPED-PLAN-10,PLAN 10,78f7061e-4b6c-49d5-aa71-fe57ccbbbd32,2c059a40-2a86-4ccd-b44d-c81bd3b25d5f,21.1,0.3,OK
Lindinvent,Lindinvent,Nod71009/9073,Nod71009 Local room temperature,Temperature,IndoorAir,Lindinvent unmapped — PLAN 10,LINDINVENT-UNMAPPED-PLAN-10,PLAN 10,1c7847ca-31df-4a65-b9e3-209a81abcab5,2c059a40-2a86-4ccd-b44d-c81bd3b25d5f,21.1,0.3,OK
Lindinvent,Lindinvent,Nod71009/9084,Nod71009 Local supply air flow,Flow,SupplyAir,Lindinvent unmapped — PLAN 10,LINDINVENT-UNMAPPED-PLAN-10,PLAN 10,0d040ebc-d505-49ee-8587-efb24986dd02,2c059a40-2a86-4ccd-b44d-c81bd3b25d5f,99.0,0.3,OK
Lindinvent,Lindinvent,Nod71010/4152,Nod71010 Presence,Presence,IndoorAir,Lindinvent unmapped — PLAN 10,LINDINVENT-UNMAPPED-PLAN-10,PLAN 10,2c5d8aa3-0198-411b-b939-338a27b20f03,a150474a-4e43-4763-80e3-0d0adcd40caa,1.0,0.3,OK
Lindinvent,Lindinvent,Nod71010/8006,Nod71010 Room temperature setpoint,CapabilityTypeSetpoint,IndoorAir,Lindinvent unmapped — PLAN 10,LINDINVENT-UNMAPPED-PLAN-10,PLAN 10,3cf68158-7b9c-4dad-93b2-3179c27c6770,a150474a-4e43-4763-80e3-0d0adcd40caa,19.0,0.3,OK
Lindinvent,Lindinvent,Nod71010/9004,Nod71010 Opening,State,SupplyAir,Lindinvent unmapped — PLAN 10,LINDINVENT-UNMAPPED-PLAN-10,PLAN 10,d5e6d4aa-32a4-4524-a9ac-628b5a920603,a150474a-4e43-4763-80e3-0d0adcd40caa,27.0,0.3,OK
Lindinvent,Lindinvent,Nod71010/9070,Nod71010 Room temperature,Temperature,IndoorAir,Lindinvent unmapped — PLAN 10,LINDINVENT-UNMAPPED-PLAN-10,PLAN 10,e97e6615-f0c5-4491-abef-c3575931b7a6,a150474a-4e43-4763-80e3-0d0adcd40caa,21.3,0.3,OK
Lindinvent,Lindinvent,Nod71010/9073,Nod71010 Local room temperature,Temperature,IndoorAir,Lindinvent unmapped — PLAN 10,LINDINVENT-UNMAPPED-PLAN-10,PLAN 10,86d5ef21-8d82-491a-9146-88a25215033a,a150474a-4e43-4763-80e3-0d0adcd40caa,21.3,0.3,OK
Lindinvent,Lindinvent,Nod71010/9084,Nod71010 Local supply air flow,Flow,SupplyAir,Lindinvent unmapped — PLAN 10,LINDINVENT-UNMAPPED-PLAN-10,PLAN 10,b2ffd000-abc5-423b-bf47-879e0cc74e50,a150474a-4e43-4763-80e3-0d0adcd40caa,95.0,0.3,OK
Lindinvent,Lindinvent,Nod71011/4152,Nod71011 Presence,Presence,IndoorAir,Lindinvent unmapped — PLAN 10,LINDINVENT-UNMAPPED-PLAN-10,PLAN 10,a4f0fbec-fb76-4f98-9290-49c37db7c7c5,dfe4a221-1bff-423f-a0a9-6896b4a56252,1.0,0.3,OK
Lindinvent,Lindinvent,Nod71011/8006,Nod71011 Room temperature setpoint,CapabilityTypeSetpoint,IndoorAir,Lindinvent unmapped — PLAN 10,LINDINVENT-UNMAPPED-PLAN-10,PLAN 10,3506ab89-19c6-4319-ab3f-04bc8327f214,dfe4a221-1bff-423f-a0a9-6896b4a56252,19.0,0.3,OK
Lindinvent,Lindinvent,Nod71011/9004,Nod71011 Opening,State,SupplyAir,Lindinvent unmapped — PLAN 10,LINDINVENT-UNMAPPED-PLAN-10,PLAN 10,646dabe3-3268-42ea-a5cd-cb573cc6eef8,dfe4a221-1bff-423f-a0a9-6896b4a56252,28.0,0.3,OK
Lindinvent,Lindinvent,Nod71011/9070,Nod71011 Room temperature,Temperature,IndoorAir,Lindinvent unmapped — PLAN 10,LINDINVENT-UNMAPPED-PLAN-10,PLAN 10,4e31c844-832d-467d-bb47-d6f7827ab475,dfe4a221-1bff-423f-a0a9-6896b4a56252,21.3,0.3,OK
Lindinvent,Lindinvent,Nod71011/9073,Nod71011 Local room temperature,Temperature,IndoorAir,Lindinvent unmapped — PLAN 10,LINDINVENT-UNMAPPED-PLAN-10,PLAN 10,33bc9079-c86f-46a1-b9d1-a369af60eb43,dfe4a221-1bff-423f-a0a9-6896b4a56252,21.3,0.3,OK
Lindinvent,Lindinvent,Nod71011/9084,Nod71011 Local supply air flow,Flow,SupplyAir,Lindinvent unmapped — PLAN 10,LINDINVENT-UNMAPPED-PLAN-10,PLAN 10,9d29cdc5-9766-4ce4-857d-60dffd110462,dfe4a221-1bff-423f-a0a9-6896b4a56252,96.0,0.3,OK
Lindinvent,Lindinvent,Nod71012/4152,Nod71012 Presence,Presence,IndoorAir,Lindinvent unmapped — PLAN 10,LINDINVENT-UNMAPPED-PLAN-10,PLAN 10,941ffe47-c397-489f-bf0f-9767b45c5b70,d862a014-8816-4805-90b0-12f7e8d93c68,1.0,0.3,OK
Lindinvent,Lindinvent,Nod71012/8006,Nod71012 Room temperature setpoint,CapabilityTypeSetpoint,IndoorAir,Lindinvent unmapped — PLAN 10,LINDINVENT-UNMAPPED-PLAN-10,PLAN 10,79df35b2-76b5-439b-bdf9-0905caa78a8c,d862a014-8816-4805-90b0-12f7e8d93c68,19.0,0.3,OK
Lindinvent,Lindinvent,Nod71012/9004,Nod71012 Opening,State,SupplyAir,Lindinvent unmapped — PLAN 10,LINDINVENT-UNMAPPED-PLAN-10,PLAN 10,de4502b6-9a3b-49f8-9471-7ec1cff2a103,d862a014-8816-4805-90b0-12f7e8d93c68,26.0,0.3,OK
Lindinvent,Lindinvent,Nod71012/9070,Nod71012 Room temperature,Temperature,IndoorAir,Lindinvent unmapped — PLAN 10,LINDINVENT-UNMAPPED-PLAN-10,PLAN 10,fd9c18ba-0ac4-4cca-a279-0eab7271f904,d862a014-8816-4805-90b0-12f7e8d93c68,21.2,0.3,OK
Lindinvent,Lindinvent,Nod71012/9073,Nod71012 Local room temperature,Temperature,IndoorAir,Lindinvent unmapped — PLAN 10,LINDINVENT-UNMAPPED-PLAN-10,PLAN 10,99cce1bb-100f-4b58-81ed-b67cf93f4e3b,d862a014-8816-4805-90b0-12f7e8d93c68,21.2,0.3,OK
Lindinvent,Lindinvent,Nod71012/9084,Nod71012 Local supply air flow,Flow,SupplyAir,Lindinvent unmapped — PLAN 10,LINDINVENT-UNMAPPED-PLAN-10,PLAN 10,9e2722f2-e8ce-4ee0-9f27-1fbba1d4d6ac,d862a014-8816-4805-90b0-12f7e8d93c68,94.0,0.3,OK
Lindinvent,Lindinvent,Nod71013/4152,Nod71013 Presence,Presence,IndoorAir,Lindinvent unmapped — PLAN 10,LINDINVENT-UNMAPPED-PLAN-10,PLAN 10,b39bc152-3539-461a-b973-722cfdcf1042,82b0a925-1b86-45b1-b988-794b18aa0e04,1.0,0.3,OK
Lindinvent,Lindinvent,Nod71013/8006,Nod71013 Room temperature setpoint,CapabilityTypeSetpoint,IndoorAir,Lindinvent unmapped — PLAN 10,LINDINVENT-UNMAPPED-PLAN-10,PLAN 10,0809628d-e5ad-45ee-b346-a8b6f826fe59,82b0a925-1b86-45b1-b988-794b18aa0e04,19.0,0.3,OK
Lindinvent,Lindinvent,Nod71013/9004,Nod71013 Opening,State,SupplyAir,Lindinvent unmapped — PLAN 10,LINDINVENT-UNMAPPED-PLAN-10,PLAN 10,be9f4ac7-a0db-4651-86f1-c0e2152ca54b,82b0a925-1b86-45b1-b988-794b18aa0e04,27.0,0.3,OK
Lindinvent,Lindinvent,Nod71013/9070,Nod71013 Room temperature,Temperature,IndoorAir,Lindinvent unmapped — PLAN 10,LINDINVENT-UNMAPPED-PLAN-10,PLAN 10,cb6b1521-195e-4b19-9c0a-7322d0a4199d,82b0a925-1b86-45b1-b988-794b18aa0e04,21.4,0.3,OK
Lindinvent,Lindinvent,Nod71013/9073,Nod71013 Local room temperature,Temperature,IndoorAir,Lindinvent unmapped — PLAN 10,LINDINVENT-UNMAPPED-PLAN-10,PLAN 10,e7c7600e-e25e-44cd-b6b0-ba51b99be235,82b0a925-1b86-45b1-b988-794b18aa0e04,21.4,0.3,OK
Lindinvent,Lindinvent,Nod71013/9084,Nod71013 Local supply air flow,Flow,SupplyAir,Lindinvent unmapped — PLAN 10,LINDINVENT-UNMAPPED-PLAN-10,PLAN 10,bc8716a6-fea8-4fa8-a13e-585d7d62b35e,82b0a925-1b86-45b1-b988-794b18aa0e04,95.0,0.3,OK
Lindinvent,Lindinvent,Nod71014/4152,Nod71014 Presence,Presence,IndoorAir,Lindinvent unmapped — PLAN 10,LINDINVENT-UNMAPPED-PLAN-10,PLAN 10,afd7186b-986e-44aa-a1b4-4be06b82369a,1d09f466-35b0-4741-b4e1-7602224d70fc,1.0,0.3,OK
Lindinvent,Lindinvent,Nod71014/8006,Nod71014 Room temperature setpoint,CapabilityTypeSetpoint,IndoorAir,Lindinvent unmapped — PLAN 10,LINDINVENT-UNMAPPED-PLAN-10,PLAN 10,abbcdc6b-8c9b-4433-a8fb-3524268bc0bc,1d09f466-35b0-4741-b4e1-7602224d70fc,19.0,0.3,OK
Lindinvent,Lindinvent,Nod71014/9004,Nod71014 Opening,State,SupplyAir,Lindinvent unmapped — PLAN 10,LINDINVENT-UNMAPPED-PLAN-10,PLAN 10,5f483ae7-0d0c-4bb3-a7bc-e53da03ca073,1d09f466-35b0-4741-b4e1-7602224d70fc,29.0,0.3,OK
Lindinvent,Lindinvent,Nod71014/9070,Nod71014 Room temperature,Temperature,IndoorAir,Lindinvent unmapped — PLAN 10,LINDINVENT-UNMAPPED-PLAN-10,PLAN 10,66271261-4ca6-4421-b4ae-5ec059daa696,1d09f466-35b0-4741-b4e1-7602224d70fc,21.7,0.3,OK
Lindinvent,Lindinvent,Nod71014/9073,Nod71014 Local room temperature,Temperature,IndoorAir,Lindinvent unmapped — PLAN 10,LINDINVENT-UNMAPPED-PLAN-10,PLAN 10,3b629a8d-fff5-4670-a85a-53e9b6191651,1d09f466-35b0-4741-b4e1-7602224d70fc,21.7,0.3,OK
Lindinvent,Lindinvent,Nod71014/9084,Nod71014 Local supply air flow,Flow,SupplyAir,Lindinvent unmapped — PLAN 10,LINDINVENT-UNMAPPED-PLAN-10,PLAN 10,a147fdbe-b78d-4599-b8ef-146c0ee513a0,1d09f466-35b0-4741-b4e1-7602224d70fc,98.0,0.3,OK
Lindinvent,Lindinvent,Nod71015/4152,Nod71015 Presence,Presence,IndoorAir,Lindinvent unmapped — PLAN 10,LINDINVENT-UNMAPPED-PLAN-10,PLAN 10,badf4c4f-eceb-4ce1-b303-7f0c13633295,36e24db4-068d-48eb-8252-2b6d8fe50c5f,1.0,0.3,OK
Lindinvent,Lindinvent,Nod71015/8006,Nod71015 Room temperature setpoint,CapabilityTypeSetpoint,IndoorAir,Lindinvent unmapped — PLAN 10,LINDINVENT-UNMAPPED-PLAN-10,PLAN 10,5fd64cb6-65c9-43f8-a61f-6be1465d8175,36e24db4-068d-48eb-8252-2b6d8fe50c5f,19.0,0.3,OK
Lindinvent,Lindinvent,Nod71015/9004,Nod71015 Opening,State,SupplyAir,Lindinvent unmapped — PLAN 10,LINDINVENT-UNMAPPED-PLAN-10,PLAN 10,6308b790-f1e1-49c8-9f14-be08ec8844be,36e24db4-068d-48eb-8252-2b6d8fe50c5f,28.0,0.3,OK
Lindinvent,Lindinvent,Nod71015/9070,Nod71015 Room temperature,Temperature,IndoorAir,Lindinvent unmapped — PLAN 10,LINDINVENT-UNMAPPED-PLAN-10,PLAN 10,c3bf186b-0611-4ade-9050-1f00d6cd47b7,36e24db4-068d-48eb-8252-2b6d8fe50c5f,21.7,0.3,OK
Lindinvent,Lindinvent,Nod71015/9073,Nod71015 Local room temperature,Temperature,IndoorAir,Lindinvent unmapped — PLAN 10,LINDINVENT-UNMAPPED-PLAN-10,PLAN 10,5e3554e9-6abf-4aa4-a622-2d5b6ff487f0,36e24db4-068d-48eb-8252-2b6d8fe50c5f,21.7,0.3,OK
Lindinvent,Lindinvent,Nod71015/9084,Nod71015 Local supply air flow,Flow,SupplyAir,Lindinvent unmapped — PLAN 10,LINDINVENT-UNMAPPED-PLAN-10,PLAN 10,2ca4d208-f231-496f-b68b-c93121482e3c,36e24db4-068d-48eb-8252-2b6d8fe50c5f,100.0,0.3,OK
Lindinvent,Lindinvent,Nod8001/78632,Nod8001 Outdoor temperature,Temperature,OutdoorAir,Virtual Room,Virtual Room,PLAN 4,ed928260-46d4-4ff2-8f4d-d19a3b009add,05fff82f-5ea0-4d40-8337-0b989f588a31,,,NOT_STARTED
Lindinvent,Lindinvent,Nod8002/78632,Nod8002 Outdoor temperature,Temperature,OutdoorAir,Virtual Room,Virtual Room,PLAN 4,1a41adcf-3150-4273-a5eb-f6236b4e65f5,2ab0fa3a-7a3b-4f1c-8d2b-92bac0e06b74,16.9,0.3,OK
Lindinvent,Lindinvent,Nod8003/78632,Nod8003 Outdoor temperature,Temperature,OutdoorAir,Virtual Room,Virtual Room,PLAN 4,d6f3f20d-30ab-4d12-af28-2c72c7fbfba6,c0fdb7a9-cbf6-4696-9598-2edd822c4125,16.9,0.3,OK
Lindinvent,Lindinvent,Nod8004/78632,Nod8004 Outdoor temperature,Temperature,OutdoorAir,Virtual Room,Virtual Room,PLAN 4,e88178f3-4de8-4a71-a5ed-d03ac17f2790,5aca66fe-4395-4952-a488-1d818d855b23,16.9,0.3,OK
Lindinvent,Lindinvent,Nod8005/78632,Nod8005 Outdoor temperature,Temperature,OutdoorAir,Virtual Room,Virtual Room,PLAN 4,6bbeaf58-ce7f-46cc-886e-b1ef53c4587e,afe12866-70e8-478b-956d-f73a00d0654b,16.9,0.3,OK
Lindinvent,Lindinvent,Nod8006/78632,Nod8006 Outdoor temperature,Temperature,OutdoorAir,Virtual Room,Virtual Room,PLAN 4,1e2c68a3-04da-44d7-a112-88a6ecdaf5b9,a3447dfa-7205-4b28-adf3-e0ffb7a3c574,16.9,0.3,OK
Lindinvent,Lindinvent,Nod8007/78632,Nod8007 Outdoor temperature,Temperature,OutdoorAir,Virtual Room,Virtual Room,PLAN 4,70566682-06a4-460c-8662-9e730786493e,d93f6fed-f6cb-4b67-a076-09c35254b16c,16.9,0.3,OK
Lindinvent,Lindinvent,Nod8008/78632,Nod8008 Outdoor temperature,Temperature,OutdoorAir,Virtual Room,Virtual Room,PLAN 4,be227e82-c4c9-44de-9328-f8b31f0c3d12,4aa140fb-3d4b-441f-aff5-f32c8b7f7ce1,16.9,0.3,OK
Lindinvent,Lindinvent,Nod8009/78632,Nod8009 Outdoor temperature,Temperature,OutdoorAir,Virtual Room,Virtual Room,PLAN 4,592fb080-ed2a-415b-871f-ef36d8b3a681,7104385c-ab73-4918-93a2-70d5e2551229,16.9,0.3,OK
Lindinvent,Lindinvent,Nod8010/78632,Nod8010 Outdoor temperature,Temperature,OutdoorAir,Virtual Room,Virtual Room,PLAN 4,ef903727-0a71-4067-8231-a7d0805b703e,1cd5dd64-b5a5-495a-b810-cb9496b371f3,16.9,0.3,OK
Lindinvent,Lindinvent,Nod8011/78632,Nod8011 Outdoor temperature,Temperature,OutdoorAir,Virtual Room,Virtual Room,PLAN 4,0bbdd95e-cf93-4bfe-8de7-deeb3ecfce0a,e943a30a-3bf4-4da3-9b5a-b2165c989ec1,16.9,0.3,OK
Lindinvent,Lindinvent,Nod8012/78632,Nod8012 Outdoor temperature,Temperature,OutdoorAir,Virtual Room,Virtual Room,PLAN 4,ca0d594e-0d85-4376-a667-bcd13a36aebb,004b4d56-91f9-435b-bf2d-1764d4766a7f,16.9,0.3,OK
Lindinvent,Lindinvent,Nod8013/78632,Nod8013 Outdoor temperature,Temperature,OutdoorAir,Virtual Room,Virtual Room,PLAN 4,d53f3e05-7d57-4998-851b-940c573a48a0,f56ec194-1c27-4b66-a921-8417fa7ff2f9,16.9,0.3,OK
Lindinvent,Lindinvent,Nod8014/78632,Nod8014 Outdoor temperature,Temperature,OutdoorAir,Virtual Room,Virtual Room,PLAN 4,61800a2b-40e9-41b7-8e47-6da3f49dcf22,905b0b9c-3d2b-400e-98e0-f21952ee5141,16.9,0.3,OK
Lindinvent,Lindinvent,Nod8015/78632,Nod8015 Outdoor temperature,Temperature,OutdoorAir,Virtual Room,Virtual Room,PLAN 4,a276d3f0-86a1-480e-bc2a-28f3fdd47103,fe990f4f-c60e-401c-ada2-96e820d46368,16.9,0.3,OK
Lindinvent,Lindinvent,Nod8016/78632,Nod8016 Outdoor temperature,Temperature,OutdoorAir,Virtual Room,Virtual Room,PLAN 4,ca3dccf0-d49e-4e4e-9ed1-bf15bcc990a2,a9974b7c-14e9-495e-8a18-464f2b54fb3b,16.9,0.3,OK
Lindinvent,Lindinvent,Nod8017/78632,Nod8017 Outdoor temperature,Temperature,OutdoorAir,Virtual Room,Virtual Room,PLAN 4,bce3a176-64ee-4c0d-8eb4-899299c955ff,743ccd35-114a-407e-9aad-f6082c904ec9,16.9,0.3,OK
Lindinvent,Lindinvent,Nod8018/78632,Nod8018 Outdoor temperature,Temperature,OutdoorAir,Virtual Room,Virtual Room,PLAN 4,f601935c-4914-4f73-a7ed-2a3542273bb4,ce437f0b-9b84-4e81-a466-f7da282bd8a1,16.9,0.3,OK
Lindinvent,Lindinvent,Nod8019/78632,Nod8019 Outdoor temperature,Temperature,OutdoorAir,Virtual Room,Virtual Room,PLAN 4,70edab5b-14f7-43a9-8e18-f2a467caf7af,5bef6a6e-01a4-4513-9867-c873aa4c1483,16.9,0.3,OK
Lindinvent,Lindinvent,Nod8020/78632,Nod8020 Outdoor temperature,Temperature,OutdoorAir,Virtual Room,Virtual Room,PLAN 4,206e99f6-df60-4c94-b0b2-1eadd74563b0,1e628fe4-1803-4522-92d8-72c4ac22fde9,16.9,0.3,OK
Lindinvent,Lindinvent,Nod8021/78632,Nod8021 Outdoor temperature,Temperature,OutdoorAir,Virtual Room,Virtual Room,PLAN 4,88341d80-a727-48a5-96bd-e5ef42865e7d,89ee0daa-1c68-4819-ada6-29e34d4bb697,16.9,0.3,OK
Lindinvent,Lindinvent,Nod8022/78632,Nod8022 Outdoor temperature,Temperature,OutdoorAir,Virtual Room,Virtual Room,PLAN 4,3a832d01-21d3-4b49-a120-f8bec04adf8f,61e20968-b823-4570-89ab-c501f9df562b,16.9,0.3,OK
Lindinvent,Lindinvent,Nod8023/78632,Nod8023 Outdoor temperature,Temperature,OutdoorAir,Virtual Room,Virtual Room,PLAN 4,a4c0792d-04b6-498b-9812-b7309e2680a4,a614ab2a-4e17-43b0-acbd-45a88c571c8b,16.9,0.3,OK
Lindinvent,Lindinvent,Nod8024/78632,Nod8024 Outdoor temperature,Temperature,OutdoorAir,Virtual Room,Virtual Room,PLAN 4,05bc5e88-5e70-45c6-8156-3f281bfead81,500892e6-6280-4f45-9945-6c432d18a902,16.9,0.3,OK
Lindinvent,Lindinvent,Nod8025/78632,Nod8025 Outdoor temperature,Temperature,OutdoorAir,Virtual Room,Virtual Room,PLAN 4,cd242aed-d125-46f6-bcd6-5724dc20268c,667baf86-31ee-45c1-b708-b8abfd1d17c3,16.9,0.3,OK
Lindinvent,Lindinvent,Nod8026/78632,Nod8026 Outdoor temperature,Temperature,OutdoorAir,Virtual Room,Virtual Room,PLAN 4,7ae35e76-75f1-4e70-bee4-9555dd3a0031,b34fa4e3-4325-4217-9aea-0552158e16c3,16.9,0.3,OK
Lindinvent,Lindinvent,Nod8027/78632,Nod8027 Outdoor temperature,Temperature,OutdoorAir,Virtual Room,Virtual Room,PLAN 4,e96daaa5-665a-4009-9722-cbabd1d58bc4,447c220f-b9d8-4a44-92bc-8a743d0828e8,16.9,0.3,OK
Lindinvent,Lindinvent,Nod8028/78632,Nod8028 Outdoor temperature,Temperature,OutdoorAir,Virtual Room,Virtual Room,PLAN 4,629af107-3bc6-4532-a0ad-27f34b8fdcfc,99824eab-e962-4478-bf2b-bd6de1315f18,16.9,0.3,OK
Lindinvent,Lindinvent,Nod8029/78632,Nod8029 Outdoor temperature,Temperature,OutdoorAir,Virtual Room,Virtual Room,PLAN 4,4c4ed0fd-f9a3-4a4f-9c33-5e540c100f8a,a7a1e166-869c-42ca-8874-4bd513696333,16.9,0.3,OK
Lindinvent,Lindinvent,Nod8030/78632,Nod8030 Outdoor temperature,Temperature,OutdoorAir,Virtual Room,Virtual Room,PLAN 4,5d75a459-cbb4-4e06-bcef-1a2275c21894,dc6934a7-2a18-47e9-a122-a7c0565ff60b,16.9,0.3,OK
Lindinvent,Lindinvent,Nod9001/78632,Nod9001 Outdoor temperature,Temperature,OutdoorAir,Virtual Room,Virtual Room,PLAN 4,31e7ad93-2bed-4d9f-86ac-4fb1fb0a4890,fb84995f-9ca1-4224-9e8e-bd633e23b583,16.9,0.3,OK
LoRa,,Active-Energy-Export-T1_value_102CEFFFFE0115C6,Active-Energy-Export-T1_value,ActiveEnergyTotal,,LoraLAB,,,6d6b6e5c-d761-4d43-9e2b-3d0e991e6c40,7bb40642-2c57-427c-8614-0b0e06047675,0.0,10876.0,ERROR
LoRa,,Active-Energy-Export-T2_value_102CEFFFFE0115C6,Active-Energy-Export-T2_value,ActiveEnergyTotal,,LoraLAB,,,74d888db-35fb-42d7-8a34-7130677ced5e,7bb40642-2c57-427c-8614-0b0e06047675,0.0,10876.0,ERROR
LoRa,,Active-Energy-Import-T1_value_102CEFFFFE0115C6,Active-Energy-Import-T1_value,ActiveEnergyTotal,,LoraLAB,,,a07d7b21-b08c-49c2-bacc-d9922381baa4,7bb40642-2c57-427c-8614-0b0e06047675,0.0,10876.0,ERROR
LoRa,,Active-Energy-Import-T2_value_102CEFFFFE0115C6,Active-Energy-Import-T2_value,ActiveEnergyTotal,,LoraLAB,,,bc45c4c0-e85a-47e3-a425-99d32f316c0e,7bb40642-2c57-427c-8614-0b0e06047675,0.0,10876.0,ERROR
LoRa,,co2_A81758FFFE08E127,co2,CO2,,LoraLAB,,,57a0b25d-3918-4145-be5f-358839c91ccf,52cb87c7-fcfb-4668-b59f-e962e3385591,,,NOT_STARTED
LoRa,,co2_A81758FFFE08E128,co2,CO2,,LoraLAB,,,a3305eeb-ae9c-4f8a-98aa-4b2a1c5a5d41,84b169d2-2606-489b-9583-adb72ccadf95,,,NOT_STARTED
LoRa,,co2_A81758FFFE0CF750,co2,CO2,,LoraLAB,,,c2fe31b3-7b22-49de-ab35-ff1320412a8d,7f1af8cc-c809-4438-87d6-73fb4bc971df,,,NOT_STARTED
LoRa,,co2_A81758FFFE0CF751,co2,CO2,,LoraLAB,,,a4fa7910-296e-4f53-aa37-c07f6f76c595,2e436521-5e07-40b3-b989-2e0904148fa1,,,NOT_STARTED
LoRa,,errorcode_CTRatioChange_102CEFFFFE0115C6,errorcode_CTRatioChange,AlarmMinor,,LoraLAB,,,5a142eb0-16d4-460c-b9f4-5e45fff7aecd,7bb40642-2c57-427c-8614-0b0e06047675,0.0,10876.0,ERROR
LoRa,,errorcode_ImpulseRatioChange_102CEFFFFE0115C6,errorcode_ImpulseRatioChange,AlarmMinor,,LoraLAB,,,71c494fb-0e46-4159-8058-37023539574c,7bb40642-2c57-427c-8614-0b0e06047675,0.0,10876.0,ERROR
LoRa,,errorcode_ImpulseWidthChange_102CEFFFFE0115C6,errorcode_ImpulseWidthChange,AlarmMinor,,LoraLAB,,,7cefbf8a-ae54-4f58-9c9b-0f456c78485b,7bb40642-2c57-427c-8614-0b0e06047675,0.0,10876.0,ERROR
LoRa,,errorcode_LogbookFull_102CEFFFFE0115C6,errorcode_LogbookFull,AlarmMinor,,LoraLAB,,,2fad831b-7fb1-4582-974c-ffd9fe14201c,7bb40642-2c57-427c-8614-0b0e06047675,0.0,10876.0,ERROR
LoRa,,errorcode_PowerFail_102CEFFFFE0115C6,errorcode_PowerFail,AlarmMajor,,LoraLAB,,,a40d0bc3-76dd-4662-a4a6-b27fab9f016c,7bb40642-2c57-427c-8614-0b0e06047675,0.0,10876.0,ERROR
LoRa,,errorcode_TimeChanged_102CEFFFFE0115C6,errorcode_TimeChanged,AlarmMinor,,LoraLAB,,,456eba4b-13ea-40ea-9ef7-5a2ae369b0d6,7bb40642-2c57-427c-8614-0b0e06047675,0.0,10876.0,ERROR
LoRa,,errorcode_VTRatioChange_102CEFFFFE0115C6,errorcode_VTRatioChange,AlarmMinor,,LoraLAB,,,30530133-acef-4686-91d1-22a265d8fd77,7bb40642-2c57-427c-8614-0b0e06047675,0.0,10876.0,ERROR
LoRa,,errorcode_order_102CEFFFFE0115C6,errorcode_order,Length,,LoraLAB,,,8fb226e9-ddd0-4bb5-a507-9f5b353e1748,7bb40642-2c57-427c-8614-0b0e06047675,240.0,10876.0,ERROR
LoRa,,errorcode_value_102CEFFFFE0115C6,errorcode_value,State,,LoraLAB,,,311ca0bd-11b0-47af-ae5a-c451046dcb11,7bb40642-2c57-427c-8614-0b0e06047675,0.0,10876.0,ERROR
LoRa,,fan_mode_24E124715D418294,fan_mode,State,,KONFERENS,4011,PLAN 7,c150a271-1001-446a-8c3f-457e463a4466,178e0f62-eff9-4d6a-b8b3-7886e861a614,0.0,9004.7,ERROR
LoRa,,fan_mode_auto_24E124715D418294,fan_mode_auto,State,,KONFERENS,4011,PLAN 7,84b9f884-4e3d-46ae-949a-ad62e0a90793,178e0f62-eff9-4d6a-b8b3-7886e861a614,1.0,9004.7,ERROR
LoRa,,fan_mode_circulate_24E124715D418294,fan_mode_circulate,State,,KONFERENS,4011,PLAN 7,0b37d899-1e01-4144-b9f0-070a819091bc,178e0f62-eff9-4d6a-b8b3-7886e861a614,0.0,9004.7,ERROR
LoRa,,fan_mode_disable_24E124715D418294,fan_mode_disable,State,,KONFERENS,4011,PLAN 7,56472fd0-eec1-4948-954a-caafddcbc9b6,178e0f62-eff9-4d6a-b8b3-7886e861a614,0.0,9004.7,ERROR
LoRa,,fan_mode_on_24E124715D418294,fan_mode_on,State,,KONFERENS,4011,PLAN 7,6b9e5641-2f8f-4744-8581-d6322e715c08,178e0f62-eff9-4d6a-b8b3-7886e861a614,0.0,9004.7,ERROR
LoRa,,fan_status_24E124715D418294,fan_status,State,,KONFERENS,4011,PLAN 7,e7990131-7fea-4e67-871b-6539f2801dc3,178e0f62-eff9-4d6a-b8b3-7886e861a614,3.0,9004.7,ERROR
LoRa,,fan_status_high_speed_24E124715D418294,fan_status_high_speed,State,,KONFERENS,4011,PLAN 7,80065999-e8a7-44d3-af28-3ea33ecc3e47,178e0f62-eff9-4d6a-b8b3-7886e861a614,0.0,9004.7,ERROR
LoRa,,fan_status_low_speed_24E124715D418294,fan_status_low_speed,State,,KONFERENS,4011,PLAN 7,d389e720-1858-4054-af7a-4eda2cc92101,178e0f62-eff9-4d6a-b8b3-7886e861a614,0.0,9004.7,ERROR
LoRa,,fan_status_on_24E124715D418294,fan_status_on,State,,KONFERENS,4011,PLAN 7,94ebf223-962a-4d6f-94fa-49715328f1d1,178e0f62-eff9-4d6a-b8b3-7886e861a614,1.0,9004.7,ERROR
LoRa,,fan_status_standby_24E124715D418294,fan_status_standby,State,,KONFERENS,4011,PLAN 7,b2718093-5672-4e76-aeea-c5cc5faeff89,178e0f62-eff9-4d6a-b8b3-7886e861a614,0.0,9004.7,ERROR
LoRa,,humidity_24E124136C505823,humidity,Humidity,,LoraLAB,,,8fe05ae6-16ad-4682-9b52-ef52d2ca0f48,74b39b86-aca8-4b14-87a3-dbe63cafcf7b,53.5,96.5,ERROR
LoRa,,humidity_A81758FFFE08E127,humidity,Humidity,,LoraLAB,,,4c3d7ce7-8b96-4314-9c5b-6f13b3164147,52cb87c7-fcfb-4668-b59f-e962e3385591,,,NOT_STARTED
LoRa,,humidity_A81758FFFE08E128,humidity,Humidity,,LoraLAB,,,24bf8ae8-0ae8-401a-b844-e7e885ea41ea,84b169d2-2606-489b-9583-adb72ccadf95,,,NOT_STARTED
LoRa,,humidity_A81758FFFE0B3060,humidity,Humidity,IndoorAir,BUTIK,2024,PLAN 5,cc6cc962-3e9a-4ecf-ade0-901537d8feb5,597caba6-6d6a-4daf-a9d1-18fb51cbb180,57,0.4,OK
LoRa,,humidity_A81758FFFE0B3061,humidity,Humidity,IndoorAir,BUTIK,2081,PLAN 5,009cecc1-81e6-4ec7-b252-19737e1479e1,14958177-48a7-475d-a187-f8ad9a1ff9f9,55,0.3,OK
LoRa,,humidity_A81758FFFE0B3062,humidity,Humidity,IndoorAir,BUTIK,2074,PLAN 5,7addcaa7-2d0f-49d4-826e-111e39562a80,953f8bc2-904c-4791-a9e4-ad2aa1c10351,52,0.3,WARNING
LoRa,,humidity_A81758FFFE0B3063,humidity,Humidity,IndoorAir,BUTIK,2089,PLAN 5,0624421d-5327-46eb-934f-5afd32670a58,d729ce40-549c-4541-9dc0-2c5b172285d2,52,0.3,OK
LoRa,,humidity_A81758FFFE0C51C7,humidity,Humidity,IndoorAir,BUTIK,4028,PLAN 7,8c40fdbd-4c5f-4acf-bf98-5abd8ba15735,53ef454d-ee61-460a-9ed0-552492ac8508,51,0.6,WARNING
LoRa,,humidity_A81758FFFE0C5643,humidity,Humidity,IndoorAir,BUTIK,4176,PLAN 7,318434ad-3c25-4cff-bac0-d1dd9fa95132,a84c8cd8-6b12-49cf-954c-21cd28da811f,51,0.3,OK
LoRa,,humidity_A81758FFFE0C5644,humidity,Humidity,IndoorAir,VINBAR,4045,PLAN 7,f8d142ef-9bca-452e-8889-e48d4eb7a402,e7c63db8-0f8d-4501-b998-219f958e6afa,55,0.4,OK
LoRa,,humidity_A81758FFFE0C5645,humidity,Humidity,IndoorAir,MATSAL,4123,PLAN 7,563de769-b032-465e-9589-cd7daaa36be5,993f4527-e3ad-45d9-871c-77e0ac0d3d4b,52,0.4,OK
LoRa,,humidity_A81758FFFE0C5646,humidity,Humidity,IndoorAir,MATSAL,4129,PLAN 7,e584e8ed-83e4-48a1-a57a-2912f8a1045e,bcef268e-14f6-4804-be4c-2416d51c36ba,54,0.3,OK
LoRa,,humidity_A81758FFFE0C5647,humidity,Humidity,IndoorAir,BUTIK,3016,PLAN 6,f82bc063-4bce-4968-be0c-73c297f1c355,6184305a-c4a3-4391-95ad-f9ad58d20163,24.0,12721.3,ERROR
LoRa,,humidity_A81758FFFE0C5648,humidity,Humidity,IndoorAir,BUTIK,3094,PLAN 6,4789f4f8-9d91-4df9-8e2d-fbc869714610,1e091db2-7c24-4965-b1c8-8603ace5c661,53,0.4,OK
LoRa,,humidity_A81758FFFE0C5649,humidity,Humidity,IndoorAir,BUTIK,3118,PLAN 6,58e90b00-11ee-476f-a183-2503e6b8d291,e696c12b-3d21-4788-9f46-7feb0907682c,50,0.4,OK
LoRa,,humidity_A81758FFFE0C564A,humidity,Humidity,IndoorAir,BUTIK,3122,PLAN 6,ea43308a-3b50-43c6-a6b2-d6d7ae34225c,f771a91f-ba84-4096-92d2-0724296070b5,46,222.7,ERROR
LoRa,,humidity_A81758FFFE0C564B,humidity,Humidity,IndoorAir,BUTIK,2002,PLAN 5,1a89f0ab-cfef-4738-83ce-af59b48d23c9,06578007-b2b9-4846-91f2-2140d35a887c,54,0.9,OK
LoRa,,humidity_A81758FFFE0C564C,humidity,Humidity,IndoorAir,BUTIK,2093,PLAN 5,96d662a4-8a6b-48d9-a8e6-2c3043ea7359,26f1a7b0-ce42-49cc-ab8a-37185cb7c730,58,0.3,OK
LoRa,,humidity_A81758FFFE0C566B,humidity,Humidity,IndoorAir,BUTIK,2069,PLAN 5,f5ce02c9-df5e-486d-beac-eca2c5079146,8edf6edb-a69a-4408-82da-f0a633471dc6,58,0.4,OK
LoRa,,humidity_A81758FFFE0C566C,humidity,Humidity,IndoorAir,BUTIK,2041,PLAN 5,fc0ecef1-4e0c-4ead-b4d2-87ced70548cd,c14e3e3f-3cef-4062-8d8b-e558c3e59bb0,55,0.6,OK
LoRa,,humidity_A81758FFFE0C566D,humidity,Humidity,IndoorAir,BUTIK,2025,PLAN 5,511b0da3-4604-40d6-9a7d-8d30e8981a42,9d1bbea5-b5b8-481a-96a8-39107d54f5fe,56,0.3,OK
LoRa,,humidity_A81758FFFE0C566E,humidity,Humidity,IndoorAir,BUTIK,1082,PLAN 4,15ff52a2-40fd-4950-b183-f33e74864f33,08756b73-984d-4b26-b28f-2bfd1c018acc,57,2.6,WARNING
LoRa,,humidity_A81758FFFE0C566F,humidity,Humidity,IndoorAir,BUTIK,1014,PLAN 4,de39196a-18c4-4d46-9f72-4dcaee64be0e,05d9a9ef-b782-4f27-bca0-34ee8146d302,54,0.5,WARNING
LoRa,,humidity_A81758FFFE0C5670,humidity,Humidity,IndoorAir,BUTIK,1033,PLAN 4,4dd5a2fa-c99b-4575-b8c0-b1b0f1956e40,ff3b5eff-4d5c-40bf-a682-ffbb65c5da3a,44.0,10892.3,ERROR
LoRa,,humidity_A81758FFFE0C5671,humidity,Humidity,IndoorAir,BUTIK,1067,PLAN 4,c7149289-0ece-469b-9916-093f29a8e257,6bf86b6e-65ea-4cfe-adb5-9938c33caa5b,57,0.4,OK
LoRa,,humidity_A81758FFFE0C5672,humidity,Humidity,IndoorAir,BUTIK,0075,PLAN 3,db36239e-2cad-4513-9f92-81053a74ee14,f2cf4762-2290-4f75-ac1d-bc29b66b3827,29.0,13857.7,ERROR
LoRa,,humidity_A81758FFFE0C5673,humidity,Humidity,IndoorAir,BUTIK,0004,PLAN 3,67e8db84-22dc-4f5d-8e6b-adab753a8479,da7325cb-85e6-42ce-a37a-df656a0c13b1,53,0.9,OK
LoRa,,humidity_A81758FFFE0C5674,humidity,Humidity,IndoorAir,ENTREHALL,61,PLAN 3,329f5259-2451-48fa-be79-9db84e66f21b,9619d272-a5a8-4045-9de0-1210f8749988,54,0.6,OK
LoRa,,humidity_A81758FFFE0C5675,humidity,Humidity,IndoorAir,BUTIK,K2137,PLAN 1,1790a94a-674d-42e1-a2da-f16a16dc29d8,f486d892-1e07-417c-8641-2c4a4e61d80f,50,0.3,OK
LoRa,,humidity_A81758FFFE0C5676,humidity,Humidity,IndoorAir,BUTIK,K2164,PLAN 1,a09ab411-14d0-4105-8744-317635423ae1,fba6f110-b97f-4b30-8ffb-997b25d03d15,50,0.3,OK
LoRa,,humidity_A81758FFFE0C5677,humidity,Humidity,IndoorAir,BUTIK,K2015,PLAN 1,845a2b5e-521e-4563-87e0-dcc51e2c8368,61582af1-f026-478a-bc34-cdb5eb74bb1a,,,NOT_STARTED
LoRa,,humidity_A81758FFFE0CF750,humidity,Humidity,,LoraLAB,,,e5b21fc1-5d00-42cc-b08b-6f82bfe2f78a,7f1af8cc-c809-4438-87d6-73fb4bc971df,,,NOT_STARTED
LoRa,,humidity_A81758FFFE0CF751,humidity,Humidity,,LoraLAB,,,aa0f4bc5-3f9c-4430-a611-62a8d66d9bed,2e436521-5e07-40b3-b989-2e0904148fa1,,,NOT_STARTED
LoRa,,humidity_A81758FFFE0D249D,humidity,Humidity,IndoorAir,BUTIK,1093,PLAN 4,b1491bec-8b5b-4141-8b2c-b357259b0628,1212153f-9af2-4a8a-866c-80769b624928,46.0,10517.0,ERROR
LoRa,,humidity_A81758FFFE0D249E,humidity,Humidity,IndoorAir,BUTIK,0075,PLAN 3,06937546-beac-4670-9fda-c169a344d059,9e5ff95d-0ec8-48de-a8b7-40fb2c3bbbcd,43,0.4,OK
LoRa,,humidity_A81758FFFE0D249F,humidity,Humidity,IndoorAir,BUTIK,1081,PLAN 4,0b39e83b-238d-407e-b6d8-d536d0f98d6f,cb6b4a7b-df09-4816-88c3-4bc266199b04,56,0.8,OK
LoRa,,humidity_A81758FFFE0D24A0,humidity,Humidity,IndoorAir,BUTIK,K2108,PLAN 1,b23727df-5e9b-4659-84c3-8233f81c57bd,d96259e5-e635-483b-b6e2-a0f6c9406e0c,50.0,10517.0,ERROR
LoRa,,humidity_A81758FFFE0D24A1,humidity,Humidity,IndoorAir,BUTIK,K2148,PLAN 1,33dd41e0-dac1-413d-825c-0e5521d5c9af,cb749553-64e3-476f-bb7f-b3383ec4990d,45.0,10517.0,ERROR
LoRa,,humidity_A81758FFFE0D24A2,humidity,Humidity,IndoorAir,BUTIK,0093,PLAN 3,64091c8b-fcf5-4412-896e-7c3f06c813ee,66a30965-9df8-4bfc-b4ca-eaec04cefd35,56,1.4,OK
LoRa,,light_A81758FFFE08E127,light,Illuminance,,LoraLAB,,,0bb39e63-45ce-41f6-9101-ca2e55bc97da,52cb87c7-fcfb-4668-b59f-e962e3385591,,,NOT_STARTED
LoRa,,light_A81758FFFE08E128,light,Illuminance,,LoraLAB,,,6d19407a-b1d3-4221-9873-c322128f1a8a,84b169d2-2606-489b-9583-adb72ccadf95,,,NOT_STARTED
LoRa,,light_A81758FFFE0C51C7,light,Illuminance,IndoorAir,BUTIK,4028,PLAN 7,8c1809c4-d0cc-4d54-9143-4cfb1e0c5a97,53ef454d-ee61-460a-9ed0-552492ac8508,661,0.6,OK
LoRa,,light_A81758FFFE0C5643,light,Illuminance,IndoorAir,BUTIK,4176,PLAN 7,65b4703f-b23c-4a12-92f3-a07edee3d7f2,a84c8cd8-6b12-49cf-954c-21cd28da811f,327,0.3,OK
LoRa,,light_A81758FFFE0C5644,light,Illuminance,IndoorAir,VINBAR,4045,PLAN 7,80008c29-6280-45f7-8aa5-438b3b31d171,e7c63db8-0f8d-4501-b998-219f958e6afa,48,0.4,OK
LoRa,,light_A81758FFFE0C5645,light,Illuminance,IndoorAir,MATSAL,4123,PLAN 7,c1b7812c-d448-4674-8374-8372ccc15ba3,993f4527-e3ad-45d9-871c-77e0ac0d3d4b,5,0.4,OK
LoRa,,light_A81758FFFE0C5646,light,Illuminance,IndoorAir,MATSAL,4129,PLAN 7,40b510f9-6846-4390-9f10-58071dc72bdf,bcef268e-14f6-4804-be4c-2416d51c36ba,31,0.3,OK
LoRa,,light_A81758FFFE0C5647,light,Illuminance,IndoorAir,BUTIK,3016,PLAN 6,88b2b186-53a2-42c7-852f-37c2fe713edb,6184305a-c4a3-4391-95ad-f9ad58d20163,0.0,12721.3,ERROR
LoRa,,light_A81758FFFE0C5648,light,Illuminance,IndoorAir,BUTIK,3094,PLAN 6,e1ac0f74-4672-40f4-8558-44a79d3c343d,1e091db2-7c24-4965-b1c8-8603ace5c661,408,0.4,OK
LoRa,,light_A81758FFFE0C5649,light,Illuminance,IndoorAir,BUTIK,3118,PLAN 6,3dbc272c-94e7-4cdd-a201-af8eb44b0563,e696c12b-3d21-4788-9f46-7feb0907682c,630,0.4,OK
LoRa,,light_A81758FFFE0C564A,light,Illuminance,IndoorAir,BUTIK,3122,PLAN 6,485ed38e-d304-4325-80d1-1ceab0e5bb4f,f771a91f-ba84-4096-92d2-0724296070b5,24,222.7,ERROR
LoRa,,light_A81758FFFE0C564B,light,Illuminance,IndoorAir,BUTIK,2002,PLAN 5,b5f211b0-30f9-41d8-aa84-ad046625cb90,06578007-b2b9-4846-91f2-2140d35a887c,110,0.9,OK
LoRa,,light_A81758FFFE0C564C,light,Illuminance,IndoorAir,BUTIK,2093,PLAN 5,9021b9f2-7fd2-4151-9069-1755828b5bea,26f1a7b0-ce42-49cc-ab8a-37185cb7c730,321,0.3,OK
LoRa,,light_A81758FFFE0C566B,light,Illuminance,IndoorAir,BUTIK,2069,PLAN 5,d861e805-7039-4b22-8854-5afd9811f73b,8edf6edb-a69a-4408-82da-f0a633471dc6,76,0.4,OK
LoRa,,light_A81758FFFE0C566C,light,Illuminance,IndoorAir,BUTIK,2041,PLAN 5,5db18022-6bfd-4318-9d2a-dc29246b07fb,c14e3e3f-3cef-4062-8d8b-e558c3e59bb0,324,0.6,OK
LoRa,,light_A81758FFFE0C566D,light,Illuminance,IndoorAir,BUTIK,2025,PLAN 5,0ac74c73-b193-4bf5-8956-1d7a3f651945,9d1bbea5-b5b8-481a-96a8-39107d54f5fe,281,0.3,OK
LoRa,,light_A81758FFFE0C566E,light,Illuminance,IndoorAir,BUTIK,1082,PLAN 4,946472c9-ebe2-4d51-9a06-05517dccf734,08756b73-984d-4b26-b28f-2bfd1c018acc,197,2.6,WARNING
LoRa,,light_A81758FFFE0C566F,light,Illuminance,IndoorAir,BUTIK,1014,PLAN 4,7c7e8735-6ba4-4955-bf11-f6f6efe1ce08,05d9a9ef-b782-4f27-bca0-34ee8146d302,688,0.5,OK
LoRa,,light_A81758FFFE0C5670,light,Illuminance,IndoorAir,BUTIK,1033,PLAN 4,a203a531-e19a-41eb-9a40-70dcd2afa4dd,ff3b5eff-4d5c-40bf-a682-ffbb65c5da3a,304.0,10892.3,ERROR
LoRa,,light_A81758FFFE0C5671,light,Illuminance,IndoorAir,BUTIK,1067,PLAN 4,0d054b97-6dd6-4a85-88b4-c79f18dd2f45,6bf86b6e-65ea-4cfe-adb5-9938c33caa5b,7,0.4,OK
LoRa,,light_A81758FFFE0C5672,light,Illuminance,IndoorAir,BUTIK,0075,PLAN 3,023f2659-826d-4796-a7e1-7407a7eb740a,f2cf4762-2290-4f75-ac1d-bc29b66b3827,1.0,13857.7,ERROR
LoRa,,light_A81758FFFE0C5673,light,Illuminance,IndoorAir,BUTIK,0004,PLAN 3,d37e6025-8d41-4ac4-99c3-e0e5528220ea,da7325cb-85e6-42ce-a37a-df656a0c13b1,4,0.9,OK
LoRa,,light_A81758FFFE0C5674,light,Illuminance,IndoorAir,ENTREHALL,61,PLAN 3,d645c6b9-fb6e-497a-a811-85ea5eb82b6d,9619d272-a5a8-4045-9de0-1210f8749988,4,0.6,OK
LoRa,,light_A81758FFFE0C5675,light,Illuminance,IndoorAir,BUTIK,K2137,PLAN 1,bdb959d8-f26d-486c-b88e-a333481281d5,f486d892-1e07-417c-8641-2c4a4e61d80f,8,0.3,OK
LoRa,,light_A81758FFFE0C5676,light,Illuminance,IndoorAir,BUTIK,K2164,PLAN 1,90f721ef-f8a0-4e07-9e4c-2543144ebaa4,fba6f110-b97f-4b30-8ffb-997b25d03d15,0,0.3,OK
LoRa,,light_A81758FFFE0C5677,light,Illuminance,IndoorAir,BUTIK,K2015,PLAN 1,551ea9dd-fc74-4164-a437-4789e1e1b805,61582af1-f026-478a-bc34-cdb5eb74bb1a,,,NOT_STARTED
LoRa,,light_A81758FFFE0CF750,light,Illuminance,,LoraLAB,,,410b58cb-d512-4fce-b68b-f8ebf81ac10e,7f1af8cc-c809-4438-87d6-73fb4bc971df,,,NOT_STARTED
LoRa,,light_A81758FFFE0CF751,light,Illuminance,,LoraLAB,,,fa297c55-e07c-4cfc-bfe4-6955d79b7f42,2e436521-5e07-40b3-b989-2e0904148fa1,,,NOT_STARTED
LoRa,,motion_A81758FFFE08E127,motion,Presence,,LoraLAB,,,ebd9152e-1135-4214-81c6-eb4226c39928,52cb87c7-fcfb-4668-b59f-e962e3385591,,,NOT_STARTED
LoRa,,motion_A81758FFFE08E128,motion,Presence,,LoraLAB,,,d9e85ea4-0bfa-420b-92a0-3158b7a3cb88,84b169d2-2606-489b-9583-adb72ccadf95,,,NOT_STARTED
LoRa,,motion_A81758FFFE0C51C7,motion,Presence,IndoorAir,BUTIK,4028,PLAN 7,32ac0b23-3b82-4acd-93e6-18d869b2e942,53ef454d-ee61-460a-9ed0-552492ac8508,30,0.6,OK
LoRa,,motion_A81758FFFE0C5643,motion,Presence,IndoorAir,BUTIK,4176,PLAN 7,d0c2d1ab-3c7f-44c3-a55f-4e1b7d02e03c,a84c8cd8-6b12-49cf-954c-21cd28da811f,0,0.3,OK
LoRa,,motion_A81758FFFE0C5644,motion,Presence,IndoorAir,VINBAR,4045,PLAN 7,8a788016-6db0-4c67-a925-1b00b09222a9,e7c63db8-0f8d-4501-b998-219f958e6afa,0,0.4,WARNING
LoRa,,motion_A81758FFFE0C5645,motion,Presence,IndoorAir,MATSAL,4123,PLAN 7,8fa37079-20f4-4c03-9361-ea14af0a8bb9,993f4527-e3ad-45d9-871c-77e0ac0d3d4b,0,0.4,OK
LoRa,,motion_A81758FFFE0C5646,motion,Presence,IndoorAir,MATSAL,4129,PLAN 7,a32ed42d-75b6-4bce-9da2-4e634e459251,bcef268e-14f6-4804-be4c-2416d51c36ba,0,0.3,OK
LoRa,,motion_A81758FFFE0C5647,motion,Presence,IndoorAir,BUTIK,3016,PLAN 6,423d77b0-c797-49ea-ae30-355499d22069,6184305a-c4a3-4391-95ad-f9ad58d20163,0.0,12721.3,ERROR
LoRa,,motion_A81758FFFE0C5648,motion,Presence,IndoorAir,BUTIK,3094,PLAN 6,f7059415-75fa-41e6-a861-5491f6f6e3b0,1e091db2-7c24-4965-b1c8-8603ace5c661,8,0.4,WARNING
LoRa,,motion_A81758FFFE0C5649,motion,Presence,IndoorAir,BUTIK,3118,PLAN 6,3ee8ea1f-daf7-4001-8239-09f0930fe35b,e696c12b-3d21-4788-9f46-7feb0907682c,1,0.4,OK
LoRa,,motion_A81758FFFE0C564A,motion,Presence,IndoorAir,BUTIK,3122,PLAN 6,834f6181-0310-4b86-b3d3-d8d43d992789,f771a91f-ba84-4096-92d2-0724296070b5,0,222.7,ERROR
LoRa,,motion_A81758FFFE0C564B,motion,Presence,IndoorAir,BUTIK,2002,PLAN 5,3d838327-b68c-4675-bba0-3bf2f4137ea5,06578007-b2b9-4846-91f2-2140d35a887c,3,0.9,OK
LoRa,,motion_A81758FFFE0C564C,motion,Presence,IndoorAir,BUTIK,2093,PLAN 5,e8de9eb2-7dae-4f27-9664-fcd452f033d9,26f1a7b0-ce42-49cc-ab8a-37185cb7c730,10,0.3,OK
LoRa,,motion_A81758FFFE0C566B,motion,Presence,IndoorAir,BUTIK,2069,PLAN 5,dc5bdd05-9c65-4963-89ba-1b292f5dad99,8edf6edb-a69a-4408-82da-f0a633471dc6,28,0.4,OK
LoRa,,motion_A81758FFFE0C566C,motion,Presence,IndoorAir,BUTIK,2041,PLAN 5,e630e7d9-056f-433e-a429-dba5832db538,c14e3e3f-3cef-4062-8d8b-e558c3e59bb0,14,0.6,OK
LoRa,,motion_A81758FFFE0C566D,motion,Presence,IndoorAir,BUTIK,2025,PLAN 5,fe0fbaf7-ab21-447c-b6cd-df1ac3c6cfcf,9d1bbea5-b5b8-481a-96a8-39107d54f5fe,19,0.3,OK
LoRa,,motion_A81758FFFE0C566E,motion,Presence,IndoorAir,BUTIK,1082,PLAN 4,8dd4535c-daee-4430-9759-ef935a7e9216,08756b73-984d-4b26-b28f-2bfd1c018acc,9,2.6,WARNING
LoRa,,motion_A81758FFFE0C566F,motion,Presence,IndoorAir,BUTIK,1014,PLAN 4,d5a372d1-d91f-43ae-8102-954990210a46,05d9a9ef-b782-4f27-bca0-34ee8146d302,18,0.5,OK
LoRa,,motion_A81758FFFE0C5670,motion,Presence,IndoorAir,BUTIK,1033,PLAN 4,224132b1-bf7c-4f7b-ae3f-f8cf2e88688f,ff3b5eff-4d5c-40bf-a682-ffbb65c5da3a,10.0,10892.3,ERROR
LoRa,,motion_A81758FFFE0C5671,motion,Presence,IndoorAir,BUTIK,1067,PLAN 4,202dd177-efa2-415b-9e66-c7f5a7e58c09,6bf86b6e-65ea-4cfe-adb5-9938c33caa5b,7,0.4,WARNING
LoRa,,motion_A81758FFFE0C5672,motion,Presence,IndoorAir,BUTIK,0075,PLAN 3,f6f1500d-6237-44bc-a9d5-ca53465f4cd7,f2cf4762-2290-4f75-ac1d-bc29b66b3827,1.0,13857.7,ERROR
LoRa,,motion_A81758FFFE0C5673,motion,Presence,IndoorAir,BUTIK,0004,PLAN 3,2add96dd-50f8-404b-9db0-6dd8f748f3ef,da7325cb-85e6-42ce-a37a-df656a0c13b1,4,0.9,OK
LoRa,,motion_A81758FFFE0C5674,motion,Presence,IndoorAir,ENTREHALL,61,PLAN 3,648450f2-bf31-44d0-896e-ea8a0aa36215,9619d272-a5a8-4045-9de0-1210f8749988,4,0.6,OK
LoRa,,motion_A81758FFFE0C5675,motion,Presence,IndoorAir,BUTIK,K2137,PLAN 1,4d2506f6-942f-42a6-a7d1-3f879db95a65,f486d892-1e07-417c-8641-2c4a4e61d80f,8,0.3,OK
LoRa,,motion_A81758FFFE0C5676,motion,Presence,IndoorAir,BUTIK,K2164,PLAN 1,0fb1d316-c6ed-4732-9be6-03832a0b00f9,fba6f110-b97f-4b30-8ffb-997b25d03d15,0,0.3,OK
LoRa,,motion_A81758FFFE0C5677,motion,Presence,IndoorAir,BUTIK,K2015,PLAN 1,9fd55b6f-c531-4cea-9f25-55c47e6f0fa2,61582af1-f026-478a-bc34-cdb5eb74bb1a,,,NOT_STARTED
LoRa,,motion_A81758FFFE0CF750,motion,Presence,,LoraLAB,,,0b99cab0-e2c5-4827-b71b-fc4a5685f233,7f1af8cc-c809-4438-87d6-73fb4bc971df,,,NOT_STARTED
LoRa,,motion_A81758FFFE0CF751,motion,Presence,,LoraLAB,,,4527ba1c-2886-4cc3-8f94-712084a21e5d,2e436521-5e07-40b3-b989-2e0904148fa1,,,NOT_STARTED
LoRa,,plan_event_24E124715D418294,plan_event,State,,KONFERENS,4011,PLAN 7,70a4df3e-b156-41f0-8b2a-d7e9ace1d6be,178e0f62-eff9-4d6a-b8b3-7886e861a614,3.0,9004.7,ERROR
LoRa,,plan_event_away_24E124715D418294,plan_event_away,State,,KONFERENS,4011,PLAN 7,8e183561-464f-4aab-82af-5618ed0f6d87,178e0f62-eff9-4d6a-b8b3-7886e861a614,0.0,9004.7,ERROR
LoRa,,plan_event_home_24E124715D418294,plan_event_home,State,,KONFERENS,4011,PLAN 7,07df905e-c4b5-43b2-bcd5-dfd29ff77e48,178e0f62-eff9-4d6a-b8b3-7886e861a614,1.0,9004.7,ERROR
LoRa,,plan_event_not_executed_24E124715D418294,plan_event_not_executed,State,,KONFERENS,4011,PLAN 7,2e508e8a-6e25-474e-8295-7e18db6fee22,178e0f62-eff9-4d6a-b8b3-7886e861a614,0.0,9004.7,ERROR
LoRa,,plan_event_sleep_24E124715D418294,plan_event_sleep,State,,KONFERENS,4011,PLAN 7,992978a7-be3b-4a19-933f-b8875396b028,178e0f62-eff9-4d6a-b8b3-7886e861a614,0.0,9004.7,ERROR
LoRa,,plan_event_wake_24E124715D418294,plan_event_wake,State,,KONFERENS,4011,PLAN 7,0e0ac4ed-c750-4336-8c49-19a2e77a6403,178e0f62-eff9-4d6a-b8b3-7886e861a614,0.0,9004.7,ERROR
LoRa,,rssi_24E124715D418281,rssi,Level,,LoraLAB,,,af68328d-6c7f-4675-b4d2-65e81ed277c9,62018d11-dee8-4b9a-9bd9-e67d8fc1c73e,-40.0,10875.8,ERROR
LoRa,,rssi_24E124715D418294,rssi,Level,,KONFERENS,4011,PLAN 7,bfd436c3-91b7-473f-b094-9c377f416c94,178e0f62-eff9-4d6a-b8b3-7886e861a614,-103.0,9004.7,ERROR
LoRa,,rssi_8C83FC05007288D3,rssi,Level,,LoraLAB,,,cdffeda4-5e9b-454f-a9a8-388fb27afa55,5807185e-1051-48ae-9086-693829097b76,-96,0.7,OK
LoRa,,rssi_A81758FFFE08E127,rssi,Level,,LoraLAB,,,03849247-5b15-4c31-9307-0b57f2f8c4dc,52cb87c7-fcfb-4668-b59f-e962e3385591,,,NOT_STARTED
LoRa,,rssi_A81758FFFE08E128,rssi,Level,,LoraLAB,,,e9f7e33e-9f63-426e-8f51-fd11beff6c7c,84b169d2-2606-489b-9583-adb72ccadf95,,,NOT_STARTED
LoRa,,rssi_A81758FFFE0C51C7,rssi,Level,,BUTIK,4028,PLAN 7,d1730138-2708-400a-839c-886aa4e414dc,53ef454d-ee61-460a-9ed0-552492ac8508,-113,0.6,WARNING
LoRa,,rssi_A81758FFFE0C5643,rssi,Level,,BUTIK,4176,PLAN 7,84804ffa-9d06-476f-bb5f-6f1a3076c085,a84c8cd8-6b12-49cf-954c-21cd28da811f,-95,0.3,OK
LoRa,,rssi_A81758FFFE0C5644,rssi,Level,,VINBAR,4045,PLAN 7,ad6d1a5a-61bf-4a78-845c-77295c5a70d4,e7c63db8-0f8d-4501-b998-219f958e6afa,-104,0.4,OK
LoRa,,rssi_A81758FFFE0C5645,rssi,Level,,MATSAL,4123,PLAN 7,5514590e-ef8d-4f8c-ac7c-25e86cd55296,993f4527-e3ad-45d9-871c-77e0ac0d3d4b,-106,0.4,OK
LoRa,,rssi_A81758FFFE0C5646,rssi,Level,,MATSAL,4129,PLAN 7,577f96a4-ee71-4d33-a28e-9d5de798d90b,bcef268e-14f6-4804-be4c-2416d51c36ba,-102,0.3,OK
LoRa,,rssi_A81758FFFE0C5647,rssi,Level,,BUTIK,3016,PLAN 6,b0e08602-312d-4340-9a50-f9684c52f825,6184305a-c4a3-4391-95ad-f9ad58d20163,-116.0,12721.3,ERROR
LoRa,,rssi_A81758FFFE0C5648,rssi,Level,,BUTIK,3094,PLAN 6,cfd76e94-b366-4cc7-8545-5175695009da,1e091db2-7c24-4965-b1c8-8603ace5c661,-106,0.4,OK
LoRa,,rssi_A81758FFFE0C5649,rssi,Level,,BUTIK,3118,PLAN 6,de9d4df6-9b85-4de0-acce-6b01c3525451,e696c12b-3d21-4788-9f46-7feb0907682c,-110,0.4,OK
LoRa,,rssi_A81758FFFE0C564A,rssi,Level,,BUTIK,3122,PLAN 6,7419aac0-e59f-4186-9949-5c0937edb505,f771a91f-ba84-4096-92d2-0724296070b5,-112,222.7,ERROR
LoRa,,rssi_A81758FFFE0C564B,rssi,Level,,BUTIK,2002,PLAN 5,8faf9823-2142-4408-afc1-ddeeac8d6904,06578007-b2b9-4846-91f2-2140d35a887c,-114,0.9,OK
LoRa,,rssi_A81758FFFE0C564C,rssi,Level,,BUTIK,2093,PLAN 5,ebf4f2c5-1144-48ee-9eea-aa6e50ba5193,26f1a7b0-ce42-49cc-ab8a-37185cb7c730,-114,0.3,OK
LoRa,,rssi_A81758FFFE0C566B,rssi,Level,,BUTIK,2069,PLAN 5,977584c9-a111-4d59-a5a6-f57839e2b174,8edf6edb-a69a-4408-82da-f0a633471dc6,-109,0.4,OK
LoRa,,rssi_A81758FFFE0C566C,rssi,Level,,BUTIK,2041,PLAN 5,0885156b-5bc7-4e90-88de-eb869006f0b9,c14e3e3f-3cef-4062-8d8b-e558c3e59bb0,-111,0.6,OK
LoRa,,rssi_A81758FFFE0C566D,rssi,Level,,BUTIK,2025,PLAN 5,0c7d335e-afdd-4c11-81dd-02344226a3a6,9d1bbea5-b5b8-481a-96a8-39107d54f5fe,-114,0.3,OK
LoRa,,rssi_A81758FFFE0C566E,rssi,Level,,BUTIK,1082,PLAN 4,9c576e65-daeb-47af-b96a-11598c85f8a2,08756b73-984d-4b26-b28f-2bfd1c018acc,-115,2.6,WARNING
LoRa,,rssi_A81758FFFE0C566F,rssi,Level,,BUTIK,1014,PLAN 4,5d2d3aee-af48-4580-88bb-8ceb770a50dc,05d9a9ef-b782-4f27-bca0-34ee8146d302,-115,0.5,OK
LoRa,,rssi_A81758FFFE0C5670,rssi,Level,,BUTIK,1033,PLAN 4,16a90b50-7c1a-4f32-a4f4-115b0d9857c5,ff3b5eff-4d5c-40bf-a682-ffbb65c5da3a,-118.0,10892.3,ERROR
LoRa,,rssi_A81758FFFE0C5671,rssi,Level,,BUTIK,1067,PLAN 4,dabce360-aee8-4c8d-a192-8919eb5535d1,6bf86b6e-65ea-4cfe-adb5-9938c33caa5b,-113,0.4,OK
LoRa,,rssi_A81758FFFE0C5672,rssi,Level,,BUTIK,0075,PLAN 3,46602ae5-888b-470e-b50c-9c324e9a7285,f2cf4762-2290-4f75-ac1d-bc29b66b3827,-120.0,13857.7,ERROR
LoRa,,rssi_A81758FFFE0C5673,rssi,Level,,BUTIK,0004,PLAN 3,63b8b4c1-4dd9-4be4-98a8-59b5238cada0,da7325cb-85e6-42ce-a37a-df656a0c13b1,-116,0.9,OK
LoRa,,rssi_A81758FFFE0C5674,rssi,Level,,ENTREHALL,61,PLAN 3,db2848ed-0130-4839-b5a7-8e39eb67491a,9619d272-a5a8-4045-9de0-1210f8749988,-101,0.6,OK
LoRa,,rssi_A81758FFFE0C5675,rssi,Level,,BUTIK,K2137,PLAN 1,6d50305f-00cf-47f8-acc4-85372fa8053e,f486d892-1e07-417c-8641-2c4a4e61d80f,-83,0.3,OK
LoRa,,rssi_A81758FFFE0C5676,rssi,Level,,BUTIK,K2164,PLAN 1,bd5c1633-bf19-494a-b166-0f3c6b73d138,fba6f110-b97f-4b30-8ffb-997b25d03d15,-111,0.3,OK
LoRa,,rssi_A81758FFFE0C5677,rssi,Level,,BUTIK,K2015,PLAN 1,2b60af51-4880-4145-ae73-770481632fd0,61582af1-f026-478a-bc34-cdb5eb74bb1a,,,NOT_STARTED
LoRa,,rssi_A81758FFFE0CF750,rssi,Level,,LoraLAB,,,12a0f89c-6c60-4e0d-a8a6-462d0c7308fe,7f1af8cc-c809-4438-87d6-73fb4bc971df,,,NOT_STARTED
LoRa,,rssi_A81758FFFE0CF751,rssi,Level,,LoraLAB,,,1390ff05-b743-4e0b-8bb6-711808417962,2e436521-5e07-40b3-b989-2e0904148fa1,,,NOT_STARTED
LoRa,,temperature_24E124136C505823,temperature,Temperature,,LoraLAB,,,6cabffc6-4052-4f9b-af8e-d157bb9eb27b,74b39b86-aca8-4b14-87a3-dbe63cafcf7b,23.9,96.5,ERROR
LoRa,,temperature_24E124715D418281,temperature,Temperature,,LoraLAB,,,92eaec34-74fc-4ec2-bd1d-e3786dd10183,62018d11-dee8-4b9a-9bd9-e67d8fc1c73e,27.5,10875.8,ERROR
LoRa,,temperature_24E124715D418294,Temperature sensor 4011,Temperature,IndoorAir,KONFERENS,4011,PLAN 7,bb353d69-7c30-43ff-86e0-5059855e7723,178e0f62-eff9-4d6a-b8b3-7886e861a614,23.3,9004.7,ERROR
LoRa,,temperature_A81758FFFE08E127,temperature,Temperature,,LoraLAB,,,ed5d7790-93ea-4a76-ae2d-631b3f2086e4,52cb87c7-fcfb-4668-b59f-e962e3385591,,,NOT_STARTED
LoRa,,temperature_A81758FFFE08E128,temperature,Temperature,,LoraLAB,,,a742209b-7ccc-4642-8273-7464cf2883ea,84b169d2-2606-489b-9583-adb72ccadf95,,,NOT_STARTED
LoRa,,temperature_A81758FFFE0B3060,Stefan testar,Temperature,IndoorAir,BUTIK,2024,PLAN 5,9b4d2469-e4d5-4154-9dd7-81bb13286862,597caba6-6d6a-4daf-a9d1-18fb51cbb180,20.8,0.4,OK
LoRa,,temperature_A81758FFFE0B3061,temperature,Temperature,IndoorAir,BUTIK,2081,PLAN 5,a6053213-b613-47f7-b688-288bb961e88b,14958177-48a7-475d-a187-f8ad9a1ff9f9,21.5,0.3,OK
LoRa,,temperature_A81758FFFE0B3062,temperature,Temperature,IndoorAir,BUTIK,2074,PLAN 5,e100c4a8-e4c8-4e6a-b0e0-78eb989d8849,953f8bc2-904c-4791-a9e4-ad2aa1c10351,22.5,0.3,OK
LoRa,,temperature_A81758FFFE0B3063,Temperatur Gant Butiken,Temperature,IndoorAir,BUTIK,2089,PLAN 5,208e657d-b271-48f9-bad2-be991c10c3be,d729ce40-549c-4541-9dc0-2c5b172285d2,21.3,0.3,OK
LoRa,,temperature_A81758FFFE0C51C7,temperature,Temperature,IndoorAir,BUTIK,4028,PLAN 7,c3dc54b4-316f-4787-a2cf-81dc32c1fa55,53ef454d-ee61-460a-9ed0-552492ac8508,22.8,0.6,OK
LoRa,,temperature_A81758FFFE0C5643,temperature,Temperature,IndoorAir,BUTIK,4176,PLAN 7,d2c33b8f-8874-4be5-866c-a611d8b79e63,a84c8cd8-6b12-49cf-954c-21cd28da811f,22.2,0.3,OK
LoRa,,temperature_A81758FFFE0C5644,temperature,Temperature,IndoorAir,VINBAR,4045,PLAN 7,605a4801-3e57-4edc-8b21-65da68fad95e,e7c63db8-0f8d-4501-b998-219f958e6afa,21.2,0.4,OK
LoRa,,temperature_A81758FFFE0C5645,temperature,Temperature,IndoorAir,MATSAL,4123,PLAN 7,76fd68b8-98b5-475a-8686-ff37ec40f811,993f4527-e3ad-45d9-871c-77e0ac0d3d4b,22.1,0.4,OK
LoRa,,temperature_A81758FFFE0C5646,temperature,Temperature,IndoorAir,MATSAL,4129,PLAN 7,f356745a-9dc8-4cff-bbc8-1251e5534219,bcef268e-14f6-4804-be4c-2416d51c36ba,21.7,0.3,WARNING
LoRa,,temperature_A81758FFFE0C5647,temperature,Temperature,IndoorAir,BUTIK,3016,PLAN 6,c1221f6b-85d8-4957-9ace-da50976b121d,6184305a-c4a3-4391-95ad-f9ad58d20163,15.8,12721.3,ERROR
LoRa,,temperature_A81758FFFE0C5648,temperature,Temperature,IndoorAir,BUTIK,3094,PLAN 6,4034c8ac-4bd7-4d24-8db0-f5ec2ebb445d,1e091db2-7c24-4965-b1c8-8603ace5c661,21.7,0.4,OK
LoRa,,temperature_A81758FFFE0C5649,temperature,Temperature,IndoorAir,BUTIK,3118,PLAN 6,59912e0d-d9f8-459e-bf52-56d79f2106b9,e696c12b-3d21-4788-9f46-7feb0907682c,22.6,0.4,OK
LoRa,,temperature_A81758FFFE0C564A,temperature,Temperature,IndoorAir,BUTIK,3122,PLAN 6,a2306181-3b76-44e8-87b1-35e8a76c8b28,f771a91f-ba84-4096-92d2-0724296070b5,21.2,222.7,ERROR
LoRa,,temperature_A81758FFFE0C564B,temperature,Temperature,IndoorAir,BUTIK,2002,PLAN 5,b9745a6e-acf6-4d40-81fb-bd3a87c3ac59,06578007-b2b9-4846-91f2-2140d35a887c,21.2,0.9,OK
LoRa,,temperature_A81758FFFE0C564C,Temperatur,Temperature,IndoorAir,BUTIK,2093,PLAN 5,cdd66e09-d5d8-4da4-92ef-dc3d5e680a51,26f1a7b0-ce42-49cc-ab8a-37185cb7c730,20.3,0.3,OK
LoRa,,temperature_A81758FFFE0C566B,temperature,Temperature,IndoorAir,BUTIK,2069,PLAN 5,798dcc93-7a5c-4ed7-8854-6a308136f38d,8edf6edb-a69a-4408-82da-f0a633471dc6,20.3,0.4,OK
LoRa,,temperature_A81758FFFE0C566C,temperature,Temperature,IndoorAir,BUTIK,2041,PLAN 5,c66e6a3e-715b-4237-b9a2-200a5f95c336,c14e3e3f-3cef-4062-8d8b-e558c3e59bb0,20.9,0.6,OK
LoRa,,temperature_A81758FFFE0C566D,temperature,Temperature,IndoorAir,BUTIK,2025,PLAN 5,92cfd5cd-873a-4fe4-b6e1-1f975e292020,9d1bbea5-b5b8-481a-96a8-39107d54f5fe,20.7,0.3,OK
LoRa,,temperature_A81758FFFE0C566E,temperature,Temperature,IndoorAir,BUTIK,1082,PLAN 4,5d421574-0af8-43fb-9d8d-64b8adc85ef5,08756b73-984d-4b26-b28f-2bfd1c018acc,20.2,2.6,WARNING
LoRa,,temperature_A81758FFFE0C566F,temperature,Temperature,IndoorAir,BUTIK,1014,PLAN 4,ddc9abaa-e60e-478f-8652-8c58ddbea29f,05d9a9ef-b782-4f27-bca0-34ee8146d302,21.1,0.5,OK
LoRa,,temperature_A81758FFFE0C5670,temperature,Temperature,IndoorAir,BUTIK,1033,PLAN 4,dc3f33d7-6b06-4b8a-a236-4c97d0d13a8d,ff3b5eff-4d5c-40bf-a682-ffbb65c5da3a,22.7,10892.3,ERROR
LoRa,,temperature_A81758FFFE0C5671,temperature,Temperature,IndoorAir,BUTIK,1067,PLAN 4,b4887a1c-4a85-4dc4-8af0-b7c71a7da635,6bf86b6e-65ea-4cfe-adb5-9938c33caa5b,20.6,0.4,WARNING
LoRa,,temperature_A81758FFFE0C5672,temperature,Temperature,IndoorAir,BUTIK,0075,PLAN 3,b866e92b-2294-43a1-bbd0-8a802e816fb9,f2cf4762-2290-4f75-ac1d-bc29b66b3827,15.6,13857.7,ERROR
LoRa,,temperature_A81758FFFE0C5673,temperature,Temperature,IndoorAir,BUTIK,0004,PLAN 3,90ceacff-4da5-465f-a766-59dd1397be93,da7325cb-85e6-42ce-a37a-df656a0c13b1,21.5,0.9,OK
LoRa,,temperature_A81758FFFE0C5674,temperature,Temperature,IndoorAir,ENTREHALL,61,PLAN 3,539562d6-1a9e-4930-8e7c-18d1f8e7c5d0,9619d272-a5a8-4045-9de0-1210f8749988,21.3,0.6,OK
LoRa,,temperature_A81758FFFE0C5675,temperature,Temperature,IndoorAir,BUTIK,K2137,PLAN 1,4a1ac67d-4e70-46e7-8410-a8572a75a206,f486d892-1e07-417c-8641-2c4a4e61d80f,23.1,0.3,OK
LoRa,,temperature_A81758FFFE0C5676,temperature,Temperature,IndoorAir,BUTIK,K2164,PLAN 1,b98b9a7a-2c22-4141-adb2-0d1ef1f867e6,fba6f110-b97f-4b30-8ffb-997b25d03d15,22.5,0.3,OK
LoRa,,temperature_A81758FFFE0C5677,temperature,Temperature,IndoorAir,BUTIK,K2015,PLAN 1,72dbc42d-e3b3-4b2d-b167-1f48cf639c2a,61582af1-f026-478a-bc34-cdb5eb74bb1a,,,NOT_STARTED
LoRa,,temperature_A81758FFFE0CF750,temperature,Temperature,,LoraLAB,,,015c7ae8-d280-4e9c-9a7c-21bc57c6f20f,7f1af8cc-c809-4438-87d6-73fb4bc971df,,,NOT_STARTED
LoRa,,temperature_A81758FFFE0CF751,temperature,Temperature,,LoraLAB,,,06fd4691-d5ad-40f9-96de-516f5c1183bf,2e436521-5e07-40b3-b989-2e0904148fa1,,,NOT_STARTED
LoRa,,temperature_A81758FFFE0D249D,temperature,Temperature,IndoorAir,BUTIK,1093,PLAN 4,2fc8f6c4-d985-437d-a09b-46b4058f2661,1212153f-9af2-4a8a-866c-80769b624928,21.5,0.4,OK
LoRa,,temperature_A81758FFFE0D249E,temperature,Temperature,IndoorAir,BUTIK,0075,PLAN 3,b30b1414-40c0-4936-89af-d967ebfe9f61,9e5ff95d-0ec8-48de-a8b7-40fb2c3bbbcd,25.1,0.4,OK
LoRa,,temperature_A81758FFFE0D249F,temperature,Temperature,IndoorAir,BUTIK,1081,PLAN 4,587e0423-2169-41c6-8e85-964782aa720e,cb6b4a7b-df09-4816-88c3-4bc266199b04,20.6,0.8,OK
LoRa,,temperature_A81758FFFE0D24A0,temperature,Temperature,IndoorAir,BUTIK,K2108,PLAN 1,a0f85e18-325c-4181-8331-b8a63d59a766,d96259e5-e635-483b-b6e2-a0f6c9406e0c,22.3,0.3,OK
LoRa,,temperature_A81758FFFE0D24A1,temperature,Temperature,IndoorAir,BUTIK,K2148,PLAN 1,2c331cf6-9ee5-43f1-bb5d-1cb7b3ceeb68,cb749553-64e3-476f-bb7f-b3383ec4990d,22.7,0.4,WARNING
LoRa,,temperature_A81758FFFE0D24A2,temperature,Temperature,IndoorAir,BUTIK,0093,PLAN 3,59d840ec-1b4c-441c-a08b-a57e8c17737c,66a30965-9df8-4bfc-b4ca-eaec04cefd35,21.3,1.4,OK
LoRa,,temperature_ctl_mode_24E124715D418294,temperature_ctl_mode,State,,KONFERENS,4011,PLAN 7,93cf1a1f-7f5e-4c41-af05-917c08152b34,178e0f62-eff9-4d6a-b8b3-7886e861a614,3.0,9004.7,ERROR
LoRa,,temperature_ctl_mode_auto_24E124715D418294,temperature_ctl_mode_auto,State,,KONFERENS,4011,PLAN 7,e802a76e-d5dc-4d92-b577-4a0be42fdc1d,178e0f62-eff9-4d6a-b8b3-7886e861a614,1.0,9004.7,ERROR
LoRa,,temperature_ctl_mode_em_heat_24E124715D418294,temperature_ctl_mode_em_heat,State,,KONFERENS,4011,PLAN 7,a879dd78-626d-4718-8038-0593a6816f68,178e0f62-eff9-4d6a-b8b3-7886e861a614,0.0,9004.7,ERROR
LoRa,,temperature_ctl_mode_heat_24E124715D418294,temperature_ctl_mode_heat,State,,KONFERENS,4011,PLAN 7,fe68e67e-079a-436a-80d2-5ad62282f764,178e0f62-eff9-4d6a-b8b3-7886e861a614,0.0,9004.7,ERROR
LoRa,,temperature_ctl_status_24E124715D418294,temperature_ctl_status,State,,KONFERENS,4011,PLAN 7,b7eb72c8-0fdf-40b0-9712-07b88bd4abf3,178e0f62-eff9-4d6a-b8b3-7886e861a614,-1.0,9004.7,ERROR
LoRa,,temperature_ctl_status_em_heat_24E124715D418294,temperature_ctl_status_em_heat,State,,KONFERENS,4011,PLAN 7,1daee349-a349-4cce-8d76-65b55fd6b4a0,178e0f62-eff9-4d6a-b8b3-7886e861a614,0.0,9004.7,ERROR
LoRa,,temperature_ctl_status_stage_1_heat_24E124715D418294,temperature_ctl_status_stage_1_heat,State,,KONFERENS,4011,PLAN 7,6c00e41b-fbf9-4f99-8c43-38df21970f90,178e0f62-eff9-4d6a-b8b3-7886e861a614,0.0,9004.7,ERROR
LoRa,,temperature_ctl_status_stage_2_heat_24E124715D418294,temperature_ctl_status_stage_2_heat,State,,KONFERENS,4011,PLAN 7,54ca49a3-cf5c-4ab0-a9a7-ce85933d9ae5,178e0f62-eff9-4d6a-b8b3-7886e861a614,0.0,9004.7,ERROR
LoRa,,temperature_ctl_status_stage_3_heat_24E124715D418294,temperature_ctl_status_stage_3_heat,State,,KONFERENS,4011,PLAN 7,10d0308c-b579-423c-9977-67228b92a73a,178e0f62-eff9-4d6a-b8b3-7886e861a614,0.0,9004.7,ERROR
LoRa,,temperature_ctl_status_stage_4_heat_24E124715D418294,temperature_ctl_status_stage_4_heat,State,,KONFERENS,4011,PLAN 7,9b0b4f24-9d0d-4ba7-9ae5-cd0b064d6897,178e0f62-eff9-4d6a-b8b3-7886e861a614,0.0,9004.7,ERROR
LoRa,,temperature_ctl_status_standby_24E124715D418294,temperature_ctl_status_standby,State,,KONFERENS,4011,PLAN 7,9b058248-f315-460b-b791-ee238e49d03a,178e0f62-eff9-4d6a-b8b3-7886e861a614,0.0,9004.7,ERROR
LoRa,,time_8C83FC05007288D3,time,Length,,LoraLAB,,,1b574d7a-2e72-4193-913c-8f6f94dfda93,5807185e-1051-48ae-9086-693829097b76,1756880995000.0,9007.0,WARNING
LoRa,,tvoc_A81758FFFE0C51C7,tvoc,TVOC,IndoorAir,BUTIK,4028,PLAN 7,9129f388-b0ca-4b16-9fab-06dc8c1cf539,53ef454d-ee61-460a-9ed0-552492ac8508,51,0.6,OK
LoRa,,tvoc_A81758FFFE0C5643,tvoc,TVOC,IndoorAir,BUTIK,4176,PLAN 7,d51d5273-b425-46d7-a67d-41206468c0fc,a84c8cd8-6b12-49cf-954c-21cd28da811f,53,0.3,OK
LoRa,,tvoc_A81758FFFE0C5644,tvoc,TVOC,IndoorAir,VINBAR,4045,PLAN 7,e66d21ae-e90d-411c-902b-92e886c0700d,e7c63db8-0f8d-4501-b998-219f958e6afa,48,0.4,OK
LoRa,,tvoc_A81758FFFE0C5645,tvoc,TVOC,IndoorAir,MATSAL,4123,PLAN 7,ddbc59fe-0017-4589-8af7-fc8616778c58,993f4527-e3ad-45d9-871c-77e0ac0d3d4b,76,0.4,WARNING
LoRa,,tvoc_A81758FFFE0C5646,tvoc,TVOC,IndoorAir,MATSAL,4129,PLAN 7,09ef2436-ea0c-4aac-9210-6e97bb00b112,bcef268e-14f6-4804-be4c-2416d51c36ba,23,0.3,OK
LoRa,,tvoc_A81758FFFE0C5647,tvoc,TVOC,IndoorAir,BUTIK,3016,PLAN 6,eb6b3865-235f-4120-b172-dc8ce0d238f6,6184305a-c4a3-4391-95ad-f9ad58d20163,9.0,12721.3,ERROR
LoRa,,tvoc_A81758FFFE0C5648,tvoc,TVOC,IndoorAir,BUTIK,3094,PLAN 6,45bbf2b7-b7a5-4aba-aed5-96a122b490f3,1e091db2-7c24-4965-b1c8-8603ace5c661,57,0.4,OK
LoRa,,tvoc_A81758FFFE0C5649,tvoc,TVOC,IndoorAir,BUTIK,3118,PLAN 6,52bb8150-fc1e-4678-8588-25428e4a423f,e696c12b-3d21-4788-9f46-7feb0907682c,63,0.4,OK
LoRa,,tvoc_A81758FFFE0C564A,tvoc,TVOC,IndoorAir,BUTIK,3122,PLAN 6,f0bac334-c4bd-47be-a084-24660359b054,f771a91f-ba84-4096-92d2-0724296070b5,97,222.7,ERROR
LoRa,,tvoc_A81758FFFE0C564B,tvoc,TVOC,IndoorAir,BUTIK,2002,PLAN 5,2302a13c-772d-4296-a1a8-41cc4ac3650f,06578007-b2b9-4846-91f2-2140d35a887c,40,0.9,OK
LoRa,,tvoc_A81758FFFE0C564C,tvoc,TVOC,IndoorAir,BUTIK,2093,PLAN 5,b7f865a5-00cd-423b-b048-8e91aabd0fd8,26f1a7b0-ce42-49cc-ab8a-37185cb7c730,51,0.3,OK
LoRa,,tvoc_A81758FFFE0C566B,tvoc,TVOC,IndoorAir,BUTIK,2069,PLAN 5,0b794e85-b7c3-409b-92da-a3eef55c9764,8edf6edb-a69a-4408-82da-f0a633471dc6,55,0.4,OK
LoRa,,tvoc_A81758FFFE0C566C,tvoc,TVOC,IndoorAir,BUTIK,2041,PLAN 5,add146af-de77-4a05-b6bb-90fd081e22ae,c14e3e3f-3cef-4062-8d8b-e558c3e59bb0,72,0.6,OK
LoRa,,tvoc_A81758FFFE0C566D,tvoc,TVOC,IndoorAir,BUTIK,2025,PLAN 5,1cdce523-58f1-409c-8154-fa956f72cfe5,9d1bbea5-b5b8-481a-96a8-39107d54f5fe,60,0.3,OK
LoRa,,tvoc_A81758FFFE0C566E,tvoc,TVOC,IndoorAir,BUTIK,1082,PLAN 4,1d3df84c-71c1-4623-b153-e1c1d9a29451,08756b73-984d-4b26-b28f-2bfd1c018acc,26,2.6,WARNING
LoRa,,tvoc_A81758FFFE0C566F,tvoc,TVOC,IndoorAir,BUTIK,1014,PLAN 4,a20c0368-c9da-4b6a-b0f1-3344eda99b0d,05d9a9ef-b782-4f27-bca0-34ee8146d302,39,0.5,OK
LoRa,,tvoc_A81758FFFE0C5670,tvoc,TVOC,IndoorAir,BUTIK,1033,PLAN 4,92e3d757-1c4c-4ae0-a921-d8830c972b06,ff3b5eff-4d5c-40bf-a682-ffbb65c5da3a,159.0,10892.3,ERROR
LoRa,,tvoc_A81758FFFE0C5671,tvoc,TVOC,IndoorAir,BUTIK,1067,PLAN 4,fa9a2f3d-53fb-4d09-a59f-fde4bd1efbb3,6bf86b6e-65ea-4cfe-adb5-9938c33caa5b,74,0.4,OK
LoRa,,tvoc_A81758FFFE0C5672,tvoc,TVOC,IndoorAir,BUTIK,0075,PLAN 3,97795e15-a223-435b-993d-cff21a546c8a,f2cf4762-2290-4f75-ac1d-bc29b66b3827,261.0,13857.7,ERROR
LoRa,,tvoc_A81758FFFE0C5673,tvoc,TVOC,IndoorAir,BUTIK,0004,PLAN 3,1dc48b08-13dd-40bd-af53-89d6c817acff,da7325cb-85e6-42ce-a37a-df656a0c13b1,29,0.9,OK
LoRa,,tvoc_A81758FFFE0C5674,tvoc,TVOC,IndoorAir,ENTREHALL,61,PLAN 3,f3d45b83-3fe7-41fc-9923-13cb76f6be76,9619d272-a5a8-4045-9de0-1210f8749988,148,0.6,OK
LoRa,,tvoc_A81758FFFE0C5675,tvoc,TVOC,IndoorAir,BUTIK,K2137,PLAN 1,bc2dba5f-c821-4679-ba41-1d70cdc6c16d,f486d892-1e07-417c-8641-2c4a4e61d80f,121,0.3,OK
LoRa,,tvoc_A81758FFFE0C5676,tvoc,TVOC,IndoorAir,BUTIK,K2164,PLAN 1,b77afe6b-c7b4-463c-8b72-b87beb8a0c39,fba6f110-b97f-4b30-8ffb-997b25d03d15,73,0.3,OK
LoRa,,tvoc_A81758FFFE0C5677,tvoc,TVOC,IndoorAir,BUTIK,K2015,PLAN 1,3dd5b9b6-b625-486c-9061-c6fac8e4271e,61582af1-f026-478a-bc34-cdb5eb74bb1a,,,NOT_STARTED
LoRa,,vdd_A81758FFFE08E127,vdd,Voltage,,LoraLAB,,,3d662016-6d8b-4fad-9544-d09656a4865c,52cb87c7-fcfb-4668-b59f-e962e3385591,,,NOT_STARTED
LoRa,,vdd_A81758FFFE08E128,vdd,Voltage,,LoraLAB,,,ca976551-38e2-463d-9a6b-cc3d0499294d,84b169d2-2606-489b-9583-adb72ccadf95,,,NOT_STARTED
LoRa,,vdd_A81758FFFE0C51C7,vdd,Voltage,,BUTIK,4028,PLAN 7,b4baf172-5902-4db6-8bf1-d58d5daa0b83,53ef454d-ee61-460a-9ed0-552492ac8508,100,135.1,ERROR
LoRa,,vdd_A81758FFFE0C5643,vdd,Voltage,,BUTIK,4176,PLAN 7,2e57fec7-fa0f-41a7-9a6b-de63b50f4668,a84c8cd8-6b12-49cf-954c-21cd28da811f,100,21.0,ERROR
LoRa,,vdd_A81758FFFE0C5644,vdd,Voltage,,VINBAR,4045,PLAN 7,cc8a2f53-af78-4bbd-82ad-b27f2dbf388d,e7c63db8-0f8d-4501-b998-219f958e6afa,100,6.9,ERROR
LoRa,,vdd_A81758FFFE0C5645,vdd,Voltage,,MATSAL,4123,PLAN 7,6844139d-51db-46d8-a633-656108b14e97,993f4527-e3ad-45d9-871c-77e0ac0d3d4b,100,31.4,ERROR
LoRa,,vdd_A81758FFFE0C5646,vdd,Voltage,,MATSAL,4129,PLAN 7,4d4b592a-f046-4d31-b1f9-0c361369fbf2,bcef268e-14f6-4804-be4c-2416d51c36ba,100,9.1,ERROR
LoRa,,vdd_A81758FFFE0C5647,vdd,Voltage,,BUTIK,3016,PLAN 6,4f3596f2-8c4e-4563-a8dc-0c4a4a86cb3e,6184305a-c4a3-4391-95ad-f9ad58d20163,3657.0,12721.3,ERROR
LoRa,,vdd_A81758FFFE0C5648,vdd,Voltage,,BUTIK,3094,PLAN 6,d650e875-0655-4ff7-9fd6-d15887e9e732,1e091db2-7c24-4965-b1c8-8603ace5c661,100,10.6,ERROR
LoRa,,vdd_A81758FFFE0C5649,vdd,Voltage,,BUTIK,3118,PLAN 6,101491b8-1a8b-4314-8578-6727708fb0e6,e696c12b-3d21-4788-9f46-7feb0907682c,100,17.2,ERROR
LoRa,,vdd_A81758FFFE0C564A,vdd,Voltage,,BUTIK,3122,PLAN 6,8f0e2c23-c05b-4d2d-8a00-495d1fe1a991,f771a91f-ba84-4096-92d2-0724296070b5,3657.0,9004.9,ERROR
LoRa,,vdd_A81758FFFE0C564B,vdd,Voltage,,BUTIK,2002,PLAN 5,caa64072-db4e-4c8b-9934-f3c0f4d7205f,06578007-b2b9-4846-91f2-2140d35a887c,100,42.1,ERROR
LoRa,,vdd_A81758FFFE0C564C,vdd,Voltage,,BUTIK,2093,PLAN 5,d08613c6-6208-458a-94e0-6bec91581cad,26f1a7b0-ce42-49cc-ab8a-37185cb7c730,100,128.5,ERROR
LoRa,,vdd_A81758FFFE0C566B,vdd,Voltage,,BUTIK,2069,PLAN 5,043df63e-d16f-4bd7-94e8-893aa76c19f8,8edf6edb-a69a-4408-82da-f0a633471dc6,100,5.5,ERROR
LoRa,,vdd_A81758FFFE0C566C,vdd,Voltage,,BUTIK,2041,PLAN 5,a5a4143f-10d1-4165-91a5-7ac5def9293d,c14e3e3f-3cef-4062-8d8b-e558c3e59bb0,100,17.1,ERROR
LoRa,,vdd_A81758FFFE0C566D,vdd,Voltage,,BUTIK,2025,PLAN 5,f9683d1c-6629-415a-9e3c-660b2d339aca,9d1bbea5-b5b8-481a-96a8-39107d54f5fe,100,7.1,ERROR
LoRa,,vdd_A81758FFFE0C566E,vdd,Voltage,,BUTIK,1082,PLAN 4,d0b8f84f-d742-4821-865e-983ff1ffb53c,08756b73-984d-4b26-b28f-2bfd1c018acc,100,144.7,ERROR
LoRa,,vdd_A81758FFFE0C566F,vdd,Voltage,,BUTIK,1014,PLAN 4,015daceb-0b33-45f6-8e2f-79a022800d4e,05d9a9ef-b782-4f27-bca0-34ee8146d302,100,167.5,ERROR
LoRa,,vdd_A81758FFFE0C5670,vdd,Voltage,,BUTIK,1033,PLAN 4,5a597bd6-9e7d-4204-85ec-be872aed1173,ff3b5eff-4d5c-40bf-a682-ffbb65c5da3a,3659.0,10892.3,ERROR
LoRa,,vdd_A81758FFFE0C5671,vdd,Voltage,,BUTIK,1067,PLAN 4,072e7865-bf17-40cb-a910-0b467dbb46d7,6bf86b6e-65ea-4cfe-adb5-9938c33caa5b,100,21.2,ERROR
LoRa,,vdd_A81758FFFE0C5672,vdd,Voltage,,BUTIK,0075,PLAN 3,428886c1-d461-46dc-830b-a00cbace172f,f2cf4762-2290-4f75-ac1d-bc29b66b3827,3645.0,13857.7,ERROR
LoRa,,vdd_A81758FFFE0C5673,vdd,Voltage,,BUTIK,0004,PLAN 3,fec873db-e68d-4e8a-81c8-4eef6d9b57bc,da7325cb-85e6-42ce-a37a-df656a0c13b1,100,41.0,ERROR
LoRa,,vdd_A81758FFFE0C5674,vdd,Voltage,,ENTREHALL,61,PLAN 3,a6aeb819-8208-46ad-8d2d-7058fbf9fda3,9619d272-a5a8-4045-9de0-1210f8749988,100,6.9,ERROR
LoRa,,vdd_A81758FFFE0C5675,vdd,Voltage,,BUTIK,K2137,PLAN 1,3378af36-492e-4381-9326-025c1b3b6082,f486d892-1e07-417c-8641-2c4a4e61d80f,100,13.0,ERROR
LoRa,,vdd_A81758FFFE0C5676,vdd,Voltage,,BUTIK,K2164,PLAN 1,fe085e15-989b-41f3-9003-320537a05f11,fba6f110-b97f-4b30-8ffb-997b25d03d15,100,43.3,ERROR
LoRa,,vdd_A81758FFFE0C5677,vdd,Voltage,,BUTIK,K2015,PLAN 1,178fa72b-ec0a-48e7-bb68-796f048033fe,61582af1-f026-478a-bc34-cdb5eb74bb1a,,,NOT_STARTED
LoRa,,vdd_A81758FFFE0CF750,vdd,Voltage,,LoraLAB,,,dc503435-3baa-4085-ba61-846369e2fa6e,7f1af8cc-c809-4438-87d6-73fb4bc971df,,,NOT_STARTED
LoRa,,vdd_A81758FFFE0CF751,vdd,Voltage,,LoraLAB,,,6382b808-798b-4950-82fe-182245c50bf7,2e436521-5e07-40b3-b989-2e0904148fa1,,,NOT_STARTED
LoRa,,water_8C83FC05007288D3,water,Volume,,LoraLAB,,,5376e541-3111-4277-8186-91a6360b7129,5807185e-1051-48ae-9086-693829097b76,148.72,9007.0,WARNING
Mestro energy import,,Mestro-340012-electricity-energy,410 Ink EL Ellevio - Historik electricity energy,ActiveEnergyTotal,ElectricalGridInternal,Virtual Room,Virtual Room,PLAN 4,40c00419-5117-4c51-9b84-c64c042cbcf4,3f9455ed-a540-4e23-9445-676079fcaebe,0.0,96.3,OK
Mestro energy import,,Mestro-419065-electricity-energy,410 Storförbrukare ink saluhall Historik electricity energy,ActiveEnergyTotal,ElectricalGridInternal,Virtual Room,Virtual Room,PLAN 4,f6a5ab48-a0be-49ea-85d9-a2891a99b6de,a081694e-12a4-462e-865f-de482ce81e7b,0.0,96.3,OK
Mestro energy import,,Mestro-419066-electricity-energy,410 Övrigt V-Hus historik electricity energy,ActiveEnergyTotal,ElectricalGridInternal,Virtual Room,Virtual Room,PLAN 4,5d680bd4-e053-4070-9f8b-3ab7e3f1079a,b738bd0f-cdd3-4467-881a-6f6954df3492,0.0,96.3,OK
Mestro energy import,,Mestro-419067-electricity-energy,410 Div ofakturerat historik electricity energy,ActiveEnergyTotal,ElectricalGridInternal,Virtual Room,Virtual Room,PLAN 4,06a17ed4-1df1-4a27-90bc-31a61294e413,efb5daee-6142-42c1-a082-70ca96291843,0.0,97.3,OK
Mestro energy import,,Mestro-419068-electricity-energy,410 Avdelningsel Historik electricity energy,ActiveEnergyTotal,ElectricalGridTenant,Virtual Room,Virtual Room,PLAN 4,874ad86f-ab4e-48d6-891d-4f1eba91f38c,fe38a2d0-c071-4852-8061-930bd6e91022,0.0,100.3,OK
Mestro energy import,,Mestro-419069-electricity-energy,410 Kontorsel Historik electricity energy,ActiveEnergyTotal,ElectricalGridInternal,Virtual Room,Virtual Room,PLAN 4,06688567-1422-4dc5-8270-06e1f3f869ea,f4366b90-ff48-48a0-b501-2833a38124a7,0.0,99.3,OK
Mestro energy import,,Mestro-419182-electricity-energy,410 Saluhall storfrb historik electricity energy,ActiveEnergyTotal,ElectricalGridInternal,Virtual Room,Virtual Room,PLAN 4,bdd90042-ea02-4602-8459-7c7b0a0e964c,7be6738f-6b5f-4c3f-80d9-15764e0cce2b,0.0,96.3,OK
Mestro energy import,,Mestro-419518-heating-energy,410 Fjärrvärme Historik heating energy,EnergyTotal,Heating,Virtual Room,Virtual Room,PLAN 4,0ac48f20-1072-4dfe-aeb4-b70ee3736c97,aef015cc-8622-4e98-a417-f03ef537eca6,0.0,99.3,OK
Mestro energy import,,Mestro-419518-heating-volume,410 Fjärrvärme Historik heating volume,Volume,Heating,Virtual Room,Virtual Room,PLAN 4,2510670b-de1d-4c46-b533-28210e56cfaa,aef015cc-8622-4e98-a417-f03ef537eca6,0.0,99.3,OK
Mestro energy import,,Mestro-457347-electricity-energy,410 Ink EL HANP1 electricity energy,ActiveEnergyTotal,ElectricalGridInternal,Virtual Room,Virtual Room,PLAN 4,920c6ccc-bd07-49d9-a017-beb5541c93cc,905e8170-1549-4887-93ef-3b279a76eee8,0.0,99.3,OK
Mestro energy import,,Mestro-458181-electricity-energy,AS83 electricity energy,ActiveEnergyTotal,ElectricalGridInternal,Virtual Room,Virtual Room,PLAN 4,31a083cf-aa8c-4734-b939-657b4a3760a6,ab143f72-1446-4310-b7a2-cd4f7ef584e6,1.801943,96.3,OK
Mestro energy import,,Mestro-458255-electricity-energy,AS73-2 electricity energy,ActiveEnergyTotal,ElectricalGridInternal,Virtual Room,Virtual Room,PLAN 4,87f2422c-d451-41a1-ab63-044015961372,da45e63e-c2b1-497d-bbf4-37ee1a34da6c,0.683834,103.3,WARNING
Mestro energy import,,Mestro-458639-electricity-energy,AS74 electricity energy,ActiveEnergyTotal,ElectricalGridInternal,Virtual Room,Virtual Room,PLAN 4,386b253d-7a33-4eee-ade2-d2b7e4b90c7a,07bde065-a10e-4de4-b0b2-72c1846309eb,6.111218,101.3,OK
Mestro energy import,,Mestro-482448-cooling-energy,410 FF413 cooling energy,EnergyTotal,Cooling,Virtual Room,Virtual Room,PLAN 4,34af18df-576c-4718-bbdc-2139e9c4aa6e,d180cdc6-d722-4353-ba84-ca6c5283b532,0.0,96.3,OK
Mestro energy import,,Mestro-482448-cooling-volume,410 FF413 cooling volume,Volume,Cooling,Virtual Room,Virtual Room,PLAN 4,94464b39-e66d-45f4-a0b0-6f545f42abd8,d180cdc6-d722-4353-ba84-ca6c5283b532,0.0,96.3,OK
Mestro energy import,,Mestro-507697-electricity-energy,AS92 electricity energy,ActiveEnergyTotal,ElectricalGridInternal,Virtual Room,Virtual Room,PLAN 4,7e81a980-6ba3-4058-b459-272646a93967,50305a79-1ae5-456a-9a70-dcf851a531db,0.300889,167.3,ERROR
Mestro energy import,,Mestro-507698-electricity-energy,FF203-MQ41 electricity energy,ActiveEnergyTotal,ElectricalGridInternal,Virtual Room,Virtual Room,PLAN 4,99d04dec-46e7-433e-ab4a-9d736ff3fc99,9530891d-8c10-4055-a655-a240f8d0c972,4.9,169.3,ERROR
Mestro energy import,,Mestro-507763-electricity-energy,AS102 electricity energy,ActiveEnergyTotal,ElectricalGridInternal,Virtual Room,Virtual Room,PLAN 4,08a58d0a-398e-4fd9-9ba4-9f8308ff7ce2,2c432fe8-d237-4081-9ad4-bb4b33f7348d,0.100889,167.3,ERROR
Mestro energy import,,Mestro-507764-electricity-energy,AS93 electricity energy,ActiveEnergyTotal,ElectricalGridInternal,Virtual Room,Virtual Room,PLAN 4,aaed26a1-0c6e-424a-b075-f98917db2c5b,2d0d81c6-659e-45da-b1a5-e577c5dfe8d8,0.500889,168.3,ERROR
Mestro energy import,,Mestro-507765-electricity-energy,AS73:3 electricity energy,ActiveEnergyTotal,ElectricalGridInternal,Virtual Room,Virtual Room,PLAN 4,bacf626b-2880-417e-a0ef-7acaa058a97c,5e05eff1-0c77-43a5-8a34-cec8054a8092,8.0,167.3,ERROR
Mestro energy import,,Mestro-509103-electricity-energy,AS82 electricity energy,ActiveEnergyTotal,ElectricalGridInternal,Virtual Room,Virtual Room,PLAN 4,9334b811-f752-41b0-a841-5f6fee544373,3eecf6d7-fed9-4729-b5bb-3f3aa33d8e6f,2.009742,99.3,OK
Mestro energy import,,Mestro-509104-electricity-energy,AS72:1 electricity energy,ActiveEnergyTotal,ElectricalGridInternal,Virtual Room,Virtual Room,PLAN 4,9ef47845-4501-407b-a6fb-519c8b7e2aea,1e316a00-f45b-486e-a5a3-f2f0ed696db7,2.452172,96.3,OK
Mestro energy import,,Mestro-509105-electricity-energy,AS73:1 electricity energy,ActiveEnergyTotal,ElectricalGridInternal,Virtual Room,Virtual Room,PLAN 4,064de38c-6738-4996-b492-6d9964cd77f7,23e8acf4-52a1-4a70-a153-6597ed453f0b,8.547639,102.3,WARNING
Mestro energy import,,Mestro-510606-electricity-energy,AS15 electricity energy,ActiveEnergyTotal,ElectricalGridInternal,Virtual Room,Virtual Room,PLAN 4,67f078be-67fa-475b-afec-34e0ff8ae5e4,5949f379-649c-4a9c-a56b-c2d0c03c16e8,18.693752,96.3,OK
Mestro energy import,,Mestro-510607-electricity-energy,AS25 electricity energy,ActiveEnergyTotal,ElectricalGridInternal,Virtual Room,Virtual Room,PLAN 4,4f5f4a8e-7315-4583-b88f-8f9a2c6a921f,9a4c415f-0986-4fb6-b2e4-df2440019b54,2.088362,97.3,OK
Mestro energy import,,Mestro-510675-electricity-energy,AS52 electricity energy,ActiveEnergyTotal,ElectricalGridInternal,Virtual Room,Virtual Room,PLAN 4,22d9adbf-267e-433d-9e24-2d609d753f8f,147688ec-b55a-474d-8757-e6788f450328,0.1,102.3,OK
Mestro energy import,,Mestro-510676-electricity-energy,AS42 electricity energy,ActiveEnergyTotal,ElectricalGridInternal,Virtual Room,Virtual Room,PLAN 4,9bccedc3-ca8a-48e5-b354-d68bb21913a9,e2656903-3eaf-44e3-b4a1-77224f4ce811,0.199202,103.3,WARNING
Mestro energy import,,Mestro-510677-electricity-energy,AS62 electricity energy,ActiveEnergyTotal,ElectricalGridInternal,Virtual Room,Virtual Room,PLAN 4,5fb84a07-105f-4634-8788-5de54b3d4c2b,f1b63664-311c-464c-937e-8c003b0c592a,2.790828,97.3,OK
Mestro energy import,,Mestro-512293-electricity-energy,AS54 electricity energy,ActiveEnergyTotal,ElectricalGridInternal,Virtual Room,Virtual Room,PLAN 4,8d181acf-aaf2-4a2b-9bc8-da87d3777a41,2e07802f-3a51-4147-abb7-ba3a85a9fbe6,3.532909,99.3,OK
Mestro energy import,,Mestro-512294-electricity-energy,AS44 electricity energy,ActiveEnergyTotal,ElectricalGridInternal,Virtual Room,Virtual Room,PLAN 4,96631ec8-9f22-4ffb-8f8c-c17ae74fd9d8,4da6131d-d610-4c96-9dbc-ad68e7e7bb31,0.187019,102.3,WARNING
Mestro energy import,,Mestro-512295-electricity-energy,AS64 electricity energy,ActiveEnergyTotal,ElectricalGridInternal,Virtual Room,Virtual Room,PLAN 4,26080a41-9207-4f6f-8701-fee26e1570d2,4130d55e-43a6-4a07-bf7f-e6f208fa09cb,2.233803,102.3,WARNING
Mestro energy import,,Mestro-519042-electricity-energy,AS94 electricity energy,ActiveEnergyTotal,ElectricalGridInternal,Virtual Room,Virtual Room,PLAN 4,1aa338c5-3447-48b2-91e2-7cfec168ca31,0a817ebd-cd27-445a-a53a-2093e06f1102,2.599889,96.3,OK
Mestro energy import,,Mestro-522430-electricity-energy,410 STVA-T1 electricity energy,ActiveEnergyTotal,ElectricalGridInternal,Virtual Room,Virtual Room,PLAN 4,ed510b3c-c95a-4157-9d05-e203fba5cf5c,ffb586a2-21c2-4542-a41b-582a2a882992,0.0,674.3,OK
Mestro energy import,,Mestro-522431-electricity-energy,410 STVA-T2 electricity energy,ActiveEnergyTotal,ElectricalGridInternal,Virtual Room,Virtual Room,PLAN 4,9aa70a24-b5de-4efa-883a-da687d4c7f2b,624f4eb7-b93b-46db-a1f4-e3674a8e61a7,0.0,678.3,OK
Mestro energy import,,Mestro-522432-electricity-energy,410 STVA-NBB electricity energy,ActiveEnergyTotal,ElectricalGridInternal,Virtual Room,Virtual Room,PLAN 4,79827a1f-2e28-4b57-b0e0-d3fcd22a35f1,f93b2355-5c42-41b0-b64a-bde8d0ce4bda,0.0,675.3,OK
Mestro energy import,,Mestro-522434-electricity-energy,410 STVB-T3 electricity energy,ActiveEnergyTotal,ElectricalGridInternal,Virtual Room,Virtual Room,PLAN 4,a0f008e4-0b39-4f4f-b8b3-0b36c3a5b62c,559c7da5-8072-4836-b804-7f14c7e31bab,331.982272,98.3,OK
Mestro energy import,,Mestro-522435-electricity-energy,410 STVB-T4 electricity energy,ActiveEnergyTotal,ElectricalGridInternal,Virtual Room,Virtual Room,PLAN 4,56d133cf-adad-42f6-b18c-95b56e66d4c7,1bc86e95-ff20-436a-ad8f-1b3226d443ca,213.82079,100.3,OK
Mestro energy import,,Mestro-557363-electricity-energy,410 STVB-NBB electricity energy,ActiveEnergyTotal,ElectricalGridInternal,Virtual Room,Virtual Room,PLAN 4,5ecb50aa-9a60-42d5-a0f2-86221bcc9fe7,8ba0d2f9-86d8-44ce-af7e-676913d7ab02,13.973503,104.3,OK
Mestro energy import,,Mestro-563071-electricity-energy,Hermes lager MQ41-18 sbus electricity energy,ActiveEnergyTotal,ElectricalGridTenant,Virtual Room,Virtual Room,PLAN 4,1ec9f792-1114-452a-8696-b83a4251b097,c35b4a65-3316-4dbc-9b89-d377dbbab189,2.373735,97.3,OK
Mestro energy import,,Mestro-563072-electricity-energy,Kylprod relaterad förb ink As34 MQ42-11 sbus electricity energy,ActiveEnergyTotal,ElectricalGridInternal,Virtual Room,Virtual Room,PLAN 4,0081668c-690d-4617-8a77-374d7300a828,46fe09c4-9d77-4b24-ba77-6b03971f6aa2,3.060695,99.3,OK
Mestro energy import,,Mestro-563116-electricity-energy,HG-yta 07 MQ41-13 NK Bröd sbus electricity energy,ActiveEnergyTotal,ElectricalGridInternal,Virtual Room,Virtual Room,PLAN 4,dc672a9c-d2c4-43e5-99ed-21ca0184848c,06963eba-a1a8-4851-abad-ae9558024bf7,9.378413,96.3,OK
Mestro energy import,,Mestro-563117-electricity-energy,HG-yta 01 Preppyta/kök +FA01/02 MQ41-8 sbus electricity energy,ActiveEnergyTotal,ElectricalGridInternal,Virtual Room,Virtual Room,PLAN 4,29849987-0aa6-493d-bfe1-4c9a39affe90,9998adbe-8e02-4972-8970-28743e2bc214,5.607513,102.3,WARNING
Mestro energy import,,Mestro-563118-electricity-energy,VKA11:2 NK Saluhall MQ42-10 sbus electricity energy,ActiveEnergyTotal,ElectricalGridInternal,Virtual Room,Virtual Room,PLAN 4,fda966a0-5070-4a04-bc2b-4e279c047fa9,60ba166d-38a6-4d0e-9eaf-57f248928213,8.751815,99.3,OK
Mestro energy import,,Mestro-563119-electricity-energy,Fastighet Bel Tillsats Saluhall MQ41-17 sbus electricity energy,ActiveEnergyTotal,ElectricalGridTenant,Virtual Room,Virtual Room,PLAN 4,9737f8a3-3f55-42e1-955d-c8876a1fec7c,545f4070-057c-4a6b-bc81-54f8584d4ed5,2.383172,98.3,OK
Mestro energy import,,Mestro-563120-electricity-energy,Fastighet Bel Städ Saluhall MQ41-16 sbus electricity energy,ActiveEnergyTotal,ElectricalGridTenant,Virtual Room,Virtual Room,PLAN 4,1acd0293-49b2-4d03-bb68-d97651fc441a,5abe2a10-a9e4-4ed3-95ae-efa0cbca4b1f,0.530845,100.3,WARNING
Mestro energy import,,Mestro-563121-electricity-energy,HG-yta 03 MQ41-10 Oliv&Olja sbus electricity energy,ActiveEnergyTotal,ElectricalGridInternal,Virtual Room,Virtual Room,PLAN 4,b875c436-a6a7-489d-a3de-e6ec2c62eeb0,d79a8912-a730-49a7-96ee-f7045fe9f2dc,0.0,102.3,WARNING
Mestro energy import,,Mestro-563122-electricity-energy,Hufvudstaden Serverrum Beda MQ42-12 sbus electricity energy,ActiveEnergyTotal,ElectricalGridInternal,Virtual Room,Virtual Room,PLAN 4,201e4b3e-d381-4e02-a164-b0665ebe914b,a750512d-bc22-44dc-9595-bf3abf099601,0.253065,98.3,OK
Mestro energy import,,Mestro-563123-electricity-energy,HG-yta 02 HEAT MQ41-9 fd Kronans Apotek sbus electricity energy,ActiveEnergyTotal,ElectricalGridTenant,Virtual Room,Virtual Room,PLAN 4,366b7a01-afea-4cfa-89b7-a032239da73e,5326f37a-29ab-4557-9ae7-17b9cb4c7034,15.553248,96.3,OK
Mestro energy import,,Mestro-563124-electricity-energy,Plan5/2tr Butik 501-530 Del 27-43 MQ45-1 sbus electricity energy,ActiveEnergyTotal,ElectricalGridTenant,Virtual Room,Virtual Room,PLAN 4,12a07480-1c32-4046-97ed-18436f0b7193,f281ed6e-cd05-41fb-89eb-42206ffd51ac,7.082074,102.3,OK
Mestro energy import,,Mestro-563125-electricity-energy,fd NK Leksaker kontor ök MQ42-7 sbus electricity energy,ActiveEnergyTotal,ElectricalGridTenant,Virtual Room,Virtual Room,PLAN 4,bc3e26b3-736e-424f-b70d-0875bca39a93,38fe152f-bc0b-49f3-8696-559c6f82c239,0.01,98.3,OK
Mestro energy import,,Mestro-563126-electricity-energy,Plan1/Uk Butik 101-130 Del 1-26 MQ41-1 sbus electricity energy,ActiveEnergyTotal,ElectricalGridTenant,Virtual Room,Virtual Room,PLAN 4,88af142c-cb07-4d5a-a32e-a2cff4be250b,8aa54643-72b9-4eac-a3c2-13eec07a575e,5.290475,102.3,WARNING
Mestro energy import,,Mestro-563127-electricity-energy,Plan1/Nk MQ41-15 NK Konfektyr sbus electricity energy,ActiveEnergyTotal,ElectricalGridInternal,Virtual Room,Virtual Room,PLAN 4,bcb34e25-504c-44ac-9517-9862b35333fb,6e262c81-f0bc-4c02-9ce8-51664b40c2f7,1.562741,99.3,OK
Mestro energy import,,Mestro-563128-electricity-energy,Plan1/Uk Butik 101-130 Del 27-43 MQ41-2 sbus electricity energy,ActiveEnergyTotal,ElectricalGridInternal,Virtual Room,Virtual Room,PLAN 4,718de959-5452-4632-bde1-c362ee216103,60a7570f-d169-4eae-8102-22a4366528f3,19.669116,96.3,OK
Mestro energy import,,Mestro-563129-electricity-energy,HG-yta 08 MQ41-14 AG-Kötthandel sbus electricity energy,ActiveEnergyTotal,ElectricalGridInternal,Virtual Room,Virtual Room,PLAN 4,7df2b756-2270-460c-9873-16ccebb393dd,9fc8be25-789a-4c6b-97fe-e12d1de78ede,6.162081,97.3,OK
Mestro energy import,,Mestro-563130-electricity-energy,Plan6/3tr Butik 601-630 Del 1-26 MQ46-1 sbus electricity energy,ActiveEnergyTotal,ElectricalGridInternal,Virtual Room,Virtual Room,PLAN 4,ad9ae0df-edd2-44fc-9fd3-9cd35ef555ce,3b285868-f7a2-43dd-8c94-ebb1664cba2c,19.749496,99.3,OK
Mestro energy import,,Mestro-563136-electricity-energy,Plan6/3tr Butik 601-630 Del 27-43 MQ46-2 sbus electricity energy,ActiveEnergyTotal,ElectricalGridTenant,Virtual Room,Virtual Room,PLAN 4,1bcd7cbf-5581-4b9d-a301-4586d7850d77,b80b7caa-124a-459f-a095-a72899771e0c,28.180424,96.3,OK
Mestro energy import,,Mestro-563137-electricity-energy,Plan4/1tr Butik 401-430 Del 27-43 MQ44-2 sbus electricity energy,ActiveEnergyTotal,ElectricalGridTenant,Virtual Room,Virtual Room,PLAN 4,20134679-e11d-4968-9bb8-3947a77e36a9,d45f13ec-c295-4684-b9c1-0677cb3e2017,5.484796,102.3,OK
Mestro energy import,,Mestro-563138-electricity-energy,Plan4/1tr Butik 431-440 Del 1-17 MQ44-3 sbus electricity energy,ActiveEnergyTotal,ElectricalGridInternal,Virtual Room,Virtual Room,PLAN 4,84405189-83f1-482c-9ef8-d4a363e76501,a57dc8e4-79b0-451a-a3e4-bc30ba9c37ea,17.769125,96.3,OK
Mestro energy import,,Mestro-563139-electricity-energy,Plan3/Bv Butik 301-330 Del 27-43 MQ43-1 sbus electricity energy,ActiveEnergyTotal,ElectricalGridTenant,Virtual Room,Virtual Room,PLAN 4,f5ec7093-0415-4f4c-b388-19e48648bed8,740716c7-9149-44a5-85eb-8720e262c9a0,16.146442,96.3,OK
Mestro energy import,,Mestro-563140-electricity-energy,JoAnn Tan ök MQ42-3 sbus electricity energy,ActiveEnergyTotal,ElectricalGridTenant,Virtual Room,Virtual Room,PLAN 4,131fa1ab-fa07-4d06-8efe-6ba9bf326cbe,f869ea6d-2ce0-4a95-95d3-0645733d87c9,0.695538,98.3,OK
Mestro energy import,,Mestro-563141-electricity-energy,NK Skolan MQ42-4 sbus electricity energy,ActiveEnergyTotal,ElectricalGridTenant,Virtual Room,Virtual Room,PLAN 4,4986f007-c7f5-4168-9055-28f5e2728b66,ffc627b6-4192-43f8-9a96-db171ddccb07,1.30147,98.3,OK
Mestro energy import,,Mestro-563142-electricity-energy,Tele2 Basstation MQ41-4 fd Comviq sbus electricity energy,ActiveEnergyTotal,ElectricalGridTenant,Virtual Room,Virtual Room,PLAN 4,3b94b8cd-349c-46af-b2f5-51bf09fefc5b,736b77c8-ab46-4bde-8bc7-7e5331d5eee7,0.572266,96.3,OK
Mestro energy import,,Mestro-563143-electricity-energy,Art Cafe´ Plan1 MQ41-5 sbus electricity energy,ActiveEnergyTotal,ElectricalGridTenant,Virtual Room,Virtual Room,PLAN 4,8ff59a05-d144-4eb0-888e-2dbc4eefaecc,97210d49-21b8-40b9-89a0-b3889cfd480e,2.238278,99.3,OK
Mestro energy import,,Mestro-563144-electricity-energy,Herrekipering kontor ök MQ42-2 sbus electricity energy,ActiveEnergyTotal,ElectricalGridInternal,Virtual Room,Virtual Room,PLAN 4,ef5f8f05-cf6f-4727-b2f1-beb8715a9484,e0055440-42b9-4d1a-82d9-3c1155ffd49e,0.02,100.3,OK
Mestro energy import,,Mestro-563145-electricity-energy,Hermes kontor 3tr MQ46-7 sbus electricity energy,ActiveEnergyTotal,ElectricalGridTenant,Virtual Room,Virtual Room,PLAN 4,e1c3acbd-643c-4a46-a0a4-3718ca4e7957,4391a24d-0306-423c-b2a5-6b7d2107bd1e,0.421004,98.3,OK
Mestro energy import,,Mestro-563146-electricity-energy,Plan6/3tr butik604&609 Del 44-56 MQ46-5 sbus electricity energy,ActiveEnergyTotal,ElectricalGridTenant,Virtual Room,Virtual Room,PLAN 4,d633a254-d90a-432d-8dc6-c41508870ab5,0902f526-dfe2-49a3-b7a6-37f9fe692f58,11.40794,100.3,OK
Mestro energy import,,Mestro-563147-electricity-energy,Franzen köksmaskiner 4tr MQ47-4 sbus electricity energy,ActiveEnergyTotal,ElectricalGridInternal,Virtual Room,Virtual Room,PLAN 4,461d349f-6b7f-4a08-aa8c-ed6f797864f6,d1389e29-ff9d-4ce6-bc57-3ded73096a94,12.5323,104.3,OK
Mestro energy import,,Mestro-563148-electricity-energy,410 Personal Shopping ök MQ42-8 sbus electricity energy,ActiveEnergyTotal,ElectricalGridTenant,Virtual Room,Virtual Room,PLAN 4,bfccff24-bcc0-4ca9-9b1d-123bb6920206,19aaf61b-7e77-4aa0-b52a-f85443095054,0.297764,97.3,OK
Mestro energy import,,Mestro-563149-electricity-energy,Reservmätare 5tr MQ48-15 sbus electricity energy,ActiveEnergyTotal,ElectricalGridInternal,Virtual Room,Virtual Room,PLAN 4,ea6ab930-e095-4ade-a9e0-988bb6424765,f4d59b65-0d97-46c4-a7b9-ae5a508f669a,0.0,100.3,OK
Mestro energy import,,Mestro-563150-electricity-energy,Hufvudstaden kontor 4tr MQ47-7 sbus electricity energy,ActiveEnergyTotal,ElectricalGridInternal,Virtual Room,Virtual Room,PLAN 4,0e8aa830-6049-4fec-b9cb-d9086d8b0813,fa9ec724-d010-4381-9bf7-a8c826aae66e,5.861193,99.3,OK
Mestro energy import,,Mestro-563151-electricity-energy,Franzen kök belysning MQ47-5 sbus electricity energy,ActiveEnergyTotal,ElectricalGridTenant,Virtual Room,Virtual Room,PLAN 4,83c260d5-7a9b-40eb-9504-581a0d6122ac,75e5a4b3-cd59-4baa-87b6-37fa461add37,15.47392,96.3,OK
Mestro energy import,,Mestro-563152-electricity-energy,Reservmätare 5tr MQ48-19 sbus electricity energy,ActiveEnergyTotal,ElectricalGridInternal,Virtual Room,Virtual Room,PLAN 4,e24216f2-da79-4fd3-beb3-e7ed1c1f812a,1a233e22-da36-4347-b9ec-4650c31df489,0.0,98.3,OK
Mestro energy import,,Mestro-563153-electricity-energy,Arctic Nödkraft MQ48-18 sbus electricity energy,ActiveEnergyTotal,ElectricalGridTenant,Virtual Room,Virtual Room,PLAN 4,b5242310-333b-4db1-b361-d328b49d1aad,f2a5cc04-48d4-4c51-ae0b-53acb1bd2d26,0.691988,99.3,OK
Mestro energy import,,Mestro-563154-electricity-energy,Reserv MQ48-3 sbus electricity energy,ActiveEnergyTotal,ElectricalGridInternal,Virtual Room,Virtual Room,PLAN 4,5b43cae2-dc0c-4b8c-82d2-1619965a0a0c,c22582e1-8bb5-4303-b95f-878b03ec1cf4,0.0,99.3,OK
Mestro energy import,,Mestro-563155-electricity-energy,Hufvudstaden Nödkraft 5tr MQ48-17 sbus electricity energy,ActiveEnergyTotal,ElectricalGridInternal,Virtual Room,Virtual Room,PLAN 4,2d5fa7df-b5b8-487a-8b36-c430c7f06836,37709fde-95f9-4e07-ac0c-cf4eb3ebc641,0.698639,102.3,OK
Mestro energy import,,Mestro-563156-electricity-energy,Reservmätare 5tr MQ48-16 sbus electricity energy,ActiveEnergyTotal,ElectricalGridInternal,Virtual Room,Virtual Room,PLAN 4,e1090dfc-57ad-4797-a0ea-1db795b648aa,21849ec9-ca4f-4445-91a9-60d0f1db3e66,0.0,100.3,OK
Mestro energy import,,Mestro-563157-electricity-energy,Hufvudstaden Nödkraft server 4tr MQ48-5 sbus electricity energy,ActiveEnergyTotal,ElectricalGridInternal,Virtual Room,Virtual Room,PLAN 4,51bcdd72-21dc-4802-a9c4-a2e6866d4a8d,7dce2778-5928-4f48-9a98-535862dcb943,9.889586,99.3,OK
Mestro energy import,,Mestro-563158-electricity-energy,Franska Banken Nödkraft MQ48-4 sbus electricity energy,ActiveEnergyTotal,ElectricalGridTenant,Virtual Room,Virtual Room,PLAN 4,9a77f355-b557-4b67-89fc-d68af287b953,d641993f-1d17-4bd5-ab19-f98e0a5948ed,0.0,102.3,OK
Mestro energy import,,Mestro-563159-electricity-energy,Reservmätare 5tr MQ48-2 sbus electricity energy,ActiveEnergyTotal,ElectricalGridInternal,Virtual Room,Virtual Room,PLAN 4,4a6b8397-1bb8-40e9-a28a-ed9bc1807429,97b7c10a-2825-4ffd-b784-3a1d66285612,0.0,98.3,OK
Mestro energy import,,Mestro-563160-electricity-energy,UBS Nödkraft MQ48-6 sbus electricity energy,ActiveEnergyTotal,ElectricalGridInternal,Virtual Room,Virtual Room,PLAN 4,e6337bf8-a8fc-4473-a112-07fab26f170c,ebbed516-6fb2-4b7b-b854-ea1806dadaa4,3.390501,105.3,OK
Mestro energy import,,Mestro-563161-electricity-energy,Foyen Nödkraft MQ48-7 sbus electricity energy,ActiveEnergyTotal,ElectricalGridInternal,Virtual Room,Virtual Room,PLAN 4,db4ff837-2b21-4f47-ad0c-15b8bf46923c,5e33b0af-0181-46e6-b8b2-c967308baf72,0.0,99.3,WARNING
Mestro energy import,,Mestro-563162-electricity-energy,VKA11:1 NK Saluhall MQ42-5 sbus electricity energy,ActiveEnergyTotal,ElectricalGridTenant,Virtual Room,Virtual Room,PLAN 4,2addec6c-e6cc-4cb8-a3d5-a4b42fb497e1,59466cfe-acfb-4478-b369-efe3fd59504a,4.571337,99.3,OK
Mestro energy import,,Mestro-563163-electricity-energy,Plan3/Bv Panini MQ43-11 (fd Colorfield) sbus electricity energy,ActiveEnergyTotal,ElectricalGridInternal,Virtual Room,Virtual Room,PLAN 4,dd9972b9-cd35-404a-b5a1-27991db6f1a2,4c8a6e6c-8cc4-417d-b8ff-1b6784d57ff8,8.177497,97.3,OK
Mestro energy import,,Mestro-563164-electricity-energy,Plan3/BV Haga Cafe' MQ43-7 sbus electricity energy,ActiveEnergyTotal,ElectricalGridInternal,Virtual Room,Virtual Room,PLAN 4,f618b8c7-2f8f-4bd4-83bf-d84fbb733d27,cc4ac890-414c-4f5c-95cd-a1337c7c9762,8.296565,96.3,OK
Mestro energy import,,Mestro-563165-electricity-energy,Plan5/2tr Positano MQ43-5 sbus electricity energy,ActiveEnergyTotal,ElectricalGridTenant,Virtual Room,Virtual Room,PLAN 4,7739d727-01a9-4ff2-b019-5a34d8aed2f0,fc367b26-c08f-4976-ae62-5f736c2980ce,20.263978,98.3,OK
Mestro energy import,,Mestro-563166-electricity-energy,Hermes avd plan3 MQ43-10 sbus electricity energy,ActiveEnergyTotal,ElectricalGridTenant,Virtual Room,Virtual Room,PLAN 4,abbe753c-5855-4aad-928c-0c528234bfd7,fbcd17e3-dac7-4b37-ab77-40d6d46542e2,8.62492,96.3,OK
Mestro energy import,,Mestro-563167-electricity-energy,Plan3/BV NK Korv MQ43-8 sbus electricity energy,ActiveEnergyTotal,ElectricalGridInternal,Virtual Room,Virtual Room,PLAN 4,341148c3-82c3-4a8c-b867-180d71397ed1,c17e04e5-40f4-41dd-a259-9b4cac71f962,6.326767,99.3,OK
Mestro energy import,,Mestro-563168-electricity-energy,Plan2/Ök Espressohouse MQ42-9 sbus electricity energy,ActiveEnergyTotal,ElectricalGridInternal,Virtual Room,Virtual Room,PLAN 4,9d4e5b51-2fb2-4648-95f6-5f8d2fae6948,0280639a-9a78-4f0e-b111-dfe53718330f,0.0,102.3,WARNING
Mestro energy import,,Mestro-563169-electricity-energy,Plan3/Bv Butik 301-330 Del 1-26 MQ43-2 sbus electricity energy,ActiveEnergyTotal,ElectricalGridTenant,Virtual Room,Virtual Room,PLAN 4,a5f3f67b-4d1a-40f5-82d3-fc85df041340,8e631f3c-205c-4c6d-8174-d3875710e0ce,37.389251,102.3,OK
Mestro energy import,,Mestro-563170-electricity-energy,Plan3/Bv NK Beauty 1 MQ43-6 sbus electricity energy,ActiveEnergyTotal,ElectricalGridInternal,Virtual Room,Virtual Room,PLAN 4,707abed8-35b9-4330-85a7-65bd25455899,fdf154b2-acc9-418c-aaae-1fbf9a387ff0,6.515567,101.3,OK
Mestro energy import,,Mestro-563171-electricity-energy,Plan6/3tr Franska Cafe`t MQ43-4 sbus electricity energy,ActiveEnergyTotal,ElectricalGridTenant,Virtual Room,Virtual Room,PLAN 4,89a84c55-1cf1-4614-aca0-002b07eb55e4,1408106b-25ff-48fd-9532-7cc95e866a1e,7.521177,100.3,OK
Mestro energy import,,Mestro-563172-electricity-energy,Plan1/Uk Nk Beauty4 MQ43-9 sbus electricity energy,ActiveEnergyTotal,ElectricalGridInternal,Virtual Room,Virtual Room,PLAN 4,68acf668-50c9-4245-af2e-05e81a2f8902,4bf240e8-5d1c-4016-bb25-72b3575e2939,0.204999,102.3,OK
Mestro energy import,,Mestro-563173-electricity-energy,Reservmätare 5tr MQ48-20 sbus electricity energy,ActiveEnergyTotal,ElectricalGridInternal,Virtual Room,Virtual Room,PLAN 4,136ed40a-64c0-4fc1-bc7d-f4557e36e0f6,004bf213-6128-4dcc-a48d-91bcd77c3fd9,0.0,96.3,WARNING
Mestro energy import,,Mestro-563174-electricity-energy,VISA 5tr MQ48-10 sbus electricity energy,ActiveEnergyTotal,ElectricalGridTenant,Virtual Room,Virtual Room,PLAN 4,e2c7bc8b-7d27-4e73-903d-ca2164501441,16c7187c-596b-4f17-b5fd-59c1a6619db8,11.727778,98.3,OK
Mestro energy import,,Mestro-563175-electricity-energy,AG Advokat 6tr MQ49-1 sbus electricity energy,ActiveEnergyTotal,ElectricalGridTenant,Virtual Room,Virtual Room,PLAN 4,771ee50c-2f48-40e3-be6e-ee25a217257c,545845cc-4918-41e3-8761-944a2dc9231f,7.555721,96.3,OK
Mestro energy import,,Mestro-563176-electricity-energy,VISA 5tr MQ48-14 sbus electricity energy,ActiveEnergyTotal,ElectricalGridInternal,Virtual Room,Virtual Room,PLAN 4,ec79fdf9-5665-49c0-82e5-7d2dc63275c2,af598caf-e736-4d74-b919-8c299528a7ad,8.717005,99.3,OK
Mestro energy import,,Mestro-563177-electricity-energy,Foyen MQ410-3 sbus electricity energy,ActiveEnergyTotal,ElectricalGridTenant,Virtual Room,Virtual Room,PLAN 4,34b0444c-f914-41e0-9dcc-b741eaffeece,74613f47-d1ae-4ca6-bbf3-a5662bd0c966,5.910185,96.3,OK
Mestro energy import,,Mestro-563178-electricity-energy,AG Advokat 6tr MQ49-4 sbus electricity energy,ActiveEnergyTotal,ElectricalGridTenant,Virtual Room,Virtual Room,PLAN 4,85b65536-543c-45d8-a980-308e40324abc,ac42155c-ed97-4cd5-bc85-bcc16043b1ae,7.230772,99.3,OK
Mestro energy import,,Mestro-563179-electricity-energy,UBS MQ49-3 sbus electricity energy,ActiveEnergyTotal,ElectricalGridInternal,Virtual Room,Virtual Room,PLAN 4,5cc1f4ce-a1af-4142-ac83-b5173f4ffa0e,79732582-47cb-481c-91b7-34df457c5daa,10.699954,96.3,OK
Mestro energy import,,Mestro-563180-electricity-energy,Plan3/bv Butik 331-340 Del 1-17 MQ43-3 sbus electricity energy,ActiveEnergyTotal,ElectricalGridTenant,Virtual Room,Virtual Room,PLAN 4,4ae4f021-66bc-4f5e-a03e-f9d8ff34b2d3,fd4306cc-4092-4637-b602-15d8af2efc41,10.193479,100.3,OK
Mestro energy import,,Mestro-563181-electricity-energy,Arctic MQ410-4 sbus electricity energy,ActiveEnergyTotal,ElectricalGridInternal,Virtual Room,Virtual Room,PLAN 4,40246ee0-cc9a-4bf9-979f-fb27fbdffc8a,653b4d61-85b3-423a-a5b9-dc9c46bed272,13.724911,96.3,WARNING
Mestro energy import,,Mestro-563182-electricity-energy,SB1 6tr MQ49-2 sbus electricity energy,ActiveEnergyTotal,ElectricalGridInternal,Virtual Room,Virtual Room,PLAN 4,085da28d-1254-4f01-9420-c427e9e71b46,43126400-d14e-4f44-b837-75fa4f9dad17,12.314688,96.3,OK
Mestro energy import,,Mestro-563183-electricity-energy,VISA 5tr MQ48-13 sbus electricity energy,ActiveEnergyTotal,ElectricalGridInternal,Virtual Room,Virtual Room,PLAN 4,5458cefe-daa4-438c-baa9-254f1d440008,ca76c4eb-aca1-42a0-846d-3f4456389800,8.776802,97.3,OK
Mestro energy import,,Mestro-563184-electricity-energy,HG-yta 06 MQ41-12 ROT fd Paradiset sbus electricity energy,ActiveEnergyTotal,ElectricalGridInternal,Virtual Room,Virtual Room,PLAN 4,0e4d1387-b8fc-4f38-80c3-d24908280995,c1e49416-7208-4bad-a1e5-f966f442a723,7.423889,99.3,OK
Mestro energy import,,Mestro-563185-electricity-energy,Foyen MQ410-1 sbus electricity energy,ActiveEnergyTotal,ElectricalGridInternal,Virtual Room,Virtual Room,PLAN 4,e6516fbb-2307-4cb3-bf41-0cd853b0c909,b8305f4b-69bc-4c5b-a393-d9f6f5659d66,7.308454,100.3,OK
Mestro energy import,,Mestro-563186-electricity-energy,HG-yta 04 MQ41-11 Androuet Ost sbus electricity energy,ActiveEnergyTotal,ElectricalGridInternal,Virtual Room,Virtual Room,PLAN 4,b0ae3197-87f6-44b9-88a6-ce1a8878153c,22a13dd0-2015-44fb-9e31-5075f697c4da,3.039785,98.3,OK
Mestro energy import,,Mestro-563187-electricity-energy,HG-yta 10 Melanders fisk MQ41-7 sbus electricity energy,ActiveEnergyTotal,ElectricalGridInternal,Virtual Room,Virtual Room,PLAN 4,c17be89d-c969-4690-b5c6-41d81f0f7b10,5c70c7e1-5987-4ab4-924f-1705432d7f87,7.099337,101.3,OK
Mestro energy import,,Mestro-563188-electricity-energy,Hermes Lager Reservkraft MQ41-19 sbus electricity energy,ActiveEnergyTotal,ElectricalGridTenant,Virtual Room,Virtual Room,PLAN 4,17159a60-f558-4384-9d52-15e7cab2bbe4,3e29ee90-40dd-4172-9a6a-620c114d4cb3,0.652677,99.3,OK
Mestro energy import,,Mestro-563189-electricity-energy,Franska banken MQ410-2 sbus electricity energy,ActiveEnergyTotal,ElectricalGridTenant,Virtual Room,Virtual Room,PLAN 4,ca2755ec-bb83-44bd-95a1-0c3e8a731daa,3d1a5ec7-e970-440f-a365-97b89669e5b7,5.537455,98.3,OK
Mestro energy import,,Mestro-563190-electricity-energy,Paul & Friends MQ411-1 8tr sbus electricity energy,ActiveEnergyTotal,ElectricalGridInternal,Virtual Room,Virtual Room,PLAN 4,8cada5b1-ab8f-4ac2-8a28-097dac9486d3,a01ece5b-054b-4c55-9da7-e7559b759ac7,0.303781,98.3,OK
Mestro energy import,,Mestro-563191-electricity-energy,Verizon MQ410-6 Hissmaskinrum sbus electricity energy,ActiveEnergyTotal,ElectricalGridInternal,Virtual Room,Virtual Room,PLAN 4,47e2813c-a700-46e8-91f4-d966b67e6114,fc6b9574-32e7-4d78-af9d-fe74a410b685,0.119312,99.3,OK
Mestro energy import,,Mestro-563192-electricity-energy,HI3g MQ410-5 Hissmaskin sbus electricity energy,ActiveEnergyTotal,ElectricalGridInternal,Virtual Room,Virtual Room,PLAN 4,e9010c31-b74d-4bdf-9c36-e1001bb32f6b,d1edb8fb-4df6-4416-a61c-d8044c1373a4,4.997675,96.3,OK
Mestro energy import,,Mestro-563193-electricity-energy,Plan7/4tr Butik 701-710 Del 1-14 MQ47-1 sbus electricity energy,ActiveEnergyTotal,ElectricalGridInternal,Virtual Room,Virtual Room,PLAN 4,e7e0b5fd-4d00-48e2-83b1-b6851ec9fa14,27a11142-c841-42f6-b247-daef14b0e91d,21.160035,96.3,OK
Mestro energy import,,Mestro-563194-electricity-energy,Hufvudstaden server MQ49-5 sbus electricity energy,ActiveEnergyTotal,ElectricalGridInternal,Virtual Room,Virtual Room,PLAN 4,b89784bd-d2b2-41ce-aa23-f6ca8ed7639c,79661c1c-8847-4405-84d8-39c3dfa5f43e,1.087982,99.3,OK
Mestro energy import,,Mestro-563195-electricity-energy,Plan5/2tr Butik 501-530 Del 1-26 MQ45-2 sbus electricity energy,ActiveEnergyTotal,ElectricalGridInternal,Virtual Room,Virtual Room,PLAN 4,b5aba402-c2a3-450c-a7a4-3c2f2fdb39e6,9110c06f-d94b-4e80-83e4-972be75e45df,42.340323,98.3,OK
Mestro energy import,,Mestro-563196-electricity-energy,VISA 5tr MQ48-8 sbus electricity energy,ActiveEnergyTotal,ElectricalGridInternal,Virtual Room,Virtual Room,PLAN 4,78ca4c20-cd61-430d-9895-c3ebd063f8b2,f4c3dc89-0f4d-40ac-b64a-376ccb8bb6c5,5.555735,98.3,OK
Mestro energy import,,Mestro-563197-electricity-energy,Plan5/2tr Butik 531-540 Del 1-17 MQ45-3 sbus electricity energy,ActiveEnergyTotal,ElectricalGridInternal,Virtual Room,Virtual Room,PLAN 4,4e5b21a4-9ed6-462d-9e7b-b23524311fd0,44f59c01-b690-49c3-92ec-823bcf06c329,22.865699,96.3,OK
Mestro energy import,,Mestro-563198-electricity-energy,Hufvudstaden kontor 5tr MQ48-9 sbus electricity energy,ActiveEnergyTotal,ElectricalGridInternal,Virtual Room,Virtual Room,PLAN 4,553c1457-1a72-47e1-a54f-47f37d31ddc9,7f1236ce-276d-4628-b01d-f40da0a560a6,18.894067,99.3,OK
Mestro energy import,,Mestro-563199-electricity-energy,Plan4/1tr Butik 401-430 Del 1-26 MQ44-1 sbus electricity energy,ActiveEnergyTotal,ElectricalGridInternal,Virtual Room,Virtual Room,PLAN 4,09197327-02ad-4a53-93f8-97d96b250146,7bf0a721-3abb-412d-a969-f613f9bf5728,43.089737,99.3,OK
Mestro energy import,,Mestro-563200-electricity-energy,Plan2/Ök Butik 231-240 Del 1-10 MQ42-1 sbus electricity energy,ActiveEnergyTotal,ElectricalGridInternal,Virtual Room,Virtual Room,PLAN 4,72408c67-90bc-4b30-9b55-fb68a8a93155,fadd655a-b281-4f46-ab50-281b111cd8f4,6.619257,96.3,OK
Mestro energy import,,Mestro-563201-electricity-energy,Chipirron MQ47-3 sbus electricity energy,ActiveEnergyTotal,ElectricalGridTenant,Virtual Room,Virtual Room,PLAN 4,6ae7dca7-e8e8-4451-9507-d08c101c9e8e,e8f603e4-ac7d-4028-a662-7afb4d5ebecf,9.939718,97.3,OK
Mestro energy import,,Mestro-563265-electricity-energy,HG-yta 05 ROT MQ41-6 fd Dr Mat sbus electricity energy,ActiveEnergyTotal,ElectricalGridInternal,Virtual Room,Virtual Room,PLAN 4,561a0a76-9202-4487-8264-00820b086a80,f9095ed6-5a59-4869-8128-2ecb83fb3a36,9.487484,96.3,OK
Mestro energy import,,Mestro-573643-electricity-energy,NK7.AS1001-ME41@HufvudstadenSub electricity energy,ActiveEnergyTotal,ElectricalGridInternal,Virtual Room,Virtual Room,PLAN 4,d31bd6a3-4124-4a73-bf40-cb508e948f2e,4b18a06f-651b-446e-a6cf-c08d8e394d03,2.502172,96.3,OK
Saia S-Bus PLC,AS,AS.VK200.SLA,AS.VK200 *1B Summalarm värmekabelanläggning 200grp,AlarmMajor,HVAC,Virtual Room,Virtual Room,PLAN 4,9c20728c-eb76-4e73-b048-cb7caaedabb5,6c93e74b-0a71-4e47-9800-3f39f0ec3ac8,0.0,0.4,OK
Saia S-Bus PLC,AS56,AS56.OZON3.LA,AS56.OZON3 *1B AS56-OZON3 Summalarm,AlarmMajor,HVAC,Virtual Room,Virtual Room,PLAN 4,610871a4-647c-43b1-865a-4b9ebc0fa80d,4ee216e1-952e-4a4a-9e18-a5a90cbf5b4b,0.0,0.3,OK
Saia S-Bus PLC,AS65,AS65.CENTBRAND.DI,AS65.CENTBRAND Di4 Ind.centbrandlarm,State,HVAC,Virtual Room,Virtual Room,PLAN 4,ff3b4800-3c89-41b6-91a2-ba552aca134e,72f0d15d-4d1f-4b8c-af3d-558548931429,1.0,0.4,OK
Saia S-Bus PLC,AS65,AS65.CENTBRAND.LA,AS65.CENTBRAND *1B Centralt brandlarm i AS,AlarmMajor,HVAC,Virtual Room,Virtual Room,PLAN 4,713084ba-9dee-4e65-9b6d-25b5ba81dc4c,72f0d15d-4d1f-4b8c-af3d-558548931429,0.0,0.4,OK
Saia S-Bus PLC,AS65,AS65.DISPLAY.VERSION.PV,AS65.DISPLAY.VERSION Aktuell version Terminalprogram,State,HVAC,Virtual Room,Virtual Room,PLAN 4,1d8ecb63-d5e5-4164-98fa-79028a62857e,fbf664b5-df47-4e93-8443-345d7c55628d,1.4,0.4,OK
Saia S-Bus PLC,AS65,AS65.LYSDIOD.SD,AS65.LYSDIOD Du6:7 Lysdiod skåpsfront,State,HVAC,Virtual Room,Virtual Room,PLAN 4,8fafda09-6ab5-4941-981e-ea97aab245c5,14de2808-29d7-474a-80ae-ddbfd6bde8ad,0.0,0.4,OK
Saia S-Bus PLC,AS65,AS65.MAN230V.DI,AS65.MAN230V Di4 Utlöst manöversäkring 230V i AS,State,HVAC,Virtual Room,Virtual Room,PLAN 4,b6acddfa-f086-4e92-83c7-fd743f055724,4be76345-e1ad-4abf-8617-17ea045b48a4,0.0,0.4,OK
Saia S-Bus PLC,AS65,AS65.MAN230V.LA,AS65.MAN230V Di4 Utlöst motorskydd i AS,AlarmMinor,HVAC,Virtual Room,Virtual Room,PLAN 4,593d5d09-d2c3-4c36-b4bc-a8d69a4cdb67,4be76345-e1ad-4abf-8617-17ea045b48a4,0.0,0.4,OK
Saia S-Bus PLC,AS65,AS65.MAN24V.DI,AS65.MAN24V Di4 Utlöst manöversäkring 24V i AS,State,HVAC,Virtual Room,Virtual Room,PLAN 4,7526aa5a-3e22-407c-8313-8a9ea75394da,6f37410d-59f2-4d0d-a9ea-44d42f598116,0.0,0.4,OK
Saia S-Bus PLC,AS65,AS65.MAN24V.LA,AS65.MAN24V Di4 Utlöst manöversäkring 230V i AS,AlarmMinor,HVAC,Virtual Room,Virtual Room,PLAN 4,0ae604c4-d400-4b70-9aad-39387a032d98,6f37410d-59f2-4d0d-a9ea-44d42f598116,0.0,0.4,OK
Saia S-Bus PLC,AS65,AS65.MSK.DI,AS65.MSK Di4 Utlöst motorskydd i AS,State,HVAC,Virtual Room,Virtual Room,PLAN 4,aee2bb49-9f34-40d5-97ba-5cff0c626a1f,d116fad0-59ec-49c0-ad79-f066b240fe7e,0.0,0.4,OK
Saia S-Bus PLC,AS65,AS65.MSK.LA,AS65.MSK *1B Utlöst motorsk./dvärgbr. i AS,AlarmMinor,HVAC,Virtual Room,Virtual Room,PLAN 4,00fd68f0-b226-4492-92e1-2d50ad74fe35,d116fad0-59ec-49c0-ad79-f066b240fe7e,0.0,0.4,OK
Saia S-Bus PLC,AS722,AS722.GT31.PV,AS722.GT31 Utegivare,State,HVAC,Virtual Room,Virtual Room,PLAN 4,9bd262b3-b111-4b3c-a69f-0a863d52a344,d07233b9-84af-4a40-8ea6-12acf290798c,11.3,0.4,OK
Saia S-Bus PLC,AS72_2,AS72_2.FB71.DI,AS72_2.FB71 Digitalingång,State,HVAC,Virtual Room,Virtual Room,PLAN 4,cb990c2f-f2de-4173-82dc-2a63b8cadfe9,e7463eb0-a531-4378-be29-a00b1e347f8b,0.0,0.4,OK
Saia S-Bus PLC,AS72_2,AS72_2.FB71.LA,AS72_2.FB71 *1A AS72:2-FB71 Utlöstfasbrottsrelä,AlarmMinor,HVAC,Virtual Room,Virtual Room,PLAN 4,ddf6c317-68aa-4f1a-a852-243836bb65a3,e7463eb0-a531-4378-be29-a00b1e347f8b,0.0,0.4,OK
Saia S-Bus PLC,AS72_2,AS72_2.FS61.DI,AS72_2.FS61 Digitalingång,State,HVAC,Virtual Room,Virtual Room,PLAN 4,1a03f267-3fc8-4c1b-9a11-0e1f89b5401e,26ea9f61-2c5e-4fd0-97c4-b8ddd7279ea8,0.0,0.4,OK
Saia S-Bus PLC,AS72_2,AS72_2.FS61.LA,AS72_2.FS61 *1B AS72:2 Utlöst Säkring/Motorskydd,AlarmMinor,HVAC,Virtual Room,Virtual Room,PLAN 4,dfa3fdcf-58ce-41d4-91e6-a2b4d2dd574e,26ea9f61-2c5e-4fd0-97c4-b8ddd7279ea8,0.0,0.4,OK
Saia S-Bus PLC,AS72_2,AS72_2.GT31.PV,AS72_2.GT31 Utegivare via komm.,State,HVAC,Virtual Room,Virtual Room,PLAN 4,1c395c27-c3a6-4cd2-9d14-d1f529de1f57,69a9b8e2-293a-42e5-814b-be83136f321f,16.7,0.4,OK
Saia S-Bus PLC,AS72_2,AS72_2.GT31.PV,AS72_2.GT31 Utetemperatur från master (°C),Temperature,HVAC,Virtual Room,Virtual Room,PLAN 4,cc64b9b8-2b9a-4f1a-8da9-074fdeb80fd2,aa93c8a5-c2b8-4584-9434-078bd6665384,16.6,0.3,OK
Saia S-Bus PLC,AS72_2,AS72_2.KOMM.LA,AS72_2.KOMM *1B DUC2 Kommunikationsfel,AlarmMinor,HVAC,Virtual Room,Virtual Room,PLAN 4,0fc96881-22ff-4613-96be-2151770825e4,124cdc5b-d3db-4ceb-93bc-c0e5a30f807e,0.0,0.4,OK
Saia S-Bus PLC,AS72_2,AS72_2.RM1.DI,AS72_2.RM1 *0 Digitalingång,State,HVAC,Virtual Room,Virtual Room,PLAN 4,7a2f32f3-9a5a-4955-96a4-727542387ca4,af831160-4db3-43cb-934f-951d3149ef30,0.0,0.4,OK
Saia S-Bus PLC,AS72_2,AS72_2.RM1_4.LA,AS72_2.RM1_4 *1B AS72:2-RM1-2 Relämodul i handläge,AlarmMinor,HVAC,Virtual Room,Virtual Room,PLAN 4,c0f14b55-7fc7-46d9-a598-cdeb4fe1b904,50c8003e-a840-48aa-b2a0-ea422ba6c34c,0.0,0.4,OK
Saia S-Bus PLC,AS72_2,AS72_2.RM2.DI,AS72_2.RM2 *0 Digitalingång,State,HVAC,Virtual Room,Virtual Room,PLAN 4,70476159-a9b9-45da-9bcb-0735c599586f,2c379ec3-b512-4e42-9326-c80b326cf112,0.0,0.4,OK
Saia S-Bus PLC,AS72_2,AS72_2.RM3.DI,AS72_2.RM3 *0 Digitalingång,State,HVAC,Virtual Room,Virtual Room,PLAN 4,4b24306e-0915-4abb-aa4b-e5c259d287f1,2d8985de-28d3-46d8-93b8-67d0a0af0c08,0.0,0.4,OK
Saia S-Bus PLC,AS72_2,AS72_2.SIOX.LA,AS72_2.SIOX *1B AS72:2 Kommunikations fel SIOX-bus,AlarmMinor,HVAC,Virtual Room,Virtual Room,PLAN 4,f6f5a63c-64d8-4e11-bb93-8e6be2ce84be,a431c450-a650-4915-b428-1b3fe56627da,0.0,0.4,OK
Saia S-Bus PLC,AS78,AS78.FB71.DI,AS78.FB71 *0 Digitalingång,State,HVAC,Virtual Room,Virtual Room,PLAN 4,fd37c691-fd72-4881-ac7b-08f9f6537bcf,5c67a658-98b7-4fc4-a8ba-c195538c9439,0.0,0.3,OK
Saia S-Bus PLC,AS78,AS78.FB71.LA,AS78.FB71 *1A AS78-FB71 Utlöstfasbrottsrelä,AlarmMinor,HVAC,Virtual Room,Virtual Room,PLAN 4,291087b8-bc6f-4904-8092-3c474526b417,5c67a658-98b7-4fc4-a8ba-c195538c9439,0.0,0.3,OK
Saia S-Bus PLC,AS78,AS78.FS61.DI,AS78.FS61 *0 Digitalingång,State,HVAC,Virtual Room,Virtual Room,PLAN 4,868d798a-becf-4d96-84f9-63b8370ebad3,7030fedd-c683-4b2b-a510-a1b5879ac582,0.0,0.3,OK
Saia S-Bus PLC,AS78,AS78.FS61.LA,AS78.FS61 *1B AS78-F61 Utlöst Säkring,AlarmMinor,HVAC,Virtual Room,Virtual Room,PLAN 4,d07a2da6-6289-4053-ae4a-af9ccdc7c84d,7030fedd-c683-4b2b-a510-a1b5879ac582,0.0,0.3,OK
Saia S-Bus PLC,AS78,AS78.RM1.DI,AS78.RM1 *0 Digitalingång,State,HVAC,Virtual Room,Virtual Room,PLAN 4,48e58d7d-d206-4b56-a8b8-c5e5f5fdb57f,91327bfa-82f5-43b3-ab32-64ac87590555,0.0,0.3,OK
Saia S-Bus PLC,AS78,AS78.RM1.LA,AS78.RM1 *1B AS78-RM1 Relämodul i handläge,AlarmMinor,HVAC,Virtual Room,Virtual Room,PLAN 4,7cd1807d-006f-47d7-af60-812cfdd07e04,91327bfa-82f5-43b3-ab32-64ac87590555,0.0,0.3,OK
Saia S-Bus PLC,AS92,AS92.BSPC1.SLA,AS92.BSPC1 *1B Summalarm Brandsjällscentral,AlarmMajor,HVAC,Virtual Room,Virtual Room,PLAN 4,ac307376-3485-4639-afcb-205f398e1441,47d7720a-4ff0-4f96-9372-f35cac6d6055,0.0,0.4,OK
Saia S-Bus PLC,ASPLC65,ASPLC65.SV50.HAD,ASPLC65.SV50 Handstyrning aktiv digital,State,HVAC,Virtual Room,Virtual Room,PLAN 4,9e0cb1e6-7ba2-4494-9271-c59dc09e3863,b2ffd928-3620-48c4-b0bf-bca31f5e5750,0.0,0.4,OK
Saia S-Bus PLC,ASPLC65,ASPLC65.SV50.SD,ASPLC65.SV50 Du6 Styrning magnetventil,State,HVAC,Virtual Room,Virtual Room,PLAN 4,709e5890-c8f2-4c17-a9c4-c6ffd4ea88b2,b2ffd928-3620-48c4-b0bf-bca31f5e5750,0.0,0.4,OK
Saia S-Bus PLC,ASPLC65,ASPLC65.SV50.VT,ASPLC65.SV50 *104 Driftstatus,State,HVAC,Virtual Room,Virtual Room,PLAN 4,a5c464a7-f350-4e23-80b1-9ce73d9020ed,b2ffd928-3620-48c4-b0bf-bca31f5e5750,0.0,0.4,OK
Saia S-Bus PLC,AU,AU.HAND.LA,AU.HAND *1B Analog utgång i hand,AlarmMinor,HVAC,Virtual Room,Virtual Room,PLAN 4,7f0bd7aa-432f-4d9a-a228-0531644ed345,05a01445-dea8-4ac6-9c18-83c550d944c9,1.0,0.4,OK
Saia S-Bus PLC,AU,AU.HAND.LA,AU.HAND *1B Analog utgång i hand,AlarmMinor,HVAC,Virtual Room,Virtual Room,PLAN 4,37264933-ac50-441f-992d-d7cbc4fb9eb5,f1bcf712-4e28-4ac8-9060-c9b11047d056,0.0,0.3,OK
Saia S-Bus PLC,AU,AU.HAND.LA,AU.HAND *1B Analog utgång i hand,AlarmMinor,HVAC,Virtual Room,Virtual Room,PLAN 4,57a97078-2b7a-4765-960c-c47ac3feb203,90c5687f-eb2c-4a95-ad9a-eab4910cde94,0.0,0.3,OK
Saia S-Bus PLC,AU,AU.HAND.LA,AU.HAND *1B Analog utgång i hand,AlarmMinor,HVAC,Virtual Room,Virtual Room,PLAN 4,42ad9e59-92c3-4d07-89aa-6b704b0685d7,f1c626d2-ddb7-40a4-9772-7ef19d537607,0.0,0.3,OK
Saia S-Bus PLC,AU,AU.HAND.LA,AU.HAND *1B Analog utgång i hand,AlarmMinor,HVAC,Virtual Room,Virtual Room,PLAN 4,a49c83cf-680f-451b-922c-2b7a2bc4d4e2,0bb1313a-a5a4-4ee4-b893-e14b4c932ab2,0.0,0.4,OK
Saia S-Bus PLC,AU,AU.HAND.LA,AU.HAND *1B Analog utgång i hand,AlarmMinor,HVAC,Virtual Room,Virtual Room,PLAN 4,6984f5b7-89a3-47e8-9dc7-b86bbae96232,4bcdecde-b9dd-4b73-9b20-9003c7d8f56d,0.0,0.3,OK
Saia S-Bus PLC,BRAND,BRAND.DI,BRAND DI larmsignal,State,HVAC,Virtual Room,Virtual Room,PLAN 4,d69d1b93-c997-4b93-9e89-9deffd600000,bad4ccdf-3dd6-45bd-a28a-9fbe39480633,0.0,0.3,OK
Saia S-Bus PLC,BRAND,BRAND.LA,BRAND *1A Centralt Brandlarm.,AlarmMajor,HVAC,Virtual Room,Virtual Room,PLAN 4,68d420d0-609f-485f-b843-23b018ac90f9,bad4ccdf-3dd6-45bd-a28a-9fbe39480633,0.0,0.3,OK
Saia S-Bus PLC,BRAND,BRAND.OMK.DI,BRAND.OMK DI larmsignal,State,HVAC,Virtual Room,Virtual Room,PLAN 4,15719dfb-9d7a-438c-b660-fc3a71c5ae13,2e7bc6c3-a07a-4d57-9c8b-22ee38ae4154,0.0,0.3,OK
Saia S-Bus PLC,BRAND,BRAND.OMK.LA,BRAND.OMK *1A Brandstyrning förbikopplad via omk,AlarmMajor,HVAC,Virtual Room,Virtual Room,PLAN 4,9fe30141-bc5d-43ad-95bb-b19b228ac273,2e7bc6c3-a07a-4d57-9c8b-22ee38ae4154,0.0,0.3,OK
Saia S-Bus PLC,BSPC,BSPC.GQ7X.HD.LA,BSPC.GQ7X.HD *1B Summalarm brandspjällscentral pl5,AlarmMajor,HVAC,Virtual Room,Virtual Room,PLAN 4,65ac44e0-1e37-4ccf-966d-a1acd542ce96,7342f3bf-982b-4b2a-9fcc-a8e3ec643daf,0.0,0.3,OK
Saia S-Bus PLC,CENTRAL,CENTRAL.VAV.SA,CENTRAL.VAV Utsignal Central VÅV (via kom),ValvePosition,HVAC,Virtual Room,Virtual Room,PLAN 4,6aff92e9-348e-49bf-9696-4e81ad19709c,faf88abb-4564-4144-8dcb-b3b9c1ac2f2e,0.0,0.4,OK
Saia S-Bus PLC,CENTVVX,CENTVVX.HAA,CENTVVX Handstyrning aktiv analog,State,HVAC,Virtual Room,Virtual Room,PLAN 4,049f1264-e9dc-429c-8abb-38ea55f89eb4,6e61d473-6022-487a-bf56-1cd49e0eb921,0.0,0.4,OK
Saia S-Bus PLC,DI,DI.HAND.LA,DI.HAND *1B Digital utgång i hand,AlarmMinor,HVAC,Virtual Room,Virtual Room,PLAN 4,24c119c1-90bd-4bbd-b6b6-5df43bfdb201,a258c1e9-d705-491e-a5cb-15947b44bbc3,0.0,0.4,OK
Saia S-Bus PLC,DI,DI.HAND.LA,DI.HAND *1B Digital utgång i hand,AlarmMinor,HVAC,Virtual Room,Virtual Room,PLAN 4,c38d9f49-9520-4647-91b8-1f5eaaed4093,b5fad364-9cea-4fda-bd1c-43aa005ed8e7,0.0,0.4,OK
Saia S-Bus PLC,DI,DI.HAND.LA,DI.HAND *1B Digital utgång i hand,AlarmMinor,HVAC,Virtual Room,Virtual Room,PLAN 4,4dea8b25-2ac4-475e-a9da-33189c78144a,66442c8c-1892-499f-9fc4-ec994c987cc1,0.0,0.3,OK
Saia S-Bus PLC,DI,DI.HAND.LA,DI.HAND *1B Digital utgång i hand,AlarmMinor,HVAC,Virtual Room,Virtual Room,PLAN 4,45d6577e-c024-435d-9fdf-cbe4dd73d0c8,145afe79-5467-4b74-a641-ca8dacf01d8f,0.0,0.3,OK
Saia S-Bus PLC,DI,DI.HAND.LA,DI.HAND *1B Digital utgång i hand,AlarmMinor,HVAC,Virtual Room,Virtual Room,PLAN 4,7cd2ac2e-e03e-44f3-8e2f-30b9c33a5afc,8f5f73c9-ecd3-4378-8dfc-8b3312bb3f79,0.0,0.3,OK
Saia S-Bus PLC,DI,DI.HAND.LA,DI.HAND *1B Digital utgång i hand,AlarmMinor,HVAC,Virtual Room,Virtual Room,PLAN 4,f0d074a5-3371-4af7-9dad-e57bbd578481,31c59745-2082-4fd0-a4be-0e4335d64471,0.0,0.3,OK
Saia S-Bus PLC,DUC2,DUC2.ANAUT.LA,DUC2.ANAUT *1B DUC2 Analog utgång i handläge,AlarmMinor,HVAC,Virtual Room,Virtual Room,PLAN 4,89889bb4-9817-4c5f-9b0a-545523daa851,533a2ec5-5ff8-4e46-ae5e-2780d305301d,0.0,0.4,OK
Saia S-Bus PLC,DUC2,DUC2.BATTERI.LA,DUC2.BATTERI *1B DUC2 Dåligt batteri i PLC,AlarmMinor,HVAC,Virtual Room,Virtual Room,PLAN 4,38fa9589-4967-4531-8191-646cdc7aecf6,931935aa-d11e-40d1-8ef1-d8d812dfa4f0,0.0,0.4,OK
Saia S-Bus PLC,DUC2,DUC2.DIGUT.LA,DUC2.DIGUT *1B DUC2 Digital utgång i handläge,AlarmMinor,HVAC,Virtual Room,Virtual Room,PLAN 4,60d94ef7-08a0-4445-adeb-892b7f875a98,cdb6db73-6678-4b2e-b9f6-00777e553870,0.0,0.4,OK
Saia S-Bus PLC,DUC2,DUC2.VERSION.PV,DUC2.VERSION Aktuell version PLC-program,State,HVAC,Virtual Room,Virtual Room,PLAN 4,971f92af-0b31-4739-9c12-4dd8470d4c2a,ab27444e-2cb3-4350-ab00-8defc66400e5,3.7,0.4,OK
Saia S-Bus PLC,DUC78,DUC78.ANAUT.LA,DUC78.ANAUT *1B DUC78 Analog utgång i handläge,AlarmMinor,HVAC,Virtual Room,Virtual Room,PLAN 4,e0ddb77a-b858-491f-87de-f6d3f89ab5d1,d21ef391-7ee8-49fc-b2b5-06d13c36df63,0.0,0.3,OK
Saia S-Bus PLC,DUC78,DUC78.BATTERI.LA,DUC78.BATTERI *1B DUC78 Dåligt batteri i PLC,AlarmMinor,HVAC,Virtual Room,Virtual Room,PLAN 4,e3f14579-aa34-4d95-aea0-a39c2c5abcac,c21ca74b-21d8-4046-9cc1-966ec0dc6b63,0.0,0.3,OK
Saia S-Bus PLC,DUC78,DUC78.DIGUT.LA,DUC78.DIGUT *1B DUC78 Digital utgång i handläge,AlarmMinor,HVAC,Virtual Room,Virtual Room,PLAN 4,ef6b4cc9-66f2-45be-a33e-ad5340df07eb,e5327122-0721-4f5c-9623-88a03362b0ea,0.0,0.3,OK
Saia S-Bus PLC,DUC78,DUC78.KOMM.LA,DUC78.KOMM *1B Kommunikationslarm mot Master DUC,AlarmMinor,HVAC,Virtual Room,Virtual Room,PLAN 4,66b125fd-f428-4026-b093-b5e92aa46d75,e5563254-2d78-43b1-a4f3-e25d8f6e6cc7,0.0,0.3,OK
Saia S-Bus PLC,FA1,FA1.GP61.PV,FA1.GP61 Mätvärde tryckgivare fettavskiljare (kPa),Pressure,HVAC,Virtual Room,Virtual Room,PLAN 4,2939fab6-cea6-42ef-b95f-ca877ade9b1a,c58f3a60-589c-4d60-91b2-1af284cb206d,,,NOT_STARTED
Saia S-Bus PLC,FA1,FA1.GP61.TOM.LA,FA1.GP61.TOM *1B FA1-GP61 tömmning indikerad,AlarmMinor,HVAC,Virtual Room,Virtual Room,PLAN 4,7533b361-49e8-43ba-ad76-e86b77d7f31d,bc789b3e-b8f7-4659-a402-7dd645d4f2aa,,,NOT_STARTED
Saia S-Bus PLC,FA12,FA12.GT11.LA,FA12.GT11 *1B FA12-GT11 Givarfel,AlarmMinor,HVAC,Virtual Room,Virtual Room,PLAN 4,153a05aa-11ba-419e-b9dc-339e86c44647,e5955f0a-7f20-4e23-bc0d-ba4fe249b9d9,0.0,0.3,OK
Saia S-Bus PLC,FA12,FA12.GT11.PV,FA12.GT11 Temperaturgivare,Temperature,HVAC,Virtual Room,Virtual Room,PLAN 4,90e3a0e5-bb18-44ad-9fb0-0e2620aea4aa,e5955f0a-7f20-4e23-bc0d-ba4fe249b9d9,26.1,0.3,OK
Saia S-Bus PLC,FA12,FA12.GT12.LA,FA12.GT12 *1B FA12-GT12 Givarfel,AlarmMinor,HVAC,Virtual Room,Virtual Room,PLAN 4,8e88b011-05d5-46d3-a387-51773e1046de,f19ff78a-2cff-4433-8b4f-d6cac3494c75,0.0,0.3,OK
Saia S-Bus PLC,FA12,FA12.GT12.PV,FA12.GT12 Temperaturgivare,Temperature,HVAC,Virtual Room,Virtual Room,PLAN 4,53f3a17d-cc3b-4953-8686-77dbc09034d8,f19ff78a-2cff-4433-8b4f-d6cac3494c75,37.5,0.3,OK
Saia S-Bus PLC,FA12,FA12.HAD,FA12 Handstyrning aktiv digital,State,HVAC,Virtual Room,Virtual Room,PLAN 4,1a716d3d-758b-418b-8795-ed3fa6ee2369,ceb94412-da0c-4709-8d0d-662948686be9,0.0,0.3,OK
Saia S-Bus PLC,FA12,FA12.KK1.DI,FA12.KK1 Driftindikering,State,HVAC,Virtual Room,Virtual Room,PLAN 4,d5fc03e9-2454-4326-9151-e662a719415d,b2e26be1-8df2-4dba-889d-e894d9d50195,1.0,0.3,OK
Saia S-Bus PLC,FA12,FA12.KK1.HP.BV,FA12.KK1.HP Börvärde (Bar),CapabilityTypeSetpoint,HVAC,Virtual Room,Virtual Room,PLAN 4,76994f8e-3b24-490d-9891-bc26a2bdcecc,514c71c7-b300-4e6e-8e75-40b4f32d95fa,15.0,0.3,OK
Saia S-Bus PLC,FA12,FA12.KK1.HP.BV.LA,FA12.KK1.HP.BV *1B FA12-KK1-HP Börvärdesavvikelse,AlarmMinor,HVAC,Virtual Room,Virtual Room,PLAN 4,f35779d6-4b3a-4df5-a8b9-cf612977c7be,efa3cba9-577f-4f97-ad63-bd418c9dcb54,0.0,0.3,OK
Saia S-Bus PLC,FA12,FA12.KK1.HP.BV.RPM,FA12.KK1.HP.BV *0 Pi-regulator,CapabilityTypeParameter,HVAC,Virtual Room,Virtual Room,PLAN 4,d9762f55-74ac-42e1-a7c2-cb099bfa0894,efa3cba9-577f-4f97-ad63-bd418c9dcb54,0.0,0.3,OK
Saia S-Bus PLC,FA12,FA12.KK1.HP.BV.TI,FA12.KK1.HP.BV I-tiden (sek),State,HVAC,Virtual Room,Virtual Room,PLAN 4,54952bd3-5866-46b0-b28a-7e066618a6ce,efa3cba9-577f-4f97-ad63-bd418c9dcb54,20.0,0.4,OK
Saia S-Bus PLC,FA12,FA12.KK1.HP.PV,FA12.KK1.HP Högtryckspressostat (Bar),Pressure,HVAC,Virtual Room,Virtual Room,PLAN 4,58de7747-99d9-478d-9071-51c041b9eea2,514c71c7-b300-4e6e-8e75-40b4f32d95fa,14.8,0.4,OK
Saia S-Bus PLC,FA12,FA12.KK1.NODK.DI,FA12.KK1.NODK *0 Larm,State,HVAC,Virtual Room,Virtual Room,PLAN 4,c1f8a984-9a7f-41c8-a1ac-5ea845f67c0d,d6e38fde-edd6-4cf4-8c4a-23987abb8a35,0.0,0.3,OK
Saia S-Bus PLC,FA12,FA12.KK1.NODK.LA,FA12.KK1.NODK *1B FA12-KK1 Nödkyla aktiv,AlarmMinor,HVAC,Virtual Room,Virtual Room,PLAN 4,c816f63b-6605-4371-b246-9c2ec7d1721c,d6e38fde-edd6-4cf4-8c4a-23987abb8a35,0.0,0.3,OK
Saia S-Bus PLC,FA12,FA12.KK1.SLA,FA12.KK1 *1B FA12-KK1 Summalarm,AlarmMajor,HVAC,Virtual Room,Virtual Room,PLAN 4,4feb8c54-a132-4f7a-aa55-fa072c853de1,b2e26be1-8df2-4dba-889d-e894d9d50195,0.0,0.3,OK
Saia S-Bus PLC,FA12,FA12.KK1.SLA.DI,FA12.KK1.SLA *0 Larm,State,HVAC,Virtual Room,Virtual Room,PLAN 4,bcc4259b-5064-422e-9991-857b52b1a708,f8491771-4e7b-4eac-85b8-77b91bdc2e85,0.0,0.3,OK
Saia S-Bus PLC,FA12,FA12.P30.DI,FA12.P30 Driftindikering,State,HVAC,Virtual Room,Virtual Room,PLAN 4,0cd0c5cf-8189-479a-b68d-612af20ce5a2,23ea395b-d36f-42f2-a315-4645b5a03ed9,1.0,0.3,OK
Saia S-Bus PLC,FA12,FA12.P30.HAA,FA12.P30 Handstyrning aktiv analog,State,HVAC,Virtual Room,Virtual Room,PLAN 4,1e9ca5ab-a3f5-40da-a56d-37c8ff5253e6,23ea395b-d36f-42f2-a315-4645b5a03ed9,0.0,0.3,OK
Saia S-Bus PLC,FA12,FA12.P30.HAD,FA12.P30 Handstyrning aktiv digital,State,HVAC,Virtual Room,Virtual Room,PLAN 4,df2af04a-6a1b-4766-ba3a-572ef41fecae,23ea395b-d36f-42f2-a315-4645b5a03ed9,0.0,0.3,OK
Saia S-Bus PLC,FA12,FA12.P30.LA,FA12.P30 *1B FA12-P30 Driftfel,AlarmMinor,HVAC,Virtual Room,Virtual Room,PLAN 4,bcbab102-40f1-4da2-8a12-380255857dbe,23ea395b-d36f-42f2-a315-4645b5a03ed9,0.0,0.3,OK
Saia S-Bus PLC,FA12,FA12.P30.SA,FA12.P30 Styrsignal frekvensomriktare,ValvePosition,HVAC,Virtual Room,Virtual Room,PLAN 4,cab90ac1-9a82-4f20-a079-bc7d0b6d3083,23ea395b-d36f-42f2-a315-4645b5a03ed9,59.6,0.4,OK
Saia S-Bus PLC,FA12,FA12.P30.SD,FA12.P30 Digital styrsignal,State,HVAC,Virtual Room,Virtual Room,PLAN 4,69e1c010-4041-4787-83ca-3d3f8e40834e,23ea395b-d36f-42f2-a315-4645b5a03ed9,1.0,0.3,OK
Saia S-Bus PLC,FA12,FA12.P30.SLA,FA12.P30 *1B FA12-P30 Summalarm,AlarmMajor,HVAC,Virtual Room,Virtual Room,PLAN 4,599c5e26-4c5e-42ef-89d6-03934aa41268,23ea395b-d36f-42f2-a315-4645b5a03ed9,0.0,0.3,OK
Saia S-Bus PLC,FA12,FA12.P30.VT,FA12.P30 *104 Driftstatus,State,HVAC,Virtual Room,Virtual Room,PLAN 4,884eeb40-143c-46c1-b2ca-689b95c86128,23ea395b-d36f-42f2-a315-4645b5a03ed9,0.1,0.4,OK
Saia S-Bus PLC,FA12,FA12.SD,FA12 Digital styrsignal,State,HVAC,Virtual Room,Virtual Room,PLAN 4,b5bf0058-148f-4cb5-9bec-16a2114242ee,ceb94412-da0c-4709-8d0d-662948686be9,1.0,0.3,OK
Saia S-Bus PLC,FA2,FA2.GP61.PV,FA2.GP61 Mätvärde tryckgivare fettavskiljare (kPa),Pressure,HVAC,Virtual Room,Virtual Room,PLAN 4,82e02f7d-8c98-4d6a-bd71-8077b2318a90,c59c421d-25ed-44fa-9714-195ed423d375,,,NOT_STARTED
Saia S-Bus PLC,FA2,FA2.GP61.TOM.LA,FA2.GP61.TOM *1B FA2-GP61 tömmning indikerad,AlarmMinor,HVAC,Virtual Room,Virtual Room,PLAN 4,736cc594-522b-44b0-9a40-e988a70573c7,3d073e8e-727c-429b-ab6d-027d3f98e9ae,,,NOT_STARTED
Saia S-Bus PLC,FLK1,FLK1.DI,FLK1 Driftindikering,State,HVAC,Virtual Room,Virtual Room,PLAN 4,82fccf91-cf4b-4ff4-82ff-00b6dc1fd223,c0f02895-6347-4ba7-b192-9d4dcc59e803,1.0,0.3,OK
Saia S-Bus PLC,FLK1,FLK1.GT50.LA,FLK1.GT50 *1B FLK1-GT50 Givarfel,AlarmMinor,HVAC,Virtual Room,Virtual Room,PLAN 4,50a7a886-739c-43f0-9618-bfe55cee94db,f2dec23d-4a11-42e5-b4df-52fbcce9eefa,0.0,0.3,OK
Saia S-Bus PLC,FLK1,FLK1.GT50.PV,FLK1.GT50 Temperaturgivare,Temperature,HVAC,Virtual Room,Virtual Room,PLAN 4,210ffe33-077d-4e70-be79-ac3c2b18b4da,f2dec23d-4a11-42e5-b4df-52fbcce9eefa,20.5,0.3,OK
Saia S-Bus PLC,FLK1,FLK1.HAD,FLK1 Handstyrning aktiv digital,State,HVAC,Virtual Room,Virtual Room,PLAN 4,ad9d553d-3e85-49fb-bc2b-76877c6d8606,c0f02895-6347-4ba7-b192-9d4dcc59e803,0.0,0.3,OK
Saia S-Bus PLC,FLK1,FLK1.LA,FLK1 *1B FLK1 Driftfel,AlarmMinor,HVAC,Virtual Room,Virtual Room,PLAN 4,840bcf1f-4481-4204-80df-a031a343dc7c,c0f02895-6347-4ba7-b192-9d4dcc59e803,0.0,0.3,OK
Saia S-Bus PLC,FLK1,FLK1.SD,FLK1 Styrsignal FLK,State,HVAC,Virtual Room,Virtual Room,PLAN 4,5ab34242-e8ca-4818-8463-d49cb5147a52,c0f02895-6347-4ba7-b192-9d4dcc59e803,1.0,0.3,OK
Saia S-Bus PLC,FLK1,FLK1.SV30.HAA,FLK1.SV30 Handstyrning aktiv analog,State,HVAC,Virtual Room,Virtual Room,PLAN 4,e53cb86c-3b09-4c02-b20d-f69c50b23644,1a212739-dec9-4dba-aa55-726d7016c5bf,0.0,0.4,OK
Saia S-Bus PLC,FLK1,FLK1.SV30.SA,FLK1.SV30 Styrsignal ventilställdon,ValvePosition,HVAC,Virtual Room,Virtual Room,PLAN 4,5bdb6a6b-81a3-434f-94c5-8d0d90da12c3,1a212739-dec9-4dba-aa55-726d7016c5bf,100.0,0.3,OK
Saia S-Bus PLC,FLK1,FLK1.VT,FLK1 *104 Driftstatus,State,HVAC,Virtual Room,Virtual Room,PLAN 4,26f0777a-03a4-4f31-92f6-6bde4a26dc26,c0f02895-6347-4ba7-b192-9d4dcc59e803,0.1,0.3,OK
Saia S-Bus PLC,HA19,HA19.AS12.WD.DI,HA19.AS12.WD Watchdog från Scada skrivs hög var 60 sekund,State,HVAC,Virtual Room,Virtual Room,PLAN 4,cc86d9bb-dda9-4c4f-9b2a-8831a0f30960,23a9d63b-87f3-4efd-8afd-b51cc147edea,0.0,0.4,OK
Saia S-Bus PLC,HA19,HA19.AS2.WD.DI,HA19.AS2.WD Watchdog från Scada skrivs hög var 60 sekund,State,HVAC,Virtual Room,Virtual Room,PLAN 4,2b750c91-5f34-4259-b962-8d62820c5ce2,ba6ee354-ce64-4e90-b75e-7ab7bc75db65,,,NOT_STARTED
Saia S-Bus PLC,HA19,HA19.AS33.WD.DI,HA19.AS33.WD Watchdog från Scada skrivs hög var 60 sekund,State,HVAC,Virtual Room,Virtual Room,PLAN 4,0f2a562f-f0ed-4d70-9092-d48767945c5f,20f9f0e4-1f40-45b9-afc9-cffda3669b0b,0.0,0.3,OK
Saia S-Bus PLC,HA19,HA19.FF4.GP11.BV,HA19.FF4.GP11 Börvärde (Pa),CapabilityTypeSetpoint,ExtractAir,Virtual Room,Virtual Room,PLAN 4,055d3bb0-28d0-4846-9695-ce7f762faee8,202348b5-9949-411e-b7c1-edaddff5e6cb,255.0,0.3,OK
Saia S-Bus PLC,HA19,HA19.FF4.GP11.LA,HA19.FF4.GP11 Avvikelselarm,AlarmMinor,ExtractAir,Virtual Room,Virtual Room,PLAN 4,bdd70ebb-46f2-4a39-ac64-de6a53ba4e5b,202348b5-9949-411e-b7c1-edaddff5e6cb,0.0,0.3,OK
Saia S-Bus PLC,HA19,HA19.FF4.GQ71.HD1.L1.DI,HA19.FF4.GQ71.HD1.L1 *0 Di Röklarm,State,ExtractAir,Virtual Room,Virtual Room,PLAN 4,83e3d145-c7e0-456e-9d1d-52dddd9367e5,173a2a00-ed38-49f1-b9a6-3813806e24d9,0.0,0.3,OK
Saia S-Bus PLC,HA19,HA19.FF4.GQ71.HD1.L2.DI,HA19.FF4.GQ71.HD1.L2 *0 Di Servicelarm,State,ExtractAir,Virtual Room,Virtual Room,PLAN 4,04bee678-4693-4763-bc91-ef2b30ba40c0,29bb022f-e1ed-4fc4-9d1e-cad26bc31688,0.0,0.3,OK
Saia S-Bus PLC,HA19,HA19.LB104.GP40.BV1,HA19.LB104.GP40 Minbörvärde (Pa),CapabilityTypeSetpoint,HVAC,Virtual Room,Virtual Room,PLAN 4,f32c4177-ded8-4475-a76c-17393a9ea68d,c5d8c7ac-1df7-4b9b-9eac-4665349a0b05,110.0,0.4,OK
Saia S-Bus PLC,HA19,HA19.LB104.GP40.BV2,HA19.LB104.GP40 Maxbörvärde (Pa),CapabilityTypeSetpoint,HVAC,Virtual Room,Virtual Room,PLAN 4,f9f369a8-1420-4c53-8544-69d5865f6f1d,c5d8c7ac-1df7-4b9b-9eac-4665349a0b05,200.0,0.4,OK
Saia S-Bus PLC,HA19,HA19.LB104.GP60.BV1,HA19.LB104.GP60 Minbörvärde (Pa),CapabilityTypeSetpoint,HVAC,Virtual Room,Virtual Room,PLAN 4,bd8abe8b-bada-4ce9-aad2-ef1c326f1cdc,7c8f5d13-9d3b-4bf4-be17-02808bf9f1aa,110.0,0.4,OK
Saia S-Bus PLC,HA19,HA19.LB104.GP60.BV2,HA19.LB104.GP60 Maxbörvärde (Pa),CapabilityTypeSetpoint,HVAC,Virtual Room,Virtual Room,PLAN 4,b5b34078-e10a-4489-98ae-cafb7f23af22,7c8f5d13-9d3b-4bf4-be17-02808bf9f1aa,200.0,0.4,OK
Saia S-Bus PLC,HA19,HA19.LB104.GT40.BV1,HA19.LB104.GT40 Minbörvärde (C°),CapabilityTypeSetpoint,HVAC,Virtual Room,Virtual Room,PLAN 4,fa6606a9-ef3f-43ad-ac0b-9dc0f9f8e2d6,08ceabf6-2166-46d0-bccb-b998e10a1dda,14.0,0.4,OK
Saia S-Bus PLC,HA19,HA19.LB104.GT40.BV2,HA19.LB104.GT40 Maxbörvärde (C°),CapabilityTypeSetpoint,HVAC,Virtual Room,Virtual Room,PLAN 4,cf892252-94d2-4479-a73c-d399485c727f,08ceabf6-2166-46d0-bccb-b998e10a1dda,19.0,0.4,OK
Saia S-Bus PLC,HA19,HA19.LB104.NK.BV,HA19.LB104.NK Nattkyla -3 grader,Temperature,HVAC,Virtual Room,Virtual Room,PLAN 4,b98f700e-cf6b-457c-ac15-77f6cc1ad5dc,b7e5c9d6-67f1-4fcd-9155-3a1faa853eec,-3.0,0.4,OK
Saia S-Bus PLC,HA19,HA19.LB81.GP40.BV1,HA19.LB81.GP40 Minbörvärde (Pa),CapabilityTypeSetpoint,HVAC,Virtual Room,Virtual Room,PLAN 4,62b6f5c9-716b-4c37-82fa-b5f666194faf,c4af7717-4dca-42d5-8ce5-e9d26862e220,100.0,0.4,OK
Saia S-Bus PLC,HA19,HA19.LB81.GP40.BV2,HA19.LB81.GP40 Maxbörvärde (Pa),CapabilityTypeSetpoint,HVAC,Virtual Room,Virtual Room,PLAN 4,5ab9eae7-f87f-4db9-905b-932911df3448,c4af7717-4dca-42d5-8ce5-e9d26862e220,320.0,0.4,OK
Saia S-Bus PLC,HA19,HA19.LB81.GP60.BV1,HA19.LB81.GP60 Minbörvärde (Pa),CapabilityTypeSetpoint,HVAC,Virtual Room,Virtual Room,PLAN 4,5fb0f5f4-8531-4d6a-b37b-0a94c1fb3c5f,0ea575ec-527b-417d-8b3a-cc0f4afb9353,80.0,0.4,OK
Saia S-Bus PLC,HA19,HA19.LB81.GP60.BV2,HA19.LB81.GP60 Maxbörvärde (Pa),CapabilityTypeSetpoint,HVAC,Virtual Room,Virtual Room,PLAN 4,5801c37f-292d-42b1-93dd-feadbdb405a2,0ea575ec-527b-417d-8b3a-cc0f4afb9353,170.0,0.4,OK
Saia S-Bus PLC,HA19,HA19.LB81.GT40.BV1,HA19.LB81.GT40 Minbörvärde (C°),CapabilityTypeSetpoint,HVAC,Virtual Room,Virtual Room,PLAN 4,3ed37809-9a6e-41c1-ba5f-947567410b12,3c6ca276-2628-4844-8c81-a35d565165d3,14.0,0.4,OK
Saia S-Bus PLC,HA19,HA19.LB81.GT40.BV2,HA19.LB81.GT40 Maxbörvärde (C°),CapabilityTypeSetpoint,HVAC,Virtual Room,Virtual Room,PLAN 4,1e3963b7-81c7-409c-8475-32909205c284,3c6ca276-2628-4844-8c81-a35d565165d3,19.0,0.4,OK
Saia S-Bus PLC,HA19,HA19.LB81.NK.BV,HA19.LB81.NK Nattkyla -3 grader,Temperature,HVAC,Virtual Room,Virtual Room,PLAN 4,dc904949-a895-4a92-aabb-bd09f77ca633,87601ab5-2f59-400e-8daa-bb6ef5eced9f,-3.0,0.4,OK
Saia S-Bus PLC,HA19,HA19.LB82.GP40.BV1,HA19.LB82.GP40 Minbörvärde (Pa),CapabilityTypeSetpoint,HVAC,Virtual Room,Virtual Room,PLAN 4,3aad273d-beb0-4a0c-a3d1-6e51b59672f9,ac5060e2-1d93-4021-aea2-cdb5b85e4334,80.0,0.4,OK
Saia S-Bus PLC,HA19,HA19.LB82.GP40.BV2,HA19.LB82.GP40 Maxbörvärde (Pa),CapabilityTypeSetpoint,HVAC,Virtual Room,Virtual Room,PLAN 4,6390d37c-ce88-4a3c-9ac4-591451e16b11,ac5060e2-1d93-4021-aea2-cdb5b85e4334,120.0,0.4,OK
Saia S-Bus PLC,HA19,HA19.LB82.GP60.BV1,HA19.LB82.GP60 Minbörvärde (Pa),CapabilityTypeSetpoint,HVAC,Virtual Room,Virtual Room,PLAN 4,d93e5461-2723-463f-9635-a9dc32f1e08a,34c6e454-a08e-4b3b-8f4f-35a044987e54,80.0,0.4,OK
Saia S-Bus PLC,HA19,HA19.LB82.GP60.BV2,HA19.LB82.GP60 Maxbörvärde (Pa),CapabilityTypeSetpoint,HVAC,Virtual Room,Virtual Room,PLAN 4,3f23d2be-f8c1-4de0-a3c9-7eeff663536e,34c6e454-a08e-4b3b-8f4f-35a044987e54,300.0,0.4,OK
Saia S-Bus PLC,HA19,HA19.LB82.GT40.BV1,HA19.LB82.GT40 Minbörvärde (C°),CapabilityTypeSetpoint,HVAC,Virtual Room,Virtual Room,PLAN 4,9189da32-7a77-4300-ab68-f70d0e1af81d,74fe5eb0-a742-493c-8aff-3d654b1c5fc5,14.0,0.4,OK
Saia S-Bus PLC,HA19,HA19.LB82.GT40.BV2,HA19.LB82.GT40 Maxbörvärde (C°),CapabilityTypeSetpoint,HVAC,Virtual Room,Virtual Room,PLAN 4,7bc4f296-ade3-4b7b-b325-37ddebcde989,74fe5eb0-a742-493c-8aff-3d654b1c5fc5,19.0,0.4,OK
Saia S-Bus PLC,HA19,HA19.LB82.NK.BV,HA19.LB82.NK Nattkyla -3 grader,Temperature,HVAC,Virtual Room,Virtual Room,PLAN 4,175420be-6493-4d99-8731-263be822626e,cba3447b-44f4-4ed6-8b29-6c306395328c,-3.0,0.4,OK
Saia S-Bus PLC,HA19,HA19.LB83.GP40.BV1,HA19.LB83.GP40 Minbörvärde (Pa),CapabilityTypeSetpoint,HVAC,Virtual Room,Virtual Room,PLAN 4,3ab533ad-3e48-4058-9d14-ce38ef1df785,62de14f8-24d5-4ff3-9f32-c3eb57b6cb12,100.0,0.4,OK
Saia S-Bus PLC,HA19,HA19.LB83.GP40.BV2,HA19.LB83.GP40 Maxbörvärde (Pa),CapabilityTypeSetpoint,HVAC,Virtual Room,Virtual Room,PLAN 4,72203574-675a-4ffa-8130-fd5a7cf92217,62de14f8-24d5-4ff3-9f32-c3eb57b6cb12,250.0,0.4,OK
Saia S-Bus PLC,HA19,HA19.LB83.GP60.BV1,HA19.LB83.GP60 Minbörvärde (Pa),CapabilityTypeSetpoint,HVAC,Virtual Room,Virtual Room,PLAN 4,6b8489ab-917d-42cd-ace6-e7c87df07f76,50d81f8d-39a5-4605-a740-086f8a49636f,80.0,0.4,OK
Saia S-Bus PLC,HA19,HA19.LB83.GP60.BV2,HA19.LB83.GP60 Maxbörvärde (Pa),CapabilityTypeSetpoint,HVAC,Virtual Room,Virtual Room,PLAN 4,7f834565-ddd5-4c3c-9af7-e566160106a3,50d81f8d-39a5-4605-a740-086f8a49636f,80.0,0.4,OK
Saia S-Bus PLC,HA19,HA19.LB83.GT40.BV1,HA19.LB83.GT40 Minbörvärde (C°),CapabilityTypeSetpoint,HVAC,Virtual Room,Virtual Room,PLAN 4,59c0300a-e055-4b23-9e7d-3606019bd25b,981e9b74-aac4-4081-9f43-5c3044b41749,14.0,0.4,OK
Saia S-Bus PLC,HA19,HA19.LB83.GT40.BV2,HA19.LB83.GT40 Maxbörvärde (C°),CapabilityTypeSetpoint,HVAC,Virtual Room,Virtual Room,PLAN 4,0308029b-0016-4619-becb-9548bc233090,981e9b74-aac4-4081-9f43-5c3044b41749,19.0,0.4,OK
Saia S-Bus PLC,HA19,HA19.LB83.NK.BV,HA19.LB83.NK Nattkyla -3 grader,Temperature,HVAC,Virtual Room,Virtual Room,PLAN 4,65ef3d61-b9fa-4b2f-9e09-c1d7becaeb56,5df81922-33fd-4189-b310-3612e408cc21,-3.0,0.4,OK
Saia S-Bus PLC,HA19,HA19.LB91.GP40.BV1,HA19.LB91.GP40 Minbörvärde (Pa),CapabilityTypeSetpoint,HVAC,Virtual Room,Virtual Room,PLAN 4,8a7eaa1e-46ed-4b3d-be87-a19953daaa0c,fd10a4e9-54b0-4acb-b040-ab8d99ad63b8,110.0,0.4,OK
Saia S-Bus PLC,HA19,HA19.LB91.GP40.BV2,HA19.LB91.GP40 Maxbörvärde (Pa),CapabilityTypeSetpoint,HVAC,Virtual Room,Virtual Room,PLAN 4,e5e4fc56-b5cc-476b-9a03-3e14cb2832f3,fd10a4e9-54b0-4acb-b040-ab8d99ad63b8,220.0,0.4,OK
Saia S-Bus PLC,HA19,HA19.LB91.GP60.BV1,HA19.LB91.GP60 Minbörvärde (Pa),CapabilityTypeSetpoint,HVAC,Virtual Room,Virtual Room,PLAN 4,db8ef27f-49f2-4983-96e1-21b08f1bf445,60c2f4b1-d272-4097-8e00-d49a130e63f6,110.0,0.4,OK
Saia S-Bus PLC,HA19,HA19.LB91.GP60.BV2,HA19.LB91.GP60 Maxbörvärde (Pa),CapabilityTypeSetpoint,HVAC,Virtual Room,Virtual Room,PLAN 4,00cf4a9d-b5b0-40c0-9755-2804d2d273da,60c2f4b1-d272-4097-8e00-d49a130e63f6,300.0,0.4,OK
Saia S-Bus PLC,HA19,HA19.LB91.GT40.BV1,HA19.LB91.GT40 Minbörvärde (C°),CapabilityTypeSetpoint,HVAC,Virtual Room,Virtual Room,PLAN 4,628d02d1-2ae4-439f-82a2-300dc82565b1,deaa2548-466c-42ce-a27e-93fc582e9927,14.0,0.4,OK
Saia S-Bus PLC,HA19,HA19.LB91.GT40.BV2,HA19.LB91.GT40 Maxbörvärde (C°),CapabilityTypeSetpoint,HVAC,Virtual Room,Virtual Room,PLAN 4,c3d15e32-cb2e-452c-a575-144f45eb483d,deaa2548-466c-42ce-a27e-93fc582e9927,19.0,0.4,OK
Saia S-Bus PLC,HA19,HA19.LB91.NK.BV,HA19.LB91.NK Nattkyla -3 grader,Temperature,HVAC,Virtual Room,Virtual Room,PLAN 4,194587cd-cc21-4d84-af16-0e16acb1738d,f91d9db5-ce41-42e9-8b9f-b722cf04095d,-3.0,0.4,OK
Saia S-Bus PLC,HISS1,HISS1.BRAND.HAD,HISS1.BRAND Utgång i handläge,State,HVAC,Virtual Room,Virtual Room,PLAN 4,603a6aa7-c231-4f4b-9dda-2b9d70285a29,23df46de-e076-4c2a-bb95-dabd87d545c7,0.0,0.3,OK
Saia S-Bus PLC,HISS1,HISS1.BRAND.SD,HISS1.BRAND Styrsignal hiss (gå till förvalt plan),CapabilityTypeAlarm,,Virtual Room,Virtual Room,PLAN 4,d579f8b8-d3b8-48f8-b28d-78d2d8e515c8,23df46de-e076-4c2a-bb95-dabd87d545c7,0.0,0.3,OK
Saia S-Bus PLC,HISS1,HISS1.Counter.PV,HISS1.Counter *0 Counter som talar om vilken i ordningen hissen ligger för res.kraftkörning,State,HVAC,Virtual Room,Virtual Room,PLAN 4,467da312-2c22-468d-a30d-55375731f314,6992f469-2348-4778-9d03-0eef6d178e20,550852.6,0.3,OK
Saia S-Bus PLC,HISS1,HISS1.DI,HISS1 Hiss är i drift,State,HVAC,Virtual Room,Virtual Room,PLAN 4,c8760a31-6bb6-4ed9-b415-32b0f6acccdf,7e64bc9b-681d-49ca-a18b-a1e1c14a1c85,0.0,0.3,OK
Saia S-Bus PLC,HISS1,HISS1.LA,HISS1 *1A Hiss1 Ej på Förvalt plan,AlarmMinor,HVAC,Virtual Room,Virtual Room,PLAN 4,b5aa8fc7-7bc1-4ab8-98b0-8a2260f29a62,7e64bc9b-681d-49ca-a18b-a1e1c14a1c85,0.0,0.3,OK
Saia S-Bus PLC,HISS1,HISS1.PLAN.DI,HISS1.PLAN Hiss är på förvalt plan,State,HVAC,Virtual Room,Virtual Room,PLAN 4,23c24c92-bf63-43bc-b5fd-04eff2296b1c,d49e4486-3c78-4edc-b2e3-a24deeda954b,1.0,0.3,OK
Saia S-Bus PLC,HISS1,HISS1.RK.HAD,HISS1.RK Utgång i handläge,State,HVAC,Virtual Room,Virtual Room,PLAN 4,39ada4d3-c431-43e6-bae9-cf4dccd69310,08547167-2841-4c54-a05a-8c3561c4cb66,0.0,0.3,OK
Saia S-Bus PLC,HISS1,HISS1.RK.SD,HISS1.RK Styrsignal hiss Reservkraft,CapabilityTypeAlarm,,Virtual Room,Virtual Room,PLAN 4,3db7b8ec-c4d4-40ab-925d-f8a6802a7a80,08547167-2841-4c54-a05a-8c3561c4cb66,0.0,0.3,OK
Saia S-Bus PLC,HISS10,HISS10.BRAND.HAD,HISS10.BRAND Utgång i handläge,State,HVAC,Virtual Room,Virtual Room,PLAN 4,50386d36-1f7b-4bdb-a3ae-673c85372bd2,2961adb1-4f19-419a-bf37-b3f8145c21a4,0.0,0.3,OK
Saia S-Bus PLC,HISS10,HISS10.BRAND.SD,HISS10.BRAND Styrsignal hiss (gå till förvalt plan),CapabilityTypeAlarm,,Virtual Room,Virtual Room,PLAN 4,e1017c24-fd3f-4460-93ae-6b62c3f45494,2961adb1-4f19-419a-bf37-b3f8145c21a4,0.0,0.3,OK
Saia S-Bus PLC,HISS10,HISS10.Counter.PV,HISS10.Counter *0 Counter som talar om vilken i ordningen hissen ligger för res.kraftkörning,State,HVAC,Virtual Room,Virtual Room,PLAN 4,21631297-ec93-447a-b282-763214b56d3f,06222a22-5bbd-4505-a893-7fee9637da07,0.7,0.3,OK
Saia S-Bus PLC,HISS10,HISS10.DI,HISS10 Hiss är i drift,State,HVAC,Virtual Room,Virtual Room,PLAN 4,a5dc6047-7d70-42be-8943-f5058ff99889,495eff07-f5ea-4746-9d0a-6af3eaa4a7f3,0.0,0.5,OK
Saia S-Bus PLC,HISS10,HISS10.LA,HISS10 *1A Hiss10 Ej på Förvalt plan,AlarmMinor,HVAC,Virtual Room,Virtual Room,PLAN 4,02b22f7c-2f70-4c2f-94b1-56e97760f07a,495eff07-f5ea-4746-9d0a-6af3eaa4a7f3,0.0,0.5,OK
Saia S-Bus PLC,HISS10,HISS10.PLAN.DI,HISS10.PLAN Hiss är på förvalt plan,State,HVAC,Virtual Room,Virtual Room,PLAN 4,b4efcc6c-af36-4f8d-803e-873ed82f6e39,a2fb79c1-efd5-438b-bf09-fb8751b101ea,0.0,0.5,OK
Saia S-Bus PLC,HISS10,HISS10.RK.HAD,HISS10.RK Utgång i handläge,State,HVAC,Virtual Room,Virtual Room,PLAN 4,830702cd-be58-4998-8b92-6a7b5075fbf6,bc8a5aea-068c-4b60-9f7a-2bc1fcd470db,0.0,0.3,OK
Saia S-Bus PLC,HISS10,HISS10.RK.SD,HISS10.RK Styrsignal hiss Reservkraft,CapabilityTypeAlarm,,Virtual Room,Virtual Room,PLAN 4,67004e48-d60c-40bd-a0ef-cba1a7c5b72b,bc8a5aea-068c-4b60-9f7a-2bc1fcd470db,0.0,0.3,OK
Saia S-Bus PLC,HISS11,HISS11.BRAND.HAD,HISS11.BRAND Utgång i handläge,State,HVAC,Virtual Room,Virtual Room,PLAN 4,9cda4f1c-deb1-4a04-abbc-6bfdf1cefa9b,266fc701-9be8-459c-b025-f07e2d8383bf,0.0,0.3,OK
Saia S-Bus PLC,HISS11,HISS11.BRAND.SD,HISS11.BRAND Styrsignal hiss (gå till förvalt plan),CapabilityTypeAlarm,,Virtual Room,Virtual Room,PLAN 4,3703aa89-c0d5-4ecd-8caa-7b5ffa0763c7,266fc701-9be8-459c-b025-f07e2d8383bf,0.0,0.3,OK
Saia S-Bus PLC,HISS11,HISS11.Counter.PV,HISS11.Counter *0 Counter som talar om vilken i ordningen hissen ligger för res.kraftkörning,State,HVAC,Virtual Room,Virtual Room,PLAN 4,56f150e1-2771-4f05-bc13-422dd1d131fd,1f359786-50c5-4a26-82e0-bb4ef9fce22f,290.5,0.3,OK
Saia S-Bus PLC,HISS11,HISS11.DI,HISS11 Hiss är i drift,State,HVAC,Virtual Room,Virtual Room,PLAN 4,24a1230a-e158-4839-be4d-0338f8a4a1a0,69d571bf-5fbe-467b-ad47-8900a21a6da2,0.0,0.3,OK
Saia S-Bus PLC,HISS11,HISS11.LA,HISS11 *1A Hiss11 Ej på Förvalt plan,AlarmMinor,HVAC,Virtual Room,Virtual Room,PLAN 4,90b18434-014f-4cbd-83ca-327f50762489,69d571bf-5fbe-467b-ad47-8900a21a6da2,0.0,0.3,OK
Saia S-Bus PLC,HISS11,HISS11.PLAN.DI,HISS11.PLAN Hiss är på förvalt plan,State,HVAC,Virtual Room,Virtual Room,PLAN 4,f6cb8dcb-ec6f-4dbd-bf21-a61c8a193b8d,688bb56e-7e2c-403f-bac9-badd6ecc70d6,0.0,0.3,OK
Saia S-Bus PLC,HISS11,HISS11.RK.HAD,HISS11.RK Utgång i handläge,State,HVAC,Virtual Room,Virtual Room,PLAN 4,c84622e6-f465-4fe8-96a4-8c7f9549246a,95ddadba-ba93-48a4-9b0c-c21abe612772,0.0,0.3,OK
Saia S-Bus PLC,HISS11,HISS11.RK.SD,HISS11.RK Styrsignal hiss Reservkraft,CapabilityTypeAlarm,,Virtual Room,Virtual Room,PLAN 4,a890bfdc-df4d-4a05-86b5-8bed3df42def,95ddadba-ba93-48a4-9b0c-c21abe612772,0.0,0.3,OK
Saia S-Bus PLC,HISS13,HISS13.BRAND.HAD,HISS13.BRAND Utgång i handläge,State,HVAC,Virtual Room,Virtual Room,PLAN 4,8f51b894-a76d-4daf-9a34-ec487bac8dff,ccbee9cf-9a63-4a6d-b38d-c292695f71fe,0.0,0.3,OK
Saia S-Bus PLC,HISS13,HISS13.BRAND.SD,HISS13.BRAND Styrsignal hiss (gå till förvalt plan),CapabilityTypeAlarm,,Virtual Room,Virtual Room,PLAN 4,045d5cdb-3f5b-4fa6-a4d5-cf77f07172ff,ccbee9cf-9a63-4a6d-b38d-c292695f71fe,0.0,0.3,OK
Saia S-Bus PLC,HISS13,HISS13.Counter.PV,HISS13.Counter *0 Counter som talar om vilken i ordningen hissen ligger för res.kraftkörning,State,HVAC,Virtual Room,Virtual Room,PLAN 4,336250ec-d836-4f8d-a462-2f475d5d06ca,e3664e78-43e2-4b45-b956-5301dbfb2124,3198295.4,0.3,OK
Saia S-Bus PLC,HISS13,HISS13.DI,HISS13 Hiss är i drift,State,HVAC,Virtual Room,Virtual Room,PLAN 4,5475dea3-e9ee-4aa7-b56e-3ce43dd4813a,ede47258-8a2e-43c9-a23f-3698b02c6459,0.0,0.3,OK
Saia S-Bus PLC,HISS13,HISS13.LA,HISS13 *1A Hiss13 Ej på Förvalt plan,AlarmMinor,HVAC,Virtual Room,Virtual Room,PLAN 4,3fdc1138-f134-4055-99b2-8baa83d896be,ede47258-8a2e-43c9-a23f-3698b02c6459,0.0,0.5,OK
Saia S-Bus PLC,HISS13,HISS13.PLAN.DI,HISS13.PLAN Hiss är på förvalt plan,State,HVAC,Virtual Room,Virtual Room,PLAN 4,2fbae066-f05b-42d8-bbc0-74fd572304f0,ebad3b39-42a1-43c4-8157-4dcae852f126,0.0,0.5,OK
Saia S-Bus PLC,HISS13,HISS13.RK.HAD,HISS13.RK Utgång i handläge,State,HVAC,Virtual Room,Virtual Room,PLAN 4,088e7cca-035c-4d31-a6ff-d4cdc0c69203,0bf1ec82-b8c3-495b-bfdc-a6bb46f2f55e,0.0,0.3,OK
Saia S-Bus PLC,HISS13,HISS13.RK.SD,HISS13.RK Styrsignal hiss Reservkraft,CapabilityTypeAlarm,,Virtual Room,Virtual Room,PLAN 4,bcd6ee48-6c5e-424c-b314-a7390c0195c1,0bf1ec82-b8c3-495b-bfdc-a6bb46f2f55e,0.0,0.3,OK
Saia S-Bus PLC,HISS15,HISS15.BRAND.HAD,HISS15.BRAND Utgång i handläge,State,HVAC,Virtual Room,Virtual Room,PLAN 4,4c016ce6-f01f-45ca-be9d-39189093e8fb,a5e68f7e-8d7a-41b1-9233-c35032ba9e61,0.0,0.3,OK
Saia S-Bus PLC,HISS15,HISS15.BRAND.SD,HISS15.BRAND Styrsignal hiss (gå till förvalt plan),CapabilityTypeAlarm,,Virtual Room,Virtual Room,PLAN 4,ebdb1170-015f-42f4-9cc9-bc74f5111d15,a5e68f7e-8d7a-41b1-9233-c35032ba9e61,0.0,0.3,OK
Saia S-Bus PLC,HISS15,HISS15.Counter.PV,HISS15.Counter *0 Counter som talar om vilken i ordningen hissen ligger för res.kraftkörning,State,HVAC,Virtual Room,Virtual Room,PLAN 4,7b8d6c75-c1e0-4794-a60f-d6678b600221,2919f9b1-bdfe-43b1-a8e8-bd9b76fef655,0.5,0.3,OK
Saia S-Bus PLC,HISS15,HISS15.DI,HISS15 Hiss är i drift,State,HVAC,Virtual Room,Virtual Room,PLAN 4,55332808-7594-431f-ab17-e994ca8d2cc1,07f8886c-08b1-4f8b-bab6-0f9c0ac2fadf,0.0,0.3,OK
Saia S-Bus PLC,HISS15,HISS15.LA,HISS15 *1A Hiss15 Ej på Förvalt plan,AlarmMinor,HVAC,Virtual Room,Virtual Room,PLAN 4,153956e3-8186-486e-a8ac-5c4e7aa0ee8f,07f8886c-08b1-4f8b-bab6-0f9c0ac2fadf,0.0,0.3,OK
Saia S-Bus PLC,HISS15,HISS15.PLAN.DI,HISS15.PLAN Hiss är på förvalt plan,State,HVAC,Virtual Room,Virtual Room,PLAN 4,900fdacb-b0ed-4931-bfbe-11eb41a2f03c,2c34564f-2861-4e32-b4d4-84cce8e8766f,0.0,0.3,OK
Saia S-Bus PLC,HISS15,HISS15.RK.HAD,HISS15.RK Utgång i handläge,State,HVAC,Virtual Room,Virtual Room,PLAN 4,7ece30b8-d19c-484c-8fde-9041cdadec0a,707545fb-058f-4423-bab9-5c17f6e23fa4,0.0,0.3,OK
Saia S-Bus PLC,HISS15,HISS15.RK.SD,HISS15.RK Styrsignal hiss Reservkraft,CapabilityTypeAlarm,,Virtual Room,Virtual Room,PLAN 4,fbc00506-00f9-4c55-9870-7ab89c9c086a,707545fb-058f-4423-bab9-5c17f6e23fa4,0.0,0.3,OK
Saia S-Bus PLC,HISS16,HISS16.BRAND.HAD,HISS16.BRAND Utgång i handläge,State,HVAC,Virtual Room,Virtual Room,PLAN 4,afe3bb28-d0f8-448b-97a1-c8b5643ea17c,def45707-6386-410a-b4e7-ef96368631e3,0.0,0.5,OK
Saia S-Bus PLC,HISS16,HISS16.BRAND.SD,HISS16.BRAND Styrsignal hiss (gå till förvalt plan),CapabilityTypeAlarm,,Virtual Room,Virtual Room,PLAN 4,d36bc996-ed83-4545-9e1e-247f1a9ac567,def45707-6386-410a-b4e7-ef96368631e3,0.0,0.3,OK
Saia S-Bus PLC,HISS16,HISS16.Counter.PV,HISS16.Counter *0 Counter som talar om vilken i ordningen hissen ligger för res.kraftkörning,State,HVAC,Virtual Room,Virtual Room,PLAN 4,7d6daf64-7dc7-43de-8d48-dbb622c488fc,666fcb5a-ed98-401d-9a32-890ecd992792,0.8,0.3,OK
Saia S-Bus PLC,HISS16,HISS16.DI,HISS16 Hiss är i drift,State,HVAC,Virtual Room,Virtual Room,PLAN 4,92a1b0d5-80e6-4e29-b2df-59321b3be86b,bb9116f2-4fda-4d67-8216-70fb9e2eac91,0.0,0.3,OK
Saia S-Bus PLC,HISS16,HISS16.LA,HISS16 *1A Hiss16 Ej på Förvalt plan,AlarmMinor,HVAC,Virtual Room,Virtual Room,PLAN 4,244a9938-503a-4f37-aeba-59d1b9dc7b24,bb9116f2-4fda-4d67-8216-70fb9e2eac91,0.0,0.3,OK
Saia S-Bus PLC,HISS16,HISS16.PLAN.DI,HISS16.PLAN Hiss är på förvalt plan,State,HVAC,Virtual Room,Virtual Room,PLAN 4,11970132-6f3e-4153-bc98-45fadb580e50,c19dc720-8af6-4980-82a1-c2f683cd5b30,0.0,0.3,OK
Saia S-Bus PLC,HISS16,HISS16.RK.HAD,HISS16.RK Utgång i handläge,State,HVAC,Virtual Room,Virtual Room,PLAN 4,1e02f5be-ff14-4435-83a4-5fe06c21d140,d7c21785-b133-49a7-b4e1-030e35cacdfd,0.0,0.3,OK
Saia S-Bus PLC,HISS16,HISS16.RK.SD,HISS16.RK Styrsignal hiss Reservkraft,CapabilityTypeAlarm,,Virtual Room,Virtual Room,PLAN 4,e6f2b8f8-364b-4b1e-bb21-b9c102a06553,d7c21785-b133-49a7-b4e1-030e35cacdfd,0.0,0.3,OK
Saia S-Bus PLC,HISS17,HISS17.BRAND.HAD,HISS17.BRAND Utgång i handläge,State,HVAC,Virtual Room,Virtual Room,PLAN 4,cb8ec51e-4f15-4af2-bb9d-a868a3ca7559,72d89ece-addc-466c-85c4-abae8fd98568,0.0,0.3,OK
Saia S-Bus PLC,HISS17,HISS17.BRAND.SD,HISS17.BRAND Styrsignal hiss (gå till förvalt plan),CapabilityTypeAlarm,,Virtual Room,Virtual Room,PLAN 4,9ea085e2-6294-4925-bbee-932236c2cc80,72d89ece-addc-466c-85c4-abae8fd98568,0.0,0.3,OK
Saia S-Bus PLC,HISS17,HISS17.Counter.PV,HISS17.Counter *0 Counter som talar om vilken i ordningen hissen ligger för res.kraftkörning,State,HVAC,Virtual Room,Virtual Room,PLAN 4,8a66f707-9331-466e-927e-4ec5a3f2a34e,2a3dbe4f-86f3-48c2-9d83-6855e11a7ebd,4040979.3,0.3,OK
Saia S-Bus PLC,HISS17,HISS17.DI,HISS17 Hiss är i drift,State,HVAC,Virtual Room,Virtual Room,PLAN 4,4ef97bbf-f2eb-419c-94cf-12c88785f353,0f8e2de2-ff47-4732-829a-b75582a4fd66,0.0,0.3,OK
Saia S-Bus PLC,HISS17,HISS17.LA,HISS17 *1A Hiss17 Ej på Förvalt plan,AlarmMinor,HVAC,Virtual Room,Virtual Room,PLAN 4,81e00d2a-86e7-4312-834b-f136649501a8,0f8e2de2-ff47-4732-829a-b75582a4fd66,0.0,0.3,OK
Saia S-Bus PLC,HISS17,HISS17.PLAN.DI,HISS17.PLAN Hiss är på förvalt plan,State,HVAC,Virtual Room,Virtual Room,PLAN 4,54446f0a-d673-4e4e-a6f3-bbd9f53be6ac,69678c72-f15e-4b0a-9b1f-c53510a96b0c,1.0,0.3,OK
Saia S-Bus PLC,HISS17,HISS17.RK.HAD,HISS17.RK Utgång i handläge,State,HVAC,Virtual Room,Virtual Room,PLAN 4,2455eaca-0f5a-4c19-8e1d-de5642de831d,934da655-2fe9-4b61-937f-d71cff9efe02,0.0,0.3,OK
Saia S-Bus PLC,HISS17,HISS17.RK.SD,HISS17.RK Styrsignal hiss Reservkraft,CapabilityTypeAlarm,,Virtual Room,Virtual Room,PLAN 4,1e68cd88-8a14-4d0f-9a43-5fd58a9c415c,934da655-2fe9-4b61-937f-d71cff9efe02,0.0,0.3,OK
Saia S-Bus PLC,HISS18,HISS18.BRAND.HAD,HISS18.BRAND Utgång i handläge,State,HVAC,Virtual Room,Virtual Room,PLAN 4,0d8296f1-d86b-4202-b2c6-b956b7013379,d367f5fa-3978-4b5e-90a0-4802f94ccfe0,0.0,0.5,OK
Saia S-Bus PLC,HISS18,HISS18.BRAND.SD,HISS18.BRAND Styrsignal hiss (gå till förvalt plan),CapabilityTypeAlarm,,Virtual Room,Virtual Room,PLAN 4,6dbf9c64-ccca-4193-a5de-616dfa6b0eab,d367f5fa-3978-4b5e-90a0-4802f94ccfe0,0.0,0.3,OK
Saia S-Bus PLC,HISS18,HISS18.Counter.PV,HISS18.Counter *0 Counter som talar om vilken i ordningen hissen ligger för res.kraftkörning,State,HVAC,Virtual Room,Virtual Room,PLAN 4,8f1a4208-5a13-4123-8984-10c6ce7a2a7c,d276bfa7-e8bf-486f-9ae5-2d65322e3da2,4040979.6,0.3,OK
Saia S-Bus PLC,HISS18,HISS18.DI,HISS18 Hiss är i drift,State,HVAC,Virtual Room,Virtual Room,PLAN 4,955390f8-3aca-49f3-a4bd-d8f88c09fff1,b48ccd70-996b-4948-b85e-9e5734f7e5b5,0.0,0.3,OK
Saia S-Bus PLC,HISS18,HISS18.LA,HISS18 *1A Hiss18 Ej på Förvalt plan,AlarmMinor,HVAC,Virtual Room,Virtual Room,PLAN 4,91622441-94db-43c0-9e6b-287c809faefc,b48ccd70-996b-4948-b85e-9e5734f7e5b5,0.0,0.3,OK
Saia S-Bus PLC,HISS18,HISS18.PLAN.DI,HISS18.PLAN Hiss är på förvalt plan,State,HVAC,Virtual Room,Virtual Room,PLAN 4,fa7d29ca-ac8a-41a9-b35b-104701e298f6,8595beed-b663-43df-92fa-3e1dc2162eed,1.0,0.3,OK
Saia S-Bus PLC,HISS18,HISS18.RK.HAD,HISS18.RK Utgång i handläge,State,HVAC,Virtual Room,Virtual Room,PLAN 4,8a3fdc21-8cab-4a50-b914-b7db2b2bf5d2,8d22c3bc-513d-4c80-b971-bad2d3b1e020,0.0,0.3,OK
Saia S-Bus PLC,HISS18,HISS18.RK.SD,HISS18.RK Styrsignal hiss Reservkraft,CapabilityTypeAlarm,,Virtual Room,Virtual Room,PLAN 4,10052213-f379-4425-9542-c207985bfb5e,8d22c3bc-513d-4c80-b971-bad2d3b1e020,0.0,0.3,OK
Saia S-Bus PLC,HISS19,HISS19.BRAND.HAD,HISS19.BRAND Utgång i handläge,State,HVAC,Virtual Room,Virtual Room,PLAN 4,f9e4f915-9957-442b-bfaa-036fb54d9419,a17a24d2-12e7-4a8c-a1ce-aa27a1d67701,0.0,0.3,OK
Saia S-Bus PLC,HISS19,HISS19.BRAND.SD,HISS19.BRAND Styrsignal hiss (gå till förvalt plan),CapabilityTypeAlarm,,Virtual Room,Virtual Room,PLAN 4,a8c0ec16-7dfb-4655-a401-a2e01dae7734,a17a24d2-12e7-4a8c-a1ce-aa27a1d67701,0.0,0.3,OK
Saia S-Bus PLC,HISS19,HISS19.Counter.PV,HISS19.Counter *0 Counter som talar om vilken i ordningen hissen ligger för res.kraftkörning,State,HVAC,Virtual Room,Virtual Room,PLAN 4,b2b67a60-f660-485d-9d44-1918112c985e,0a384ba3-d724-42d4-aa33-f075fd6b8478,4040979.6,0.3,OK
Saia S-Bus PLC,HISS19,HISS19.DI,HISS19 Hiss är i drift,State,HVAC,Virtual Room,Virtual Room,PLAN 4,627ed0e7-12d7-4c5f-90db-f88aae5c71aa,3f1537d0-7b5c-4053-b21f-8379aaed7bdf,0.0,0.3,OK
Saia S-Bus PLC,HISS19,HISS19.LA,HISS19 *1A Hiss19 Ej på Förvalt plan,AlarmMinor,HVAC,Virtual Room,Virtual Room,PLAN 4,2082d068-f66b-44f8-82bc-2f7301ed9d27,3f1537d0-7b5c-4053-b21f-8379aaed7bdf,0.0,0.3,OK
Saia S-Bus PLC,HISS19,HISS19.PLAN.DI,HISS19.PLAN Hiss är på förvalt plan,State,HVAC,Virtual Room,Virtual Room,PLAN 4,ddf36bbe-47f1-4260-bc0a-36c10805558b,93bdb22d-b158-4e31-935e-5a79012be3b1,1.0,0.3,OK
Saia S-Bus PLC,HISS19,HISS19.RK.HAD,HISS19.RK Utgång i handläge,State,HVAC,Virtual Room,Virtual Room,PLAN 4,53766c56-d6fe-4e14-8e6d-34bcaf26e5e8,6aef6214-a6bc-43b2-bfaf-81b75cc48592,0.0,0.3,OK
Saia S-Bus PLC,HISS19,HISS19.RK.SD,HISS19.RK Styrsignal hiss Reservkraft,CapabilityTypeAlarm,,Virtual Room,Virtual Room,PLAN 4,f9b95854-e041-4287-9ef4-3b0901526c2c,6aef6214-a6bc-43b2-bfaf-81b75cc48592,0.0,0.3,OK
Saia S-Bus PLC,HISS2,HISS2.BRAND.HAD,HISS2.BRAND Utgång i handläge,State,HVAC,Virtual Room,Virtual Room,PLAN 4,aabf61ae-af5d-4fdb-a473-698d9d11ac2d,b628d6a0-5ade-4e05-a309-9d38d698a7a5,0.0,0.3,OK
Saia S-Bus PLC,HISS2,HISS2.BRAND.SD,HISS2.BRAND Styrsignal hiss (gå till förvalt plan),CapabilityTypeAlarm,,Virtual Room,Virtual Room,PLAN 4,d41f3c62-dc1a-46f5-b122-40dbea576144,b628d6a0-5ade-4e05-a309-9d38d698a7a5,0.0,0.3,OK
Saia S-Bus PLC,HISS2,HISS2.Counter.PV,HISS2.Counter *0 Counter som talar om vilken i ordningen hissen ligger för res.kraftkörning,State,HVAC,Virtual Room,Virtual Room,PLAN 4,0411be05-d40e-4deb-ae16-693942654d35,dacc6c21-7b88-47d4-848b-7df21e861eed,0.1,0.5,OK
Saia S-Bus PLC,HISS2,HISS2.DI,HISS2 Hiss är i drift,State,HVAC,Virtual Room,Virtual Room,PLAN 4,9fae4818-5c83-4664-967f-1cc9547c5d5e,cd3fc6f1-ebc9-4a13-827a-a6945eaa5e0c,1.0,0.5,OK
Saia S-Bus PLC,HISS2,HISS2.LA,HISS2 *1A Hiss2 Ej på Förvalt plan,AlarmMinor,HVAC,Virtual Room,Virtual Room,PLAN 4,5311b0ca-f6e9-43cf-bd10-5d41922718c3,cd3fc6f1-ebc9-4a13-827a-a6945eaa5e0c,0.0,0.3,OK
Saia S-Bus PLC,HISS2,HISS2.PLAN.DI,HISS2.PLAN Hiss är på förvalt plan,State,HVAC,Virtual Room,Virtual Room,PLAN 4,92082911-357f-4bb6-8fc1-71d31f71188f,4fba9c99-bf45-4250-8e37-bfd0eb3aea67,0.0,0.3,OK
Saia S-Bus PLC,HISS2,HISS2.RK.HAD,HISS2.RK Utgång i handläge,State,HVAC,Virtual Room,Virtual Room,PLAN 4,7785029b-bdce-432b-8697-335125fad1a6,c9e24e93-b15e-4a03-80d2-d8fe3bdd9122,0.0,0.3,OK
Saia S-Bus PLC,HISS2,HISS2.RK.SD,HISS2.RK Styrsignal hiss Reservkraft,CapabilityTypeAlarm,,Virtual Room,Virtual Room,PLAN 4,322413d3-b226-4edb-9e0a-7c95eea23c70,c9e24e93-b15e-4a03-80d2-d8fe3bdd9122,0.0,0.3,OK
Saia S-Bus PLC,HISS20,HISS20.BRAND.HAD,HISS20.BRAND Utgång i handläge,State,HVAC,Virtual Room,Virtual Room,PLAN 4,ac51012a-b1b6-4bb2-b691-6248484d256e,fe37e3ab-ac6a-4494-8c0a-885944a9e70d,0.0,0.3,OK
Saia S-Bus PLC,HISS20,HISS20.BRAND.SD,HISS20.BRAND Styrsignal hiss (gå till förvalt plan),CapabilityTypeAlarm,,Virtual Room,Virtual Room,PLAN 4,8eebdda2-90d2-4085-86ee-052eec02267a,fe37e3ab-ac6a-4494-8c0a-885944a9e70d,0.0,0.3,OK
Saia S-Bus PLC,HISS20,HISS20.Counter.PV,HISS20.Counter *0 Counter som talar om vilken i ordningen hissen ligger för res.kraftkörning,State,HVAC,Virtual Room,Virtual Room,PLAN 4,972d291e-06f5-4359-b636-255d88d57a5f,70da9695-47fe-4e0b-9c23-73d40e3e9868,101626.7,0.3,OK
Saia S-Bus PLC,HISS20,HISS20.DI,HISS20 Hiss är i drift,State,HVAC,Virtual Room,Virtual Room,PLAN 4,a9563ac6-6935-49f2-bf99-7a1d4eb01212,8cb440df-51dd-4e75-a676-1783d7603adf,0.0,0.3,OK
Saia S-Bus PLC,HISS20,HISS20.LA,HISS20 *1A Hiss20 Ej på Förvalt plan,AlarmMinor,HVAC,Virtual Room,Virtual Room,PLAN 4,c4c17f13-ed08-4594-9b7a-512dd8f5c75b,8cb440df-51dd-4e75-a676-1783d7603adf,0.0,0.3,OK
Saia S-Bus PLC,HISS20,HISS20.PLAN.DI,HISS20.PLAN Hiss är på förvalt plan,State,HVAC,Virtual Room,Virtual Room,PLAN 4,17dda73a-8c96-4e9d-879c-cb9cb8c6375a,91b91dfe-e10d-4c5b-a18c-8162ca402dd8,0.0,0.3,OK
Saia S-Bus PLC,HISS20,HISS20.RK.HAD,HISS20.RK Utgång i handläge,State,HVAC,Virtual Room,Virtual Room,PLAN 4,66e7c1bd-fb45-42f0-b5a1-e29042b5d22f,464b1951-f2db-4195-92a6-89c99c4ee972,0.0,0.3,OK
Saia S-Bus PLC,HISS20,HISS20.RK.SD,HISS20.RK Styrsignal hiss Reservkraft,CapabilityTypeAlarm,,Virtual Room,Virtual Room,PLAN 4,b273c225-cb93-4fd7-88f1-a7c76e76a96e,464b1951-f2db-4195-92a6-89c99c4ee972,0.0,0.3,OK
Saia S-Bus PLC,HISS21,HISS21.BRAND.HAD,HISS21.BRAND Utgång i handläge,State,HVAC,Virtual Room,Virtual Room,PLAN 4,98b5d86e-6f44-4637-aed2-25d400fb9699,68af01c4-c906-439a-8da3-da0905896cce,0.0,0.3,OK
Saia S-Bus PLC,HISS21,HISS21.BRAND.SD,HISS21.BRAND Styrsignal hiss (gå till förvalt plan),CapabilityTypeAlarm,,Virtual Room,Virtual Room,PLAN 4,fe7c7c95-5e01-42b2-8f43-050cdda73435,68af01c4-c906-439a-8da3-da0905896cce,0.0,0.3,OK
Saia S-Bus PLC,HISS21,HISS21.Counter.PV,HISS21.Counter *0 Counter som talar om vilken i ordningen hissen ligger för res.kraftkörning,State,HVAC,Virtual Room,Virtual Room,PLAN 4,32eb5291-cd48-4bc0-9f25-03f99ffb96ed,0f667c31-2ac7-414a-90b5-d15b93eb1ad1,93273.5,0.3,OK
Saia S-Bus PLC,HISS21,HISS21.DI,HISS21 Hiss är i drift,State,HVAC,Virtual Room,Virtual Room,PLAN 4,80fff5f5-42b7-4a8b-8d9a-54433ed40885,d21015e1-d89b-4a18-8012-016aa49b3a80,0.0,0.3,OK
Saia S-Bus PLC,HISS21,HISS21.LA,HISS21 *1A Hiss21 Ej på Förvalt plan,AlarmMinor,HVAC,Virtual Room,Virtual Room,PLAN 4,d0660597-80dc-4259-8975-073d5764a1b0,d21015e1-d89b-4a18-8012-016aa49b3a80,0.0,0.3,OK
Saia S-Bus PLC,HISS21,HISS21.PLAN.DI,HISS21.PLAN Hiss är på förvalt plan,State,HVAC,Virtual Room,Virtual Room,PLAN 4,4e004c13-fa77-43f4-b599-67e352968e02,223ac3ec-6017-4653-8e60-6fdb528105d4,0.0,0.3,OK
Saia S-Bus PLC,HISS21,HISS21.RK.HAD,HISS21.RK Utgång i handläge,State,HVAC,Virtual Room,Virtual Room,PLAN 4,491a1916-3140-4d25-98c6-ac6d15d56d3a,fd00caef-6aab-43a0-83c7-fd759f06f940,0.0,0.3,OK
Saia S-Bus PLC,HISS21,HISS21.RK.SD,HISS21.RK Styrsignal hiss Reservkraft,CapabilityTypeAlarm,,Virtual Room,Virtual Room,PLAN 4,4e53d2ce-8362-4125-a0a0-cd58d24314fa,fd00caef-6aab-43a0-83c7-fd759f06f940,0.0,0.3,OK
Saia S-Bus PLC,HISS22,HISS22.BRAND.HAD,HISS22.BRAND Utgång i handläge,State,HVAC,Virtual Room,Virtual Room,PLAN 4,f1980fe7-c3a7-4c91-9537-f2cdc52da32c,668852b7-b8fd-48b5-becf-f9946e4a9198,0.0,0.3,OK
Saia S-Bus PLC,HISS22,HISS22.BRAND.SD,HISS22.BRAND Styrsignal hiss (gå till förvalt plan),CapabilityTypeAlarm,,Virtual Room,Virtual Room,PLAN 4,9ee8db3a-6928-421e-b124-ceb8b7443c66,668852b7-b8fd-48b5-becf-f9946e4a9198,0.0,0.3,OK
Saia S-Bus PLC,HISS22,HISS22.Counter.PV,HISS22.Counter *0 Counter som talar om vilken i ordningen hissen ligger för res.kraftkörning,State,HVAC,Virtual Room,Virtual Room,PLAN 4,3c3a151b-77a3-4880-b41e-65c0ae0c5068,f8c8331e-7fa0-4adb-b9c8-dbc5fb9f5020,88131.4,0.3,OK
Saia S-Bus PLC,HISS22,HISS22.DI,HISS22 Hiss är i drift,State,HVAC,Virtual Room,Virtual Room,PLAN 4,034b08dd-114b-43fe-a48b-f9a04bc66f41,71560f2c-5cc6-4e25-9020-f4923573a265,0.0,0.3,OK
Saia S-Bus PLC,HISS22,HISS22.LA,HISS22 *1A Hiss22 Ej på Förvalt plan,AlarmMinor,HVAC,Virtual Room,Virtual Room,PLAN 4,cdc69484-7171-4037-bed4-1c30f6de9459,71560f2c-5cc6-4e25-9020-f4923573a265,0.0,0.3,OK
Saia S-Bus PLC,HISS22,HISS22.PLAN.DI,HISS22.PLAN Hiss är på förvalt plan,State,HVAC,Virtual Room,Virtual Room,PLAN 4,c70fb3a5-c3d6-41ca-b8e5-0bb17433c18f,6a498c79-cfe1-4384-85c4-9ebbeb533c0f,0.0,0.3,OK
Saia S-Bus PLC,HISS22,HISS22.RK.HAD,HISS22.RK Utgång i handläge,State,HVAC,Virtual Room,Virtual Room,PLAN 4,e7aefd9d-3cda-4ea0-a997-6d16211c5cba,5956f0f2-86e9-40d3-bd5c-e97d930b95d0,0.0,0.3,OK
Saia S-Bus PLC,HISS22,HISS22.RK.SD,HISS22.RK Styrsignal hiss Reservkraft,CapabilityTypeAlarm,,Virtual Room,Virtual Room,PLAN 4,7b623022-ad98-4f0a-b107-bb24211cb74d,5956f0f2-86e9-40d3-bd5c-e97d930b95d0,0.0,0.3,OK
Saia S-Bus PLC,HISS3,HISS3.BRAND.HAD,HISS3.BRAND Utgång i handläge,State,HVAC,Virtual Room,Virtual Room,PLAN 4,58db9b76-af69-443e-8f73-db284ae7bb97,0fef7513-9b32-4a7e-977c-df7412807347,0.0,0.3,OK
Saia S-Bus PLC,HISS3,HISS3.BRAND.SD,HISS3.BRAND Styrsignal hiss (gå till förvalt plan),CapabilityTypeAlarm,,Virtual Room,Virtual Room,PLAN 4,38d91088-8f72-4357-ad38-b2fbe465b81b,0fef7513-9b32-4a7e-977c-df7412807347,0.0,0.3,OK
Saia S-Bus PLC,HISS3,HISS3.Counter.PV,HISS3.Counter *0 Counter som talar om vilken i ordningen hissen ligger för res.kraftkörning,State,HVAC,Virtual Room,Virtual Room,PLAN 4,016cd78f-66e7-4f09-9705-32b86fabeaa7,bd6718ca-8f60-489a-baf6-c9ee296aea84,0.3,0.3,OK
Saia S-Bus PLC,HISS3,HISS3.DI,HISS3 Hiss är i drift,State,HVAC,Virtual Room,Virtual Room,PLAN 4,a73284f3-3e46-4123-b4a2-bb8e4cb34826,fc2a5500-7c57-4bd8-bafa-74ae18d3dff2,0.0,0.3,OK
Saia S-Bus PLC,HISS3,HISS3.LA,HISS3 *1A Hiss3 Ej på Förvalt plan,AlarmMinor,HVAC,Virtual Room,Virtual Room,PLAN 4,2415c75b-821b-4e0c-934c-52d3be3f3d3d,fc2a5500-7c57-4bd8-bafa-74ae18d3dff2,0.0,0.3,OK
Saia S-Bus PLC,HISS3,HISS3.PLAN.DI,HISS3.PLAN Hiss är på förvalt plan,State,HVAC,Virtual Room,Virtual Room,PLAN 4,9f46f921-efbc-4dda-8e39-b1e2bc7269bb,fca4ae67-3bd3-4e89-a24c-7cab8584851d,0.0,0.3,OK
Saia S-Bus PLC,HISS3,HISS3.RK.HAD,HISS3.RK Utgång i handläge,State,HVAC,Virtual Room,Virtual Room,PLAN 4,9135d424-b7c4-479a-8cb8-989301e648aa,19c21a3c-a4cb-4f2f-9e89-dfde6145858e,0.0,0.5,OK
Saia S-Bus PLC,HISS3,HISS3.RK.SD,HISS3.RK Styrsignal hiss Reservkraft,CapabilityTypeAlarm,,Virtual Room,Virtual Room,PLAN 4,ad143143-9845-4c00-9ebd-46812b1b0e30,19c21a3c-a4cb-4f2f-9e89-dfde6145858e,0.0,0.3,OK
Saia S-Bus PLC,HISS6,HISS6.BRAND.HAD,HISS6.BRAND Utgång i handläge,State,HVAC,Virtual Room,Virtual Room,PLAN 4,b0950b68-e766-4441-95d6-a1c6410fb9cc,6029c38e-65ea-4991-8536-371898d7da34,0.0,0.3,OK
Saia S-Bus PLC,HISS6,HISS6.BRAND.SD,HISS6.BRAND Styrsignal hiss (gå till förvalt plan),CapabilityTypeAlarm,,Virtual Room,Virtual Room,PLAN 4,9d2e298a-7a1a-491b-9a96-0653e8a995c1,6029c38e-65ea-4991-8536-371898d7da34,0.0,0.3,OK
Saia S-Bus PLC,HISS6,HISS6.Counter.PV,HISS6.Counter *0 Counter som talar om vilken i ordningen hissen ligger för res.kraftkörning,State,HVAC,Virtual Room,Virtual Room,PLAN 4,c1b20571-7519-4451-bc16-5a5ee6a51f49,9e3ffe33-ccdc-4b1a-b9f4-6aff004aac85,2002.3,0.3,OK
Saia S-Bus PLC,HISS6,HISS6.DI,HISS6 Hiss är i drift,State,HVAC,Virtual Room,Virtual Room,PLAN 4,3c66eafa-87d3-4001-82bf-b2c71f85a4e1,60d2059b-8331-45ed-9578-db4a0262cf8d,1.0,0.3,OK
Saia S-Bus PLC,HISS6,HISS6.LA,HISS6 *1A Hiss6 Ej på Förvalt plan,AlarmMinor,HVAC,Virtual Room,Virtual Room,PLAN 4,e5fefac3-8f00-4220-b53f-258aea2639bf,60d2059b-8331-45ed-9578-db4a0262cf8d,0.0,0.3,OK
Saia S-Bus PLC,HISS6,HISS6.PLAN.DI,HISS6.PLAN Hiss är på förvalt plan,State,HVAC,Virtual Room,Virtual Room,PLAN 4,10503e3a-fee7-420d-8d06-d53d055aeb6a,0ef90f51-da88-4e47-a198-86eb6b62c48c,0.0,0.3,OK
Saia S-Bus PLC,HISS6,HISS6.RK.HAD,HISS6.RK Utgång i handläge,State,HVAC,Virtual Room,Virtual Room,PLAN 4,83c730df-4121-4b63-8e3e-d41ecab4c199,fdef833c-ee6c-4f80-b486-32c766ec7bcd,0.0,0.3,OK
Saia S-Bus PLC,HISS6,HISS6.RK.SD,HISS6.RK Styrsignal hiss Reservkraft,CapabilityTypeAlarm,,Virtual Room,Virtual Room,PLAN 4,555bbd7a-8118-4628-9c2b-f2651b9e08e2,fdef833c-ee6c-4f80-b486-32c766ec7bcd,0.0,0.3,OK
Saia S-Bus PLC,HISS7,HISS7.BRAND.HAD,HISS7.BRAND Utgång i handläge,State,HVAC,Virtual Room,Virtual Room,PLAN 4,23ab6bc4-e444-4d8d-bd09-1238a27dc36b,375d2543-bb1b-4385-b755-3a76057168d3,0.0,0.3,OK
Saia S-Bus PLC,HISS7,HISS7.BRAND.SD,HISS7.BRAND Styrsignal hiss (gå till förvalt plan),CapabilityTypeAlarm,,Virtual Room,Virtual Room,PLAN 4,6d2874ea-8583-4989-a96e-23823652a9e1,375d2543-bb1b-4385-b755-3a76057168d3,0.0,0.3,OK
Saia S-Bus PLC,HISS7,HISS7.Counter.PV,HISS7.Counter *0 Counter som talar om vilken i ordningen hissen ligger för res.kraftkörning,State,HVAC,Virtual Room,Virtual Room,PLAN 4,2da132e8-dc17-44f7-a67f-c17094502a62,bd38472d-4f8f-4f12-9b48-880fe977cf3d,3392.6,0.3,OK
Saia S-Bus PLC,HISS7,HISS7.DI,HISS7 Hiss är i drift,State,HVAC,Virtual Room,Virtual Room,PLAN 4,391ca916-28a4-409d-8c3a-8176bb0eb0ef,c578692f-f227-442c-8c82-5d9c1d7c4a8c,1.0,0.3,OK
Saia S-Bus PLC,HISS7,HISS7.LA,HISS7 *1A Hiss7 Ej på Förvalt plan,AlarmMinor,HVAC,Virtual Room,Virtual Room,PLAN 4,370cf464-99f9-403f-a83e-9e2c2055fe9d,c578692f-f227-442c-8c82-5d9c1d7c4a8c,0.0,0.3,OK
Saia S-Bus PLC,HISS7,HISS7.PLAN.DI,HISS7.PLAN Hiss är på förvalt plan,State,HVAC,Virtual Room,Virtual Room,PLAN 4,8f04831a-6890-4023-a9f4-757f96ed6a07,048ca462-20a6-4b52-882e-57561aaee9b7,0.0,0.3,OK
Saia S-Bus PLC,HISS7,HISS7.RK.HAD,HISS7.RK Utgång i handläge,State,HVAC,Virtual Room,Virtual Room,PLAN 4,e69f4179-70ce-4c5f-b836-8a295db2dd27,197afc39-5acd-4402-a862-19aec3d4a713,0.0,0.3,OK
Saia S-Bus PLC,HISS7,HISS7.RK.SD,HISS7.RK Styrsignal hiss Reservkraft,CapabilityTypeAlarm,,Virtual Room,Virtual Room,PLAN 4,1c97c033-5126-479d-87ad-4596424ba5f7,197afc39-5acd-4402-a862-19aec3d4a713,0.0,0.3,OK
Saia S-Bus PLC,HISS8,HISS8.BRAND.HAD,HISS8.BRAND Utgång i handläge,State,HVAC,Virtual Room,Virtual Room,PLAN 4,44c9e495-ef6e-4bde-b902-ffe1204c7f6c,753c1e48-53b8-46a8-ad7a-4ad0ea0d5c18,0.0,0.3,OK
Saia S-Bus PLC,HISS8,HISS8.BRAND.SD,HISS8.BRAND Styrsignal hiss (gå till förvalt plan),CapabilityTypeAlarm,,Virtual Room,Virtual Room,PLAN 4,0cd54336-2d71-4a1c-ae5d-e836570d34e5,753c1e48-53b8-46a8-ad7a-4ad0ea0d5c18,0.0,0.3,OK
Saia S-Bus PLC,HISS8,HISS8.Counter.PV,HISS8.Counter *0 Counter som talar om vilken i ordningen hissen ligger för res.kraftkörning,State,HVAC,Virtual Room,Virtual Room,PLAN 4,453df574-417e-4803-9bd2-89b1ec0466e2,6a4a8e26-9c12-46d0-ab6f-b5f1526e2410,1889.2,0.3,OK
Saia S-Bus PLC,HISS8,HISS8.DI,HISS8 Hiss är i drift,State,HVAC,Virtual Room,Virtual Room,PLAN 4,818e63c4-eda2-4db8-b092-805e94821f25,16d1bfe4-0254-4a2b-b597-0c28dfc839f9,1.0,0.3,OK
Saia S-Bus PLC,HISS8,HISS8.LA,HISS8 *1A Hiss8 Ej på Förvalt plan,AlarmMinor,HVAC,Virtual Room,Virtual Room,PLAN 4,3d5e5d87-5826-4e68-92dc-ef4bbc5dae8b,16d1bfe4-0254-4a2b-b597-0c28dfc839f9,0.0,0.3,OK
Saia S-Bus PLC,HISS8,HISS8.PLAN.DI,HISS8.PLAN Hiss är på förvalt plan,State,HVAC,Virtual Room,Virtual Room,PLAN 4,44e39afb-1233-4cd2-bd30-38a3d17a0e0e,a59700ab-a873-4898-8c43-b52dcc9ac35b,0.0,0.3,OK
Saia S-Bus PLC,HISS8,HISS8.RK.HAD,HISS8.RK Utgång i handläge,State,HVAC,Virtual Room,Virtual Room,PLAN 4,9d8c37a0-2d4a-424f-a54f-0c6fde780c03,c137125d-a56b-40e0-a782-25652f8624c4,0.0,0.3,OK
Saia S-Bus PLC,HISS8,HISS8.RK.SD,HISS8.RK Styrsignal hiss Reservkraft,CapabilityTypeAlarm,,Virtual Room,Virtual Room,PLAN 4,7a26e704-e78f-448c-85c1-3475080f4654,c137125d-a56b-40e0-a782-25652f8624c4,0.0,0.3,OK
Saia S-Bus PLC,HISS9,HISS9.BRAND.HAD,HISS9.BRAND Utgång i handläge,State,HVAC,Virtual Room,Virtual Room,PLAN 4,fac53998-fcd7-431e-a0ad-98ba6e94cdf5,b57f9c64-9cad-4de5-a220-aedb18e303b0,0.0,0.3,OK
Saia S-Bus PLC,HISS9,HISS9.BRAND.SD,HISS9.BRAND Styrsignal hiss (gå till förvalt plan),CapabilityTypeAlarm,,Virtual Room,Virtual Room,PLAN 4,d22c755f-812c-4518-b1e2-d2fa49e19fe9,b57f9c64-9cad-4de5-a220-aedb18e303b0,0.0,0.3,OK
Saia S-Bus PLC,HISS9,HISS9.Counter.PV,HISS9.Counter *0 Counter som talar om vilken i ordningen hissen ligger för res.kraftkörning,State,HVAC,Virtual Room,Virtual Room,PLAN 4,f2c65a0e-cf86-4dde-8c1a-664114b84553,42792dc9-690b-4ab1-81a1-016e0a6a524d,3222130.3,0.3,OK
Saia S-Bus PLC,HISS9,HISS9.DI,HISS9 Hiss är i drift,State,HVAC,Virtual Room,Virtual Room,PLAN 4,d2c2d851-92df-4d62-8117-475d5e21abf1,eeed5ea9-9309-453e-822f-c930e855fc4b,0.0,0.3,OK
Saia S-Bus PLC,HISS9,HISS9.LA,HISS9 *1A Hiss9 Ej på Förvalt plan,AlarmMinor,HVAC,Virtual Room,Virtual Room,PLAN 4,30d2a787-4afd-4ba7-b614-342cc38f9efc,eeed5ea9-9309-453e-822f-c930e855fc4b,0.0,0.3,OK
Saia S-Bus PLC,HISS9,HISS9.PLAN.DI,HISS9.PLAN Hiss är på förvalt plan,State,HVAC,Virtual Room,Virtual Room,PLAN 4,d74b444b-b819-4e82-b862-c4d95e25a73a,3e2a32b1-c9bf-4563-b24a-1408c7f873e5,0.0,0.3,OK
Saia S-Bus PLC,HISS9,HISS9.RK.HAD,HISS9.RK Utgång i handläge,State,HVAC,Virtual Room,Virtual Room,PLAN 4,f83ce47b-33a9-4802-ba09-edf7e59ac476,bf170692-774b-4282-9a27-236a1eeac395,0.0,0.3,OK
Saia S-Bus PLC,HISS9,HISS9.RK.SD,HISS9.RK Styrsignal hiss Reservkraft,CapabilityTypeAlarm,,Virtual Room,Virtual Room,PLAN 4,d935bada-6448-4099-9b75-c60f6fcc769d,bf170692-774b-4282-9a27-236a1eeac395,0.0,0.3,OK
Saia S-Bus PLC,HISSBLOCK,HISSBLOCK.FAST.DI,HISSBLOCK.FAST *0 Digital ingång,State,HVAC,Virtual Room,Virtual Room,PLAN 4,fc1832c3-1477-4c3f-9df4-5db9831a77f8,e2edb538-48d1-484b-af73-6dd800085e81,0.0,0.3,OK
Saia S-Bus PLC,KB1,KB1.GP11.PL3.PV,KB1.GP11.PL3 Tryckgivare på plan 3 (0-100kPa),Pressure,HVAC,Virtual Room,Virtual Room,PLAN 4,ffae7f47-3927-4999-8f36-979136daddc8,e1ecb94a-b1dc-4b05-adf6-28efc8592b3d,72.8,0.4,OK
Saia S-Bus PLC,KB1,KB1.GP12.PV,KB1.GP12 Tryckgivare bypass (0-100kPa),Pressure,HVAC,Virtual Room,Virtual Room,PLAN 4,ae342bb0-5bb2-4174-a4c7-9a5927da5aaf,1d3811e2-cfee-4781-b498-618a2a1fc734,0.3,0.4,OK
Saia S-Bus PLC,KB1,KB1.GP13.PV,KB1.GP13 Tryckgivare bypass (0-100kPa),Pressure,HVAC,Virtual Room,Virtual Room,PLAN 4,f09eb3cf-d317-4146-b841-190e0f5d67b8,f908365f-2a98-467e-a901-0e67e9d084b1,0.4,0.4,OK
Saia S-Bus PLC,KB1,KB1.GT11.BV,KB1.GT11 Börvärde (°C) ej reglerande,Temperature,HVAC,Virtual Room,Virtual Room,PLAN 4,3aa40772-2b2a-4210-9bcd-8a4285c40fb6,a72f1477-81eb-448e-bc19-016db6c9c300,25.0,0.3,OK
Saia S-Bus PLC,KB1,KB1.GT11.LA,KB1.GT11 *1B KB1-GT11 Givarfel,AlarmMinor,HVAC,Virtual Room,Virtual Room,PLAN 4,8d0a01c0-1ac6-45da-8818-8d2c24d5d89b,a72f1477-81eb-448e-bc19-016db6c9c300,0.0,0.4,OK
Saia S-Bus PLC,KB1,KB1.GT11.PV,KB1.GT11 Temperaturgivare,Temperature,HVAC,Virtual Room,Virtual Room,PLAN 4,2d3f61ee-8745-4971-b121-8c96502a2191,a72f1477-81eb-448e-bc19-016db6c9c300,25.9,0.3,OK
Saia S-Bus PLC,KB1,KB1.GT11.RPM,KB1.GT11 *0 Pi-regulator,CapabilityTypeParameter,HVAC,Virtual Room,Virtual Room,PLAN 4,51eb9962-7b66-4fa6-9cc8-7631f9d711a0,a72f1477-81eb-448e-bc19-016db6c9c300,0.0,0.3,OK
Saia S-Bus PLC,KB1,KB1.GT11.TI,KB1.GT11 I-tiden (sek),State,HVAC,Virtual Room,Virtual Room,PLAN 4,f0800e8a-cfdd-4f85-9140-edc2ed53d257,a72f1477-81eb-448e-bc19-016db6c9c300,40.0,0.3,OK
Saia S-Bus PLC,KB1,KB1.GT12.LA,KB1.GT12 *1B KB1-GT12 Givarfel,AlarmMinor,HVAC,Virtual Room,Virtual Room,PLAN 4,e4bdbaca-7034-4950-8ed9-2a94cd547d31,3d5353dd-4003-4dc4-86ff-569883b96fc2,0.0,0.4,OK
Saia S-Bus PLC,KB1,KB1.GT12.PV,KB1.GT12 Temperaturgivare,Temperature,HVAC,Virtual Room,Virtual Room,PLAN 4,e818de54-326f-4453-9804-03e2bb2c851f,3d5353dd-4003-4dc4-86ff-569883b96fc2,30.9,0.3,OK
Saia S-Bus PLC,KB1,KB1.P30A.VT,KB1.P30A *104 Driftstatus,State,HVAC,Virtual Room,Virtual Room,PLAN 4,63064223-06fd-48b3-ac59-42d0d42870dd,3706a8e7-fb80-4c0e-b33c-fad69450c4a6,0.2,0.4,OK
Saia S-Bus PLC,KB1,KB1.P30B.VT,KB1.P30B *104 Driftstatus,State,HVAC,Virtual Room,Virtual Room,PLAN 4,76fc71ee-aa12-4275-84f4-e0e548236a08,b757f2c5-61cb-48c8-ba20-15db3002fe6a,0.2,0.4,OK
Saia S-Bus PLC,KB1,KB1.SV30.HAA,KB1.SV30 Handstyrning aktiv analog,State,HVAC,Virtual Room,Virtual Room,PLAN 4,e7987b21-7b08-44d9-8bef-fe63b5cc11fb,be50674c-16da-4034-9d5f-f7e377f33c41,0.0,0.3,OK
Saia S-Bus PLC,KB1,KB1.SV30.SA,KB1.SV30 Styrsignal ventilställdon,ValvePosition,HVAC,Virtual Room,Virtual Room,PLAN 4,9b6f4c6e-3fed-45fa-9443-e32d43fdab55,be50674c-16da-4034-9d5f-f7e377f33c41,46.4,0.3,OK
Saia S-Bus PLC,KB1,KB1.UV30A.HAA,KB1.UV30A Handstyrning aktiv analog,State,HVAC,Virtual Room,Virtual Room,PLAN 4,33239c73-107b-431a-ae0b-11eedb1f3fff,e9c80d12-3228-4b18-afa6-5a49521d5663,0.0,0.4,OK
Saia S-Bus PLC,KB1,KB1.UV30A.HAD,KB1.UV30A Handstyrning aktiv digital,State,HVAC,Virtual Room,Virtual Room,PLAN 4,845289c7-e608-4cbe-a76d-2df4c25061e5,e9c80d12-3228-4b18-afa6-5a49521d5663,0.0,0.4,OK
Saia S-Bus PLC,KB1,KB1.UV30B.HAA,KB1.UV30B Handstyrning aktiv analog,State,HVAC,Virtual Room,Virtual Room,PLAN 4,255d0b56-0f89-4ce8-8d31-a8ec29b0d0d1,085432cd-968e-4918-936b-22229ef194f6,0.0,0.4,OK
Saia S-Bus PLC,KB1,KB1.UV30B.HAD,KB1.UV30B Handstyrning aktiv digital,State,HVAC,Virtual Room,Virtual Room,PLAN 4,1123289d-f813-46b0-bf7f-78a002b708dd,085432cd-968e-4918-936b-22229ef194f6,0.0,0.4,OK
Saia S-Bus PLC,KB102,KB102.DAGG.PV,KB102.DAGG Daggpunkten,Temperature,HVAC,Virtual Room,Virtual Room,PLAN 4,38977b1f-94b4-401b-8fc3-92e76508e71a,1e4f2a97-0cd1-4ad6-b96c-9d406a2cc576,12.4,0.4,OK
Saia S-Bus PLC,KB102,KB102.GM51.PV,KB102.GM51 Rumsfuktgivare 0-100%,CapabilityTypeParameter,IndoorAir,Virtual Room,Virtual Room,PLAN 4,d1917589-8c72-4f80-81f7-38ebd8445298,c8f8ae2a-0219-4f36-8d41-70dcf1fc6465,48.3,0.4,OK
Saia S-Bus PLC,KB102,KB102.GP11.PV,KB102.GP11 Tryckgivare,Pressure,HVAC,Virtual Room,Virtual Room,PLAN 4,b989e567-99a4-40e8-90b1-5c334f5b6500,65cec879-d753-437b-ae66-3750559a24f4,49.9,0.4,OK
Saia S-Bus PLC,KB102,KB102.GP11.RPM,KB102.GP11 *10 Pi-regulator,CapabilityTypeParameter,HVAC,Virtual Room,Virtual Room,PLAN 4,9b213ff4-2659-4ec4-b42b-4fd39c1b9bd0,65cec879-d753-437b-ae66-3750559a24f4,0.0,0.4,OK
Saia S-Bus PLC,KB102,KB102.GT51.PV,KB102.GT51 Rumsgivare 0-50 (C),Temperature,IndoorAir,Virtual Room,Virtual Room,PLAN 4,fb1576c2-95c1-4eb3-b3c4-8cbb3b63ffc0,bd0928f6-d9fc-4d15-9fe2-5a1058b142f5,23.2,0.4,OK
Saia S-Bus PLC,KB102,KB102.P30.SA,KB102.P30 Styrsignal,ValvePosition,HVAC,Virtual Room,Virtual Room,PLAN 4,c95c125e-5f4b-4124-855a-4b815d96d71a,734b27dc-7f8a-4753-b1e9-17552dded5e8,60.1,0.4,OK
Saia S-Bus PLC,KB12,KB12.EXP1.DI,KB12.EXP1 *0 Lågtryckslarm,State,HVAC,Virtual Room,Virtual Room,PLAN 4,7cb432e2-c1f7-480d-84ab-47338fc51d17,9107d15c-599d-428e-a11e-1ee474a277cc,0.0,0.3,OK
Saia S-Bus PLC,KB12,KB12.GP11.BV,KB12.GP11 Börvärde (kPa),Pressure,HVAC,Virtual Room,Virtual Room,PLAN 4,ec30b9de-d6ba-4f52-a50d-a23ca0d489fa,af8058e2-a416-4dc3-add0-6bd87ae1d19b,50.0,0.3,OK
Saia S-Bus PLC,KB12,KB12.GP11.BVLA,KB12.GP11 *1B KB12-GP11 Börvärdesavvikelse,AlarmMinor,HVAC,Virtual Room,Virtual Room,PLAN 4,c93ebef8-9f7f-4b60-80fc-a800f231bd38,af8058e2-a416-4dc3-add0-6bd87ae1d19b,0.0,0.3,OK
Saia S-Bus PLC,KB12,KB12.GP11.PV,KB12.GP11 Tryckgivare differens (0-100 kPa),Pressure,HVAC,Virtual Room,Virtual Room,PLAN 4,9dcf7b42-404e-4a60-b76f-33d3e6466c38,af8058e2-a416-4dc3-add0-6bd87ae1d19b,49.9,0.3,OK
Saia S-Bus PLC,KB12,KB12.GP11.RPM,KB12.GP11 *0 PI-regulator,CapabilityTypeParameter,HVAC,Virtual Room,Virtual Room,PLAN 4,430cb280-2611-482b-be07-7b53a4fb408a,af8058e2-a416-4dc3-add0-6bd87ae1d19b,0.0,0.3,OK
Saia S-Bus PLC,KB12,KB12.GP11.TI,KB12.GP11 I-tiden (sek),State,HVAC,Virtual Room,Virtual Room,PLAN 4,24ed6889-7c14-4aff-83b6-10cf6594122a,af8058e2-a416-4dc3-add0-6bd87ae1d19b,20.0,0.3,OK
Saia S-Bus PLC,KB12,KB12.GT11.BV,KB12.GT11 Börvärde (°C),Temperature,HVAC,Virtual Room,Virtual Room,PLAN 4,2ef6c555-9953-47ff-a1bb-4f3901e69f94,6d97d145-0d73-4fa7-b904-6bdb3e246c2d,-8.0,0.3,OK
Saia S-Bus PLC,KB12,KB12.GT11.LA,KB12.GT11 *1B KB12-GT11 Givarfel,AlarmMinor,HVAC,Virtual Room,Virtual Room,PLAN 4,50316ae8-f2c5-4a1a-a381-7bc8e1b00e85,6d97d145-0d73-4fa7-b904-6bdb3e246c2d,0.0,0.3,OK
Saia S-Bus PLC,KB12,KB12.GT11.PV,KB12.GT11 Temperaturgivare,Temperature,HVAC,Virtual Room,Virtual Room,PLAN 4,86518f43-1ee8-4e49-9ce1-ea38439a904b,6d97d145-0d73-4fa7-b904-6bdb3e246c2d,-6.7,0.3,OK
Saia S-Bus PLC,KB12,KB12.GT12.LA,KB12.GT12 *1B KB12-GT12 Givarfel,AlarmMinor,HVAC,Virtual Room,Virtual Room,PLAN 4,709e499b-6ae7-433e-a68a-1baf008378c6,631bd6d6-5c03-4ead-a129-b30c48b15bd1,0.0,0.3,OK
Saia S-Bus PLC,KB12,KB12.GT12.PV,KB12.GT12 Temperaturgivare,Temperature,HVAC,Virtual Room,Virtual Room,PLAN 4,9e588358-000b-4a03-ac61-b90195afc472,631bd6d6-5c03-4ead-a129-b30c48b15bd1,-3.8,0.3,OK
Saia S-Bus PLC,KB12,KB12.P30A.DI,KB12.P30A Driftindikering,State,HVAC,Virtual Room,Virtual Room,PLAN 4,c9db9a41-dbf1-46c7-8f56-39d79aebc866,fbad4137-c062-4f2e-b32b-e5fb04b8c8c7,0.0,0.3,OK
Saia S-Bus PLC,KB12,KB12.P30A.HAA,KB12.P30A Handstyrning aktiv analog,State,HVAC,Virtual Room,Virtual Room,PLAN 4,707bd2d4-c4f0-46e5-b75b-b8cb5f78ddd3,fbad4137-c062-4f2e-b32b-e5fb04b8c8c7,0.0,0.3,OK
Saia S-Bus PLC,KB12,KB12.P30A.HAD,KB12.P30A Handstyrning aktiv digital,State,HVAC,Virtual Room,Virtual Room,PLAN 4,36b00aaa-30f1-42d8-9da7-19f40e034f3c,fbad4137-c062-4f2e-b32b-e5fb04b8c8c7,0.0,0.4,OK
Saia S-Bus PLC,KB12,KB12.P30A.LA,KB12.P30A *1B KB12-P30A Driftfel,AlarmMinor,HVAC,Virtual Room,Virtual Room,PLAN 4,1df67970-822c-4eaf-8164-5910ddc29e9a,fbad4137-c062-4f2e-b32b-e5fb04b8c8c7,0.0,0.3,OK
Saia S-Bus PLC,KB12,KB12.P30A.SA,KB12.P30A Styrsignal frekvensomriktare,ValvePosition,HVAC,Virtual Room,Virtual Room,PLAN 4,8575673d-44d6-4ac3-be14-667badb3687c,fbad4137-c062-4f2e-b32b-e5fb04b8c8c7,0.0,0.3,OK
Saia S-Bus PLC,KB12,KB12.P30A.SD,KB12.P30A Digital styrsignal,State,HVAC,Virtual Room,Virtual Room,PLAN 4,9b432c27-23b3-402b-ace4-3456b0acec97,fbad4137-c062-4f2e-b32b-e5fb04b8c8c7,0.0,0.3,OK
Saia S-Bus PLC,KB12,KB12.P30A.SLA,KB12.P30A *1B KB12-P30A Summalarm,AlarmMajor,HVAC,Virtual Room,Virtual Room,PLAN 4,2d57e444-0aa8-4458-b865-6cf5f4300dc6,fbad4137-c062-4f2e-b32b-e5fb04b8c8c7,0.0,0.3,OK
Saia S-Bus PLC,KB12,KB12.P30A.VT,KB12.P30A *104 Driftstatus,State,HVAC,Virtual Room,Virtual Room,PLAN 4,9adce0bb-25b8-4022-b621-9607dba6b8fb,fbad4137-c062-4f2e-b32b-e5fb04b8c8c7,0.0,0.3,OK
Saia S-Bus PLC,KB12,KB12.P30AB.LA,KB12.P30AB *1A KB12-P30A & B Driftfel,AlarmMinor,HVAC,Virtual Room,Virtual Room,PLAN 4,9709bdbf-7503-4864-8df7-53b1c6bedda4,51d89432-5b3b-4f3a-a284-d1147fa3b364,0.0,0.3,OK
Saia S-Bus PLC,KB12,KB12.P30B.DI,KB12.P30B Driftindikering,State,HVAC,Virtual Room,Virtual Room,PLAN 4,d5959417-5cbd-4a96-a8a7-63f422bfef1e,67236c12-ace7-449a-9a85-76dfbf56e151,1.0,0.3,OK
Saia S-Bus PLC,KB12,KB12.P30B.HAA,KB12.P30B Handstyrning aktiv analog,State,HVAC,Virtual Room,Virtual Room,PLAN 4,db199f13-65e6-46a1-9fbd-a0699947a742,67236c12-ace7-449a-9a85-76dfbf56e151,0.0,0.3,OK
Saia S-Bus PLC,KB12,KB12.P30B.HAD,KB12.P30B Handstyrning aktiv digital,State,HVAC,Virtual Room,Virtual Room,PLAN 4,20f25fca-3a10-4447-bc90-634f76af928f,67236c12-ace7-449a-9a85-76dfbf56e151,0.0,0.3,OK
Saia S-Bus PLC,KB12,KB12.P30B.LA,KB12.P30B *1B KB12-P30B Driftfel,AlarmMinor,HVAC,Virtual Room,Virtual Room,PLAN 4,7209c0be-c7ef-472c-bfe7-f063befecf43,67236c12-ace7-449a-9a85-76dfbf56e151,0.0,0.3,OK
Saia S-Bus PLC,KB12,KB12.P30B.SA,KB12.P30B Styrsignal frekvensomriktare,ValvePosition,HVAC,Virtual Room,Virtual Room,PLAN 4,bd874006-a164-4b20-abd9-fea88e9f5a15,67236c12-ace7-449a-9a85-76dfbf56e151,85.0,0.4,OK
Saia S-Bus PLC,KB12,KB12.P30B.SD,KB12.P30B Digital styrsignal,State,HVAC,Virtual Room,Virtual Room,PLAN 4,635923f4-34d2-4430-9e50-69e9d78e3330,67236c12-ace7-449a-9a85-76dfbf56e151,1.0,0.3,OK
Saia S-Bus PLC,KB12,KB12.P30B.SLA,KB12.P30B *1B KB12-P30B Summalarm,AlarmMajor,HVAC,Virtual Room,Virtual Room,PLAN 4,28d286cc-857a-4568-8301-dd1bed3db642,67236c12-ace7-449a-9a85-76dfbf56e151,0.0,0.3,OK
Saia S-Bus PLC,KB12,KB12.P30B.VT,KB12.P30B *104 Driftstatus,State,HVAC,Virtual Room,Virtual Room,PLAN 4,9aadd2d5-ecd6-4a38-938f-d075491ffa55,67236c12-ace7-449a-9a85-76dfbf56e151,0.1,0.3,OK
Saia S-Bus PLC,KB802,KB802.GP11.BV,KB802.GP11 Börvärde (kPa),Pressure,HVAC,Virtual Room,Virtual Room,PLAN 4,f873d6dc-c215-4673-aeb6-86604a78a0a1,b5b4f2d4-6d6c-41c6-a697-10d4f6cb750f,35.0,0.3,OK
Saia S-Bus PLC,KB802,KB802.GP11.BVLA,KB802.GP11 *1B KB802-GP11 Börvärdesavvikelse,AlarmMinor,HVAC,Virtual Room,Virtual Room,PLAN 4,da09de8a-d1f3-4531-ac9a-5ae7bc270004,b5b4f2d4-6d6c-41c6-a697-10d4f6cb750f,0.0,0.3,OK
Saia S-Bus PLC,KB802,KB802.GP11.PV,KB802.GP11 Tryckgivare differens (0-100kPa),Pressure,HVAC,Virtual Room,Virtual Room,PLAN 4,9d732aa0-6343-45b0-9ba4-763d1d6f8b42,b5b4f2d4-6d6c-41c6-a697-10d4f6cb750f,0.3,0.3,OK
Saia S-Bus PLC,KB802,KB802.GP11.RPM,KB802.GP11 *0 PI-regulator,CapabilityTypeParameter,HVAC,Virtual Room,Virtual Room,PLAN 4,6145e953-b542-466f-b14d-2802d4d65a06,b5b4f2d4-6d6c-41c6-a697-10d4f6cb750f,0.0,0.3,OK
Saia S-Bus PLC,KB802,KB802.GP11.TI,KB802.GP11 I-tiden (sek),State,HVAC,Virtual Room,Virtual Room,PLAN 4,07fd9fc3-b387-428f-9479-09e67706a59a,b5b4f2d4-6d6c-41c6-a697-10d4f6cb750f,20.0,0.3,OK
Saia S-Bus PLC,KB802,KB802.P30.HAA,KB802.P30 Handstyrning aktiv analog,State,HVAC,Virtual Room,Virtual Room,PLAN 4,56684f78-eaaa-48ff-bacd-f54e5617fcfa,c51f140d-7407-4b30-a564-19f4310f4e98,0.0,0.3,OK
Saia S-Bus PLC,KB802,KB802.P30.SA,KB802.P30 Styrsignal frekvensomriktare,ValvePosition,HVAC,Virtual Room,Virtual Room,PLAN 4,1b921bfb-6d75-488b-b8de-6370599b0640,c51f140d-7407-4b30-a564-19f4310f4e98,100.0,0.3,OK
Saia S-Bus PLC,KM01,KM01.GT11.LA,KM01.GT11 *1B KM01-GT11 Givarfel,AlarmMinor,HVAC,Virtual Room,Virtual Room,PLAN 4,00f6aca3-99ca-4515-a4c0-c4209d0060ce,666a81e4-ff9f-4560-8d2d-5638059ce0f0,0.0,0.4,OK
Saia S-Bus PLC,KM01,KM01.GT11.PV,KM01.GT11,State,HVAC,Virtual Room,Virtual Room,PLAN 4,39406421-e5f0-425f-a31d-c25457b5a2c7,666a81e4-ff9f-4560-8d2d-5638059ce0f0,3.6,0.3,OK
Saia S-Bus PLC,KM01,KM01.GT12.LA,KM01.GT12 *1B KM01-GT12 Givarfel,AlarmMinor,HVAC,Virtual Room,Virtual Room,PLAN 4,091d462d-0346-41ac-a1b2-64292e74961b,70a80bee-c37b-4696-94fd-134c361c05f4,0.0,0.3,OK
Saia S-Bus PLC,KM01,KM01.GT12.PV,KM01.GT12,State,HVAC,Virtual Room,Virtual Room,PLAN 4,abd8dabe-5870-4fbd-8d91-72a8e43b5d91,70a80bee-c37b-4696-94fd-134c361c05f4,27.9,0.3,OK
Saia S-Bus PLC,KM1,KM1.FILTER1.DI,KM1.FILTER1 Driftindikering,State,HVAC,Virtual Room,Virtual Room,PLAN 4,2fe85bf9-198d-4b13-8164-cb4dcbf8ac16,0ceca2b8-5fa2-4bff-888e-f0937ab958e7,1.0,0.4,OK
Saia S-Bus PLC,KM1,KM1.FILTER1.SLA,KM1.FILTER1 *1B Summalarm,AlarmMajor,HVAC,Virtual Room,Virtual Room,PLAN 4,2bf2662c-db98-42d8-82a3-96cbc983444e,0ceca2b8-5fa2-4bff-888e-f0937ab958e7,0.0,0.4,OK
Saia S-Bus PLC,KM1,KM1.FILTER1.SPOL.DI,KM1.FILTER1.SPOL Renspolning pågår,State,HVAC,Virtual Room,Virtual Room,PLAN 4,2b3275ba-a295-4383-b7fb-34d096a60e26,74bd1a06-af0e-46ea-8f0b-48c292380c56,0.0,0.4,OK
Saia S-Bus PLC,KM1,KM1.FILTER1_2.BLOCK.HAD,KM1.FILTER1_2.BLOCK Handstyrning aktiv digital,State,HVAC,Virtual Room,Virtual Room,PLAN 4,805aff3f-34dd-48c3-95ef-86a85397e031,6fcd398b-4c4e-4570-9a74-0f90a0865f9f,0.0,0.4,OK
Saia S-Bus PLC,KM1,KM1.FILTER1_2.BLOCK.SD,KM1.FILTER1_2.BLOCK Blockerings signal av filterdrift,State,HVAC,Virtual Room,Virtual Room,PLAN 4,66e452d8-0ae4-4372-b988-5de8c296fe6a,6fcd398b-4c4e-4570-9a74-0f90a0865f9f,1.0,0.4,OK
Saia S-Bus PLC,KM1,KM1.FILTER2.DI,KM1.FILTER2 Driftindikering,State,HVAC,Virtual Room,Virtual Room,PLAN 4,be9a6ab0-e138-4316-b00f-40daa176929b,1add6ec0-531a-46a5-a4d6-93d448baf3c3,1.0,0.4,OK
Saia S-Bus PLC,KM1,KM1.FILTER2.SLA,KM1.FILTER2 *1B Summalarm,AlarmMajor,HVAC,Virtual Room,Virtual Room,PLAN 4,afaf3525-e137-4eca-ae51-ee9c854be615,1add6ec0-531a-46a5-a4d6-93d448baf3c3,0.0,0.4,OK
Saia S-Bus PLC,KM1,KM1.FILTER2.SPOL.DI,KM1.FILTER2.SPOL Renspolning pågår,State,HVAC,Virtual Room,Virtual Room,PLAN 4,bab4aae7-3fee-4771-b965-886aabe3d1b8,98249e4b-6952-4d5a-97f1-400e3023617a,0.0,0.4,OK
Saia S-Bus PLC,KM1,KM1.GP11.BV,KM1.GP11 Börvärde (kPa),Pressure,HVAC,Virtual Room,Virtual Room,PLAN 4,860020ad-2a9d-45c6-8307-94ed59209345,2b6334e4-3f92-4eb7-8960-363e6d7bc54f,0.0,0.3,OK
Saia S-Bus PLC,KM1,KM1.GP11.BVLA,KM1.GP11 *1B KM1-GP11 Börvärdesavvikelse,AlarmMinor,HVAC,Virtual Room,Virtual Room,PLAN 4,b66fd5b2-32d0-421c-9bea-08518c015329,2b6334e4-3f92-4eb7-8960-363e6d7bc54f,0.0,0.3,OK
Saia S-Bus PLC,KM1,KM1.GP11.PV,KM1.GP11 Mätvärde (0-100kPa),Pressure,HVAC,Virtual Room,Virtual Room,PLAN 4,4db03f7a-df05-4fdf-afaa-7c6d8ca966ef,513c8ca9-2626-4d26-9257-10a62f9e2a8d,0.1,0.4,OK
Saia S-Bus PLC,KM1,KM1.GP11.PV,KM1.GP11 Tryckgivare KM1,Pressure,HVAC,Virtual Room,Virtual Room,PLAN 4,7b30c5a8-5a36-4532-8c7c-f3cf1d3ab766,603f7af5-3498-4976-831a-6b305623881a,0.2,0.3,OK
Saia S-Bus PLC,KM1,KM1.GP11.PV,KM1.GP11 Mätvärde,State,HVAC,Virtual Room,Virtual Room,PLAN 4,d243b0fa-6679-4986-83bb-cd4d7526e53f,2b6334e4-3f92-4eb7-8960-363e6d7bc54f,0.2,0.3,OK
Saia S-Bus PLC,KM1,KM1.GP11.RPM,KM1.GP11 *0 PI-regulator,CapabilityTypeParameter,HVAC,Virtual Room,Virtual Room,PLAN 4,5127bb1b-fea0-41d3-882d-895ac7278756,2b6334e4-3f92-4eb7-8960-363e6d7bc54f,0.0,0.3,OK
Saia S-Bus PLC,KM1,KM1.GP11.TI,KM1.GP11 I-tiden (sek),State,HVAC,Virtual Room,Virtual Room,PLAN 4,03879cfd-16dd-4395-9bc8-143194301204,2b6334e4-3f92-4eb7-8960-363e6d7bc54f,0.0,0.3,OK
Saia S-Bus PLC,KM1,KM1.GT13.PV,KM1.GT13 Tempgivare,Temperature,HVAC,Virtual Room,Virtual Room,PLAN 4,d1717f47-d5a5-4d01-ab03-b61186f801dd,bb8ed9f7-1af3-43f4-9a4c-286378de4754,22.7,0.4,OK
Saia S-Bus PLC,KM1,KM1.KEM.SLA,KM1.KEM *1B Summalarm Kemanläggning,AlarmMajor,HVAC,Virtual Room,Virtual Room,PLAN 4,3ddad857-4fa9-453a-9184-0544b82fc266,5613ff22-39c0-4d60-b886-71f3c1c0376b,0.0,0.4,OK
Saia S-Bus PLC,KM1,KM1.MV1.HAD,KM1.MV1 Handstyrning aktiv digital,State,HVAC,Virtual Room,Virtual Room,PLAN 4,739508af-c398-4895-a207-99ad0b1109fa,7226eda3-546e-45e8-bdbb-54ce5357da63,0.0,0.4,OK
Saia S-Bus PLC,KM1,KM1.MV1.SD,KM1.MV1 Påfyllning KM1 Aktiv,State,HVAC,Virtual Room,Virtual Room,PLAN 4,d107a54c-f590-4197-93e8-cb461345c3b8,7226eda3-546e-45e8-bdbb-54ce5357da63,0.0,0.4,OK
Saia S-Bus PLC,KM1,KM1.P30A.LA,KM1.P30A *1B KM1-P30A Driftfel,AlarmMinor,HVAC,Virtual Room,Virtual Room,PLAN 4,59ef6c6b-0d8e-41ee-b1af-32b7c45563cf,465e08c2-cf6b-4f2a-b6c6-43dbecaa051b,0.0,0.4,OK
Saia S-Bus PLC,KM1,KM1.P30A.VT,KM1.P30A *104 Driftstatus,State,HVAC,Virtual Room,Virtual Room,PLAN 4,d420ec9e-6b33-453f-ad04-a670e04f390e,465e08c2-cf6b-4f2a-b6c6-43dbecaa051b,0.0,0.4,OK
Saia S-Bus PLC,KM1,KM1.P30AB.DI,KM1.P30AB Driftindikering via tryckgivare,State,HVAC,Virtual Room,Virtual Room,PLAN 4,23ebc226-965b-4acb-820a-a8b3bdabb6cb,b59ab480-b4e0-437c-ad8e-6d0a21996aff,0.0,0.4,OK
Saia S-Bus PLC,KM1,KM1.P30AB.LA,KM1.P30AB *1A KM1-P30A och P30B Driftfel,AlarmMinor,HVAC,Virtual Room,Virtual Room,PLAN 4,df88a95d-8b2c-4aff-8e9a-53a26b427fcd,b59ab480-b4e0-437c-ad8e-6d0a21996aff,0.0,0.4,OK
Saia S-Bus PLC,KM1,KM1.P30B.LA,KM1.P30B *1B KM1-P30B Driftfel,AlarmMinor,HVAC,Virtual Room,Virtual Room,PLAN 4,8afe805a-417e-4444-bbd0-6b4825d82ba7,391ceff1-6672-47de-bc03-7d325c6e0e83,0.0,0.4,OK
Saia S-Bus PLC,KM1,KM1.P30B.VT,KM1.P30B *104 Driftstatus,State,HVAC,Virtual Room,Virtual Room,PLAN 4,d8e03de6-8c3c-48be-946e-c6bd4a71438a,391ceff1-6672-47de-bc03-7d325c6e0e83,0.0,0.4,OK
Saia S-Bus PLC,KM1,KM1.UV30A.DI,KM1.UV30A Driftindikering,State,HVAC,Virtual Room,Virtual Room,PLAN 4,1192a074-7706-40f0-904d-e7b7ec691544,efad5dec-1d6c-40a6-bb7b-5e47dca5d3cf,0.0,0.4,OK
Saia S-Bus PLC,KM1,KM1.UV30A.HAA,KM1.UV30A Handstyrning aktiv analog,State,HVAC,Virtual Room,Virtual Room,PLAN 4,0074148d-290b-4582-850f-fd57945f8fb8,efad5dec-1d6c-40a6-bb7b-5e47dca5d3cf,0.0,0.4,OK
Saia S-Bus PLC,KM1,KM1.UV30A.HAD,KM1.UV30A Handstyrning aktiv digital,State,HVAC,Virtual Room,Virtual Room,PLAN 4,c0a711ec-da7f-4b30-82ff-6eaba49f0df6,efad5dec-1d6c-40a6-bb7b-5e47dca5d3cf,0.0,0.4,OK
Saia S-Bus PLC,KM1,KM1.UV30A.SA,KM1.UV30A Au5:2 Styrsignal frekvensomriktare,ValvePosition,HVAC,Virtual Room,Virtual Room,PLAN 4,eedea5dd-f529-4f37-b87c-ff9b64e64506,efad5dec-1d6c-40a6-bb7b-5e47dca5d3cf,0.0,0.4,OK
Saia S-Bus PLC,KM1,KM1.UV30A.SD,KM1.UV30A Du12:0 Start av cirkpump,State,HVAC,Virtual Room,Virtual Room,PLAN 4,59f31237-cf63-4e76-8087-641d409e445e,efad5dec-1d6c-40a6-bb7b-5e47dca5d3cf,0.0,0.4,OK
Saia S-Bus PLC,KM1,KM1.UV30A.SLA,KM1.UV30A *1B Summalarm Omformare,AlarmMajor,HVAC,Virtual Room,Virtual Room,PLAN 4,6567a377-2e3d-4efd-a209-2d6ba89a0cec,efad5dec-1d6c-40a6-bb7b-5e47dca5d3cf,0.0,0.4,OK
Saia S-Bus PLC,KM1,KM1.UV30B.DI,KM1.UV30B Driftindikering,State,HVAC,Virtual Room,Virtual Room,PLAN 4,11280a9e-3e56-46c2-bba5-c524144fc35a,a8ed9b82-f8ed-451c-8cae-b7e8304a6423,0.0,0.4,OK
Saia S-Bus PLC,KM1,KM1.UV30B.HAA,KM1.UV30B Handstyrning aktiv analog,State,HVAC,Virtual Room,Virtual Room,PLAN 4,480759de-3611-4f1b-a162-759643ff2ff0,a8ed9b82-f8ed-451c-8cae-b7e8304a6423,0.0,0.4,OK
Saia S-Bus PLC,KM1,KM1.UV30B.HAD,KM1.UV30B Handstyrning aktiv digital,State,HVAC,Virtual Room,Virtual Room,PLAN 4,e14364b3-6389-4ba0-a7f3-b5f74a6323ad,a8ed9b82-f8ed-451c-8cae-b7e8304a6423,0.0,0.4,OK
Saia S-Bus PLC,KM1,KM1.UV30B.SA,KM1.UV30B Au5:3 Styrsignal frekvensomriktare,ValvePosition,HVAC,Virtual Room,Virtual Room,PLAN 4,86554d84-4156-419e-afb6-e1bcf2b667ec,a8ed9b82-f8ed-451c-8cae-b7e8304a6423,0.0,0.4,OK
Saia S-Bus PLC,KM1,KM1.UV30B.SD,KM1.UV30B Du12:1 Start av cirkpump,State,HVAC,Virtual Room,Virtual Room,PLAN 4,1b6e443a-9509-49e1-b0c5-3d3f79159bab,a8ed9b82-f8ed-451c-8cae-b7e8304a6423,0.0,0.4,OK
Saia S-Bus PLC,KM1,KM1.UV30B.SLA,KM1.UV30B *1B Summalarm Omformare,AlarmMajor,HVAC,Virtual Room,Virtual Room,PLAN 4,009fcecc-8b56-403e-81d4-e19207aef037,a8ed9b82-f8ed-451c-8cae-b7e8304a6423,0.0,0.4,OK
Saia S-Bus PLC,LB102,LB102.GF40.PV,LB102.GF40 Luftflöde TF (l/s),Flow,HVAC,Virtual Room,Virtual Room,PLAN 4,8322ec77-f96e-4ede-b92a-de1b2a2dffa0,b8cfa83c-acf2-45d0-b73b-98051d43a9ba,6.1,0.4,OK
Saia S-Bus PLC,LB102,LB102.GF60.PV,LB102.GF60 Luftflöde FF (l/s),Flow,HVAC,Virtual Room,Virtual Room,PLAN 4,adfec2cd-ed57-43ec-86dc-3f53ce8cfc3c,e1858e08-de4c-4372-af09-c4d23c562a5b,45.5,0.4,OK
Saia S-Bus PLC,LB102,LB102.TK51.DI,LB102.TK51 Övertidsvent via tryckknapp,State,HVAC,Virtual Room,Virtual Room,PLAN 4,9cc517ac-9713-4f1d-872e-23e8257e0d6d,6deb1a06-188c-4819-bae1-77794a7ab6f5,0.0,0.4,OK
Saia S-Bus PLC,LB102,LB102.TK51.SD,LB102.TK51 *0 Diod i TK51,State,HVAC,Virtual Room,Virtual Room,PLAN 4,eda3d60f-8ee2-4d26-99e3-e80050ce255f,6deb1a06-188c-4819-bae1-77794a7ab6f5,0.0,0.4,OK
Saia S-Bus PLC,LB121,LB121.BRANDDR.SD,LB121.BRANDDR Du6 Aggregat i branddrift,State,HVAC,Virtual Room,Virtual Room,PLAN 4,93469073-9eb4-45a1-8ca8-d3b7915d0cee,b26e8a97-eb5c-4a3e-8388-ac61ef97904d,0.0,0.4,OK
Saia S-Bus PLC,LB121,LB121.CGX40.SLA,LB121.CGX40 *1B LB12:1-CGX40 Servicelarm,AlarmMinor,HVAC,Virtual Room,Virtual Room,PLAN 4,3baa0ec7-650a-46ae-9ef1-1d417e0f9aea,04fb1e4c-2d2d-4846-b8cc-1d852b9e94ad,0.0,0.4,OK
Saia S-Bus PLC,LB121,LB121.DRIFT.VT,LB121.DRIFT *111 Driftstatus på aggregat,State,HVAC,Virtual Room,Virtual Room,PLAN 4,beb5bed4-d488-4f30-88b9-1378ec26ebe1,66fc8649-f563-4dd7-932e-cbb118dcb4af,0.0,0.4,OK
Saia S-Bus PLC,LB121,LB121.GF40.PV,LB121.GF40 Luftflöde TF1 (l/s),Flow,HVAC,Virtual Room,Virtual Room,PLAN 4,a754b3b4-a121-44df-a003-690274668241,5c8200b7-7b70-400f-9a7e-e5f503b569c2,46.6,0.4,OK
Saia S-Bus PLC,LB121,LB121.GP10.PV,LB121.GP10 Ai2:0 Tryckgivare tilluftsfilter,Pressure,SupplyAir,Virtual Room,Virtual Room,PLAN 4,9eb496b8-9b49-418b-92a0-d3b8bac9a37f,c5eae6bf-6e9b-4ca7-8d3f-5ed6d8869002,7.5,0.4,OK
Saia S-Bus PLC,LB121,LB121.GP40.BVLA,LB121.GP40 *1B LB12:1-GP40 Börvärdeavvikelse,AlarmMinor,HVAC,Virtual Room,Virtual Room,PLAN 4,6071c8e0-98f4-4378-8d8a-b36c4f427df9,7fbded05-9e2a-47c2-90f5-b295d18b7cf4,0.0,0.4,OK
Saia S-Bus PLC,LB121,LB121.GP40.PV,LB121.GP40 Ai2:1 Tryckgivare tilluft (0-500Pa = 0-10V),Pressure,SupplyAir,Virtual Room,Virtual Room,PLAN 4,5c4f2569-a7bf-4f24-b2a9-7f6f314c1276,7fbded05-9e2a-47c2-90f5-b295d18b7cf4,13.9,0.4,OK
Saia S-Bus PLC,LB121,LB121.GP40.RPM,LB121.GP40 *0 Pi-regulator tryckreg.,CapabilityTypeParameter,HVAC,Virtual Room,Virtual Room,PLAN 4,b2df9971-c295-4201-a809-64e264754fc5,7fbded05-9e2a-47c2-90f5-b295d18b7cf4,0.0,0.4,OK
Saia S-Bus PLC,LB121,LB121.GP40.TI,LB121.GP40 I-tiden,State,HVAC,Virtual Room,Virtual Room,PLAN 4,5f492a94-7438-4f60-a863-234dc66d188e,7fbded05-9e2a-47c2-90f5-b295d18b7cf4,20.0,0.4,OK
Saia S-Bus PLC,LB121,LB121.GT10.LA,LB121.GT10 *1B LB12:1-GT10 Givarfel,AlarmMinor,HVAC,Virtual Room,Virtual Room,PLAN 4,02012fe4-ec82-4623-abfd-5277a62ed64a,7a5ff5ad-9c68-491e-b22a-00bf5f93e846,0.0,0.4,OK
Saia S-Bus PLC,LB121,LB121.GT10.PV,LB121.GT10 Ti1 Tempgivare Uteluft,Temperature,OutdoorAir,Virtual Room,Virtual Room,PLAN 4,22be68c4-6ac8-4194-be6a-7057a582ec31,7a5ff5ad-9c68-491e-b22a-00bf5f93e846,21.2,0.4,OK
Saia S-Bus PLC,LB121,LB121.GT40.BVLA,LB121.GT40 *1B LB12:1-GT40 Börvärdeavvikelse,AlarmMinor,HVAC,Virtual Room,Virtual Room,PLAN 4,1cd1a997-31c2-4a68-afe5-6effff0801f9,aedc7be4-b592-47ce-8a82-3e36bb1b9dd4,0.0,0.4,OK
Saia S-Bus PLC,LB121,LB121.GT40.LA,LB121.GT40 *1B LB12:1-GT40 Givarfel,AlarmMinor,HVAC,Virtual Room,Virtual Room,PLAN 4,9625e0a5-0ad2-4946-91dc-2947f95e3e28,aedc7be4-b592-47ce-8a82-3e36bb1b9dd4,0.0,0.4,OK
Saia S-Bus PLC,LB121,LB121.GT40.PV,LB121.GT40 Ti1 Tempgivare Tilluft,Temperature,SupplyAir,Virtual Room,Virtual Room,PLAN 4,f8c26cfb-1b60-4555-8eaa-892b25abc63d,aedc7be4-b592-47ce-8a82-3e36bb1b9dd4,24.0,0.4,OK
Saia S-Bus PLC,LB121,LB121.GT40.RPM,LB121.GT40 *0 Pi-regulator tempreg.,CapabilityTypeParameter,HVAC,Virtual Room,Virtual Room,PLAN 4,43edf83c-ee5f-4124-be41-3506de7f6c6c,aedc7be4-b592-47ce-8a82-3e36bb1b9dd4,0.0,0.4,OK
Saia S-Bus PLC,LB121,LB121.GT50.BVLA,LB121.GT50 *1B LB12:1-GT50 Börvärdeavvikelse,AlarmMinor,HVAC,Virtual Room,Virtual Room,PLAN 4,b5f5798a-2bfe-42cf-9537-47cccb2b37cc,b60f3578-4f62-422d-9844-2c547943b24e,0.0,0.4,OK
Saia S-Bus PLC,LB121,LB121.GT50.LA,LB121.GT50 *1B LB12:1-GT50 Givarfel,AlarmMinor,HVAC,Virtual Room,Virtual Room,PLAN 4,2d87d798-9526-4954-9f96-5934c8ad82b1,b60f3578-4f62-422d-9844-2c547943b24e,0.0,0.4,OK
Saia S-Bus PLC,LB121,LB121.GT50.PV,LB121.GT50 Ti1 Tempgivare rum,Temperature,IndoorAir,Virtual Room,Virtual Room,PLAN 4,e2a6d2a2-722b-4852-99ab-cb12bd7796c1,b60f3578-4f62-422d-9844-2c547943b24e,27.6,0.4,OK
Saia S-Bus PLC,LB121,LB121.GT50.RPM,LB121.GT50 *0 Pi-regulator tempreg.,CapabilityTypeParameter,HVAC,Virtual Room,Virtual Room,PLAN 4,16ab41ef-5ada-40de-83fb-de205a3f98eb,b60f3578-4f62-422d-9844-2c547943b24e,22.0,0.4,OK
Saia S-Bus PLC,LB121,LB121.GT50.TI,LB121.GT50 I-tiden,State,HVAC,Virtual Room,Virtual Room,PLAN 4,1815997e-7b9b-4985-ad70-a5a7e68ddcec,b60f3578-4f62-422d-9844-2c547943b24e,60.0,0.4,OK
Saia S-Bus PLC,LB121,LB121.GT80.BV,LB121.GT80 Börvärde varmhållning,CapabilityTypeSetpoint,HVAC,Virtual Room,Virtual Room,PLAN 4,97dfdf3a-0476-4ed5-b01f-0a45c1ec37f8,83ae7a00-6cde-4a66-ac24-ad62f11df93f,15.0,0.4,OK
Saia S-Bus PLC,LB121,LB121.GT80.LA,LB121.GT80 *1B LB12:1-GT80 Givarfel,AlarmMinor,HVAC,Virtual Room,Virtual Room,PLAN 4,22a56ed3-3615-48a7-8d21-864485db2f43,83ae7a00-6cde-4a66-ac24-ad62f11df93f,0.0,0.4,OK
Saia S-Bus PLC,LB121,LB121.GT80.PV,LB121.GT80 Ti1 Tempgivare Frysskydd,Temperature,HVAC,Virtual Room,Virtual Room,PLAN 4,bf2b853b-d286-4179-a786-f4ba9a8e6f9e,83ae7a00-6cde-4a66-ac24-ad62f11df93f,38.7,0.4,OK
Saia S-Bus PLC,LB121,LB121.KYL.TI,LB121.KYL I-tiden,State,HVAC,Virtual Room,Virtual Room,PLAN 4,531f9bb4-4f8f-48a9-80d2-3f3571272e7d,f417f3c3-8b33-4681-ba9d-a3261afd717b,60.0,0.4,OK
Saia S-Bus PLC,LB121,LB121.MS1.DI,LB121.MS1 Di4 Serviceomkopplare,State,HVAC,Virtual Room,Virtual Room,PLAN 4,f9e63eb2-c3a4-425b-88f5-ece5b8455446,c7312140-77a3-4758-8ba1-8d2d85d5d607,0.0,0.4,OK
Saia S-Bus PLC,LB121,LB121.MS1.LA,LB121.MS1 *1B LB12:1-MS1 Aggregat i serviceläge,AlarmMinor,HVAC,Virtual Room,Virtual Room,PLAN 4,fbfc027a-2f46-4f71-87ac-b9bd9f9505c6,c7312140-77a3-4758-8ba1-8d2d85d5d607,0.0,0.4,OK
Saia S-Bus PLC,LB121,LB121.P20.DI,LB121.P20 Di4 Driftsvar cirkpump,State,HVAC,Virtual Room,Virtual Room,PLAN 4,ade0ec4c-dfdc-4a82-9ee6-c6ca834accef,e8f4a8c5-d387-4b2f-a00e-1cd9511c70f8,1.0,0.4,OK
Saia S-Bus PLC,LB121,LB121.P20.HAD,LB121.P20 Handstyrning aktiv digital,State,HVAC,Virtual Room,Virtual Room,PLAN 4,09f8356c-0706-4cfc-a4ea-92bdfa6e8805,e8f4a8c5-d387-4b2f-a00e-1cd9511c70f8,0.0,0.4,OK
Saia S-Bus PLC,LB121,LB121.P20.LA,LB121.P20 *1A LB12:1-P20 Driftfel,AlarmMinor,HVAC,Virtual Room,Virtual Room,PLAN 4,b38c35eb-53c4-4502-b40a-b0bcf5ed3377,e8f4a8c5-d387-4b2f-a00e-1cd9511c70f8,0.0,0.4,OK
Saia S-Bus PLC,LB121,LB121.P20.SD,LB121.P20 Du6 Start av cirkpump,State,HVAC,Virtual Room,Virtual Room,PLAN 4,e8a46531-bc04-4f8e-b769-7740911c398d,e8f4a8c5-d387-4b2f-a00e-1cd9511c70f8,1.0,0.4,OK
Saia S-Bus PLC,LB121,LB121.P20.VT,LB121.P20 *104 Driftstatus,State,HVAC,Virtual Room,Virtual Room,PLAN 4,f9b59bd6-6d41-4bc9-803a-e75223aa6b8c,e8f4a8c5-d387-4b2f-a00e-1cd9511c70f8,0.1,0.4,OK
Saia S-Bus PLC,LB121,LB121.RAMP.TI,LB121.RAMP *0 Rampbox för I-tiden,State,HVAC,Virtual Room,Virtual Room,PLAN 4,25f08485-5169-4387-9901-96684f5c0963,1e9f79e4-01bf-42a1-a27a-4198f43d0e8b,0.5,0.4,OK
Saia S-Bus PLC,LB121,LB121.REG.VT,LB121.REG *110 Talar om vilken sekvens agg. är i,State,HVAC,Virtual Room,Virtual Room,PLAN 4,22b772a5-3e1b-4a55-b4b4-125d27baf576,1dedd2be-6879-42c7-a911-7ee06a0f2480,0.0,0.4,OK
Saia S-Bus PLC,LB121,LB121.SV20.HAA,LB121.SV20 Handstyrning aktiv analog,State,HVAC,Virtual Room,Virtual Room,PLAN 4,65b153ce-a26c-455d-bf83-45578726527a,cdfec4d1-6df0-4bfc-ad77-fd510ef9aace,0.0,0.4,OK
Saia S-Bus PLC,LB121,LB121.SV20.SA,LB121.SV20 Au3:2 Styrsignal ställdon,ValvePosition,HVAC,Virtual Room,Virtual Room,PLAN 4,a7740ed7-dd44-49b6-bf84-0269ad0739ec,cdfec4d1-6df0-4bfc-ad77-fd510ef9aace,0.0,0.4,OK
Saia S-Bus PLC,LB121,LB121.SV30.HAA,LB121.SV30 Handstyrning aktiv analog,State,HVAC,Virtual Room,Virtual Room,PLAN 4,1d788c80-e214-4fb5-977a-43196e63a444,b5fec9b8-aaa8-4bb1-bc5a-e69a7df24475,0.0,0.4,OK
Saia S-Bus PLC,LB121,LB121.SV30.SA,LB121.SV30 Au3:3 Styrsignal ställdon,ValvePosition,HVAC,Virtual Room,Virtual Room,PLAN 4,0caf8198-8057-4f44-a80d-7de076cf48b1,b5fec9b8-aaa8-4bb1-bc5a-e69a7df24475,0.0,0.4,OK
Saia S-Bus PLC,LB121,LB121.TF1.DI,LB121.TF1 Driftinikering via flöde,State,SupplyAir,Virtual Room,Virtual Room,PLAN 4,11a4d412-1355-479f-8303-e4afc39da280,9229e48b-33cc-4e7c-b3a1-79d620bf1f29,0.0,0.4,OK
Saia S-Bus PLC,LB121,LB121.TF1.LA,LB121.TF1 *1B LB12:1-TF1 Driftfel,AlarmMinor,SupplyAir,Virtual Room,Virtual Room,PLAN 4,53b00b68-9c7a-4097-ac33-2742d5a6b6db,9229e48b-33cc-4e7c-b3a1-79d620bf1f29,0.0,0.4,OK
Saia S-Bus PLC,LB121,LB121.TF1.VT,LB121.TF1 *104 Driftstatus,State,SupplyAir,Virtual Room,Virtual Room,PLAN 4,58dd2a0a-cb89-46c1-8f54-6a6d1c489094,9229e48b-33cc-4e7c-b3a1-79d620bf1f29,0.0,0.4,OK
Saia S-Bus PLC,LB121,LB121.TIDK1.HAD,LB121.TIDK1 Handstyrning aktiv digital,State,HVAC,Virtual Room,Virtual Room,PLAN 4,5a63c93e-750e-4196-96e7-d61c26872bb1,7d71d68d-7490-41a5-ace1-3a281af1f698,0.0,0.4,OK
Saia S-Bus PLC,LB121,LB121.UV40.DI,LB121.UV40 Di4 Summalarm omriktare,State,HVAC,Virtual Room,Virtual Room,PLAN 4,61f66efb-c2bb-484e-bf52-b4f01f8c8f47,bcdd0d83-7ce8-4531-86f9-cb98c9b20261,0.0,0.4,OK
Saia S-Bus PLC,LB121,LB121.UV40.HAA,LB121.UV40 Handstyrning analog aktiv,State,HVAC,Virtual Room,Virtual Room,PLAN 4,5e587cba-de57-4eec-9fbc-907a8d5ce38c,bcdd0d83-7ce8-4531-86f9-cb98c9b20261,0.0,0.4,OK
Saia S-Bus PLC,LB121,LB121.UV40.HAD,LB121.UV40 Handstyrning digital aktiv,State,HVAC,Virtual Room,Virtual Room,PLAN 4,59d5a6e4-3a7b-41eb-9f7c-6cdad6b81fb2,bcdd0d83-7ce8-4531-86f9-cb98c9b20261,0.0,0.4,OK
Saia S-Bus PLC,LB121,LB121.UV40.LA,LB121.UV40 *1B LB12:1-UV40 Summalarm,AlarmMajor,HVAC,Virtual Room,Virtual Room,PLAN 4,c767a559-da68-4519-a30d-3d795469a6ae,bcdd0d83-7ce8-4531-86f9-cb98c9b20261,0.0,0.4,OK
Saia S-Bus PLC,LB121,LB121.UV40.SA,LB121.UV40 Au3:0 Styrsignal frekvensomriktare,ValvePosition,HVAC,Virtual Room,Virtual Room,PLAN 4,8e706ac0-150f-4810-827d-d06259aa0841,bcdd0d83-7ce8-4531-86f9-cb98c9b20261,0.0,0.4,OK
Saia S-Bus PLC,LB121,LB121.UV40.SD,LB121.UV40 Du6 Start av tilluftsfläkt via omriktare,State,SupplyAir,Virtual Room,Virtual Room,PLAN 4,fd0e9b52-1c72-4b2a-8422-90ea39b59379,bcdd0d83-7ce8-4531-86f9-cb98c9b20261,0.0,0.4,OK
Saia S-Bus PLC,LB121,LB121.VARM.TI,LB121.VARM I-tiden,State,HVAC,Virtual Room,Virtual Room,PLAN 4,8dd1605a-6cca-41be-9ae4-d0917f56f294,e8385f82-d005-47c5-a310-d211eb9c5f5a,60.0,0.4,OK
Saia S-Bus PLC,LB121,LB121.VARMH.TI,LB121.VARMH I-tiden,State,HVAC,Virtual Room,Virtual Room,PLAN 4,8f61f1a6-f4a0-4f25-bac3-37641ef7e91f,c63e2df1-dcc9-4b39-88b5-7ea209866e90,60.0,0.4,OK
Saia S-Bus PLC,LB122,LB122.BRANDDR.SD,LB122.BRANDDR Du6 Aggregat i branddrift,State,HVAC,Virtual Room,Virtual Room,PLAN 4,62c448d7-bbdb-4f7d-8d6d-a8deb4965db3,433eb86f-d8d3-4a84-896a-3830bd025f96,0.0,0.4,OK
Saia S-Bus PLC,LB122,LB122.CGX40.SLA,LB122.CGX40 *1B LB12:2-CGX40 Servicelarm,AlarmMinor,HVAC,Virtual Room,Virtual Room,PLAN 4,25547aed-ad7e-4bf4-9138-68adeea9ff73,6cce9892-f65a-4466-a9a2-cc5f878ba36e,0.0,0.4,OK
Saia S-Bus PLC,LB122,LB122.DRIFT.VT,LB122.DRIFT *111 Driftstatus på aggregat,State,HVAC,Virtual Room,Virtual Room,PLAN 4,7919bdd7-0cb1-4c1f-8ecf-1c77083d7817,337b58b6-b1c2-4719-ba0d-33e7829ca8ba,0.0,0.4,OK
Saia S-Bus PLC,LB122,LB122.GF40.PV,LB122.GF40 Luftflöde TF1 (l/s),Flow,HVAC,Virtual Room,Virtual Room,PLAN 4,1ea40949-caeb-4ed0-85c7-c3f611d40059,82336cda-2103-4eff-bd59-952bedc07959,91.4,0.4,OK
Saia S-Bus PLC,LB122,LB122.GP10.PV,LB122.GP10 Ai2:0 Tryckgivare tilluftsfilter,Pressure,SupplyAir,Virtual Room,Virtual Room,PLAN 4,8a33a7dd-cb32-4979-90d6-1323fb690028,3bc7780f-96b6-4c96-b9ab-f9e76a02e58c,5.9,0.4,OK
Saia S-Bus PLC,LB122,LB122.GP40.BVLA,LB122.GP40 *1B LB12:2-GP40 Börvärdeavvikelse,AlarmMinor,HVAC,Virtual Room,Virtual Room,PLAN 4,03851060-93e0-4f38-98be-afa425751bde,30f0f5fc-9e31-46c5-b983-291b657a34d3,0.0,0.4,OK
Saia S-Bus PLC,LB122,LB122.GP40.PV,LB122.GP40 Ai2:1 Tryckgivare tilluft (0-500Pa = 0-10V),Pressure,SupplyAir,Virtual Room,Virtual Room,PLAN 4,cac6b099-c442-43d5-a4dd-e9176a0aadcd,30f0f5fc-9e31-46c5-b983-291b657a34d3,12.1,0.4,OK
Saia S-Bus PLC,LB122,LB122.GP40.RPM,LB122.GP40 *0 Pi-regulator tryckreg.,CapabilityTypeParameter,HVAC,Virtual Room,Virtual Room,PLAN 4,01b53f4c-596b-43c6-9d30-69cb9cbde1a6,30f0f5fc-9e31-46c5-b983-291b657a34d3,0.0,0.4,OK
Saia S-Bus PLC,LB122,LB122.GP40.TI,LB122.GP40 I-tiden,State,HVAC,Virtual Room,Virtual Room,PLAN 4,85c310bb-2a1a-4e9a-b80b-259a446daf4b,30f0f5fc-9e31-46c5-b983-291b657a34d3,20.0,0.4,OK
Saia S-Bus PLC,LB122,LB122.GT10.LA,LB122.GT10 *1B LB12:2-GT10 Givarfel,AlarmMinor,HVAC,Virtual Room,Virtual Room,PLAN 4,cb8405d6-e8b6-4242-8fc4-f091a90d8d90,428f156e-5cbf-4fae-9738-35035aaabd0d,0.0,0.4,OK
Saia S-Bus PLC,LB122,LB122.GT10.PV,LB122.GT10 Ti1 Tempgivare Uteluft,Temperature,OutdoorAir,Virtual Room,Virtual Room,PLAN 4,3831ce9d-48b7-462d-b5ce-6ba0840ef842,428f156e-5cbf-4fae-9738-35035aaabd0d,22.3,0.4,OK
Saia S-Bus PLC,LB122,LB122.GT40.BVLA,LB122.GT40 *1B LB12:2-GT40 Börvärdeavvikelse,AlarmMinor,HVAC,Virtual Room,Virtual Room,PLAN 4,44d19b36-caae-420f-bf54-3ce1d855dd75,9f0e21b5-70c5-4da5-8a68-9e2d740755d4,0.0,0.4,OK
Saia S-Bus PLC,LB122,LB122.GT40.LA,LB122.GT40 *1B LB12:2-GT40 Givarfel,AlarmMinor,HVAC,Virtual Room,Virtual Room,PLAN 4,363f0531-81b4-446b-b691-2dddb398b84a,9f0e21b5-70c5-4da5-8a68-9e2d740755d4,0.0,0.4,OK
Saia S-Bus PLC,LB122,LB122.GT40.PV,LB122.GT40 Ti1:1 Tempgivare Tilluft,Temperature,SupplyAir,Virtual Room,Virtual Room,PLAN 4,c3fdd37e-55ea-43ed-9a3c-a5539c107c29,9f0e21b5-70c5-4da5-8a68-9e2d740755d4,24.5,0.4,OK
Saia S-Bus PLC,LB122,LB122.GT40.RPM,LB122.GT40 *0 Pi-regulator tempreg.,CapabilityTypeParameter,HVAC,Virtual Room,Virtual Room,PLAN 4,b7535b26-9c72-41f8-9dc6-d23d072a2b4a,9f0e21b5-70c5-4da5-8a68-9e2d740755d4,0.0,0.4,OK
Saia S-Bus PLC,LB122,LB122.GT50.BVLA,LB122.GT50 *1B LB12:2-GT50 Börvärdeavvikelse,AlarmMinor,HVAC,Virtual Room,Virtual Room,PLAN 4,25a12f8b-da02-431f-b086-2686c30757e5,396acde0-95f5-4328-9183-5f4113e6c1b8,0.0,0.4,OK
Saia S-Bus PLC,LB122,LB122.GT50.LA,LB122.GT50 *1B LB12:2-GT50 Givarfel,AlarmMinor,HVAC,Virtual Room,Virtual Room,PLAN 4,856c8839-1360-4187-94c4-5ba63ff0dc05,396acde0-95f5-4328-9183-5f4113e6c1b8,0.0,0.4,OK
Saia S-Bus PLC,LB122,LB122.GT50.PV,LB122.GT50 Ti1 Tempgivare rum,Temperature,IndoorAir,Virtual Room,Virtual Room,PLAN 4,da4039d3-e736-4cef-82ea-35c74a28f3b8,396acde0-95f5-4328-9183-5f4113e6c1b8,23.5,0.4,OK
Saia S-Bus PLC,LB122,LB122.GT50.RPM,LB122.GT50 *0 Pi-regulator tempreg.,CapabilityTypeParameter,HVAC,Virtual Room,Virtual Room,PLAN 4,6bc651b6-1614-4eb7-92bd-e864aaba0a84,396acde0-95f5-4328-9183-5f4113e6c1b8,22.0,0.4,OK
Saia S-Bus PLC,LB122,LB122.GT50.TI,LB122.GT50 I-tiden,State,HVAC,Virtual Room,Virtual Room,PLAN 4,cd8a1d2e-61a1-48c2-8e77-0cccf1b95836,396acde0-95f5-4328-9183-5f4113e6c1b8,80.0,0.4,OK
Saia S-Bus PLC,LB122,LB122.GT80.BV,LB122.GT80 Börvärde varmhållning,CapabilityTypeSetpoint,HVAC,Virtual Room,Virtual Room,PLAN 4,0a26a95b-3b02-45f8-893f-5a728ffd1510,bf433dd4-4a50-4404-b8ed-a7fc8bdf4d70,15.0,0.4,OK
Saia S-Bus PLC,LB122,LB122.GT80.LA,LB122.GT80 *1B LB12:2-GT80 Givarfel,AlarmMinor,HVAC,Virtual Room,Virtual Room,PLAN 4,cba2ef43-4b4e-4250-9509-e0a519b86856,bf433dd4-4a50-4404-b8ed-a7fc8bdf4d70,0.0,0.4,OK
Saia S-Bus PLC,LB122,LB122.GT80.PV,LB122.GT80 Ti1 Tempgivare Frysskydd,Temperature,HVAC,Virtual Room,Virtual Room,PLAN 4,3343222e-9f5f-4de2-952d-461ec52b68e0,bf433dd4-4a50-4404-b8ed-a7fc8bdf4d70,36.2,0.4,OK
Saia S-Bus PLC,LB122,LB122.KYL.TI,LB122.KYL I-tiden,State,HVAC,Virtual Room,Virtual Room,PLAN 4,0ccbfc4d-e819-479f-9adb-50c04bade5d7,d5a76a2e-0d29-40c0-97ad-2095bde20f87,60.0,0.4,OK
Saia S-Bus PLC,LB122,LB122.MS1.DI,LB122.MS1 Di4 Serviceomkopplare,State,HVAC,Virtual Room,Virtual Room,PLAN 4,73f9e330-c3c6-4fad-8f9f-6944ec3ee8e9,5e316f5e-ab18-4fd8-8fff-b5d603b8027d,0.0,0.4,OK
Saia S-Bus PLC,LB122,LB122.MS1.LA,LB122.MS1 *1B LB12:2-MS1 Aggregat i serviceläge,AlarmMinor,HVAC,Virtual Room,Virtual Room,PLAN 4,3a183e07-66d4-4153-8f5b-3aade3d494eb,5e316f5e-ab18-4fd8-8fff-b5d603b8027d,0.0,0.4,OK
Saia S-Bus PLC,LB122,LB122.P20.DI,LB122.P20 Di4 Driftsvar cirkpump,State,HVAC,Virtual Room,Virtual Room,PLAN 4,5ce6d27c-33bc-444c-8a27-fbf3f464e51e,5c10e616-43be-40ce-b12b-5489100a7307,1.0,0.4,OK
Saia S-Bus PLC,LB122,LB122.P20.HAD,LB122.P20 Handstyrning aktiv digital,State,HVAC,Virtual Room,Virtual Room,PLAN 4,1dcca153-b304-40a3-97f2-7ec4a378f1cc,5c10e616-43be-40ce-b12b-5489100a7307,0.0,0.4,OK
Saia S-Bus PLC,LB122,LB122.P20.LA,LB122.P20 *1A LB12:2-P20 Driftfel,AlarmMinor,HVAC,Virtual Room,Virtual Room,PLAN 4,c163c0a7-17d8-4775-8721-1cd8cafc61b6,5c10e616-43be-40ce-b12b-5489100a7307,0.0,0.4,OK
Saia S-Bus PLC,LB122,LB122.P20.SD,LB122.P20 Du6 Start av cirkpump,State,HVAC,Virtual Room,Virtual Room,PLAN 4,927d5c35-8deb-47a7-ba0f-52f381e31887,5c10e616-43be-40ce-b12b-5489100a7307,1.0,0.4,OK
Saia S-Bus PLC,LB122,LB122.P20.VT,LB122.P20 *104 Driftstatus,State,HVAC,Virtual Room,Virtual Room,PLAN 4,3f530468-e4f3-412d-80e9-2e0b8aa1b0a9,5c10e616-43be-40ce-b12b-5489100a7307,0.1,0.4,OK
Saia S-Bus PLC,LB122,LB122.RAMP.TI,LB122.RAMP *0 Rampbox för I-tiden,State,HVAC,Virtual Room,Virtual Room,PLAN 4,775da77d-84c6-4f28-9e92-5d3bb700fd2a,10a1c16c-1c78-48d2-b886-a4e2c0f43e59,0.5,0.4,OK
Saia S-Bus PLC,LB122,LB122.REG.VT,LB122.REG *110 Talar om vilken sekvens agg. är i,State,HVAC,Virtual Room,Virtual Room,PLAN 4,37da2375-3c04-43dd-bf61-23d438c017a5,da1bb649-6a55-44df-8d97-d51323ce07ff,0.0,0.4,OK
Saia S-Bus PLC,LB122,LB122.SV20.HAA,LB122.SV20 Handstyrning aktiv analog,State,HVAC,Virtual Room,Virtual Room,PLAN 4,f97bc316-70c6-40fa-853f-1581c6a4758b,42095ea5-d69f-41ed-b4d1-066ccf4ab387,0.0,0.4,OK
Saia S-Bus PLC,LB122,LB122.SV20.SA,LB122.SV20 Au3:2 Styrsignal ställdon,ValvePosition,HVAC,Virtual Room,Virtual Room,PLAN 4,bf2f6da5-4ed4-4593-b9fa-d316d4c7c3c9,42095ea5-d69f-41ed-b4d1-066ccf4ab387,0.0,0.4,OK
Saia S-Bus PLC,LB122,LB122.SV30.HAA,LB122.SV30 Handstyrning aktiv analog,State,HVAC,Virtual Room,Virtual Room,PLAN 4,33f50d2a-c273-4121-bb92-143b25ff182f,9b9602a3-8d01-4ba9-8f1a-fb22e7dac000,0.0,0.4,OK
Saia S-Bus PLC,LB122,LB122.SV30.SA,LB122.SV30 Au3:3 Styrsignal ställdon,ValvePosition,HVAC,Virtual Room,Virtual Room,PLAN 4,42657928-6a4c-493b-8cdb-f31ea8f62164,9b9602a3-8d01-4ba9-8f1a-fb22e7dac000,0.0,0.4,OK
Saia S-Bus PLC,LB122,LB122.TF1.DI,LB122.TF1 Driftinikering via flöde,State,SupplyAir,Virtual Room,Virtual Room,PLAN 4,b7a5466a-52e3-4afa-8d94-ac62a885a6e5,365cc3cd-9337-45ce-91eb-ce685dbb3d88,0.0,0.4,OK
Saia S-Bus PLC,LB122,LB122.TF1.LA,LB122.TF1 *1B LB12:2-TF1 Driftfel,AlarmMinor,SupplyAir,Virtual Room,Virtual Room,PLAN 4,28f0ccd1-e278-4f68-ade0-d564d8384b83,365cc3cd-9337-45ce-91eb-ce685dbb3d88,0.0,0.4,OK
Saia S-Bus PLC,LB122,LB122.TF1.VT,LB122.TF1 *104 Driftstatus,State,SupplyAir,Virtual Room,Virtual Room,PLAN 4,dae89653-efa0-4cfa-8cae-9a8c923235dd,365cc3cd-9337-45ce-91eb-ce685dbb3d88,0.0,0.4,OK
Saia S-Bus PLC,LB122,LB122.TIDK1.HAD,LB122.TIDK1 Handstyrning aktiv digital,State,HVAC,Virtual Room,Virtual Room,PLAN 4,01313d2c-35e7-48a4-abee-80867d2685f1,f3fb46ee-39c0-42ae-9923-67872046964c,0.0,0.4,OK
Saia S-Bus PLC,LB122,LB122.UV40.DI,LB122.UV40 Di4 Summalarm omriktare,State,HVAC,Virtual Room,Virtual Room,PLAN 4,50352fda-7f97-488a-851f-6b83d6cb06f0,2d5682ee-3238-492c-8d0f-2aa8f89321ae,1.0,0.4,OK
Saia S-Bus PLC,LB122,LB122.UV40.HAA,LB122.UV40 Handstyrning analog aktiv,State,HVAC,Virtual Room,Virtual Room,PLAN 4,becc18f6-715c-4c16-85b6-314d2728e616,2d5682ee-3238-492c-8d0f-2aa8f89321ae,0.0,0.4,OK
Saia S-Bus PLC,LB122,LB122.UV40.HAD,LB122.UV40 Handstyrning digital aktiv,State,HVAC,Virtual Room,Virtual Room,PLAN 4,5360294d-5761-4c54-b95f-1149164c9b9d,2d5682ee-3238-492c-8d0f-2aa8f89321ae,0.0,0.4,OK
Saia S-Bus PLC,LB122,LB122.UV40.LA,LB122.UV40 *1B LB12:2-UV40 Summalarm,AlarmMajor,HVAC,Virtual Room,Virtual Room,PLAN 4,ce1c7985-212a-4de1-97ac-c9f75f22f51c,2d5682ee-3238-492c-8d0f-2aa8f89321ae,0.0,0.4,OK
Saia S-Bus PLC,LB122,LB122.UV40.SA,LB122.UV40 Au3:0 Styrsignal frekvensomriktare,ValvePosition,HVAC,Virtual Room,Virtual Room,PLAN 4,15bee330-bbab-440f-b6c8-9a2caebe0dd4,2d5682ee-3238-492c-8d0f-2aa8f89321ae,0.0,0.4,OK
Saia S-Bus PLC,LB122,LB122.UV40.SD,LB122.UV40 Du6 Start av tilluftsfläkt via omriktare,State,SupplyAir,Virtual Room,Virtual Room,PLAN 4,5ea76032-a4cc-4c7a-80fa-8b3cb6de0ae6,2d5682ee-3238-492c-8d0f-2aa8f89321ae,0.0,0.4,OK
Saia S-Bus PLC,LB122,LB122.VARM.TI,LB122.VARM I-tiden,State,HVAC,Virtual Room,Virtual Room,PLAN 4,e122f7bb-f0ef-422c-8ed8-15b8b5ab1e66,831b50c6-66bd-4816-be8e-76e31d822bf6,90.0,0.4,OK
Saia S-Bus PLC,LB122,LB122.VARMH.TI,LB122.VARMH I-tiden,State,HVAC,Virtual Room,Virtual Room,PLAN 4,448744a8-7918-48e3-8c20-f6d19add573c,5ae1e897-6e95-476e-82ef-ef4769abafd2,80.0,0.4,OK
Saia S-Bus PLC,LB203,LB203.GP61.BV,LB203.GP61 Börvärde i frånluftskanal,CapabilityTypeSetpoint,ExtractAir,Virtual Room,Virtual Room,PLAN 4,ba6420d0-f19c-45f8-a187-c63e9514e8d9,56e587eb-e9dc-41fb-96c5-8156a64ca67e,170.0,0.4,OK
Saia S-Bus PLC,LB203,LB203.GP61.BVLA,LB203.GP61 *1B Börvärdesavvikelse,AlarmMinor,HVAC,Virtual Room,Virtual Room,PLAN 4,a52924ec-d3a3-4ac1-b4f2-c1cfe4fdd27e,56e587eb-e9dc-41fb-96c5-8156a64ca67e,0.0,0.4,OK
Saia S-Bus PLC,LB203,LB203.GP61.PV,LB203.GP61 Tryckgivare frånluft (0-500Pa = 0-10V),Pressure,ExtractAir,Virtual Room,Virtual Room,PLAN 4,b5cedbd3-0094-48f3-8b86-5a5bb6475388,56e587eb-e9dc-41fb-96c5-8156a64ca67e,171.5,0.4,OK
Saia S-Bus PLC,LB203,LB203.GP61.RPM,LB203.GP61 *0 Pi-regulator tryckreg.,CapabilityTypeParameter,HVAC,Virtual Room,Virtual Room,PLAN 4,b9f3b438-fc39-4dda-80b6-ab0e5acd48aa,56e587eb-e9dc-41fb-96c5-8156a64ca67e,0.0,0.4,OK
Saia S-Bus PLC,LB203,LB203.GP61.TI,LB203.GP61 I-tiden,State,HVAC,Virtual Room,Virtual Room,PLAN 4,043fabed-9051-4aea-9821-72092f4baf7a,56e587eb-e9dc-41fb-96c5-8156a64ca67e,20.0,0.4,OK
Saia S-Bus PLC,LB203,LB203.UV60.HAA,LB203.UV60 Handstyrning analog aktiv,State,HVAC,Virtual Room,Virtual Room,PLAN 4,a3a3c3fe-a805-4458-9d44-d519fdbe35ee,5a1c0265-84ed-46b8-b254-a97bef22b86a,0.0,0.4,OK
Saia S-Bus PLC,LB203,LB203.UV60.SA,LB203.UV60 Styrsignal frekvensomformare,ValvePosition,HVAC,Virtual Room,Virtual Room,PLAN 4,d0faf1fe-af9f-4095-a7f7-8be23b5fb140,5a1c0265-84ed-46b8-b254-a97bef22b86a,80.0,0.4,OK
Saia S-Bus PLC,LB203_FF1,LB203_FF1.ST62.SLA,LB203_FF1.ST62 *1B Larm Spjäll stänger ej.,AlarmMinor,HVAC,Virtual Room,Virtual Room,PLAN 4,5e59c1bb-ec3b-4cb7-97bd-1702e33c4885,e308e35d-6ba0-4bad-89ef-8986301d1550,0.0,0.3,OK
Saia S-Bus PLC,LB203_FF1,LB203_FF1.ST62.VT,LB203_FF1.ST62 *104 Driftstatus,State,HVAC,Virtual Room,Virtual Room,PLAN 4,6053a70a-81c3-46b4-8cd8-49de37c24c46,e308e35d-6ba0-4bad-89ef-8986301d1550,0.1,0.3,OK
Saia S-Bus PLC,LB203_FF1,LB203_FF1.ST62_63.HAD,LB203_FF1.ST62_63 Handstyrning aktiv digital,State,HVAC,Virtual Room,Virtual Room,PLAN 4,5b7ffa36-2a7c-4167-a9f7-3eb2ae8c002e,44bb336a-0e85-41c2-83d1-e2db08ff5e0b,0.0,0.3,OK
Saia S-Bus PLC,LB203_FF1,LB203_FF1.ST62_63.MOT.DI,LB203_FF1.ST62_63.MOT Signal för motioneringen,State,HVAC,Virtual Room,Virtual Room,PLAN 4,4cdb6227-807a-4e02-96ca-851dac83517c,1f9f8fdf-aa93-4eb3-aace-62a599b48679,0.0,0.3,OK
Saia S-Bus PLC,LB203_FF1,LB203_FF1.ST62_63.SD,LB203_FF1.ST62_63 Styrning Spjäll,State,HVAC,Virtual Room,Virtual Room,PLAN 4,2b68e8ed-4c97-4cd8-9980-aff031191634,44bb336a-0e85-41c2-83d1-e2db08ff5e0b,1.0,0.5,OK
Saia S-Bus PLC,LB203_FF1,LB203_FF1.ST63.SLA,LB203_FF1.ST63 *1B Larm Spjäll stänger ej.,AlarmMinor,HVAC,Virtual Room,Virtual Room,PLAN 4,a363d3ac-29b7-422b-b7b1-96d8d203866f,bd013bde-5e8f-44f3-a54d-e186bec323e9,0.0,0.5,OK
Saia S-Bus PLC,LB203_FF1,LB203_FF1.ST63.VT,LB203_FF1.ST63 *104 Driftstatus,State,HVAC,Virtual Room,Virtual Room,PLAN 4,21ead2f1-c5f9-44c6-9079-e7c73609eb88,bd013bde-5e8f-44f3-a54d-e186bec323e9,0.1,0.3,OK
Saia S-Bus PLC,LB32,LB32.GF40.PV,LB32.GF40 Luftflöde TF1:1 (l/s),Flow,HVAC,Virtual Room,Virtual Room,PLAN 4,c6900c6c-4028-4384-bda1-943bc52e6015,30e26fe3-777e-419a-8911-6b3e8a3948a3,3652.5,0.3,OK
Saia S-Bus PLC,LB32,LB32.GF41.PV,LB32.GF41 Luftflöde TF1:2 (l/s),Flow,HVAC,Virtual Room,Virtual Room,PLAN 4,8c73dab2-5812-45cb-8c7a-72a9113cf46a,c54dcf33-20da-44af-8e2b-1957303e281a,3793.0,0.5,OK
Saia S-Bus PLC,LB32,LB32.GQ41.PV,LB32.GQ41 Givare CO2 tilluft,CO2,SupplyAir,Virtual Room,Virtual Room,PLAN 4,56081a8c-9450-422c-ac73-d2f98ea578a3,4fa908fd-7e59-4c98-8981-73c19b2de670,446.2,0.3,OK
Saia S-Bus PLC,LB32,LB32.GT50.BV,LB32.GT50 Börvärde rumsreglering,CapabilityTypeSetpoint,IndoorAir,Virtual Room,Virtual Room,PLAN 4,879e30b5-9ceb-48a1-a67d-3e03a7203075,12869be2-296a-4a7b-a4d3-7cfb899308db,20.0,0.3,OK
Saia S-Bus PLC,LB32,LB32.P20.HAD,LB32.P20 Handstyrning aktiv digital,State,HVAC,Virtual Room,Virtual Room,PLAN 4,6c653897-adee-4935-b670-6a656909fe49,f64851a0-dcad-471d-addb-4908d668b0c9,0.0,0.5,OK
Saia S-Bus PLC,LB32,LB32.P20.VT,LB32.P20 *104 Driftstatus,State,HVAC,Virtual Room,Virtual Room,PLAN 4,49619019-5b58-41c1-a57b-16eff2f31249,f64851a0-dcad-471d-addb-4908d668b0c9,0.0,0.5,OK
Saia S-Bus PLC,LB32,LB32.ST10.HAA,LB32.ST10 Handstyrning aktiv analog,State,HVAC,Virtual Room,Virtual Room,PLAN 4,66f7a337-c198-439a-b20c-d6a5c442576f,a2f9fa2d-0de0-4f99-b4fa-bf942d9c0289,0.0,0.3,OK
Saia S-Bus PLC,LB32,LB32.ST60.BV,LB32.ST60 Börvärde ST60,CapabilityTypeSetpoint,HVAC,Virtual Room,Virtual Room,PLAN 4,8988040c-e363-4b1e-a9d2-2051a59036e6,8a87579e-5fc5-4371-9f3c-afaad3f9afc7,0.0,0.3,OK
Saia S-Bus PLC,LB32,LB32.ST60.HAA,LB32.ST60 Handstyrning aktiv analog,State,HVAC,Virtual Room,Virtual Room,PLAN 4,eab5745f-42a0-4f18-b81e-d1d22959d6da,8a87579e-5fc5-4371-9f3c-afaad3f9afc7,0.0,0.3,OK
Saia S-Bus PLC,LB32,LB32.SV20.HAA,LB32.SV20 Handstyrning aktiv analog,State,HVAC,Virtual Room,Virtual Room,PLAN 4,33843171-0a0c-4418-9f48-1ad0d84330fb,af59225e-5bd1-43fa-ab29-03fe265ee484,0.0,0.5,OK
Saia S-Bus PLC,LB32,LB32.SV30.HAA,LB32.SV30 Handstyrning aktiv analog,State,HVAC,Virtual Room,Virtual Room,PLAN 4,502cb64e-b11f-4685-823c-34f05ae1b2dd,18d744c4-660b-4dbc-acf6-eadd60d9a850,0.0,0.3,OK
Saia S-Bus PLC,LB32,LB32.SV50.HAD,LB32.SV50 Handstyrning aktiv digital,State,HVAC,Virtual Room,Virtual Room,PLAN 4,6818216a-e73c-4cea-b6f6-e498f0d89604,d49d3509-884a-4698-be79-beee1f4937bc,0.0,0.3,OK
Saia S-Bus PLC,LB32,LB32.SV50.VT,LB32.SV50 *104 Driftstatus,State,HVAC,Virtual Room,Virtual Room,PLAN 4,440ede31-cdef-4040-9be5-c0b923cf8cf0,d49d3509-884a-4698-be79-beee1f4937bc,0.0,0.3,OK
Saia S-Bus PLC,LB32,LB32.TF1.HAD,LB32.TF1 Handstyrning aktiv digital,State,SupplyAir,Virtual Room,Virtual Room,PLAN 4,64093710-8387-459d-9a51-dda279a8e4dd,da991d9d-e67d-4060-ad52-d37cdaca26b5,0.0,0.3,OK
Saia S-Bus PLC,LB32,LB32.TF1.VT,LB32.TF1 *104 Driftstatus,State,SupplyAir,Virtual Room,Virtual Room,PLAN 4,cf658780-5d05-4e2d-b4f3-82949dd122c7,da991d9d-e67d-4060-ad52-d37cdaca26b5,0.1,0.3,OK
Saia S-Bus PLC,LB32,LB32.UV40.HAA,LB32.UV40 Handstyrning aktiv analog,State,HVAC,Virtual Room,Virtual Room,PLAN 4,8a3e2e54-7178-4114-ad92-c9b9c34490dd,1eeab72a-9439-4a5f-9773-2bf4a6e974ac,0.0,0.3,OK
Saia S-Bus PLC,LB33,LB33.GF40.PV,LB33.GF40 Luftflöde TF1:1 (l/s),Flow,HVAC,Virtual Room,Virtual Room,PLAN 4,f1ed8376-8e7d-4a0a-8c03-0a93513c696c,cca6c3cb-9ab9-4297-ae10-50f6b949db6f,2296.8,0.4,WARNING
Saia S-Bus PLC,LB33,LB33.GF41.PV,LB33.GF41 Luftflöde TF1:2 (l/s),Flow,HVAC,Virtual Room,Virtual Room,PLAN 4,e11cac85-697b-4ffc-9232-c2d91257780f,1bb402d7-22e1-4cba-8642-8068726f1acc,2069.7,0.4,OK
Saia S-Bus PLC,LB33,LB33.GQ41.PV,LB33.GQ41 Givare CO2 tilluft,CO2,SupplyAir,Virtual Room,Virtual Room,PLAN 4,796bd212-b1d4-4358-88ac-f4fd786b598b,94d0a756-1769-4d57-adbf-d0682024078c,494.9,0.4,OK
Saia S-Bus PLC,LB33,LB33.GT50.BV,LB33.GT50 Börvärde rumsreglering,CapabilityTypeSetpoint,IndoorAir,Virtual Room,Virtual Room,PLAN 4,00a9633c-e8ab-4148-9779-8ec2cd1a1d84,1780ecda-594d-4f5f-bf1c-05bc9d10cee3,23.0,0.4,OK
Saia S-Bus PLC,LB33,LB33.P20.HAD,LB33.P20 Handstyrning aktiv digital,State,HVAC,Virtual Room,Virtual Room,PLAN 4,0dc601b7-b9ee-4c4d-81d8-91db1a018751,614832e0-6cce-462b-a321-f0a1323e0eea,0.0,0.4,OK
Saia S-Bus PLC,LB33,LB33.P20.VT,LB33.P20 *104 Driftstatus,State,HVAC,Virtual Room,Virtual Room,PLAN 4,6ddfd051-d300-4986-862d-5ab45a6ec7b3,614832e0-6cce-462b-a321-f0a1323e0eea,0.1,0.4,ERROR
Saia S-Bus PLC,LB33,LB33.ST10.HAA,LB33.ST10 Handstyrning aktiv analog,State,HVAC,Virtual Room,Virtual Room,PLAN 4,4621523c-b5a2-4d11-82ea-5eb95f318f89,a26e74b1-f995-413b-aa94-216c27658cf9,0.0,0.4,OK
Saia S-Bus PLC,LB33,LB33.ST60.BV,LB33.ST60 Börvärde ST60,CapabilityTypeSetpoint,HVAC,Virtual Room,Virtual Room,PLAN 4,9e3e6569-d6a2-4d83-8bbb-3aa57258e21e,778a0240-e9cd-4dc6-a86a-63eb40d9b8f9,0.0,0.4,OK
Saia S-Bus PLC,LB33,LB33.ST60.HAA,LB33.ST60 Handstyrning aktiv analog,State,HVAC,Virtual Room,Virtual Room,PLAN 4,def3b630-fe4b-4d01-aeb2-2ffa5a5c0a44,778a0240-e9cd-4dc6-a86a-63eb40d9b8f9,0.0,0.4,OK
Saia S-Bus PLC,LB33,LB33.SV20.HAA,LB33.SV20 Handstyrning aktiv analog,State,HVAC,Virtual Room,Virtual Room,PLAN 4,d843d75f-a232-4c42-b498-dd129143bfa3,f182c50b-a223-47ed-91c7-472b15871d45,0.0,0.4,OK
Saia S-Bus PLC,LB33,LB33.SV30.HAA,LB33.SV30 Handstyrning aktiv analog,State,HVAC,Virtual Room,Virtual Room,PLAN 4,8d2b40a3-e79f-425a-9605-095b2aa42c4f,b96bc113-6a58-4c62-b740-185a918460cf,0.0,0.4,OK
Saia S-Bus PLC,LB33,LB33.SV50.HAD,LB33.SV50 Handstyrning aktiv digital,State,HVAC,Virtual Room,Virtual Room,PLAN 4,61f7d08c-efa7-45ed-bad7-c742202bcb1e,fe247f8e-a2aa-44cf-acbe-435cfb300617,0.0,0.4,OK
Saia S-Bus PLC,LB33,LB33.SV50.VT,LB33.SV50 *104 Driftstatus,State,HVAC,Virtual Room,Virtual Room,PLAN 4,d97a7b51-3428-4e32-9ffe-03714e587ef7,fe247f8e-a2aa-44cf-acbe-435cfb300617,0.0,0.4,OK
Saia S-Bus PLC,LB33,LB33.TF1.HAD,LB33.TF1 Handstyrning aktiv digital,State,SupplyAir,Virtual Room,Virtual Room,PLAN 4,36827c48-4b7b-46fd-8751-f6c1f3f6e699,c792606b-f4c3-4265-856c-087641e94709,0.0,0.4,OK
Saia S-Bus PLC,LB33,LB33.TF1.VT,LB33.TF1 *104 Driftstatus,State,SupplyAir,Virtual Room,Virtual Room,PLAN 4,4b222057-cdd6-4217-a88e-f25bba59a271,c792606b-f4c3-4265-856c-087641e94709,0.1,0.4,OK
Saia S-Bus PLC,LB33,LB33.UV40.HAA,LB33.UV40 Handstyrning aktiv analog,State,HVAC,Virtual Room,Virtual Room,PLAN 4,e0e16477-c930-4e32-bb7a-29afc3a8aae9,11766fb6-93c9-42ae-9ae7-4dfb2a4de8b9,0.0,0.4,ERROR
Saia S-Bus PLC,LB42,LB42.GT50.BV,LB42.GT50 Börvärde rumsreglering,CapabilityTypeSetpoint,IndoorAir,Virtual Room,Virtual Room,PLAN 4,a167a38f-d3e4-44c2-9a5c-082d32f12f78,567508b9-14d7-4c12-85b1-12b8e1e05f91,20.0,0.3,OK
Saia S-Bus PLC,LB42,LB42.P20.HAD,LB42.P20 Handstyrning aktiv digital,State,HVAC,Virtual Room,Virtual Room,PLAN 4,da88b8b1-6546-42df-90ef-2a7387842ad8,9e336487-3a26-4954-8800-ed8de80761c1,0.0,0.3,OK
Saia S-Bus PLC,LB42,LB42.P20.VT,LB42.P20 *104 Driftstatus,State,HVAC,Virtual Room,Virtual Room,PLAN 4,579ea368-74d6-489c-8165-1d04bbf5b77b,9e336487-3a26-4954-8800-ed8de80761c1,0.0,0.3,OK
Saia S-Bus PLC,LB42,LB42.ST10.HAA,LB42.ST10 Handstyrning aktiv analog,State,HVAC,Virtual Room,Virtual Room,PLAN 4,aa51ac76-e55e-4673-bc19-7e381a255cf3,695bd61f-685a-4060-a858-63037295b4d2,0.0,0.3,OK
Saia S-Bus PLC,LB42,LB42.ST60.BV,LB42.ST60 Börvärde ST60,CapabilityTypeSetpoint,HVAC,Virtual Room,Virtual Room,PLAN 4,bdd8d63d-c625-40e0-ab99-374f7d4be5f4,c9ca84a2-b688-40ec-b501-f6ece87a43c8,0.0,0.3,OK
Saia S-Bus PLC,LB42,LB42.ST60.HAA,LB42.ST60 Handstyrning aktiv analog,State,HVAC,Virtual Room,Virtual Room,PLAN 4,59bff181-22eb-49ed-91e4-af5d45030046,c9ca84a2-b688-40ec-b501-f6ece87a43c8,0.0,0.3,OK
Saia S-Bus PLC,LB42,LB42.SV20.HAA,LB42.SV20 Handstyrning aktiv analog,State,HVAC,Virtual Room,Virtual Room,PLAN 4,7f9f5666-161e-456c-bba7-68372b16c5ec,c8f5146b-abb4-4d46-a452-53ddad5c8480,0.0,0.3,OK
Saia S-Bus PLC,LB42,LB42.SV30.HAA,LB42.SV30 Handstyrning aktiv analog,State,HVAC,Virtual Room,Virtual Room,PLAN 4,cffd4a18-a756-46ac-a84a-cac90852c149,135eb033-fb18-4297-808a-e2f59e738119,0.0,0.3,OK
Saia S-Bus PLC,LB42,LB42.SV50.HAD,LB42.SV50 Handstyrning aktiv digital,State,HVAC,Virtual Room,Virtual Room,PLAN 4,eb9052f2-ba94-4ee7-b224-59a790bd1d9e,b29f3e54-f049-4d47-8824-5565f7c097f2,0.0,0.3,OK
Saia S-Bus PLC,LB42,LB42.SV50.VT,LB42.SV50 *104 Driftstatus,State,HVAC,Virtual Room,Virtual Room,PLAN 4,7612b907-e186-43f2-8184-5a70bdeca3d6,b29f3e54-f049-4d47-8824-5565f7c097f2,0.0,0.3,OK
Saia S-Bus PLC,LB42,LB42.TF1.HAD,LB42.TF1 Handstyrning aktiv digital,State,SupplyAir,Virtual Room,Virtual Room,PLAN 4,a6e2b055-07ae-4bdb-9da9-15849170e6a6,90626e15-8b3c-4a36-a04c-b21b50e86fec,0.0,0.3,OK
Saia S-Bus PLC,LB42,LB42.TF1.VT,LB42.TF1 *104 Driftstatus,State,SupplyAir,Virtual Room,Virtual Room,PLAN 4,200f44db-80d8-41b0-a806-51a6f6eecaef,90626e15-8b3c-4a36-a04c-b21b50e86fec,0.1,0.3,OK
Saia S-Bus PLC,LB42,LB42.UV40.HAA,LB42.UV40 Handstyrning aktiv analog,State,HVAC,Virtual Room,Virtual Room,PLAN 4,fad213ba-2e39-4b03-89b7-fdc56d63f5ad,65abe7ed-e9c8-43fb-8414-c5520968a25f,0.0,0.3,OK
Saia S-Bus PLC,LB52,LB52.GF40.PV,LB52.GF40 Luftflöde TF1:1 (l/s),Flow,HVAC,Virtual Room,Virtual Room,PLAN 4,f74d8e97-b9db-431a-b70c-d9bc97861f42,7937647c-67fb-41cc-8eff-0e467e2f62d5,2182.0,0.3,OK
Saia S-Bus PLC,LB52,LB52.GF41.PV,LB52.GF41 Luftflöde TF1:2 (l/s),Flow,HVAC,Virtual Room,Virtual Room,PLAN 4,bd515ab3-e410-4847-9a0f-1006a725e681,c22412b3-83e5-4c03-99bd-9811754f88c5,3575.8,0.3,OK
Saia S-Bus PLC,LB52,LB52.GQ41.PV,LB52.GQ41 Givare CO2 tilluft,CO2,SupplyAir,Virtual Room,Virtual Room,PLAN 4,8eb78160-5dc2-4c23-9d4d-8dc816f00bfd,5d268dd6-1928-43f1-9728-81926548c18b,436.4,0.3,OK
Saia S-Bus PLC,LB52,LB52.GT50.BV,LB52.GT50 Börvärde rumsreglering,CapabilityTypeSetpoint,IndoorAir,Virtual Room,Virtual Room,PLAN 4,8b1c92db-892f-4eea-bdce-56942ef80ce3,37673873-bc9b-4372-a2a1-b67ebfb10a36,22.0,0.3,OK
Saia S-Bus PLC,LB52,LB52.P20.HAD,LB52.P20 Handstyrning aktiv digital,State,HVAC,Virtual Room,Virtual Room,PLAN 4,b2c427ea-6e45-426b-9caa-51c9735c8a29,a01f232d-2fe2-4488-b828-0b97eef7f2fb,0.0,0.3,OK
Saia S-Bus PLC,LB52,LB52.P20.VT,LB52.P20 *104 Driftstatus,State,HVAC,Virtual Room,Virtual Room,PLAN 4,4f03cb0d-4680-4ae6-a055-14512f2a1909,a01f232d-2fe2-4488-b828-0b97eef7f2fb,0.0,0.3,OK
Saia S-Bus PLC,LB52,LB52.ST10.HAA,LB52.ST10 Handstyrning aktiv analog,State,HVAC,Virtual Room,Virtual Room,PLAN 4,80dbf88a-429b-41f6-87ed-3356fd37fbfc,8d02d489-4c9d-4bda-afe7-33c3431d2c1d,0.0,0.3,OK
Saia S-Bus PLC,LB52,LB52.ST60.BV,LB52.ST60 Börvärde ST60,CapabilityTypeSetpoint,HVAC,Virtual Room,Virtual Room,PLAN 4,710ee864-f3a1-4eb0-91d3-392fa5bc7fb9,42421977-0282-452c-b536-a37dd4350a1c,0.0,0.3,OK
Saia S-Bus PLC,LB52,LB52.ST60.HAA,LB52.ST60 Handstyrning aktiv analog,State,HVAC,Virtual Room,Virtual Room,PLAN 4,f9c8185b-aa1c-49b4-ad60-33d69c00090f,42421977-0282-452c-b536-a37dd4350a1c,0.0,0.3,OK
Saia S-Bus PLC,LB52,LB52.SV20.HAA,LB52.SV20 Handstyrning aktiv analog,State,HVAC,Virtual Room,Virtual Room,PLAN 4,8ff32563-509f-4878-ab34-266627f718b4,56e49f34-1d3f-48d4-8e69-85df2013acf6,0.0,0.3,OK
Saia S-Bus PLC,LB52,LB52.SV30.HAA,LB52.SV30 Handstyrning aktiv analog,State,HVAC,Virtual Room,Virtual Room,PLAN 4,7999b0bf-dafa-428e-9f35-9b7ff370447d,6cabec6e-83e0-4edf-a602-0dae097dc4a8,0.0,0.3,OK
Saia S-Bus PLC,LB52,LB52.SV50.HAD,LB52.SV50 Handstyrning aktiv digital,State,HVAC,Virtual Room,Virtual Room,PLAN 4,a7c87ad9-a6aa-4083-9c18-f97b3ddad538,1a2ea942-47d3-427f-a9ef-beb7f3afe0bc,0.0,0.3,OK
Saia S-Bus PLC,LB52,LB52.SV50.VT,LB52.SV50 *104 Driftstatus,State,HVAC,Virtual Room,Virtual Room,PLAN 4,8987a663-e5d3-4f2e-893b-98e4a7742b06,1a2ea942-47d3-427f-a9ef-beb7f3afe0bc,0.0,0.3,OK
Saia S-Bus PLC,LB52,LB52.TF1.HAD,LB52.TF1 Handstyrning aktiv digital,State,SupplyAir,Virtual Room,Virtual Room,PLAN 4,6dc9dc18-1b0a-45d5-aa65-3183de66661f,09dba27d-2a62-4840-ab50-5b8b1169bcaa,0.0,0.3,OK
Saia S-Bus PLC,LB52,LB52.TF1.VT,LB52.TF1 *104 Driftstatus,State,SupplyAir,Virtual Room,Virtual Room,PLAN 4,7c5e392e-dc8b-42bd-9d76-7ce5cc823596,09dba27d-2a62-4840-ab50-5b8b1169bcaa,0.1,0.3,OK
Saia S-Bus PLC,LB52,LB52.UV40.HAA,LB52.UV40 Handstyrning aktiv analog,State,HVAC,Virtual Room,Virtual Room,PLAN 4,86f04104-711f-4f8b-8cde-ce54625599a2,c62b248a-fea7-4ac5-bd65-a91adb967e92,0.0,0.3,OK
Saia S-Bus PLC,LB62,LB62.GT50.BV,LB62.GT50 Börvärde rumsreglering,CapabilityTypeSetpoint,IndoorAir,Virtual Room,Virtual Room,PLAN 4,38c8dd09-8dc7-4a82-bf7a-44447d8b4162,0f33c190-6c0c-4f7f-84c5-e0cb2633c023,21.5,0.3,OK
Saia S-Bus PLC,LB62,LB62.P20.HAD,LB62.P20 Handstyrning aktiv digital,State,HVAC,Virtual Room,Virtual Room,PLAN 4,23d46f6a-a422-4f6e-904c-bdd0a72b0d6a,ef13da7a-c85f-47a5-a57c-7741e8be3b9c,0.0,0.3,OK
Saia S-Bus PLC,LB62,LB62.P20.VT,LB62.P20 *104 Driftstatus,State,HVAC,Virtual Room,Virtual Room,PLAN 4,72b811a4-c3c0-48e6-9352-5b0fe54ffb56,ef13da7a-c85f-47a5-a57c-7741e8be3b9c,0.0,0.3,OK
Saia S-Bus PLC,LB62,LB62.ST10.HAA,LB62.ST10 Handstyrning aktiv analog,State,HVAC,Virtual Room,Virtual Room,PLAN 4,17d2048a-278c-4a58-80bf-e2b70005e7b6,d27c0c09-2d58-47f1-8daa-150e935d77ae,0.0,0.3,OK
Saia S-Bus PLC,LB62,LB62.ST60.BV,LB62.ST60 Börvärde ST60,CapabilityTypeSetpoint,HVAC,Virtual Room,Virtual Room,PLAN 4,af3086b7-4e97-400c-9d7f-52e6d87fe18a,3688b67b-a4f3-42e3-b168-09e985d05c3b,0.0,0.3,OK
Saia S-Bus PLC,LB62,LB62.ST60.HAA,LB62.ST60 Handstyrning aktiv analog,State,HVAC,Virtual Room,Virtual Room,PLAN 4,840472df-2a7c-4d3b-bd5b-d746270ab334,3688b67b-a4f3-42e3-b168-09e985d05c3b,0.0,0.3,OK
Saia S-Bus PLC,LB62,LB62.SV20.HAA,LB62.SV20 Handstyrning aktiv analog,State,HVAC,Virtual Room,Virtual Room,PLAN 4,5bcc2bb7-5d41-483a-9bd4-46421de1fb97,20228f69-0161-43f9-8acb-fc98ef58f417,0.0,0.3,OK
Saia S-Bus PLC,LB62,LB62.SV30.HAA,LB62.SV30 Handstyrning aktiv analog,State,HVAC,Virtual Room,Virtual Room,PLAN 4,41673e64-4934-46df-a473-cc898392ca09,6e934f82-1bca-4b80-9222-fea32f0b0613,0.0,0.5,OK
Saia S-Bus PLC,LB62,LB62.SV50.HAD,LB62.SV50 Handstyrning aktiv digital,State,HVAC,Virtual Room,Virtual Room,PLAN 4,cc68f409-5c34-42b1-a1de-346520060f3c,15892ab8-1655-4e78-8dc2-3973fdceca9e,0.0,0.3,OK
Saia S-Bus PLC,LB62,LB62.SV50.VT,LB62.SV50 *104 Driftstatus,State,HVAC,Virtual Room,Virtual Room,PLAN 4,34a90a2a-a1e4-4459-a7bb-3a7b830b2056,15892ab8-1655-4e78-8dc2-3973fdceca9e,0.0,0.3,OK
Saia S-Bus PLC,LB62,LB62.TF1.HAD,LB62.TF1 Handstyrning aktiv digital,State,SupplyAir,Virtual Room,Virtual Room,PLAN 4,aa193fe2-d2de-45f0-9cfa-cc65f25a1abb,082bcc17-9d18-4282-8837-6ab252ab0dea,0.0,0.3,OK
Saia S-Bus PLC,LB62,LB62.TF1.VT,LB62.TF1 *104 Driftstatus,State,SupplyAir,Virtual Room,Virtual Room,PLAN 4,c3c5a235-e2a4-4eb8-8862-193f252cdb6a,082bcc17-9d18-4282-8837-6ab252ab0dea,0.1,0.3,OK
Saia S-Bus PLC,LB62,LB62.UV40.HAA,LB62.UV40 Handstyrning aktiv analog,State,HVAC,Virtual Room,Virtual Room,PLAN 4,edfd7dec-c4f6-4adb-8b2c-684de4ef4f15,4f45deda-e240-416b-a213-5d02d87e2288,0.0,0.5,OK
Saia S-Bus PLC,LB72_2,LB72_2.BRAND.DI,LB72_2.BRAND *0 Intern,State,HVAC,Virtual Room,Virtual Room,PLAN 4,34e47a36-5c00-4d7e-835b-6a1b0341b4bb,65389e64-2907-4a80-8782-dca180698517,0.0,0.4,OK
Saia S-Bus PLC,LB72_2,LB72_2.CGX.SLA,LB72_2.CGX *1B LB72:2-CGX Servicelarm,AlarmMinor,HVAC,Virtual Room,Virtual Room,PLAN 4,c0683b08-336c-4ab6-b4df-9a545a4ced12,82c81df7-e9d1-40ae-9b06-dc9ab6d864d6,0.0,0.4,OK
Saia S-Bus PLC,LB72_2,LB72_2.DRIFT.VT,LB72_2.DRIFT *111 Driftstatus på aggregat,State,HVAC,Virtual Room,Virtual Room,PLAN 4,1180c46b-6da7-49c4-aa0e-4da945d6d3b2,75031e70-6f57-4001-92a4-6ff29360d24e,0.2,0.4,OK
Saia S-Bus PLC,LB72_2,LB72_2.FF1.DI,LB72_2.FF1 Driftinikering via flöde,State,ExtractAir,Virtual Room,Virtual Room,PLAN 4,1a7175ef-e868-4dbc-8369-d2af7eadb8cb,80c32248-f558-4819-b36b-6f13cca151f7,1.0,0.4,OK
Saia S-Bus PLC,LB72_2,LB72_2.FF1.LA,LB72_2.FF1 *1B LB72:2-FF1 Driftfel,AlarmMinor,ExtractAir,Virtual Room,Virtual Room,PLAN 4,828915a1-f8ec-4720-aa18-c8a22cc46333,80c32248-f558-4819-b36b-6f13cca151f7,0.0,0.4,OK
Saia S-Bus PLC,LB72_2,LB72_2.FF1.VT,LB72_2.FF1 *104 Driftstatus,State,ExtractAir,Virtual Room,Virtual Room,PLAN 4,30e4d934-a41a-40f9-a423-f579db7650d0,80c32248-f558-4819-b36b-6f13cca151f7,0.1,0.4,OK
Saia S-Bus PLC,LB72_2,LB72_2.GF40.PV,LB72_2.GF40 Flödesgivare TF (0-5000 l/s),Flow,HVAC,Virtual Room,Virtual Room,PLAN 4,ca935704-4998-466c-a216-8e6e68c31a86,50c9eeaf-e987-4f06-a851-27e908a2d5bd,1576.3,0.4,OK
Saia S-Bus PLC,LB72_2,LB72_2.GF70.PV,LB72_2.GF70 Flödesgivare FF (0-5000 l/s),Flow,HVAC,Virtual Room,Virtual Room,PLAN 4,092b8ca2-32a0-4b61-aa58-98cf6aec8e4a,1bf4f9ba-de34-4e08-a644-dfeed646c883,1532.9,0.4,OK
Saia S-Bus PLC,LB72_2,LB72_2.GP10.PV,LB72_2.GP10 Tryckgivare tilluftsfilter (0-500Pa = 0-10V),Pressure,SupplyAir,Virtual Room,Virtual Room,PLAN 4,498ad4c5-8792-400a-9b01-7062670a958c,76b0211f-8a31-46e0-b386-cc8f07e1c0a3,36.3,0.4,OK
Saia S-Bus PLC,LB72_2,LB72_2.GP40.BVLA,LB72_2.GP40 *1B LB72:2-GP40 Börvärdeavvikellse,AlarmMinor,HVAC,Virtual Room,Virtual Room,PLAN 4,a658b524-9c3b-4016-9255-2ae2eb80f245,23aaa386-63f3-42ad-bec3-c0e69ea9907c,0.0,0.4,OK
Saia S-Bus PLC,LB72_2,LB72_2.GP40.PV,LB72_2.GP40 Tryckgivare tilluft (0-500Pa = 0-10V),Pressure,SupplyAir,Virtual Room,Virtual Room,PLAN 4,a945405d-acc6-4a22-a2de-8443fcfc8b9d,23aaa386-63f3-42ad-bec3-c0e69ea9907c,120.5,0.4,OK
Saia S-Bus PLC,LB72_2,LB72_2.GP40.RPM,LB72_2.GP40 *0 Pi-regulator tryckreg.,CapabilityTypeParameter,HVAC,Virtual Room,Virtual Room,PLAN 4,91807dac-fcf3-4b88-b2d4-1624b57f1dfc,23aaa386-63f3-42ad-bec3-c0e69ea9907c,0.0,0.4,OK
Saia S-Bus PLC,LB72_2,LB72_2.GP40.TI,LB72_2.GP40 I-tiden,State,HVAC,Virtual Room,Virtual Room,PLAN 4,d34fff4d-0ca6-41d7-ad37-270502cea231,23aaa386-63f3-42ad-bec3-c0e69ea9907c,20.0,0.4,OK
Saia S-Bus PLC,LB72_2,LB72_2.GP60.BVLA,LB72_2.GP60 *1B LB72:2-GP60 Börvärdeavvikellse,AlarmMinor,HVAC,Virtual Room,Virtual Room,PLAN 4,57a042f1-3dba-443c-800e-86a20fb58b87,be5e6974-3fcd-404f-a910-a91f5c84c02c,0.0,0.4,OK
Saia S-Bus PLC,LB72_2,LB72_2.GP60.PV,LB72_2.GP60 Tryckgivare frånluft (0-500Pa = 0-10V),Pressure,ExtractAir,Virtual Room,Virtual Room,PLAN 4,7d55cb97-7e14-41a5-b0e6-bb4d359a7e80,be5e6974-3fcd-404f-a910-a91f5c84c02c,185.5,0.4,OK
Saia S-Bus PLC,LB72_2,LB72_2.GP60.RPM,LB72_2.GP60 *0 Pi-regulator tryckreg.,CapabilityTypeParameter,HVAC,Virtual Room,Virtual Room,PLAN 4,9195cc0d-7dd3-42c3-b7ef-2841851f07e5,be5e6974-3fcd-404f-a910-a91f5c84c02c,0.0,0.4,OK
Saia S-Bus PLC,LB72_2,LB72_2.GP60.TI,LB72_2.GP60 I-tiden,State,HVAC,Virtual Room,Virtual Room,PLAN 4,fc648b6d-1eae-400d-b136-1224cf914bed,be5e6974-3fcd-404f-a910-a91f5c84c02c,20.0,0.4,OK
Saia S-Bus PLC,LB72_2,LB72_2.GP61.PV,LB72_2.GP61 Tryckgivare frånluftsfilter (0-500Pa = 0-10V),Pressure,ExtractAir,Virtual Room,Virtual Room,PLAN 4,6bfb153b-16a8-4caf-805c-1c6fb58562fb,f0538d2a-188f-4e4c-a61a-2192e80ee5bd,44.1,0.4,OK
Saia S-Bus PLC,LB72_2,LB72_2.GT10.LA,LB72_2.GT10 *1B LB72:2-GT10 Givarfel,AlarmMinor,HVAC,Virtual Room,Virtual Room,PLAN 4,0e2df729-113e-45c6-a091-86b331693a9a,b5417df8-fe05-41ab-9f6b-90b50fdd35d9,0.0,0.4,OK
Saia S-Bus PLC,LB72_2,LB72_2.GT10.PV,LB72_2.GT10 Tempgivare Uteluft,Temperature,OutdoorAir,Virtual Room,Virtual Room,PLAN 4,aaffb1b1-f8ca-4e0a-8536-b58799ba3a7b,b5417df8-fe05-41ab-9f6b-90b50fdd35d9,17.6,0.4,OK
Saia S-Bus PLC,LB72_2,LB72_2.GT40.BVLA,LB72_2.GT40 *1B LB72:2-GT40 Börvärdeavvikellse,AlarmMinor,HVAC,Virtual Room,Virtual Room,PLAN 4,793c5e17-7768-4c09-b82d-9b585e24b4f5,70978c00-e795-47e9-933f-95bdd99a2aa2,0.0,0.4,OK
Saia S-Bus PLC,LB72_2,LB72_2.GT40.LA,LB72_2.GT40 *1B LB72:2-GT40 Givarfel,AlarmMinor,HVAC,Virtual Room,Virtual Room,PLAN 4,63228b70-c595-41fb-a632-0d902e2a91e5,70978c00-e795-47e9-933f-95bdd99a2aa2,0.0,0.4,OK
Saia S-Bus PLC,LB72_2,LB72_2.GT40.PV,LB72_2.GT40 Tempgivare Tilluft,Temperature,SupplyAir,Virtual Room,Virtual Room,PLAN 4,13ca5f77-6273-4d60-a192-8bfa1066fd64,70978c00-e795-47e9-933f-95bdd99a2aa2,18.7,0.4,OK
Saia S-Bus PLC,LB72_2,LB72_2.GT40.RPM,LB72_2.GT40 *0 Pi-regulator tempreg.,CapabilityTypeParameter,HVAC,Virtual Room,Virtual Room,PLAN 4,a1bfe554-73bd-4c00-ae75-3fa245125774,70978c00-e795-47e9-933f-95bdd99a2aa2,0.0,0.4,OK
Saia S-Bus PLC,LB72_2,LB72_2.GT60.BVLA,LB72_2.GT60 *1B LB72:2-GT60 Börvärdeavvikellse,AlarmMinor,HVAC,Virtual Room,Virtual Room,PLAN 4,498cdb92-4ac8-428f-bb4b-8a103422da9f,c4699821-baec-4e1a-b125-4d5aaafb811b,0.0,0.4,OK
Saia S-Bus PLC,LB72_2,LB72_2.GT60.LA,LB72_2.GT60 *1B LB72:2-GT60 Givarfel,AlarmMinor,HVAC,Virtual Room,Virtual Room,PLAN 4,e29f986f-d6d6-476a-98d3-ab0ba2ed28bc,c4699821-baec-4e1a-b125-4d5aaafb811b,0.0,0.4,OK
Saia S-Bus PLC,LB72_2,LB72_2.GT60.PV,LB72_2.GT60 Tempgivare frånluft,Temperature,ExtractAir,Virtual Room,Virtual Room,PLAN 4,da35219b-b024-436e-bc93-ff50e65eeec1,c4699821-baec-4e1a-b125-4d5aaafb811b,22.4,0.4,OK
Saia S-Bus PLC,LB72_2,LB72_2.GT60.RPM,LB72_2.GT60 *0 Pi-regulator tempreg.,CapabilityTypeParameter,HVAC,Virtual Room,Virtual Room,PLAN 4,fdfa0b03-2a6b-4ec9-9ad0-429d06bd5e59,c4699821-baec-4e1a-b125-4d5aaafb811b,22.0,0.4,OK
Saia S-Bus PLC,LB72_2,LB72_2.GT60.TI,LB72_2.GT60 I-tiden,State,HVAC,Virtual Room,Virtual Room,PLAN 4,f786f886-f0da-4cf0-929a-c613d27f5c9e,c4699821-baec-4e1a-b125-4d5aaafb811b,60.0,0.4,OK
Saia S-Bus PLC,LB72_2,LB72_2.GT70.LA,LB72_2.GT70 *1B LB72:2-GT70 Givarfel,AlarmMinor,HVAC,Virtual Room,Virtual Room,PLAN 4,8f691001-62b1-416f-aa27-698d046cf55c,59b254bd-2410-4643-b0d1-ac888e6fb17c,0.0,0.4,OK
Saia S-Bus PLC,LB72_2,LB72_2.GT70.PV,LB72_2.GT70 Tempgivare Avluft,Temperature,ExhaustAir,Virtual Room,Virtual Room,PLAN 4,d1244acc-572b-408f-bd07-35306dd8a6b0,59b254bd-2410-4643-b0d1-ac888e6fb17c,22.5,0.4,OK
Saia S-Bus PLC,LB72_2,LB72_2.GT80.BV,LB72_2.GT80 Börvärde varmhållning,CapabilityTypeSetpoint,HVAC,Virtual Room,Virtual Room,PLAN 4,b88d7a4c-0dcd-4b2c-85c4-9aea2d1b1cef,3fa581a0-1a92-4f5f-b4b4-58ec777783b8,15.0,0.4,OK
Saia S-Bus PLC,LB72_2,LB72_2.GT80.LA,LB72_2.GT80 *1B LB72:2-GT80 Givarfel,AlarmMinor,HVAC,Virtual Room,Virtual Room,PLAN 4,bd81cdb6-d51d-407e-9ecc-06d16eab2a9f,3fa581a0-1a92-4f5f-b4b4-58ec777783b8,0.0,0.4,OK
Saia S-Bus PLC,LB72_2,LB72_2.GT80.PV,LB72_2.GT80 Tempgivare Frysskydd,Temperature,HVAC,Virtual Room,Virtual Room,PLAN 4,2ac88378-f79a-4b57-93a8-5a9892110cee,3fa581a0-1a92-4f5f-b4b4-58ec777783b8,19.6,0.4,OK
Saia S-Bus PLC,LB72_2,LB72_2.GX61.SLA,LB72_2.GX61 *1B LB72:2-GX61 Servicelarm,AlarmMinor,HVAC,Virtual Room,Virtual Room,PLAN 4,c886c28d-c66e-4371-98a9-4ab48dec5337,1d642689-3388-4233-9dcd-81bee330af7d,0.0,0.4,OK
Saia S-Bus PLC,LB72_2,LB72_2.KYL.TI,LB72_2.KYL I-tiden,State,HVAC,Virtual Room,Virtual Room,PLAN 4,08f11509-1f65-4c01-9351-45cd8149ec01,478acc1f-6f54-45c0-b64e-bd0bec7b080d,40.0,0.4,OK
Saia S-Bus PLC,LB72_2,LB72_2.P20.DI,LB72_2.P20 Drifsvar cirkpump,State,HVAC,Virtual Room,Virtual Room,PLAN 4,52a30b98-38dc-42c2-ae3d-1e9fc6f56a83,9b1e5107-986c-481b-9840-143c6a260b13,0.0,0.4,OK
Saia S-Bus PLC,LB72_2,LB72_2.P20.HAD,LB72_2.P20 Handstyrning digital aktiv,State,HVAC,Virtual Room,Virtual Room,PLAN 4,5915f045-80ee-4520-82de-c5db7805635e,9b1e5107-986c-481b-9840-143c6a260b13,0.0,0.4,OK
Saia S-Bus PLC,LB72_2,LB72_2.P20.LA,LB72_2.P20 *1A LB72:2-P20 Driftfel,AlarmMinor,HVAC,Virtual Room,Virtual Room,PLAN 4,a77f7f3f-1cc7-403c-8011-7d25177b2353,9b1e5107-986c-481b-9840-143c6a260b13,0.0,0.4,OK
Saia S-Bus PLC,LB72_2,LB72_2.P20.SD,LB72_2.P20 Styrning,State,HVAC,Virtual Room,Virtual Room,PLAN 4,ebc21b18-d5c9-4631-92a7-571b16bd1ee9,9b1e5107-986c-481b-9840-143c6a260b13,0.0,0.4,OK
Saia S-Bus PLC,LB72_2,LB72_2.P20.VT,LB72_2.P20 *104 Driftstatus,State,HVAC,Virtual Room,Virtual Room,PLAN 4,298553fa-8b34-48b8-817f-d4a389a94a41,9b1e5107-986c-481b-9840-143c6a260b13,0.0,0.4,OK
Saia S-Bus PLC,LB72_2,LB72_2.RAMP.TI,LB72_2.RAMP *0 Rampbox för I-tiden,State,HVAC,Virtual Room,Virtual Room,PLAN 4,6713fdd2-533b-41c8-bc3d-2aac5b279b63,131c0f02-8417-407a-8e60-c34b2165e5fe,0.5,0.4,OK
Saia S-Bus PLC,LB72_2,LB72_2.REG.VT,LB72_2.REG *110 Talar om vilken sekvens agg. är i,State,HVAC,Virtual Room,Virtual Room,PLAN 4,7ebb0448-abec-4d7d-b4c6-2130d81b37a4,aa442dea-8ecb-456c-8b61-bd8726954150,0.2,0.4,OK
Saia S-Bus PLC,LB72_2,LB72_2.S31.DI,LB72_2.S31 Serviceomkopplare,State,HVAC,Virtual Room,Virtual Room,PLAN 4,1f6af0fa-9abd-4f6d-8929-77fa478c9faa,74de7e61-4821-494b-95c4-8fcf7962d3db,0.0,0.4,OK
Saia S-Bus PLC,LB72_2,LB72_2.S31.LA,LB72_2.S31 *1B LB72:2-S31 Aggregat i serviceläge,AlarmMinor,HVAC,Virtual Room,Virtual Room,PLAN 4,1c30f9c8-c73b-4212-b3cc-1e95b8bdb567,74de7e61-4821-494b-95c4-8fcf7962d3db,0.0,0.4,OK
Saia S-Bus PLC,LB72_2,LB72_2.ST10.HAD,LB72_2.ST10 Handstyrning digital aktiv,State,HVAC,Virtual Room,Virtual Room,PLAN 4,be108830-6533-42ab-960a-e5f530700dca,96e3f7fb-f01c-44cb-b65f-6d4a77008410,0.0,0.4,OK
Saia S-Bus PLC,LB72_2,LB72_2.ST10.SD,LB72_2.ST10 Styrning,State,HVAC,Virtual Room,Virtual Room,PLAN 4,1277751d-e46c-48a8-adf2-758118642301,96e3f7fb-f01c-44cb-b65f-6d4a77008410,1.0,0.4,OK
Saia S-Bus PLC,LB72_2,LB72_2.ST10.VT,LB72_2.ST10 *104 Driftstatus,State,HVAC,Virtual Room,Virtual Room,PLAN 4,50dc2e4f-e7a6-4ce7-a930-003881cf14e4,96e3f7fb-f01c-44cb-b65f-6d4a77008410,0.1,0.4,OK
Saia S-Bus PLC,LB72_2,LB72_2.ST41.HAD,LB72_2.ST41 Handstyrning digital aktiv,State,HVAC,Virtual Room,Virtual Room,PLAN 4,af4cdf12-935f-4a4b-b1d1-fa62ba655554,5010e7ea-a818-4cb6-8565-536eea707a5e,0.0,0.4,OK
Saia S-Bus PLC,LB72_2,LB72_2.ST41.LA,LB72_2.ST41 *1B LB72:2-ST41 i felaktigtläge,AlarmMinor,HVAC,Virtual Room,Virtual Room,PLAN 4,86ec4635-f956-44c2-87a9-a6d3fd53c965,5010e7ea-a818-4cb6-8565-536eea707a5e,0.0,0.4,OK
Saia S-Bus PLC,LB72_2,LB72_2.ST41.SD,LB72_2.ST41 Styrning,State,HVAC,Virtual Room,Virtual Room,PLAN 4,3d152321-6dac-4082-806c-1da9eee608dd,5010e7ea-a818-4cb6-8565-536eea707a5e,1.0,0.4,OK
Saia S-Bus PLC,LB72_2,LB72_2.ST60.HAD,LB72_2.ST60 Handstyrning digital aktiv,State,HVAC,Virtual Room,Virtual Room,PLAN 4,932b536a-4551-4a61-bbeb-c67615460ae4,00a167b3-e711-44de-bfc0-9240665ec3e0,0.0,0.4,OK
Saia S-Bus PLC,LB72_2,LB72_2.ST60.SD,LB72_2.ST60 Styrning,State,HVAC,Virtual Room,Virtual Room,PLAN 4,4e2722a3-10d3-4d51-9555-e9f2a9eb729f,00a167b3-e711-44de-bfc0-9240665ec3e0,1.0,0.4,OK
Saia S-Bus PLC,LB72_2,LB72_2.ST60.VT,LB72_2.ST60 *104 Driftstatus,State,HVAC,Virtual Room,Virtual Room,PLAN 4,75821d9e-2f95-4b7c-a411-78fdefae46f2,00a167b3-e711-44de-bfc0-9240665ec3e0,0.1,0.4,OK
Saia S-Bus PLC,LB72_2,LB72_2.ST61.HAD,LB72_2.ST61 Handstyrning digital aktiv,State,HVAC,Virtual Room,Virtual Room,PLAN 4,cda82110-de33-419e-893e-327dfc622cce,e5a19996-9463-48ac-90b9-3d66fb33a964,0.0,0.4,OK
Saia S-Bus PLC,LB72_2,LB72_2.ST61.LA,LB72_2.ST61 *1B LB72:2-ST61 i felaktigtläge,AlarmMinor,HVAC,Virtual Room,Virtual Room,PLAN 4,7378f286-df36-43be-b279-399b34fcb2bf,e5a19996-9463-48ac-90b9-3d66fb33a964,0.0,0.4,OK
Saia S-Bus PLC,LB72_2,LB72_2.ST61.SD,LB72_2.ST61 Styrning,State,HVAC,Virtual Room,Virtual Room,PLAN 4,cf51ce5a-11bb-4ddc-87a0-658d8964948c,e5a19996-9463-48ac-90b9-3d66fb33a964,1.0,0.4,OK
Saia S-Bus PLC,LB72_2,LB72_2.SV20.HAA,LB72_2.SV20 Handstyrning analog aktiv,State,HVAC,Virtual Room,Virtual Room,PLAN 4,5984dbac-167c-48a0-9ff7-5e30b8f60ba2,6476dc05-e32c-486f-a2fd-4e45487a7112,0.0,0.4,OK
Saia S-Bus PLC,LB72_2,LB72_2.SV20.SA,LB72_2.SV20 Styrsignal ställdon,ValvePosition,HVAC,Virtual Room,Virtual Room,PLAN 4,96821036-8e92-4f1c-814b-d1fe21199245,6476dc05-e32c-486f-a2fd-4e45487a7112,0.0,0.4,OK
Saia S-Bus PLC,LB72_2,LB72_2.SV30.HAA,LB72_2.SV30 Handstyrning analog aktiv,State,HVAC,Virtual Room,Virtual Room,PLAN 4,84927395-b2da-4663-878d-7e370b7e2c9b,dcef9bde-1d3b-4cf3-9036-e86c5ed3b22c,0.0,0.4,OK
Saia S-Bus PLC,LB72_2,LB72_2.SV30.SA,LB72_2.SV30 Styrsignal ställdon,ValvePosition,HVAC,Virtual Room,Virtual Room,PLAN 4,19661131-6e62-45c7-b639-25855e90e8b3,dcef9bde-1d3b-4cf3-9036-e86c5ed3b22c,0.0,0.4,OK
Saia S-Bus PLC,LB72_2,LB72_2.TF1.DI,LB72_2.TF1 Driftinikering via flöde,State,SupplyAir,Virtual Room,Virtual Room,PLAN 4,08721fe5-d217-4e0c-9d27-50f696af5022,518e86f2-d5f5-4791-9dc4-0b95e58d2446,1.0,0.4,OK
Saia S-Bus PLC,LB72_2,LB72_2.TF1.LA,LB72_2.TF1 *1B LB72:2-TF1 Driftfel,AlarmMinor,SupplyAir,Virtual Room,Virtual Room,PLAN 4,971daa55-a8fb-4a58-a6f8-6c7e03655189,518e86f2-d5f5-4791-9dc4-0b95e58d2446,0.0,0.4,OK
Saia S-Bus PLC,LB72_2,LB72_2.TF1.VT,LB72_2.TF1 *104 Driftstatus,State,SupplyAir,Virtual Room,Virtual Room,PLAN 4,7bdddb39-bc45-40a8-9338-32f4b47b0642,518e86f2-d5f5-4791-9dc4-0b95e58d2446,0.1,0.4,OK
Saia S-Bus PLC,LB72_2,LB72_2.TIDK1.HAD,LB72_2.TIDK1 Handstyrning digital aktiv,State,HVAC,Virtual Room,Virtual Room,PLAN 4,40d2ca24-bb8b-4f38-8488-23f41bce79ef,734cfd9c-cbec-4ef1-b4a8-bee7457a5dfb,0.0,0.4,OK
Saia S-Bus PLC,LB72_2,LB72_2.TIDK2.HAD,LB72_2.TIDK2 Handstyrning digital aktiv,State,HVAC,Virtual Room,Virtual Room,PLAN 4,b57caabc-8c83-49c1-96ce-59b5757f69f6,a5175e95-fe5e-4fd1-a422-54224c140ec2,0.0,0.4,OK
Saia S-Bus PLC,LB72_2,LB72_2.TK50.DI,LB72_2.TK50 Övertidsvent via tryckknapp,State,HVAC,Virtual Room,Virtual Room,PLAN 4,c1d1fc6a-ad63-4d37-b408-86cd0753231f,b7d9f6e8-aebd-4eeb-a153-4a817f82705d,0.0,0.4,OK
Saia S-Bus PLC,LB72_2,LB72_2.TK50DIOD.HAD,LB72_2.TK50DIOD Handstyrning digital aktiv,State,HVAC,Virtual Room,Virtual Room,PLAN 4,b45c0c2e-0154-462b-af98-0873ffa19f85,9604b338-bed2-4602-abd2-015961c6cb29,0.0,0.4,OK
Saia S-Bus PLC,LB72_2,LB72_2.TK50DIOD.SD,LB72_2.TK50DIOD Tänder/släcker Diod i TK,State,HVAC,Virtual Room,Virtual Room,PLAN 4,74072716-59e5-4720-a7d3-1137da1ca3e5,9604b338-bed2-4602-abd2-015961c6cb29,1.0,0.4,OK
Saia S-Bus PLC,LB72_2,LB72_2.TK50DIOD.VT,LB72_2.TK50DIOD *104 Driftstatus,State,HVAC,Virtual Room,Virtual Room,PLAN 4,f3d4b722-baa8-455e-b64f-8c2cf29e681b,9604b338-bed2-4602-abd2-015961c6cb29,0.1,0.4,OK
Saia S-Bus PLC,LB72_2,LB72_2.UV40.DI,LB72_2.UV40 Summalarm omriktare,State,HVAC,Virtual Room,Virtual Room,PLAN 4,6695686d-b07b-4008-9660-6ce876ae8ac6,3ba50602-be9f-4999-9068-31f554e74664,0.0,0.4,OK
Saia S-Bus PLC,LB72_2,LB72_2.UV40.HAA,LB72_2.UV40 Handstyrning analog aktiv,State,HVAC,Virtual Room,Virtual Room,PLAN 4,9a7df313-fbcb-4726-aaad-29e9a2e87fc0,3ba50602-be9f-4999-9068-31f554e74664,0.0,0.4,OK
Saia S-Bus PLC,LB72_2,LB72_2.UV40.HAD,LB72_2.UV40 Handstyrning digital aktiv,State,HVAC,Virtual Room,Virtual Room,PLAN 4,8c5fed8e-75fc-4a1d-9bf4-3245807ff8f6,3ba50602-be9f-4999-9068-31f554e74664,0.0,0.4,OK
Saia S-Bus PLC,LB72_2,LB72_2.UV40.LA,LB72_2.UV40 *1B LB72:2-UV40 Summalarm,AlarmMajor,HVAC,Virtual Room,Virtual Room,PLAN 4,178a327e-83de-4d3f-a144-312953f58f4d,3ba50602-be9f-4999-9068-31f554e74664,0.0,0.4,OK
Saia S-Bus PLC,LB72_2,LB72_2.UV40.SA,LB72_2.UV40 Styrsignal frekvensomriktare,ValvePosition,HVAC,Virtual Room,Virtual Room,PLAN 4,303a074d-ab50-401e-9540-6dc174f5aa27,3ba50602-be9f-4999-9068-31f554e74664,47.1,0.4,OK
Saia S-Bus PLC,LB72_2,LB72_2.UV40.SD,LB72_2.UV40 Start av tilluftsfläkt via omriktare,State,SupplyAir,Virtual Room,Virtual Room,PLAN 4,e11f96f2-5f10-4b86-b3f6-cef9750e72ce,3ba50602-be9f-4999-9068-31f554e74664,1.0,0.4,OK
Saia S-Bus PLC,LB72_2,LB72_2.UV70.DI,LB72_2.UV70 Summalarm omriktare,State,HVAC,Virtual Room,Virtual Room,PLAN 4,572650cd-c725-4b01-8b59-32e945db6443,0af1a84b-a860-4329-86c2-ec642e7da094,0.0,0.4,OK
Saia S-Bus PLC,LB72_2,LB72_2.UV70.HAA,LB72_2.UV70 Handstyrning analog aktiv,State,HVAC,Virtual Room,Virtual Room,PLAN 4,4466c5ff-4009-41b9-9ed7-43f28f9aeab5,0af1a84b-a860-4329-86c2-ec642e7da094,0.0,0.4,OK
Saia S-Bus PLC,LB72_2,LB72_2.UV70.HAD,LB72_2.UV70 Handstyrning digital aktiv,State,HVAC,Virtual Room,Virtual Room,PLAN 4,c6ff083d-4e3b-4d9f-bbcf-9e1c590b22a5,0af1a84b-a860-4329-86c2-ec642e7da094,0.0,0.4,OK
Saia S-Bus PLC,LB72_2,LB72_2.UV70.LA,LB72_2.UV70 *1B LB72:2-UV70 Summalarm,AlarmMajor,HVAC,Virtual Room,Virtual Room,PLAN 4,6b4c5f22-6c9b-4d1e-849d-f3160b1c7e99,0af1a84b-a860-4329-86c2-ec642e7da094,0.0,0.4,OK
Saia S-Bus PLC,LB72_2,LB72_2.UV70.SA,LB72_2.UV70 Styrsignal frekvensomformare,ValvePosition,HVAC,Virtual Room,Virtual Room,PLAN 4,ffd1c04d-294f-4265-8d3c-eb4b7e52bba2,0af1a84b-a860-4329-86c2-ec642e7da094,48.9,0.4,OK
Saia S-Bus PLC,LB72_2,LB72_2.UV70.SD,LB72_2.UV70 Start av frånluftsfläkt via omriktare,State,ExtractAir,Virtual Room,Virtual Room,PLAN 4,88aecdd5-d08f-4fb7-9db4-8e5b2d3d52be,0af1a84b-a860-4329-86c2-ec642e7da094,1.0,0.4,OK
Saia S-Bus PLC,LB72_2,LB72_2.VARM.TI,LB72_2.VARM I-tiden,State,HVAC,Virtual Room,Virtual Room,PLAN 4,a15061e3-e4d9-4e6c-8247-68aaa8bdd3d6,2cf80318-72de-49fc-996e-c6c532bef388,40.0,0.4,OK
Saia S-Bus PLC,LB72_2,LB72_2.VARMH.TI,LB72_2.VARMH I-tiden,State,HVAC,Virtual Room,Virtual Room,PLAN 4,f3aa012b-bc2b-4fa7-bd6c-212e8b690478,528df1c7-afe3-4526-bc95-01c2f5180fa0,60.0,0.4,OK
Saia S-Bus PLC,LB72_2,LB72_2.VERK.LA,LB72_2.VERK *1B LB72:2-VVX Låg verkningsgrad,AlarmMinor,HVAC,Virtual Room,Virtual Room,PLAN 4,03d402f5-36e7-44d8-acc0-668f2158515f,b9ecb97b-7192-4aa5-b460-f188779bf1ec,0.0,0.4,OK
Saia S-Bus PLC,LB72_2,LB72_2.VERK.PV,LB72_2.VERK Verkningsgradberäkning 0-100%,CapabilityTypeParameter,HVAC,Virtual Room,Virtual Room,PLAN 4,5a8a7a9a-5817-4f1f-a995-134a13d36bb6,b9ecb97b-7192-4aa5-b460-f188779bf1ec,0.0,0.4,OK
Saia S-Bus PLC,LB72_2,LB72_2.VVX.DI,LB72_2.VVX Summalarm,State,HVAC,Virtual Room,Virtual Room,PLAN 4,ea89bdc4-7252-43f3-b83c-bcc1ff698ac0,786f35a3-ada2-4b0a-8e0d-6e570586b962,0.0,0.4,OK
Saia S-Bus PLC,LB72_2,LB72_2.VVX.HAA,LB72_2.VVX Handstyrning analog aktiv,State,HVAC,Virtual Room,Virtual Room,PLAN 4,1aad31ff-5093-4d90-a815-3b8e46646476,786f35a3-ada2-4b0a-8e0d-6e570586b962,0.0,0.4,OK
Saia S-Bus PLC,LB72_2,LB72_2.VVX.LA,LB72_2.VVX *1B LB72:2-VVX Summalarm,AlarmMajor,HVAC,Virtual Room,Virtual Room,PLAN 4,c0d1aade-a9e0-44f5-8f41-cc6e079773cc,786f35a3-ada2-4b0a-8e0d-6e570586b962,0.0,0.4,OK
Saia S-Bus PLC,LB72_2,LB72_2.VVX.SA,LB72_2.VVX Styrsignal VVX,ValvePosition,HVAC,Virtual Room,Virtual Room,PLAN 4,f0afd375-8a85-43f0-a472-4bd34e5a125b,786f35a3-ada2-4b0a-8e0d-6e570586b962,3.0,0.4,OK
Saia S-Bus PLC,LB72_2,LB72_2.VVX.TI,LB72_2.VVX I-tiden,State,HVAC,Virtual Room,Virtual Room,PLAN 4,7bf5ddd4-8cb5-49c0-95bf-f395ad12d588,786f35a3-ada2-4b0a-8e0d-6e570586b962,40.0,0.4,OK
Saia S-Bus PLC,LB731,LB731.CF01.DI,LB731.CF01 Driftindikering,State,HVAC,Virtual Room,Virtual Room,PLAN 4,4edbd405-0f54-4b3c-8716-b55e76654d4a,61638395-be46-4f73-9229-8b71d94b53be,1.0,0.4,OK
Saia S-Bus PLC,LB731,LB731.CF01.LA,LB731.CF01 *1B Driftfel LB73:1-CF01,AlarmMinor,HVAC,Virtual Room,Virtual Room,PLAN 4,4a94e567-6a89-4684-8097-3a988e3f5d17,61638395-be46-4f73-9229-8b71d94b53be,0.0,0.4,OK
Saia S-Bus PLC,LB731,LB731.CF01_03.SD,LB731.CF01_03 Styrning CF01-03,State,HVAC,Virtual Room,Virtual Room,PLAN 4,e63a1e9a-de73-4e6c-8944-a1661457fa1c,19f0f47b-4acd-4f71-a9aa-89c4a2a48203,1.0,0.4,OK
Saia S-Bus PLC,LB731,LB731.CF02.DI,LB731.CF02 Driftindikering,State,HVAC,Virtual Room,Virtual Room,PLAN 4,ae747f70-f45b-4859-b24d-f71d075c47c7,03375019-5975-4b06-81b6-5fa51b86773d,1.0,0.4,OK
Saia S-Bus PLC,LB731,LB731.CF02.LA,LB731.CF02 *1B Driftfel LB73:1-CF02,AlarmMinor,HVAC,Virtual Room,Virtual Room,PLAN 4,906e8e25-7241-4776-b874-ce961fd5949d,03375019-5975-4b06-81b6-5fa51b86773d,0.0,0.4,OK
Saia S-Bus PLC,LB731,LB731.CF03.DI,LB731.CF03 Driftindikering,State,HVAC,Virtual Room,Virtual Room,PLAN 4,6b8de5d5-7b01-4e4b-8f8f-290e1e67f503,da396bc8-4fa5-40ae-858a-1b0251bfd47e,1.0,0.4,OK
Saia S-Bus PLC,LB731,LB731.CF03.LA,LB731.CF03 *1B Driftfel LB73:1-CF03,AlarmMinor,HVAC,Virtual Room,Virtual Room,PLAN 4,62e37301-270e-4a9a-9a45-ecf343c82ee9,da396bc8-4fa5-40ae-858a-1b0251bfd47e,0.0,0.4,OK
Saia S-Bus PLC,LB731,LB731.ECONET.IKÅ.SD,LB731.ECONET.IKÅ ECONET i kylåtervinning,State,HVAC,Virtual Room,Virtual Room,PLAN 4,07b1cd48-14f5-4920-b47d-bd0a0a20ca6b,ee908c62-40cc-4c4f-8818-ea108266c638,0.0,0.4,OK
Saia S-Bus PLC,LB731,LB731.ECONET.KYL.SD,LB731.ECONET.KYL ECONET i kyldrift,State,HVAC,Virtual Room,Virtual Room,PLAN 4,b11a2d7b-12b2-431d-837d-fdfaabe4bee6,b1bbe57d-e2b6-4f7f-adf9-b48bce74a77c,1.0,0.4,OK
Saia S-Bus PLC,LB731,LB731.ECONET.SD,LB731.ECONET Start ECONET,State,HVAC,Virtual Room,Virtual Room,PLAN 4,5a08d25a-6e75-4aed-8623-5c758ce5c5bc,4d5a14d8-0fc2-4103-919b-4cff95628e8f,1.0,0.4,OK
Saia S-Bus PLC,LB731,LB731.ECONET.SLA.LA,LB731.ECONET.SLA *1A LB73:1 Econet Summalarm A,AlarmMajor,HVAC,Virtual Room,Virtual Room,PLAN 4,9a54cfd8-261d-4937-9a4b-c43dec68d774,59931d43-38b6-4d1c-9540-cf110450614b,0.0,0.4,OK
Saia S-Bus PLC,LB731,LB731.ECONET.SLB.LA,LB731.ECONET.SLB *1B LB73:1 Econet Summalarm B,AlarmMajor,HVAC,Virtual Room,Virtual Room,PLAN 4,fd07a208-df5e-4e41-a720-a162fb93cf47,59daf6bf-368a-464b-83c8-ea5bc353c79c,1.0,0.4,OK
Saia S-Bus PLC,LB731,LB731.ECONET.VVX.SA,LB731.ECONET.VVX Styrsignal ECONET återvinning,ValvePosition,HVAC,Virtual Room,Virtual Room,PLAN 4,456fe905-d91f-4000-a5eb-1c71cae7beee,0f33cb84-13d9-42a7-810e-ae16f75fbfd0,0.0,0.4,OK
Saia S-Bus PLC,LB731,LB731.GF40.PV,LB731.GF40 Luftflödesgivare m3/s TF,Flow,HVAC,Virtual Room,Virtual Room,PLAN 4,064cb2b5-5c61-449c-8079-84ed67adce4c,6cf16ead-314a-43f2-815c-173bb9de22bd,2.4,0.4,OK
Saia S-Bus PLC,LB731,LB731.GF70.PV,LB731.GF70 Luftflödesgivare m3/s FF,Flow,HVAC,Virtual Room,Virtual Room,PLAN 4,6b22d248-09f2-4e7c-a848-fdb54d082b35,f0e4f601-095a-43ca-8ba8-682d2fe1852b,3.1,0.4,OK
Saia S-Bus PLC,LB731,LB731.P20.SLA,LB731.P20 *1B Summalarm,AlarmMajor,HVAC,Virtual Room,Virtual Room,PLAN 4,588f98cb-bf9c-4ef2-ab91-0ec31162ce5d,38f2c8ff-807a-4e36-902c-89f69f98e2d8,0.0,0.4,OK
Saia S-Bus PLC,LB732,LB732.FF1.VT,LB732.FF1 *104 Driftstatus,State,ExtractAir,Virtual Room,Virtual Room,PLAN 4,8e528a3b-c83a-4c39-b06a-8a5ac798de24,fbc3e732-1099-4646-a8e7-ea9b6598fef0,0.0,0.4,OK
Saia S-Bus PLC,LB732,LB732.GP40.BVLA,LB732.GP40 *1B Börvärdeavvikellse,AlarmMinor,HVAC,Virtual Room,Virtual Room,PLAN 4,1c37628d-afc0-48b1-89e1-b970ba2964ff,8e27f369-b7ec-4d1a-8012-5d4158f02b08,0.0,0.4,OK
Saia S-Bus PLC,LB732,LB732.GP40.PV,LB732.GP40 Tryckgivare tilluft (0-1000Pa = 0-10V),Pressure,SupplyAir,Virtual Room,Virtual Room,PLAN 4,20604818-e2a9-42cd-a21d-c61fade3eafc,8e27f369-b7ec-4d1a-8012-5d4158f02b08,17.9,0.4,OK
Saia S-Bus PLC,LB732,LB732.GP40.RPM,LB732.GP40 *0 Pi-regulator tryckreg.,CapabilityTypeParameter,HVAC,Virtual Room,Virtual Room,PLAN 4,fa8d7d22-4f89-4d97-837b-7a4da67d2780,8e27f369-b7ec-4d1a-8012-5d4158f02b08,0.0,0.4,OK
Saia S-Bus PLC,LB732,LB732.GP40.TI,LB732.GP40 I-tiden,State,HVAC,Virtual Room,Virtual Room,PLAN 4,6fc329fd-1441-48b0-9f37-95c112863f9f,8e27f369-b7ec-4d1a-8012-5d4158f02b08,20.0,0.4,OK
Saia S-Bus PLC,LB732,LB732.GP60.BVLA,LB732.GP60 *1B Börvärdeavvikellse,AlarmMinor,HVAC,Virtual Room,Virtual Room,PLAN 4,b5b14d77-53d4-477a-91ec-5522c4afa9bf,608b1a1d-760d-4a5f-a877-9b0730bbb2cd,0.0,0.4,OK
Saia S-Bus PLC,LB732,LB732.GP60.PV,LB732.GP60 Tryckgivare frånluft (0-1000Pa = 0-10V),Pressure,ExtractAir,Virtual Room,Virtual Room,PLAN 4,f8aa2fd7-aebc-47e2-9c88-fed5ad1901af,608b1a1d-760d-4a5f-a877-9b0730bbb2cd,32.8,0.4,OK
Saia S-Bus PLC,LB732,LB732.GP60.RPM,LB732.GP60 *0 Pi-regulator tryckreg.,CapabilityTypeParameter,HVAC,Virtual Room,Virtual Room,PLAN 4,53d5dbde-eaf7-4afa-9acf-4dfc662fef48,608b1a1d-760d-4a5f-a877-9b0730bbb2cd,0.0,0.4,OK
Saia S-Bus PLC,LB732,LB732.GP60.TI,LB732.GP60 I-tiden,State,HVAC,Virtual Room,Virtual Room,PLAN 4,845cd90f-8169-4c66-b0eb-c7bdae73fb4b,608b1a1d-760d-4a5f-a877-9b0730bbb2cd,20.0,0.4,OK
Saia S-Bus PLC,LB732,LB732.TF1.VT,LB732.TF1 *104 Driftstatus,State,SupplyAir,Virtual Room,Virtual Room,PLAN 4,68a8ce72-63e7-4dd7-93dc-46a759641d4e,2f5879c1-7288-43c6-a067-a6034b46c165,0.0,0.4,OK
Saia S-Bus PLC,LB732,LB732.TIDK1.HAD,LB732.TIDK1 Handstyrning aktiv digital,State,HVAC,Virtual Room,Virtual Room,PLAN 4,e8adb964-e8ae-4c85-bd5d-78d9525451cf,05064438-17ed-4b39-b187-b1e0f39bdf5e,0.0,0.4,OK
Saia S-Bus PLC,LB732,LB732.TIDK2.HAD,LB732.TIDK2 Handstyrning aktiv digital,State,HVAC,Virtual Room,Virtual Room,PLAN 4,2c4affed-e434-4b8a-99f5-1c5c5cbfc785,3a7b7d14-1113-41df-bb01-2939916ba896,0.0,0.4,OK
Saia S-Bus PLC,LB732,LB732.UV40.HAA,LB732.UV40 Handstyrning analog aktiv,State,HVAC,Virtual Room,Virtual Room,PLAN 4,aaa4af7a-bc34-4656-bf43-f2f945cdca46,0cb69a07-80b0-4602-8349-b41ae65c2887,0.0,0.4,OK
Saia S-Bus PLC,LB732,LB732.UV40.HAD,LB732.UV40 Handstyrning digital aktiv,State,HVAC,Virtual Room,Virtual Room,PLAN 4,127c5c29-8dfa-451f-ad4d-aeb00eb9946d,0cb69a07-80b0-4602-8349-b41ae65c2887,0.0,0.4,OK
Saia S-Bus PLC,LB732,LB732.UV40.SA,LB732.UV40 Styrsignal frekvensomriktare,ValvePosition,HVAC,Virtual Room,Virtual Room,PLAN 4,14aaa31c-4279-408c-aab5-553ffb12c25e,0cb69a07-80b0-4602-8349-b41ae65c2887,0.0,0.4,OK
Saia S-Bus PLC,LB732,LB732.UV60.HAA,LB732.UV60 Handstyrning analog aktiv,State,HVAC,Virtual Room,Virtual Room,PLAN 4,c1dc4ef3-0ad5-4996-98b5-671a6c390b9b,ca9d6f16-1817-4dc9-bd6d-e2f23be2ddb6,0.0,0.4,OK
Saia S-Bus PLC,LB732,LB732.UV60.HAD,LB732.UV60 Handstyrning digital aktiv,State,HVAC,Virtual Room,Virtual Room,PLAN 4,ec3ac97e-e939-416d-979f-a6e72d395050,ca9d6f16-1817-4dc9-bd6d-e2f23be2ddb6,0.0,0.4,OK
Saia S-Bus PLC,LB732,LB732.UV60.SA,LB732.UV60 Styrsignal frekvensomformare,ValvePosition,HVAC,Virtual Room,Virtual Room,PLAN 4,5057536b-a526-484c-ab05-5e0a0d851d9b,ca9d6f16-1817-4dc9-bd6d-e2f23be2ddb6,0.0,0.4,OK
Saia S-Bus PLC,LB733,LB733.CGS90.SA,LB733.CGS90 Varvtalsstyrning,ValvePosition,HVAC,Virtual Room,Virtual Room,PLAN 4,df53923f-1915-4fac-bbed-334a38446c3d,530fbf0a-060f-433a-8bd5-71dd0e5c5df2,0.0,0.3,OK
Saia S-Bus PLC,LB733,LB733.CGS90.SLA,LB733.CGS90 *1 Summalarm,AlarmMajor,HVAC,Virtual Room,Virtual Room,PLAN 4,9dae5b3e-4ef4-4c3c-ba9f-42fbbcecc75b,530fbf0a-060f-433a-8bd5-71dd0e5c5df2,0.0,0.3,OK
Saia S-Bus PLC,LB733,LB733.FF01.DI,LB733.FF01 Driftsvar,State,ExtractAir,Virtual Room,Virtual Room,PLAN 4,da0e2738-8281-44da-832a-246c45502c39,0b93acfc-902a-43c2-a82a-280b9e1f24b2,1.0,0.3,OK
Saia S-Bus PLC,LB733,LB733.FF01.LA,LB733.FF01 *1 Driftfel,AlarmMinor,ExtractAir,Virtual Room,Virtual Room,PLAN 4,ca7d5ce6-ba8f-487a-824c-3549facf6a87,0b93acfc-902a-43c2-a82a-280b9e1f24b2,0.0,0.3,OK
Saia S-Bus PLC,LB733,LB733.FF01.SD,LB733.FF01 Styrning FF1,State,ExtractAir,Virtual Room,Virtual Room,PLAN 4,9d83471e-52c3-47f8-b9d4-0a20d5ae99bd,0b93acfc-902a-43c2-a82a-280b9e1f24b2,1.0,0.3,OK
Saia S-Bus PLC,LB733,LB733.FRY.LA,LB733.FRY *1 Utlöst frysvakt,AlarmMinor,HVAC,Virtual Room,Virtual Room,PLAN 4,0c08823d-f80b-475f-a392-7fb44b75a9ea,1e256ae3-bb1a-422c-af98-85dcdd13689d,0.0,0.3,OK
Saia S-Bus PLC,LB733,LB733.GP10.BVLA,LB733.GP10 *1 Högt tryckfall över filter TF1,AlarmMinor,HVAC,Virtual Room,Virtual Room,PLAN 4,e451bcc4-43f8-418d-8e00-18ad2550a34f,4079caa9-0451-4270-ae4d-3bb4f889c933,0.0,0.3,OK
Saia S-Bus PLC,LB733,LB733.GP10.PV,LB733.GP10 Tryck över filter TF,Pressure,SupplyAir,Virtual Room,Virtual Room,PLAN 4,58d7593d-90b5-493e-87a8-13da62274b97,4079caa9-0451-4270-ae4d-3bb4f889c933,42.3,0.3,OK
Saia S-Bus PLC,LB733,LB733.GP20.BVLA,LB733.GP20 *1 Högt tryckfall över filter TF1,AlarmMinor,HVAC,Virtual Room,Virtual Room,PLAN 4,21f3ef60-809f-4a11-b2a8-74c9592cd9e3,15afc0d3-3722-4db2-ab35-d2181f75ed5b,0.0,0.3,OK
Saia S-Bus PLC,LB733,LB733.GP20.PV,LB733.GP20 Tryck över filter TF,Pressure,HVAC,Virtual Room,Virtual Room,PLAN 4,433239c6-d6f9-40d4-8c1f-f98ef9a7ae16,15afc0d3-3722-4db2-ab35-d2181f75ed5b,5.6,0.3,OK
Saia S-Bus PLC,LB733,LB733.GP61.BVLA,LB733.GP61 *1 Högt tryckfall över filter FF,AlarmMinor,HVAC,Virtual Room,Virtual Room,PLAN 4,1e72ec61-4a30-450a-9a3c-63f99ab4fcea,bbc7597d-04e8-4d18-944b-d25665afed7f,0.0,0.3,OK
Saia S-Bus PLC,LB733,LB733.GP61.PV,LB733.GP61 Tryck över filter FF,Pressure,ExtractAir,Virtual Room,Virtual Room,PLAN 4,a3c9d85f-e1d2-45ce-827c-84f5034dff9c,bbc7597d-04e8-4d18-944b-d25665afed7f,34.9,0.3,OK
Saia S-Bus PLC,LB733,LB733.GT10.LA,LB733.GT10 *1 Givarfel,AlarmMinor,HVAC,Virtual Room,Virtual Room,PLAN 4,0448dea8-4947-4f90-bba1-ee9eeb21e8ba,53616313-1a4a-4368-838a-8219e56549dc,0.0,0.3,OK
Saia S-Bus PLC,LB733,LB733.GT10.PV,LB733.GT10 Uteluftstemperatur,Temperature,OutdoorAir,Virtual Room,Virtual Room,PLAN 4,ce39ae94-b870-43e8-a5f7-1ed7b49f15cd,53616313-1a4a-4368-838a-8219e56549dc,19.1,0.3,OK
Saia S-Bus PLC,LB733,LB733.GT40.BVLA,LB733.GT40 *1 Börvärdesavvikelse Tilluftsreglering,AlarmMinor,HVAC,Virtual Room,Virtual Room,PLAN 4,a608fe54-862a-4326-a967-877a98ec273a,8de31b89-4c29-4b73-a58a-9fa0c001c766,0.0,0.3,OK
Saia S-Bus PLC,LB733,LB733.GT40.LA,LB733.GT40 *1 Givarfel,AlarmMinor,HVAC,Virtual Room,Virtual Room,PLAN 4,49b3385b-41cc-40bd-a107-bed7a814d33d,8de31b89-4c29-4b73-a58a-9fa0c001c766,0.0,0.3,OK
Saia S-Bus PLC,LB733,LB733.GT40.PV,LB733.GT40 Tilluftstemperatur,Temperature,SupplyAir,Virtual Room,Virtual Room,PLAN 4,fd3ad446-a0e3-47c0-9e32-f2b38be599dd,8de31b89-4c29-4b73-a58a-9fa0c001c766,16.2,0.3,OK
Saia S-Bus PLC,LB733,LB733.GT50.BVLA,LB733.GT50 *1 Börvärdesavvikelse Rumssreglering,AlarmMinor,HVAC,Virtual Room,Virtual Room,PLAN 4,a3533f38-e273-4cb4-a343-df346097e312,2cd6bf98-b6ac-4fb5-95f2-9c58fef1cc12,0.0,0.3,OK
Saia S-Bus PLC,LB733,LB733.GT50.LA,LB733.GT50 *1 Givarfel,AlarmMinor,HVAC,Virtual Room,Virtual Room,PLAN 4,a90433a5-9045-4e34-ae1c-b7b4c75cf6cf,2cd6bf98-b6ac-4fb5-95f2-9c58fef1cc12,0.0,0.3,OK
Saia S-Bus PLC,LB733,LB733.GT50.PV,LB733.GT50 Rumstemperatur,Temperature,IndoorAir,Virtual Room,Virtual Room,PLAN 4,72817e01-dc92-46c8-98bb-e38506a49687,2cd6bf98-b6ac-4fb5-95f2-9c58fef1cc12,22.5,0.3,OK
Saia S-Bus PLC,LB733,LB733.GT61.PV,LB733.GT61 Frånluftstemperatur,Temperature,ExtractAir,Virtual Room,Virtual Room,PLAN 4,9eec6aa6-085b-4bb0-9f48-3492e66585ad,6426ab93-6d90-42ab-9a36-7eead064658b,22.4,0.3,OK
Saia S-Bus PLC,LB733,LB733.GT70.LA,LB733.GT70 *1 Givarfel,AlarmMinor,HVAC,Virtual Room,Virtual Room,PLAN 4,abc7d08d-1f06-4f71-afc6-13adc8880220,94f5481a-3e67-480e-8127-629436a866b1,0.0,0.3,OK
Saia S-Bus PLC,LB733,LB733.GT70.PV,LB733.GT70 Avluftstemperatur,Temperature,ExhaustAir,Virtual Room,Virtual Room,PLAN 4,ca9fbb8a-cf01-45af-a3dd-ea545f53a583,94f5481a-3e67-480e-8127-629436a866b1,23.3,0.3,OK
Saia S-Bus PLC,LB733,LB733.GT80.BV,LB733.GT80 Börvärde varmhållning,CapabilityTypeSetpoint,HVAC,Virtual Room,Virtual Room,PLAN 4,cec6a333-4c1d-4c03-bb0e-dd47274fd997,8b3d0c24-fcce-4385-9cab-f5ec120b3a45,16.0,0.3,OK
Saia S-Bus PLC,LB733,LB733.GT80.LA,LB733.GT80 *1 Givarfel,AlarmMinor,HVAC,Virtual Room,Virtual Room,PLAN 4,f088bbec-10d1-49b9-b8b9-588b53d5d54e,8b3d0c24-fcce-4385-9cab-f5ec120b3a45,0.0,0.3,OK
Saia S-Bus PLC,LB733,LB733.GT80.PV,LB733.GT80 Frysvaktsgivare,Temperature,HVAC,Virtual Room,Virtual Room,PLAN 4,98be2df8-1cd1-4531-9791-2f060d9d3f0a,8b3d0c24-fcce-4385-9cab-f5ec120b3a45,19.0,0.3,OK
Saia S-Bus PLC,LB733,LB733.IKA.SD,LB733.IKA Aktivera kylåtervinning,State,HVAC,Virtual Room,Virtual Room,PLAN 4,3d7bd8b9-f632-4794-9621-d857b88dea65,a2b31d5b-a266-494e-8ce8-06d17028e103,0.0,0.3,OK
Saia S-Bus PLC,LB733,LB733.P020.DI,LB733.P020 Driftsvar cirk.pump,State,HVAC,Virtual Room,Virtual Room,PLAN 4,d40e2923-9b1b-4b90-bdbe-e9d570b64bd5,ddc3535f-793f-468f-a73f-5929cd65d0ca,0.0,0.3,OK
Saia S-Bus PLC,LB733,LB733.P020.LA,LB733.P020 *1 Driftfel,AlarmMinor,HVAC,Virtual Room,Virtual Room,PLAN 4,34d6af41-f1da-4aa5-9422-559bbed923e6,ddc3535f-793f-468f-a73f-5929cd65d0ca,0.0,0.3,OK
Saia S-Bus PLC,LB733,LB733.P020.SD,LB733.P020 Styrning cirk.pump,State,HVAC,Virtual Room,Virtual Room,PLAN 4,36eead77-28e1-4ded-b7c7-161933a55f59,ddc3535f-793f-468f-a73f-5929cd65d0ca,0.0,0.3,OK
Saia S-Bus PLC,LB733,LB733.P020.SLA,LB733.P020 Blockeringslarm cirk.pump,AlarmMajor,HVAC,Virtual Room,Virtual Room,PLAN 4,a2bb29eb-8244-4049-8773-27e77bf74d67,ddc3535f-793f-468f-a73f-5929cd65d0ca,0.0,0.3,OK
Saia S-Bus PLC,LB733,LB733.SV20.SA,LB733.SV20 Styrsignal ventilställdon värme,ValvePosition,HVAC,Virtual Room,Virtual Room,PLAN 4,ea00a6de-8346-4ce6-9d6d-22eadd5d2def,39cf2530-3b5a-4289-a9d4-29e1100850ee,0.0,0.3,OK
Saia S-Bus PLC,LB733,LB733.SV30.SA,LB733.SV30 Styrsignal ventilställdon kyla,ValvePosition,HVAC,Virtual Room,Virtual Room,PLAN 4,4d71d47d-330f-4a0a-989a-b36029fb1b87,8d496032-0557-4976-b3ec-f7137759df45,61.0,0.3,OK
Saia S-Bus PLC,LB733,LB733.TF01.DI,LB733.TF01 Driftsvar,State,SupplyAir,Virtual Room,Virtual Room,PLAN 4,07992b3f-7945-498b-bf77-37496fc9eaaf,85f7f59e-dc6b-470e-8d4b-b483d045c5b5,1.0,0.3,OK
Saia S-Bus PLC,LB733,LB733.TF01.LA,LB733.TF01 *1 Driftfel,AlarmMinor,SupplyAir,Virtual Room,Virtual Room,PLAN 4,3da841dc-8d5a-4839-aa2f-0e8d7904ac0c,85f7f59e-dc6b-470e-8d4b-b483d045c5b5,0.0,0.3,OK
Saia S-Bus PLC,LB733,LB733.TF01.SD,LB733.TF01 Styrning TF,State,SupplyAir,Virtual Room,Virtual Room,PLAN 4,3f6cb24e-d9c1-4217-be24-f06adb834644,85f7f59e-dc6b-470e-8d4b-b483d045c5b5,1.0,0.3,OK
Saia S-Bus PLC,LB733,LB733.VERK.LA,LB733.VERK *1 Låg verkningsgrad,AlarmMinor,HVAC,Virtual Room,Virtual Room,PLAN 4,2ae68098-34de-4964-a038-6f250fab1d9b,84ec616b-e33f-457e-8d04-313b253726bd,0.0,0.3,OK
Saia S-Bus PLC,LB733,LB733.VERK.PV,LB733.VERK Aktuell verkningsgrad LB73:3,CapabilityTypeParameter,HVAC,Virtual Room,Virtual Room,PLAN 4,b07b07bc-df0e-4f2f-8e1f-1207ece659de,84ec616b-e33f-457e-8d04-313b253726bd,0.0,0.3,OK
Saia S-Bus PLC,LB82,LB82.GM50.PV,LB82.GM50 Rumsgivare (0-10V) för daggpunkt KB802,Temperature,IndoorAir,Virtual Room,Virtual Room,PLAN 4,c64d9deb-c425-4158-bb1b-66b628a81b3e,e59c94a3-b1d4-4922-aea0-95748cc79154,48.0,0.3,OK
Saia S-Bus PLC,LB82,LB82.GT50.PV,LB82.GT50 Fuktgivare (0-10V) för daggpunkt KB802,Temperature,HVAC,Virtual Room,Virtual Room,PLAN 4,4950e074-00ab-4139-b4c5-b6e8dd3d7032,cdde1aab-9eba-4c22-9a33-086cee686706,23.3,0.3,OK
Saia S-Bus PLC,LB82,LB82.TK50TK.DI,LB82.TK50TK Dix:x Tryckknapp LB82-TK50,State,HVAC,Virtual Room,Virtual Room,PLAN 4,6c9a2d94-c76e-45c0-84e8-8b716bc7eca7,03a1c80c-62be-44fd-b6b9-bfbab0b041e6,0.0,0.3,OK
Saia S-Bus PLC,LB83,LB83.TK50TK.DI,LB83.TK50TK Dix:x Tryckknapp LB82-TK50,State,HVAC,Virtual Room,Virtual Room,PLAN 4,70bdbd8b-7d91-41d3-938e-27e2f880fa65,b2f71fc2-06d1-479c-98a0-580b55ba08c0,0.0,0.4,OK
Saia S-Bus PLC,LB92,LB92.TK50.DI,LB92.TK50 Digital ingång,State,HVAC,Virtual Room,Virtual Room,PLAN 4,dc17e838-7817-472c-9adb-19dc44e0e4de,1fa81a2f-ddb1-4d7f-a5b9-44c3f3939937,0.0,0.4,OK
Saia S-Bus PLC,LB93,LB93.TF1.TOF1.DI,LB93.TF1.TOF1 Driftindikering tryckökningsfläkt1,State,SupplyAir,Virtual Room,Virtual Room,PLAN 4,cf68655d-ea87-4421-88de-2019a73de5d9,870fec4c-0a05-4155-91b5-3c10a79e184e,0.0,0.3,OK
Saia S-Bus PLC,LB93,LB93.TF1.TOF1.LA,LB93.TF1.TOF1 *1B LB93-TF1-TÖF1 Driftfel,AlarmMinor,SupplyAir,Virtual Room,Virtual Room,PLAN 4,ad9e3ef4-3fde-472a-83a5-8430f4e90064,870fec4c-0a05-4155-91b5-3c10a79e184e,0.0,0.3,OK
Saia S-Bus PLC,LB93,LB93.TF1.TOF2.DI,LB93.TF1.TOF2 Driftindikering tryckökningsfläkt1,State,SupplyAir,Virtual Room,Virtual Room,PLAN 4,3fcfc6f3-dcfd-4e9e-b8b9-f2e1fe41dfe8,f9d67476-c8ee-4c5d-9c05-1310cf8ee91d,0.0,0.3,OK
Saia S-Bus PLC,LB93,LB93.TF1.TOF2.LA,LB93.TF1.TOF2 *1B LB93-TF1-TÖF2 Driftfel,AlarmMinor,SupplyAir,Virtual Room,Virtual Room,PLAN 4,0645bfc5-1aa4-4d6c-892a-b0dca04faa6c,f9d67476-c8ee-4c5d-9c05-1310cf8ee91d,0.0,0.3,OK
Saia S-Bus PLC,LB93,LB93.TK50.DI,LB93.TK50 Digital ingång,State,HVAC,Virtual Room,Virtual Room,PLAN 4,57d27d5a-435d-47a2-929a-35a25c960dbe,cd0c6678-b5f1-4417-ab52-6784e46f3065,0.0,0.3,OK
Saia S-Bus PLC,LJUSGARD,LJUSGARD.KV.MV50.SD,LJUSGARD.KV.MV50 Styrsignal (Öppen/Stängd),State,HVAC,Virtual Room,Virtual Room,PLAN 4,5244ed01-115b-4e64-bf58-2b0ada346337,94174630-dad7-4e0b-bf50-830c391e790d,,,NOT_STARTED
Saia S-Bus PLC,MASTER,MASTER.KOMM.LA,MASTER.KOMM *1B Kommunikationsavbrott med Masterduc SAIA,AlarmMinor,HVAC,Virtual Room,Virtual Room,PLAN 4,86cf9f09-390b-46a9-8f22-0643f0f26ca8,c015279c-bf72-41fa-bb0e-b52b8c3ac7b9,0.0,0.3,OK
Saia S-Bus PLC,MASTER,MASTER.KOMM.LA,MASTER.KOMM *1B Kommunikationsfel med Master Duc,AlarmMinor,HVAC,Virtual Room,Virtual Room,PLAN 4,19de9f66-3882-4a71-80a6-1d216b4b26b9,618295fe-12d2-4aa2-843c-ccf0ca0e697a,0.0,0.4,OK
Saia S-Bus PLC,NOD,NOD.DI,NOD DI larmsignal,State,HVAC,Virtual Room,Virtual Room,PLAN 4,3266441e-0921-4502-8a58-86d8408632e7,53046d3b-ed3f-496c-8cf6-bb7689daa5d1,0.0,0.3,OK
Saia S-Bus PLC,NOD,NOD.OMK.DI,NOD.OMK DI larmsignal,State,HVAC,Virtual Room,Virtual Room,PLAN 4,12f208b7-f80e-49da-aa4a-2765745a6489,9f510aa5-28d5-4c8c-859d-480e3686d909,1.0,0.3,OK
Saia S-Bus PLC,NOD,NOD.OMK.LA,NOD.OMK *1B Nyckelbrytare i fel läge reservkraft,AlarmMinor,HVAC,Virtual Room,Virtual Room,PLAN 4,afab8f01-2597-4d8d-981d-5c5ba845673a,9f510aa5-28d5-4c8c-859d-480e3686d909,0.0,0.3,OK
Saia S-Bus PLC,NOD,NOD.SA.DI,NOD.SA DI larmsignal,State,HVAC,Virtual Room,Virtual Room,PLAN 4,7ad19c18-206b-48ed-9bd4-7f7bbe880402,5e0ac26b-854e-4165-ac0a-9f07b5d19b38,0.0,0.5,OK
Saia S-Bus PLC,NOD,NOD.SA.LA,NOD.SA *1B Summalarm Nödkraftaggregat,AlarmMajor,HVAC,Virtual Room,Virtual Room,PLAN 4,756b6768-c3d1-4d72-ba0e-f815f553a07f,5e0ac26b-854e-4165-ac0a-9f07b5d19b38,0.0,0.3,OK
Saia S-Bus PLC,,LB731.ECONET.IKA.SD,LB731.ECONET.IKA ECONET i kylatervining,State,HVAC,Virtual Room,Virtual Room,PLAN 4,d15cd2b6-d704-4048-ba48-76094e6ebcc3,ee908c62-40cc-4c4f-8818-ea108266c638,0.0,0.4,OK
Saia S-Bus PLC,PLC65,PLC65.ANAUT.LA,PLC65.ANAUT *1B PLC65 Analog utgång i handläge,AlarmMinor,HVAC,Virtual Room,Virtual Room,PLAN 4,0db9f988-5b3b-41b5-925f-a28933091f4f,c65e9bf0-c704-4354-a185-79593ae72208,0.0,0.4,OK
Saia S-Bus PLC,PLC65,PLC65.BATTERI.LA,PLC65.BATTERI *1B PLC65 Dåligt batteri,AlarmMinor,HVAC,Virtual Room,Virtual Room,PLAN 4,8c50ee6b-b665-4a54-89f9-c729f04e144a,2c8771d1-0f98-47e5-8f86-adcb787019e6,0.0,0.4,OK
Saia S-Bus PLC,PLC65,PLC65.DIGUT.LA,PLC65.DIGUT *1B PLC65 Digital utgång i handläge,AlarmMinor,HVAC,Virtual Room,Virtual Room,PLAN 4,2c1b571f-1a32-4cb1-a3b7-10b7836255b9,0b105cd8-779e-4780-b495-0cfce3ed732c,0.0,0.4,OK
Saia S-Bus PLC,PLC65,PLC65.VERSION.PV,PLC65.VERSION Aktuell version PLC-program,State,HVAC,Virtual Room,Virtual Room,PLAN 4,8934022e-f1ca-4345-9eaf-74ea007296b5,28d53cef-c63f-4888-859d-413590efec27,1.6,0.4,OK
Saia S-Bus PLC,RESERVKRAFT,RESERVKRAFT.LA,RESERVKRAFT *1A Reservkraft aktiv.,AlarmMinor,HVAC,Virtual Room,Virtual Room,PLAN 4,030f852a-7110-4177-8584-46888aca4e85,ea1b5722-01f1-4d01-bd31-4880596dc333,0.0,0.3,OK
Saia S-Bus PLC,STALLVARK_A,STALLVARK_A.GM1.DI,STALLVARK_A.GM1 *0 Intern,State,HVAC,Virtual Room,Virtual Room,PLAN 4,6593789e-79f8-4157-a1b0-aa34a69d4d45,d81e448b-832f-4ff3-872e-5e310b3059d0,0.0,0.3,OK
Saia S-Bus PLC,STALLVARK_A,STALLVARK_A.GM2.DI,STALLVARK_A.GM2 *0 Intern,State,HVAC,Virtual Room,Virtual Room,PLAN 4,7f57f4ed-e43f-4a5c-8d56-51028a5662c4,2e5443e3-60e4-4898-9198-5b7951911419,0.0,0.3,OK
Saia S-Bus PLC,STALLV_A,STALLV_A.TA13_3.DI,STALLV_A.TA13_3 Driftindikering via fläktvakt,State,HVAC,Virtual Room,Virtual Room,PLAN 4,387144bc-c8ae-48e8-8466-1d521026578a,2d5689d2-ae33-45d4-b7b9-b390e5339228,1.0,0.3,OK
Saia S-Bus PLC,STALLV_A,STALLV_A.TA13_3.GP10.DI,STALLV_A.TA13_3.GP10 *0 Intern,State,HVAC,Virtual Room,Virtual Room,PLAN 4,c8a36e94-a63d-472d-aeb5-ab15583e2f74,57e66e64-01be-4a6f-b48f-9ce516e5f7d1,0.0,0.3,OK
Saia S-Bus PLC,STALLV_A,STALLV_A.TA13_3.GP10.LA,STALLV_A.TA13_3.GP10 *1B Ställverk A TA13:3-GP10 Filterlarm,AlarmMinor,HVAC,Virtual Room,Virtual Room,PLAN 4,73b24e65-f0f8-4833-a20e-d8ea1de3b2f9,57e66e64-01be-4a6f-b48f-9ce516e5f7d1,0.0,0.3,OK
Saia S-Bus PLC,STALLV_A,STALLV_A.TA13_3.GT50.LA,STALLV_A.TA13_3.GT50 *1B STV_A TA13-GT50 Givarfel,AlarmMinor,HVAC,Virtual Room,Virtual Room,PLAN 4,a60d32ac-fd01-4fe3-b4cc-d754bc5e29c1,ccfd1fbd-fabc-42ed-bab8-dac7abff91dc,0.0,0.3,OK
Saia S-Bus PLC,STALLV_A,STALLV_A.TA13_3.GT50.PV,STALLV_A.TA13_3.GT50 Tempgivare,Temperature,HVAC,Virtual Room,Virtual Room,PLAN 4,cb852b67-b408-49c4-80de-242130b49b65,ccfd1fbd-fabc-42ed-bab8-dac7abff91dc,24.1,0.3,OK
Saia S-Bus PLC,STALLV_A,STALLV_A.TA13_3.SLA,STALLV_A.TA13_3 *1B Summalarm TA13:3 i ställverk A,AlarmMajor,HVAC,Virtual Room,Virtual Room,PLAN 4,f776f4c4-3c87-4dd1-8f32-3805744b86ab,2d5689d2-ae33-45d4-b7b9-b390e5339228,0.0,0.3,OK
Saia S-Bus PLC,TF1022,TF1022.FF1023.DI,TF1022.FF1023 driftsvar FF102:3,State,ExtractAir,Virtual Room,Virtual Room,PLAN 4,aa25ecb7-ce79-4b1a-99a3-5010b5286ba5,0f485e40-5520-4722-a1cf-7f1193e0233a,1.0,0.3,OK
Saia S-Bus PLC,TF1022,TF1022.FF1023.LA,TF1022.FF1023 *1 driftfel,AlarmMinor,ExtractAir,Virtual Room,Virtual Room,PLAN 4,cd95c594-4606-4d8e-beaa-a8a23b4b7c51,0f485e40-5520-4722-a1cf-7f1193e0233a,0.0,0.3,OK
Saia S-Bus PLC,TF1022,TF1022.FF1024.DI,TF1022.FF1024 driftsvar FF102:4,State,ExtractAir,Virtual Room,Virtual Room,PLAN 4,3fdd62bd-6285-4f27-939d-7b3679e69801,258cc02f-9216-48e8-b65f-097b9229ee0e,1.0,0.3,OK
Saia S-Bus PLC,TF1022,TF1022.FF1024.LA,TF1022.FF1024 *1 driftfel,AlarmMinor,ExtractAir,Virtual Room,Virtual Room,PLAN 4,2efdea64-40b1-4f7d-8797-3e0c51ba803d,258cc02f-9216-48e8-b65f-097b9229ee0e,0.0,0.3,OK
Saia S-Bus PLC,TF1022,TF1022.FF1025.DI,TF1022.FF1025 driftsvar FF102:5,State,ExtractAir,Virtual Room,Virtual Room,PLAN 4,3d765840-1c4e-40a4-bc1a-39783234e05b,54107548-6068-49e5-afb0-a558c118c18b,1.0,0.3,OK
Saia S-Bus PLC,TF1022,TF1022.FF1025.LA,TF1022.FF1025 *1 driftfel,AlarmMinor,ExtractAir,Virtual Room,Virtual Room,PLAN 4,efecadeb-7106-4a67-be42-891f9c35d94f,54107548-6068-49e5-afb0-a558c118c18b,0.0,0.3,OK
Saia S-Bus PLC,TF1022,TF1022.FF32.BVLA,TF1022.FF32 *1 Lågt tryck,AlarmMinor,HVAC,Virtual Room,Virtual Room,PLAN 4,25373593-e0ff-4c04-986d-572294d67187,c3f5fb37-a336-4082-8088-679ce8fe1a28,0.0,0.3,OK
Saia S-Bus PLC,TF1022,TF1022.FF32.DI,TF1022.FF32 driftsvar FF32,State,ExtractAir,Virtual Room,Virtual Room,PLAN 4,7663a91b-3cd6-4cea-88d8-a41c15ea35ad,c3f5fb37-a336-4082-8088-679ce8fe1a28,1.0,0.3,OK
Saia S-Bus PLC,TF1022,TF1022.FF32.LA,TF1022.FF32 *1 Driftfel,AlarmMinor,ExtractAir,Virtual Room,Virtual Room,PLAN 4,d83dd468-d9e3-4bda-9725-4e2ba2614b0a,c3f5fb37-a336-4082-8088-679ce8fe1a28,0.0,0.3,OK
Saia S-Bus PLC,TF1022,TF1022.FF32.SD,TF1022.FF32 styrsignal FF32,State,ExtractAir,Virtual Room,Virtual Room,PLAN 4,022fb414-34e0-4814-a8c6-1593b66b4515,c3f5fb37-a336-4082-8088-679ce8fe1a28,1.0,0.3,OK
Saia S-Bus PLC,TF1022,TF1022.FF345.SLA,TF1022.FF345 *1 summalarm FF102:3-5,AlarmMajor,HVAC,Virtual Room,Virtual Room,PLAN 4,f0c5dafb-7c04-485a-acec-b15243e594ef,6233d5cc-69ce-48f5-a233-0f54951948b4,0.0,0.3,OK
Saia S-Bus PLC,TF1022,TF1022.GP10.BVLA,TF1022.GP10 *1 högt trycklarm,AlarmMinor,HVAC,Virtual Room,Virtual Room,PLAN 4,9787bd5c-ce11-4afe-b393-24ca16dfb009,7d68a3ad-a4a8-4f6a-84ba-9b780de6d846,0.0,0.3,OK
Saia S-Bus PLC,TF1022,TF1022.GP10.PV,TF1022.GP10 Givare,Pressure,HVAC,Virtual Room,Virtual Room,PLAN 4,743233b6-84a6-46df-9860-2ac062f25c04,7d68a3ad-a4a8-4f6a-84ba-9b780de6d846,0.6,0.3,OK
Saia S-Bus PLC,TF1022,TF1022.GT50.BVLA,TF1022.GT50 *1 Hög templarm,AlarmMinor,HVAC,Virtual Room,Virtual Room,PLAN 4,e30959be-61f4-4507-81ac-706f818972dd,94623036-2b1f-46ae-a47c-2daf0c47d2da,0.0,0.3,OK
Saia S-Bus PLC,TF1022,TF1022.GT50.LA,TF1022.GT50 *1 givarfel,AlarmMinor,HVAC,Virtual Room,Virtual Room,PLAN 4,2712fcef-d857-42a7-91cf-3221a8ea88db,94623036-2b1f-46ae-a47c-2daf0c47d2da,0.0,0.3,OK
Saia S-Bus PLC,TF1022,TF1022.GT50.PV,TF1022.GT50 Givare,Temperature,HVAC,Virtual Room,Virtual Room,PLAN 4,07fd83f6-66be-48a1-8ac8-0e4d354c648f,94623036-2b1f-46ae-a47c-2daf0c47d2da,21.1,0.3,OK
Saia S-Bus PLC,TF1022,TF1022.TF.DI,TF1022.TF driftsvar TF102:2,State,SupplyAir,Virtual Room,Virtual Room,PLAN 4,0952d025-5d58-4c01-83f5-f62becef6e67,d6ad8a7c-7472-42a7-a126-2e26b74e861d,0.0,0.3,OK
Saia S-Bus PLC,TF1022,TF1022.TF.LA,TF1022.TF *1 driftfel,AlarmMinor,SupplyAir,Virtual Room,Virtual Room,PLAN 4,1bdb2b5e-23d7-4587-8d76-6fd3518f5802,d6ad8a7c-7472-42a7-a126-2e26b74e861d,0.0,0.3,OK
Saia S-Bus PLC,TF1022,TF1022.TF.SD,TF1022.TF styrsignal TF102:2,State,SupplyAir,Virtual Room,Virtual Room,PLAN 4,aa086aee-b785-4c3b-90ac-54e67e03f1be,d6ad8a7c-7472-42a7-a126-2e26b74e861d,0.0,0.3,OK
Saia S-Bus PLC,TUL,TUL.SLA,TUL *1A Summalarm Talande utrymmningslarm (TUL),AlarmMajor,HVAC,Virtual Room,Virtual Room,PLAN 4,1457ccff-0cc9-4354-95e3-e16742419dc1,ba02181f-d00f-4557-aac3-f89b4188c0b9,,,NOT_STARTED
Saia S-Bus PLC,TUL,TUL.SLACKANL.SLA,TUL.SLACKANL *1B Summalarm släckanläggning TUL-Rum,AlarmMajor,IndoorAir,Virtual Room,Virtual Room,PLAN 4,19034924-2daa-463a-b797-f6f30200af75,26617c66-7d2e-4811-a72e-145285adfc78,,,NOT_STARTED
Saia S-Bus PLC,UPS,UPS.DI,UPS DI larmsignal,State,HVAC,Virtual Room,Virtual Room,PLAN 4,1bbd36df-126a-425a-8919-8ff0833583b5,dbf27aec-5a91-484d-a8cc-f24643549a78,1.0,0.3,OK
Saia S-Bus PLC,UPS,UPS.SA.DI,UPS.SA DI larmsignal,State,HVAC,Virtual Room,Virtual Room,PLAN 4,9906a8b3-b18f-46bf-a319-39a4c878c54c,8c06f32e-26cf-4834-a60a-65159527dc26,0.0,0.3,OK
Saia S-Bus PLC,UPS,UPS.SA.LA,UPS.SA *1A Summalarm UPS,AlarmMajor,HVAC,Virtual Room,Virtual Room,PLAN 4,b7caee96-c17d-4c9f-8222-36f57e015856,8c06f32e-26cf-4834-a60a-65159527dc26,0.0,0.3,OK
Saia S-Bus PLC,VKA,VKA.ANTAL.PV,VKA.ANTAL Antal VKA som har starttillstånd,State,HVAC,Virtual Room,Virtual Room,PLAN 4,466f5582-47a2-481c-9214-09debd4b4620,cf63880c-ee90-4c51-b8b4-52dc53303e18,0.1,0.4,OK
Saia S-Bus PLC,VKA1,VKA1.HAD,VKA1 Handstyrning aktiv digital,State,HVAC,Virtual Room,Virtual Room,PLAN 4,35345793-1117-44c0-a18f-c8f7bcd27dd6,8073f6af-9f03-4f4c-923e-7b805bb44f3c,0.0,0.4,OK
Saia S-Bus PLC,VKA1,VKA1.P30.VT,VKA1.P30 *104 Driftstatus,State,HVAC,Virtual Room,Virtual Room,PLAN 4,2d15809c-9c0f-435f-b194-eae61918ae2c,180d921d-49f1-49f6-a83a-80fc8574c9ad,0.0,0.4,OK
Saia S-Bus PLC,VKA1,VKA1.P31.HAD,VKA1.P31 Handstyrning aktiv digital,State,HVAC,Virtual Room,Virtual Room,PLAN 4,b8d30b18-bdd7-47ed-ae26-db17eeb7d077,3355bce1-49dc-41e3-bf56-b40cbfa0f536,0.0,0.4,OK
Saia S-Bus PLC,VKA1,VKA1.P31.VT,VKA1.P31 *104 Driftstatus,State,HVAC,Virtual Room,Virtual Room,PLAN 4,14f9c9a2-02ec-462e-9461-b35e0bc66e80,3355bce1-49dc-41e3-bf56-b40cbfa0f536,0.0,0.4,OK
Saia S-Bus PLC,VKA1,VKA1.SEK.LA,VKA1.SEK *1B Regl. handstyrd,AlarmMinor,HVAC,Virtual Room,Virtual Room,PLAN 4,4da1d2cd-869b-4fb6-ac4a-7fd0d9395b31,e5e1b489-bd8e-46ac-9487-123624fe7ccb,0.0,0.4,OK
Saia S-Bus PLC,VKA1,VKA1.UVP30.HAA,VKA1.UVP30 Handstyrning aktiv analog,State,HVAC,Virtual Room,Virtual Room,PLAN 4,cbea2895-0053-410d-ac95-16095f9e3370,55dde4c5-1055-4d17-a6f7-e2f7a12374e5,0.0,0.4,OK
Saia S-Bus PLC,VKA1,VKA1.UVP30.HAD,VKA1.UVP30 Handstyrning aktiv digital,State,HVAC,Virtual Room,Virtual Room,PLAN 4,d380cf0a-62ca-49e5-9359-1f2d2adf1beb,55dde4c5-1055-4d17-a6f7-e2f7a12374e5,0.0,0.4,OK
Saia S-Bus PLC,VKA1,VKA1.VT,VKA1 *104 Driftstatus,State,HVAC,Virtual Room,Virtual Room,PLAN 4,6f73cc52-5d51-4396-a687-268f67b8b7c9,8073f6af-9f03-4f4c-923e-7b805bb44f3c,0.0,0.4,OK
Saia S-Bus PLC,VKA12,VKA12.GT11.LA,VKA12.GT11 *1B VKA12-GT11 Givarfel,AlarmMinor,HVAC,Virtual Room,Virtual Room,PLAN 4,f3e161d4-ff61-47c1-bd0d-d6fa576b5905,03727d3b-a9d9-4f80-95d7-4df8fc3f221b,0.0,0.3,OK
Saia S-Bus PLC,VKA12,VKA12.GT11.PV,VKA12.GT11 Temperaturgivare,Temperature,HVAC,Virtual Room,Virtual Room,PLAN 4,951fe7ac-8ff6-45b7-b51d-41a5efa36af1,03727d3b-a9d9-4f80-95d7-4df8fc3f221b,26.1,0.3,OK
Saia S-Bus PLC,VKA12,VKA12.GT12.LA,VKA12.GT12 *1B VKA12-GT12 Givarfel,AlarmMinor,HVAC,Virtual Room,Virtual Room,PLAN 4,694c50e6-294c-4c6d-b584-b4b8cea2b762,6620de50-e812-4414-8367-6174324bfbcf,0.0,0.3,OK
Saia S-Bus PLC,VKA12,VKA12.GT12.PV,VKA12.GT12 Temperaturgivare,Temperature,HVAC,Virtual Room,Virtual Room,PLAN 4,3e55cc36-dcba-418e-8f63-dac564b6705d,6620de50-e812-4414-8367-6174324bfbcf,30.5,0.3,OK
Saia S-Bus PLC,VKA12,VKA12.GX50.LA.SD,VKA12.GX50.LA Styrning larmdiod,State,HVAC,Virtual Room,Virtual Room,PLAN 4,6f2ccb2f-fa5b-43ac-9888-85648d92169d,63f44937-88f7-4744-945c-7e141b0809c6,0.0,0.3,OK
Saia S-Bus PLC,VKA12,VKA12.HAD,VKA12 Handstyrning aktiv digital,State,HVAC,Virtual Room,Virtual Room,PLAN 4,0909f7f3-bfa4-43a0-9e9e-7c6aac251b05,c13900cd-d31d-4c0d-9a17-d4ac0aa0c6d2,0.0,0.4,OK
Saia S-Bus PLC,VKA12,VKA12.KK1.DI,VKA12.KK1 Driftindikering,State,HVAC,Virtual Room,Virtual Room,PLAN 4,3958e137-c2fa-44c3-b8d7-062c9055d3b0,c6b353fd-dbed-4129-b667-ac5ad95d0325,1.0,0.3,OK
Saia S-Bus PLC,VKA12,VKA12.KK1.HP.BV,VKA12.KK1.HP Börvärde (Bar),CapabilityTypeSetpoint,HVAC,Virtual Room,Virtual Room,PLAN 4,43804625-30bc-4e42-84bb-6a0e239625eb,40b527fa-d414-4baf-944c-9ff09d9e0dab,7.0,0.3,OK
Saia S-Bus PLC,VKA12,VKA12.KK1.HP.BV.LA,VKA12.KK1.HP.BV *1B VKA12-KK1-HP Börvärdesavvikelse,AlarmMinor,HVAC,Virtual Room,Virtual Room,PLAN 4,c4b8ed24-b111-406a-a37b-f7fd1ffa5765,ad021e01-e7c9-401f-9012-460188d3b4be,0.0,0.3,OK
Saia S-Bus PLC,VKA12,VKA12.KK1.HP.BV.RPM,VKA12.KK1.HP.BV *0 Pi-regulator,CapabilityTypeParameter,HVAC,Virtual Room,Virtual Room,PLAN 4,1872bb71-82a5-4bb3-8e8d-995e1c4d24a7,ad021e01-e7c9-401f-9012-460188d3b4be,0.0,0.3,OK
Saia S-Bus PLC,VKA12,VKA12.KK1.HP.BV.TI,VKA12.KK1.HP.BV I-tiden (sek),State,HVAC,Virtual Room,Virtual Room,PLAN 4,431fe4d0-a5fe-4a26-bdd1-c7d365d6a164,ad021e01-e7c9-401f-9012-460188d3b4be,20.0,0.4,OK
Saia S-Bus PLC,VKA12,VKA12.KK1.HP.PV,VKA12.KK1.HP Högtryckspressostat (Bar),Pressure,HVAC,Virtual Room,Virtual Room,PLAN 4,a91246dd-828e-4360-ad27-018b3fa7a973,40b527fa-d414-4baf-944c-9ff09d9e0dab,8.0,0.3,OK
Saia S-Bus PLC,VKA12,VKA12.KK1.NODK.DI,VKA12.KK1.NODK *0 Larm,State,HVAC,Virtual Room,Virtual Room,PLAN 4,a67a8dcc-dac8-4673-89bf-3d312e6bec2d,80b9941b-9a06-48de-beb2-e8b76e1ec2c8,0.0,0.3,OK
Saia S-Bus PLC,VKA12,VKA12.KK1.NODK.LA,VKA12.KK1.NODK *1B VKA12-KK1 Nödkyla aktiv,AlarmMinor,HVAC,Virtual Room,Virtual Room,PLAN 4,cff863b8-3626-49e0-aa3e-6511fa13c35c,80b9941b-9a06-48de-beb2-e8b76e1ec2c8,0.0,0.3,OK
Saia S-Bus PLC,VKA12,VKA12.KK1.SLA,VKA12.KK1 *1B VKA12-KK1 Summalarm,AlarmMajor,HVAC,Virtual Room,Virtual Room,PLAN 4,c93123ec-9d69-4ea6-9bcf-33b2458dc09c,c6b353fd-dbed-4129-b667-ac5ad95d0325,0.0,0.3,OK
Saia S-Bus PLC,VKA12,VKA12.KK1.SLA.DI,VKA12.KK1.SLA *0 Larm,State,HVAC,Virtual Room,Virtual Room,PLAN 4,b2baaebf-65eb-4f7c-be0f-bc18c4d220aa,62ff5264-e4b5-4f19-9d56-5ab66711730b,0.0,0.4,OK
Saia S-Bus PLC,VKA12,VKA12.KK2.DI,VKA12.KK2 Driftindikering,State,HVAC,Virtual Room,Virtual Room,PLAN 4,919ebe95-137b-4f79-8357-1f9f5316c53d,c21e387d-8b6d-4f93-b20a-ba6c2d954938,1.0,0.3,OK
Saia S-Bus PLC,VKA12,VKA12.KK2.HP.BV,VKA12.KK2.HP Börvärde (Bar),CapabilityTypeSetpoint,HVAC,Virtual Room,Virtual Room,PLAN 4,8246eea9-425a-441e-99a4-6b6fc23f2aaf,bd6b5dbe-e984-4542-9950-5fb9826449a6,7.0,0.3,OK
Saia S-Bus PLC,VKA12,VKA12.KK2.HP.BV.LA,VKA12.KK2.HP.BV *1B VKA12-KK2-HP Börvärdesavvikelse,AlarmMinor,HVAC,Virtual Room,Virtual Room,PLAN 4,bc48e1ab-f296-43b9-8840-5d153e3c7b61,6851f5cb-217e-4f44-b0c2-57f439ea0f27,0.0,0.3,OK
Saia S-Bus PLC,VKA12,VKA12.KK2.HP.BV.RPM,VKA12.KK2.HP.BV *0 Pi-regulator,CapabilityTypeParameter,HVAC,Virtual Room,Virtual Room,PLAN 4,4ef02334-0673-4c56-803a-2fe841fde7c3,6851f5cb-217e-4f44-b0c2-57f439ea0f27,0.0,0.3,OK
Saia S-Bus PLC,VKA12,VKA12.KK2.HP.BV.TI,VKA12.KK2.HP.BV I-tiden (sek),State,HVAC,Virtual Room,Virtual Room,PLAN 4,4f08ae1d-7401-4596-b997-03044c7b352a,6851f5cb-217e-4f44-b0c2-57f439ea0f27,20.0,0.3,OK
Saia S-Bus PLC,VKA12,VKA12.KK2.HP.PV,VKA12.KK2.HP Högtryckspressostat (Bar),Pressure,HVAC,Virtual Room,Virtual Room,PLAN 4,84e36bbd-2c83-463f-bfdb-d3b8aac0f37f,bd6b5dbe-e984-4542-9950-5fb9826449a6,7.8,0.3,OK
Saia S-Bus PLC,VKA12,VKA12.KK2.NODK.DI,VKA12.KK2.NODK *0 Larm,State,HVAC,Virtual Room,Virtual Room,PLAN 4,74dc22d9-3cb1-46a1-bd4a-1a455084f006,1441b02d-f29c-4874-9690-087f57861633,0.0,0.3,OK
Saia S-Bus PLC,VKA12,VKA12.KK2.NODK.LA,VKA12.KK2.NODK *1B VKA12-KK2 Nödkyla aktiv,AlarmMinor,HVAC,Virtual Room,Virtual Room,PLAN 4,c33d808f-fb3b-4c3e-a5b4-01e696654e87,1441b02d-f29c-4874-9690-087f57861633,0.0,0.3,OK
Saia S-Bus PLC,VKA12,VKA12.KK2.SLA,VKA12.KK2 *1B VKA12-KK2 Summalarm,AlarmMajor,HVAC,Virtual Room,Virtual Room,PLAN 4,d3c97bed-0fa6-4b5a-a9a3-3b8ae95fc8f3,c21e387d-8b6d-4f93-b20a-ba6c2d954938,0.0,0.4,OK
Saia S-Bus PLC,VKA12,VKA12.KK2.SLA.DI,VKA12.KK2.SLA *0 Larm,State,HVAC,Virtual Room,Virtual Room,PLAN 4,b5ef3699-bbde-4244-bf44-b8ef77c847a8,fe9a40a9-d0e0-4ad2-9500-15f0fdcf144b,0.0,0.3,OK
Saia S-Bus PLC,VKA12,VKA12.P30.DI,VKA12.P30 Driftindikering,State,HVAC,Virtual Room,Virtual Room,PLAN 4,6e4c5b4b-8134-4a85-b540-537e65876e58,2d233459-5173-4f8d-a12e-0150e19cfe08,1.0,0.3,OK
Saia S-Bus PLC,VKA12,VKA12.P30.HAA,VKA12.P30 Handstyrning aktiv analog,State,HVAC,Virtual Room,Virtual Room,PLAN 4,36a9655b-1c4e-4513-88e9-0de2129e5743,2d233459-5173-4f8d-a12e-0150e19cfe08,0.0,0.3,OK
Saia S-Bus PLC,VKA12,VKA12.P30.HAD,VKA12.P30 Handstyrning aktiv digital,State,HVAC,Virtual Room,Virtual Room,PLAN 4,cd8eac78-8bc9-4968-88c5-fe6ae3596442,2d233459-5173-4f8d-a12e-0150e19cfe08,0.0,0.3,OK
Saia S-Bus PLC,VKA12,VKA12.P30.LA,VKA12.P30 *1B VKA12-P30 Driftfel,AlarmMinor,HVAC,Virtual Room,Virtual Room,PLAN 4,4e7211e7-c85e-401a-a7e1-4d050b35fac9,2d233459-5173-4f8d-a12e-0150e19cfe08,0.0,0.3,OK
Saia S-Bus PLC,VKA12,VKA12.P30.SA,VKA12.P30 Styrsignal frekvensomriktare,ValvePosition,HVAC,Virtual Room,Virtual Room,PLAN 4,1776bf8c-ca0e-4d7a-8f5c-d727042b92fe,2d233459-5173-4f8d-a12e-0150e19cfe08,100.0,0.3,OK
Saia S-Bus PLC,VKA12,VKA12.P30.SD,VKA12.P30 Digital styrsignal,State,HVAC,Virtual Room,Virtual Room,PLAN 4,d15a5282-aaf0-4194-8ef0-f54a9f172d7b,2d233459-5173-4f8d-a12e-0150e19cfe08,1.0,0.3,OK
Saia S-Bus PLC,VKA12,VKA12.P30.SLA,VKA12.P30 *1B VKA12-P30 Summalarm,AlarmMajor,HVAC,Virtual Room,Virtual Room,PLAN 4,b3c47c44-e2dc-4a0e-a642-44f76312c994,2d233459-5173-4f8d-a12e-0150e19cfe08,0.0,0.3,OK
Saia S-Bus PLC,VKA12,VKA12.P30.VT,VKA12.P30 *104 Driftstatus,State,HVAC,Virtual Room,Virtual Room,PLAN 4,367a28d8-0a6d-4250-ad90-2db96dad0b08,2d233459-5173-4f8d-a12e-0150e19cfe08,0.1,0.3,OK
Saia S-Bus PLC,VKA12,VKA12.SD,VKA12 Digital styrsignal,State,HVAC,Virtual Room,Virtual Room,PLAN 4,a7993a76-63ca-4d55-a4c1-88b11be9cd3e,c13900cd-d31d-4c0d-9a17-d4ac0aa0c6d2,1.0,0.3,OK
Saia S-Bus PLC,VKA12_FA12,VKA12_FA12.LL1.LA.SD,VKA12_FA12.LL1.LA Styrning larmdiod,State,HVAC,Virtual Room,Virtual Room,PLAN 4,00e5d83c-e5a6-4d03-a8de-d5c219a8df21,52cabe34-ee82-46be-bf83-d111488f20f0,0.0,0.3,OK
Saia S-Bus PLC,VKA1_3,VKA1_3.HD1.KOLDM.LA,VKA1_3.HD1.KOLDM *1B VKA1-3-HD1 Köldmedielarm,AlarmMinor,HVAC,Virtual Room,Virtual Room,PLAN 4,d4bcd96d-2d5c-4826-a91f-d44e2c82cfdd,a7d0fcc9-4bd5-4a73-a0c1-06c4fecffd0f,0.0,0.4,OK
Saia S-Bus PLC,VKA2,VKA2.HAD,VKA2 Handstyrning aktiv digital,State,HVAC,Virtual Room,Virtual Room,PLAN 4,c9b62b74-b6cd-49c9-acac-5dc73bb9158c,3650bacb-ec73-4095-aecd-0c33a8493a31,0.0,0.4,OK
Saia S-Bus PLC,VKA2,VKA2.P30.VT,VKA2.P30 *104 Driftstatus,State,HVAC,Virtual Room,Virtual Room,PLAN 4,e922466f-e1d0-4abc-ba20-c789ea202a1d,b723928e-595c-4983-9a75-8fd2517c51ac,0.1,0.4,OK
Saia S-Bus PLC,VKA2,VKA2.P31.HAD,VKA2.P31 Handstyrning aktiv digital,State,HVAC,Virtual Room,Virtual Room,PLAN 4,0f530dce-092c-4ef3-8c06-9b4b4ffde9ef,409836fc-971a-45d2-96bc-89ce01f2170b,0.0,0.4,OK
Saia S-Bus PLC,VKA2,VKA2.P31.VT,VKA2.P31 *104 Driftstatus,State,HVAC,Virtual Room,Virtual Room,PLAN 4,8c27102a-2278-49c3-b45c-ae93bb55f261,409836fc-971a-45d2-96bc-89ce01f2170b,0.1,0.4,OK
Saia S-Bus PLC,VKA2,VKA2.SEK.LA,VKA2.SEK *1B Regl. handstyrd,AlarmMinor,HVAC,Virtual Room,Virtual Room,PLAN 4,eb89e568-fba2-4148-987a-c52ff50b1b61,7d32afba-bb8e-45d3-af9c-6282d560d1c2,0.0,0.4,OK
Saia S-Bus PLC,VKA2,VKA2.UVP30.HAA,VKA2.UVP30 Handstyrning aktiv analog,State,HVAC,Virtual Room,Virtual Room,PLAN 4,ccab7fcd-be98-4d87-8bcb-03aa52267fb9,4b4335ac-b74a-42bf-85d0-8aff49e51a1d,0.0,0.4,OK
Saia S-Bus PLC,VKA2,VKA2.UVP30.HAD,VKA2.UVP30 Handstyrning aktiv digital,State,HVAC,Virtual Room,Virtual Room,PLAN 4,50b2d00e-d818-4055-a08e-43ea12b2983c,4b4335ac-b74a-42bf-85d0-8aff49e51a1d,0.0,0.4,OK
Saia S-Bus PLC,VKA2,VKA2.VT,VKA2 *104 Driftstatus,State,HVAC,Virtual Room,Virtual Room,PLAN 4,dbd5384c-44a2-405d-94ef-75bc157b3d60,3650bacb-ec73-4095-aecd-0c33a8493a31,0.1,0.4,OK
Saia S-Bus PLC,VKA3,VKA3.HAD,VKA3 Handstyrning aktiv digital,State,HVAC,Virtual Room,Virtual Room,PLAN 4,5c1fa399-8581-4aa8-b536-c4185db418ab,3bac8e3f-0564-48dc-b787-50412285c87e,0.0,0.4,OK
Saia S-Bus PLC,VKA3,VKA3.K1.VT,VKA3.K1 *104 Driftstatus,State,HVAC,Virtual Room,Virtual Room,PLAN 4,04f3caf3-8a54-444b-90d1-b855e0197c2f,8427f272-413c-4541-a8b2-0d1506710a8c,0.0,0.4,OK
Saia S-Bus PLC,VKA3,VKA3.K2.VT,VKA3.K2 *104 Driftstatus,State,HVAC,Virtual Room,Virtual Room,PLAN 4,e15aa7aa-4725-468c-ab31-03e3704d2eda,d9b80c1b-751d-4d57-a46f-9f8da5880a4d,0.0,0.4,OK
Saia S-Bus PLC,VKA3,VKA3.P32.HAD,VKA3.P32 Handstyrning aktiv digital,State,HVAC,Virtual Room,Virtual Room,PLAN 4,909e8f5d-ced2-4965-9352-ca0be8711ea1,b108d78d-354a-42d7-80b5-21910058f469,0.0,0.4,OK
Saia S-Bus PLC,VKA3,VKA3.P32.VT,VKA3.P32 *104 Driftstatus,State,HVAC,Virtual Room,Virtual Room,PLAN 4,45346db3-a9b9-4e68-bb18-5f3ec60156e7,b108d78d-354a-42d7-80b5-21910058f469,0.0,0.4,OK
Saia S-Bus PLC,VKA3,VKA3.P90.BV1,VKA3.P90 Utsignal vid 1st komp i drift,CapabilityTypeSetpoint,HVAC,Virtual Room,Virtual Room,PLAN 4,aba10e72-a7c0-46e7-b03f-d760f3dcdf27,4287c276-5eb7-4db5-92b3-fbefb0c7161a,90.0,0.4,OK
Saia S-Bus PLC,VKA3,VKA3.P90.BV2,VKA3.P90 Utsignal vid 2st komp i drift,CapabilityTypeSetpoint,HVAC,Virtual Room,Virtual Room,PLAN 4,e647adad-068b-49fa-96d5-d5f09e6034e1,4287c276-5eb7-4db5-92b3-fbefb0c7161a,90.0,0.4,OK
Saia S-Bus PLC,VKA3,VKA3.SEK.LA,VKA3.SEK *1B Regl. handstyrd,AlarmMinor,HVAC,Virtual Room,Virtual Room,PLAN 4,91294c95-b6a5-40b9-9f1e-438191c1882f,4a82dd7f-cf6b-463d-bf70-1e1187019b08,1.0,0.4,OK
Saia S-Bus PLC,VKA3,VKA3.SV30.HAA,VKA3.SV30 Handstyrning aktiv Analog,State,HVAC,Virtual Room,Virtual Room,PLAN 4,9cecdb31-e582-4a5a-82dd-252f61f831d7,303c5663-d640-46a4-af07-a88ac79b6fb6,1.0,0.4,OK
Saia S-Bus PLC,VKA3,VKA3.SV30.SA,VKA3.SV30 Analog utgång,ValvePosition,HVAC,Virtual Room,Virtual Room,PLAN 4,536f3329-99cd-458c-b0ec-7f91e7415e92,303c5663-d640-46a4-af07-a88ac79b6fb6,100.0,0.4,OK
Saia S-Bus PLC,VKA3,VKA3.SV32.HAA,VKA3.SV32 Handstyrning aktiv analog,State,HVAC,Virtual Room,Virtual Room,PLAN 4,76a9e712-b097-49b6-b1eb-463519e1b235,8c7b0f74-7f3f-4487-8ce6-5c9513cd7f33,0.0,0.4,OK
Saia S-Bus PLC,VKA3,VKA3.UV32.BV1,VKA3.UV32 Utsignal vid 1st komp i drift,CapabilityTypeSetpoint,HVAC,Virtual Room,Virtual Room,PLAN 4,efa1b4e7-76c3-4bfa-9cb6-1538ec330f5c,89396832-54cc-42c5-a6fd-f18bafac5225,80.0,0.4,OK
Saia S-Bus PLC,VKA3,VKA3.UV32.BV2,VKA3.UV32 Utsignal vid 2st komp i drift,CapabilityTypeSetpoint,HVAC,Virtual Room,Virtual Room,PLAN 4,09abd660-d81a-4090-a70f-84e37606c830,89396832-54cc-42c5-a6fd-f18bafac5225,100.0,0.4,OK
Saia S-Bus PLC,VKA3,VKA3.UV32.HAA,VKA3.UV32 Handstyrning aktiv analog,State,HVAC,Virtual Room,Virtual Room,PLAN 4,595695fc-0426-4393-a462-24802c725e0f,89396832-54cc-42c5-a6fd-f18bafac5225,0.0,0.4,OK
Saia S-Bus PLC,VKA3,VKA3.UV32.SA,VKA3.UV32 Utsignal,ValvePosition,HVAC,Virtual Room,Virtual Room,PLAN 4,d683ef5b-6a1a-4875-8468-df698563b12e,89396832-54cc-42c5-a6fd-f18bafac5225,0.0,0.4,OK
Saia S-Bus PLC,VKA3,VKA3.UV32.SLA,VKA3.UV32 *1B Summalarm omformare,AlarmMajor,HVAC,Virtual Room,Virtual Room,PLAN 4,6b289049-18d3-459a-a126-52587ed39fe3,89396832-54cc-42c5-a6fd-f18bafac5225,0.0,0.4,OK
Saia S-Bus PLC,VKA3A,VKA3A.GP11.PV,VKA3A.GP11 Kondensortryck i Bar,Pressure,HVAC,Virtual Room,Virtual Room,PLAN 4,fadfac8e-2614-4700-98e7-e8d8f4016f7b,44efb764-d5ba-43af-9ba6-9458799e0c94,0.0,0.4,OK
Saia S-Bus PLC,VKA3A,VKA3A.GP11.RPM,VKA3A.GP11 *10 Pi-regulator,CapabilityTypeParameter,HVAC,Virtual Room,Virtual Room,PLAN 4,a99ad686-693b-426b-b27a-5d5f9d070e72,44efb764-d5ba-43af-9ba6-9458799e0c94,0.0,0.4,OK
Saia S-Bus PLC,VKA3A,VKA3A.P31.DI,VKA3A.P31 Driftindikering via FRO,State,HVAC,Virtual Room,Virtual Room,PLAN 4,09407fd8-b915-4e51-96cf-05f9edd03e5c,e04aa242-ae79-450c-b427-15cad91de73d,0.0,0.4,OK
Saia S-Bus PLC,VKA3A,VKA3A.P31.HAA,VKA3A.P31 Handstyrning aktiv Analog,State,HVAC,Virtual Room,Virtual Room,PLAN 4,cf0ad72c-308e-4582-80d9-97ab31a2b1e1,e04aa242-ae79-450c-b427-15cad91de73d,0.0,0.4,OK
Saia S-Bus PLC,VKA3A,VKA3A.P31.HAD,VKA3A.P31 Handstyrning aktiv Digital,State,HVAC,Virtual Room,Virtual Room,PLAN 4,b899ccc1-11e9-49d5-b1ba-292ed050f0de,e04aa242-ae79-450c-b427-15cad91de73d,0.0,0.4,OK
Saia S-Bus PLC,VKA3A,VKA3A.P31.SA,VKA3A.P31 Analog utgång,ValvePosition,HVAC,Virtual Room,Virtual Room,PLAN 4,65db2bb2-2dc9-418d-93df-119d798ceebd,e04aa242-ae79-450c-b427-15cad91de73d,0.0,0.4,OK
Saia S-Bus PLC,VKA3A,VKA3A.P31.SD,VKA3A.P31 Digital utgång,State,HVAC,Virtual Room,Virtual Room,PLAN 4,8620d712-a410-44b3-9a5d-fac34c22775a,e04aa242-ae79-450c-b427-15cad91de73d,0.0,0.4,OK
Saia S-Bus PLC,VKA3A,VKA3A.P31.SLA,VKA3A.P31 *1B VKA3A-P31 Summalarm,AlarmMajor,HVAC,Virtual Room,Virtual Room,PLAN 4,bd2b995a-e425-47a8-b10f-d284af608c78,e04aa242-ae79-450c-b427-15cad91de73d,0.0,0.4,OK
Saia S-Bus PLC,VKA3A,VKA3A.P31.VT,VKA3A.P31 *104 Driftstatus,State,HVAC,Virtual Room,Virtual Room,PLAN 4,d6e95a14-0624-4a20-a055-c0ce4c1ba6fe,e04aa242-ae79-450c-b427-15cad91de73d,0.0,0.4,OK
Saia S-Bus PLC,VKA3A,VKA3A.SV31.HAD,VKA3A.SV31 Handstyrning aktiv digital,State,HVAC,Virtual Room,Virtual Room,PLAN 4,1aa89602-75fd-465b-bb64-5fa298f19fe6,c8947e18-7f18-459e-a535-a520cf73c655,0.0,0.4,OK
Saia S-Bus PLC,VKA3A,VKA3A.SV31.LA,VKA3A.SV31 *1B Ventil i fel läge,AlarmMinor,HVAC,Virtual Room,Virtual Room,PLAN 4,6aa6a690-c477-42c8-938a-9dfaf451cf15,c8947e18-7f18-459e-a535-a520cf73c655,1.0,0.4,OK
Saia S-Bus PLC,VKA3A,VKA3A.SV31.SD,VKA3A.SV31 Styrning,State,HVAC,Virtual Room,Virtual Room,PLAN 4,7d4b1c70-bc1f-46e6-9280-ae44399f9237,c8947e18-7f18-459e-a535-a520cf73c655,0.0,0.4,OK
Saia S-Bus PLC,VKA3A,VKA3A.SV31.VT,VKA3A.SV31 *104 Driftstatus,State,HVAC,Virtual Room,Virtual Room,PLAN 4,f5cc62e9-a9c0-422e-a035-5653788052fa,c8947e18-7f18-459e-a535-a520cf73c655,0.2,0.4,OK
Saia S-Bus PLC,VKA3A,VKA3A.SV32.HAD,VKA3A.SV32 Handstyrning aktiv digital,State,HVAC,Virtual Room,Virtual Room,PLAN 4,48b3d788-b58f-4ad0-b719-5515233dd790,e08ca695-f076-41e5-adf2-75aad35e8801,0.0,0.4,OK
Saia S-Bus PLC,VKA3A,VKA3A.SV32.LA,VKA3A.SV32 *1B Ventil i fel läge,AlarmMinor,HVAC,Virtual Room,Virtual Room,PLAN 4,e93c2239-30e4-4de9-80e5-13a1a158a4cc,e08ca695-f076-41e5-adf2-75aad35e8801,1.0,0.4,OK
Saia S-Bus PLC,VKA3A,VKA3A.SV32.SD,VKA3A.SV32 Styrning,State,HVAC,Virtual Room,Virtual Room,PLAN 4,7bb9d7dc-46ab-49ad-a9b6-60e8b1f7169a,e08ca695-f076-41e5-adf2-75aad35e8801,0.0,0.4,OK
Saia S-Bus PLC,VKA3A,VKA3A.SV32.VT,VKA3A.SV32 *104 Driftstatus,State,HVAC,Virtual Room,Virtual Room,PLAN 4,664fb3f0-9fee-47d2-b7b0-333a2dd31e3b,e08ca695-f076-41e5-adf2-75aad35e8801,0.2,0.4,OK
Saia S-Bus PLC,VKA3B,VKA3B.GP11.PV,VKA3B.GP11 Kondensortryck i Bar,Pressure,HVAC,Virtual Room,Virtual Room,PLAN 4,6196367b-b1b7-480d-bfb5-466d9e0a81ae,cf5d7952-2fb3-4316-95b2-bddcfc8942bf,0.0,0.4,OK
Saia S-Bus PLC,VKA3B,VKA3B.GP11.RPM,VKA3B.GP11 *10 Pi-regulator,CapabilityTypeParameter,HVAC,Virtual Room,Virtual Room,PLAN 4,3ae1e5a1-53a6-42d4-af76-171c3fd4103e,cf5d7952-2fb3-4316-95b2-bddcfc8942bf,0.0,0.4,OK
Saia S-Bus PLC,VKA3B,VKA3B.P31.DI,VKA3B.P31 Driftindikering via FRO,State,HVAC,Virtual Room,Virtual Room,PLAN 4,6885b70d-63ba-41aa-990f-5fcc6b95ea03,fa1f65e8-e9ba-4e97-8186-e4954c64fa86,0.0,0.4,OK
Saia S-Bus PLC,VKA3B,VKA3B.P31.HAA,VKA3B.P31 Handstyrning aktiv Analog,State,HVAC,Virtual Room,Virtual Room,PLAN 4,10fc4f51-12cd-40ae-922f-86aab7ed1a8a,fa1f65e8-e9ba-4e97-8186-e4954c64fa86,0.0,0.4,OK
Saia S-Bus PLC,VKA3B,VKA3B.P31.HAD,VKA3B.P31 Handstyrning aktiv Digital,State,HVAC,Virtual Room,Virtual Room,PLAN 4,b9765196-5078-42f7-b819-b6d3fbebd502,fa1f65e8-e9ba-4e97-8186-e4954c64fa86,0.0,0.4,OK
Saia S-Bus PLC,VKA3B,VKA3B.P31.SA,VKA3B.P31 Analog utgång,ValvePosition,HVAC,Virtual Room,Virtual Room,PLAN 4,e838c00e-126c-4c68-af78-a54b669b79ae,fa1f65e8-e9ba-4e97-8186-e4954c64fa86,0.0,0.4,OK
Saia S-Bus PLC,VKA3B,VKA3B.P31.SD,VKA3B.P31 Digital utgång,State,HVAC,Virtual Room,Virtual Room,PLAN 4,8ab8948a-44cc-4e07-93cc-22273e9daf40,fa1f65e8-e9ba-4e97-8186-e4954c64fa86,0.0,0.4,OK
Saia S-Bus PLC,VKA3B,VKA3B.P31.SLA,VKA3B.P31 *1B VKA3B-P31 Summalarm,AlarmMajor,HVAC,Virtual Room,Virtual Room,PLAN 4,f6635e47-2244-447d-81b6-7a075b1e1361,fa1f65e8-e9ba-4e97-8186-e4954c64fa86,0.0,0.4,OK
Saia S-Bus PLC,VKA3B,VKA3B.P31.VT,VKA3B.P31 *104 Driftstatus,State,HVAC,Virtual Room,Virtual Room,PLAN 4,f350588c-6b2d-422a-9fe0-34dc7db67844,fa1f65e8-e9ba-4e97-8186-e4954c64fa86,0.0,0.4,OK
Saia S-Bus PLC,VKA3B,VKA3B.SV31.HAD,VKA3B.SV31 Handstyrning aktiv digital,State,HVAC,Virtual Room,Virtual Room,PLAN 4,0ba80f39-c900-4d7e-82a7-8cb1e71ff7fc,b1ad90be-8113-4321-b63a-cc4127c49ace,0.0,0.4,OK
Saia S-Bus PLC,VKA3B,VKA3B.SV31.LA,VKA3B.SV31 *1B Ventil i fel läge,AlarmMinor,HVAC,Virtual Room,Virtual Room,PLAN 4,94f7cab4-dd00-4a96-ba1f-629c36b73f50,b1ad90be-8113-4321-b63a-cc4127c49ace,1.0,0.4,OK
Saia S-Bus PLC,VKA3B,VKA3B.SV31.SD,VKA3B.SV31 Styrning,State,HVAC,Virtual Room,Virtual Room,PLAN 4,45dc68e2-a9ee-4037-a346-1fa3e69a0c55,b1ad90be-8113-4321-b63a-cc4127c49ace,0.0,0.4,OK
Saia S-Bus PLC,VKA3B,VKA3B.SV31.VT,VKA3B.SV31 *104 Driftstatus,State,HVAC,Virtual Room,Virtual Room,PLAN 4,5939701b-c4d0-4642-be19-aba7badb7264,b1ad90be-8113-4321-b63a-cc4127c49ace,0.2,0.4,OK
Saia S-Bus PLC,VKA3B,VKA3B.SV32.HAD,VKA3B.SV32 Handstyrning aktiv digital,State,HVAC,Virtual Room,Virtual Room,PLAN 4,5b37eec6-1cc8-48a1-b720-a1b1578d4597,56f51aaf-5f5c-4c28-95b9-35499e14ad5c,0.0,0.4,OK
Saia S-Bus PLC,VKA3B,VKA3B.SV32.LA,VKA3B.SV32 *1B Ventil i fel läge,AlarmMinor,HVAC,Virtual Room,Virtual Room,PLAN 4,eeb7a366-a2b5-4e40-961d-7ed4704e9cc9,56f51aaf-5f5c-4c28-95b9-35499e14ad5c,1.0,0.4,OK
Saia S-Bus PLC,VKA3B,VKA3B.SV32.SD,VKA3B.SV32 Styrning,State,HVAC,Virtual Room,Virtual Room,PLAN 4,94538fb2-c7ae-44f6-87eb-eec270331771,56f51aaf-5f5c-4c28-95b9-35499e14ad5c,0.0,0.4,OK
Saia S-Bus PLC,VKA3B,VKA3B.SV32.VT,VKA3B.SV32 *104 Driftstatus,State,HVAC,Virtual Room,Virtual Room,PLAN 4,cbdb1cba-65a3-4538-bdbb-ba9e51834592,56f51aaf-5f5c-4c28-95b9-35499e14ad5c,0.2,0.4,OK
Saia S-Bus PLC,VKA4,VKA4.DI,VKA4 Driftind,State,HVAC,Virtual Room,Virtual Room,PLAN 4,aebba3f3-444b-4442-94cc-7823afdff1a5,4d3cf1ea-77fa-41bf-b9da-f05942690b00,0.0,0.4,OK
Saia S-Bus PLC,VKA4,VKA4.LA,VKA4 Summalarm,AlarmMajor,HVAC,Virtual Room,Virtual Room,PLAN 4,9284f471-c8ba-432e-a60c-ee5361d88be4,4d3cf1ea-77fa-41bf-b9da-f05942690b00,0.0,0.4,OK
Saia S-Bus PLC,VKA4,VKA4.VT,VKA4 *104 Driftstatus,State,HVAC,Virtual Room,Virtual Room,PLAN 4,fdf98d9d-5eb7-4cf3-9148-aee9d45904d5,4d3cf1ea-77fa-41bf-b9da-f05942690b00,0.0,0.4,OK
Saia S-Bus PLC,VP1,VP1.DELTA.PV,VP1.DELTA FJV-Temperatur differens mellan tillopp och returgivare,Temperature,HVAC,Virtual Room,Virtual Room,PLAN 4,2b4a8c9d-ca5f-4c4f-93da-0c80ff570370,0bf69fd2-8475-4777-a266-068ca80dea4b,2.4,0.4,OK
Saia S-Bus PLC,VP1,VP1.GT41.PV,VP1.GT41 FJV-Givare tilllopp,State,HVAC,Virtual Room,Virtual Room,PLAN 4,f8ac8437-9af7-4d8f-ae15-35cfb7fa96d9,f30375dc-0a89-47f3-90bd-6613ae3abe36,26.0,0.4,OK
Saia S-Bus PLC,VP1,VP1.GT42.PV,VP1.GT42 FJV-Givare retur,State,HVAC,Virtual Room,Virtual Room,PLAN 4,96eb85c6-6caa-452d-bb66-1594f0928ad5,ec4f7f6c-5b7c-4ad9-892f-88b6b6c0c74e,24.0,0.4,OK
Saia S-Bus PLC,VP1,VP1.MQ41.EFFEKT.KURV.RPM,VP1.MQ41.EFFEKT.KURV *34 Reglerparametrar,CapabilityTypeParameter,HVAC,Virtual Room,Virtual Room,PLAN 4,6430c567-4298-490e-ab44-867f2a63fde7,1e90f6b0-2662-4fe7-96f3-628661dfa8fd,0.0,0.4,OK
Saia S-Bus PLC,VP1,VP1.MQ41.EFFEKT.KURV.SA,VP1.MQ41.EFFEKT.KURV Begränsnings signal från regulatorer (0-1001),ValvePosition,HVAC,Virtual Room,Virtual Room,PLAN 4,420a84b8-b02b-4a9a-bddc-f3fa856b43ae,1e90f6b0-2662-4fe7-96f3-628661dfa8fd,0.0,0.4,OK
Saia S-Bus PLC,VP1,VP1.MQ41.EFFEKT.MAX.RPM,VP1.MQ41.EFFEKT.MAX *34 Reglerparametrar,CapabilityTypeParameter,HVAC,Virtual Room,Virtual Room,PLAN 4,b6fdd679-79d0-41b2-a9fa-7089eccb265e,bf049135-56e8-47c4-8026-59870804d6dd,0.0,0.4,OK
Saia S-Bus PLC,VP1,VP1.MQ41.EFFEKT.PV,VP1.MQ41.EFFEKT Momentan effektförbrukning (kW med en decimal),ActivePowerTotal,HVAC,Virtual Room,Virtual Room,PLAN 4,7203c7c7-58df-4d45-a79e-c18291a80543,ad30a9d9-9299-4cdb-811e-30effb0fc9d8,0.0,0.4,OK
Saia S-Bus PLC,VP1,VP1.MQ41.ENERGI.PV,VP1.MQ41.ENERGI Total energiförbrukning (kWh med en decimal),ActivePowerTotal,HVAC,Virtual Room,Virtual Room,PLAN 4,42675e3f-5eba-49ab-b82c-84e93fac628e,b325e6a8-1459-479d-85e5-293758bfcf43,4376850.0,0.4,OK
Saia S-Bus PLC,VP1,VP1.MQ41.FLOW.PV,VP1.MQ41.FLOW Total förbrukning (m3 med en decimal),Flow,HVAC,Virtual Room,Virtual Room,PLAN 4,065b24b6-83bc-46dd-8d2b-547b645c5d5c,b497434d-1a00-400a-98f9-d7413fd3bf23,100582.0,0.4,OK
Saia S-Bus PLC,VP1,VP1.VM1.ID.PV,VP1.VM1.ID Mätar ID,State,HVAC,Virtual Room,Virtual Room,PLAN 4,ead15bf5-67bb-4763-8f1f-6a9a41411cb9,b458a5ec-2ae4-498b-9d83-db7dbb3b105b,6892945.0,0.4,OK
Saia S-Bus PLC,VS1,VS1.GP11.BV,VS1.GP11 Börvärde (kPa),Pressure,HVAC,Virtual Room,Virtual Room,PLAN 4,f931fc30-aded-49a2-8bdc-af7bede296af,0535acf7-0346-476a-9e46-94cd31d356c0,,,NOT_STARTED
Saia S-Bus PLC,VS1,VS1.GP11.BVLA,VS1.GP11 *1B VS1-GP11 Börvärdesavvikelse,AlarmMinor,HVAC,Virtual Room,Virtual Room,PLAN 4,c6f498e5-a867-49a6-b7bc-c8b93fdb4cd4,0535acf7-0346-476a-9e46-94cd31d356c0,,,NOT_STARTED
Saia S-Bus PLC,VS1,VS1.GP11.PV,VS1.GP11 Ti4:0 Tryckgivare differens (0-100kPa),Pressure,HVAC,Virtual Room,Virtual Room,PLAN 4,1e636f84-7ea4-42f9-9f64-0e09e60226f3,0535acf7-0346-476a-9e46-94cd31d356c0,,,NOT_STARTED
Saia S-Bus PLC,VS1,VS1.GP11.RPM,VS1.GP11 *0 PI-regulator,CapabilityTypeParameter,HVAC,Virtual Room,Virtual Room,PLAN 4,98e21dec-51fd-4d86-8ac8-d581c6015e7b,0535acf7-0346-476a-9e46-94cd31d356c0,,,NOT_STARTED
Saia S-Bus PLC,VS1,VS1.GP11.TI,VS1.GP11 I-tiden (sek),State,HVAC,Virtual Room,Virtual Room,PLAN 4,3cc53d40-e055-497a-9192-4358613ea99e,0535acf7-0346-476a-9e46-94cd31d356c0,,,NOT_STARTED
Saia S-Bus PLC,VS1,VS1.GT11.RPM,VS1.GT11 *0 PI-regulator,CapabilityTypeParameter,HVAC,Virtual Room,Virtual Room,PLAN 4,3644aed7-a664-4d30-b8d8-72c417688102,18454ad4-acc2-4914-9034-1d4f677f8d0b,,,NOT_STARTED
Saia S-Bus PLC,VS1,VS1.GT11.TI,VS1.GT11 I-tiden (sek),State,HVAC,Virtual Room,Virtual Room,PLAN 4,09e75fa9-0eac-451c-a83b-d4f2b5152190,18454ad4-acc2-4914-9034-1d4f677f8d0b,,,NOT_STARTED
Saia S-Bus PLC,VS1,VS1.P1A.LA,VS1.P1A *1B VS1-P20A Driftfel,AlarmMinor,HVAC,Virtual Room,Virtual Room,PLAN 4,c14a3963-7f43-4087-b7e8-78a04f5501f7,669c7e59-7782-4762-b939-d2d324bc3e73,,,NOT_STARTED
Saia S-Bus PLC,VS1,VS1.P1A.VT,VS1.P1A *104 Driftstatus,State,HVAC,Virtual Room,Virtual Room,PLAN 4,e6ff160a-a71a-40ab-a19b-6303ff51e76f,669c7e59-7782-4762-b939-d2d324bc3e73,,,NOT_STARTED
Saia S-Bus PLC,VS1,VS1.P1AB.DI,VS1.P1AB Driftindikering via tryckgivare,State,HVAC,Virtual Room,Virtual Room,PLAN 4,35a5943e-e839-4e93-b3fe-3c7b50719dfd,cd36a343-3898-454f-b3cf-33cb6b51b0ee,,,NOT_STARTED
Saia S-Bus PLC,VS1,VS1.P1AB.LA,VS1.P1AB *1A VS1-P20A och P20B Driftfel,AlarmMinor,HVAC,Virtual Room,Virtual Room,PLAN 4,b3b37b36-804b-45ed-996d-2231c5c10e7f,cd36a343-3898-454f-b3cf-33cb6b51b0ee,,,NOT_STARTED
Saia S-Bus PLC,VS1,VS1.P1B.LA,VS1.P1B *1B VS1-P20B Driftfel,AlarmMinor,HVAC,Virtual Room,Virtual Room,PLAN 4,5515960b-6451-456e-8986-cd83ec412508,5c6a9d31-ad63-4da7-9272-8202957b021b,,,NOT_STARTED
Saia S-Bus PLC,VS1,VS1.P1B.VT,VS1.P1B *104 Driftstatus,State,HVAC,Virtual Room,Virtual Room,PLAN 4,9c3bc32b-0079-4d0f-8692-456cd905a3fa,5c6a9d31-ad63-4da7-9272-8202957b021b,,,NOT_STARTED
Saia S-Bus PLC,VS1,VS1.P90.DI,VS1.P90 Driftindikering,State,HVAC,Virtual Room,Virtual Room,PLAN 4,63e587d1-9a8d-473a-9e7d-a1b26a07552e,0c1a088c-2f53-4107-b25f-e81dab3e1c8b,0.0,0.4,OK
Saia S-Bus PLC,VS1,VS1.P90.HAA,VS1.P90 Handstyrning aktiv Analog,State,HVAC,Virtual Room,Virtual Room,PLAN 4,91ee42f0-efee-4af2-901b-bfd4ab14cdd6,0c1a088c-2f53-4107-b25f-e81dab3e1c8b,0.0,0.4,OK
Saia S-Bus PLC,VS1,VS1.P90.HAD,VS1.P90 Handstyrning aktiv Digital,State,HVAC,Virtual Room,Virtual Room,PLAN 4,0e8abd99-2710-4cb8-833a-666bfcfd62e7,0c1a088c-2f53-4107-b25f-e81dab3e1c8b,0.0,0.4,OK
Saia S-Bus PLC,VS1,VS1.P90.SA,VS1.P90 Analog utgång,ValvePosition,HVAC,Virtual Room,Virtual Room,PLAN 4,ef181d7e-6a59-44e0-a2e2-a6ac991ce855,0c1a088c-2f53-4107-b25f-e81dab3e1c8b,0.0,0.4,OK
Saia S-Bus PLC,VS1,VS1.P90.SD,VS1.P90 Digital utgång,State,HVAC,Virtual Room,Virtual Room,PLAN 4,2f5846bc-2776-4c4a-bb05-b978d2526768,0c1a088c-2f53-4107-b25f-e81dab3e1c8b,0.0,0.4,OK
Saia S-Bus PLC,VS1,VS1.P90.SLA,VS1.P90 *1B VS1-P90 Summalarm,AlarmMajor,HVAC,Virtual Room,Virtual Room,PLAN 4,9e9b2089-2673-4939-a14e-44ac44ecfc2f,0c1a088c-2f53-4107-b25f-e81dab3e1c8b,0.0,0.4,OK
Saia S-Bus PLC,VS1,VS1.P90.VT,VS1.P90 *104 Driftstatus,State,HVAC,Virtual Room,Virtual Room,PLAN 4,e6e746dc-a40b-4298-95c9-370e8b05da1e,0c1a088c-2f53-4107-b25f-e81dab3e1c8b,0.0,0.4,OK
Saia S-Bus PLC,VS1,VS1.UV1A.HAA,VS1.UV1A Handstyrning aktiv analog,State,HVAC,Virtual Room,Virtual Room,PLAN 4,50d6c1f7-9daf-4734-8325-2ad43d8c8926,cfe6c2cf-1870-41fe-bd1b-fbdc3c27f2ac,,,NOT_STARTED
Saia S-Bus PLC,VS1,VS1.UV1A.HAD,VS1.UV1A Handstyrning aktiv digital,State,HVAC,Virtual Room,Virtual Room,PLAN 4,5854360e-53b0-4f4d-bfa2-698f9264a8e9,cfe6c2cf-1870-41fe-bd1b-fbdc3c27f2ac,,,NOT_STARTED
Saia S-Bus PLC,VS1,VS1.UV1A.LA,VS1.UV1A *1B VS1-UV20A Summalarm,AlarmMajor,HVAC,Virtual Room,Virtual Room,PLAN 4,f26e9734-93e8-43dd-abdc-9bab75f1bb16,cfe6c2cf-1870-41fe-bd1b-fbdc3c27f2ac,,,NOT_STARTED
Saia S-Bus PLC,VS1,VS1.UV1A.SA,VS1.UV1A Au5:2 Styrsignal frekvensomriktare,ValvePosition,HVAC,Virtual Room,Virtual Room,PLAN 4,5f1e589a-81b1-483a-9206-8023cb6a977e,cfe6c2cf-1870-41fe-bd1b-fbdc3c27f2ac,,,NOT_STARTED
Saia S-Bus PLC,VS1,VS1.UV1A.SD,VS1.UV1A Du12:0 Start av cirkpump,State,HVAC,Virtual Room,Virtual Room,PLAN 4,ba339022-d80a-45ae-8d1a-257db6bc1a5f,cfe6c2cf-1870-41fe-bd1b-fbdc3c27f2ac,,,NOT_STARTED
Saia S-Bus PLC,VS1,VS1.UV1B.HAA,VS1.UV1B Handstyrning aktiv analog,State,HVAC,Virtual Room,Virtual Room,PLAN 4,ee97472c-28c9-4670-a17c-fb896445f0e9,9a055cfb-0a92-46f5-ab7d-bea63009beb8,,,NOT_STARTED
Saia S-Bus PLC,VS1,VS1.UV1B.HAD,VS1.UV1B Handstyrning aktiv digital,State,HVAC,Virtual Room,Virtual Room,PLAN 4,9e3f24aa-17d7-457c-9a52-314b561bd4df,9a055cfb-0a92-46f5-ab7d-bea63009beb8,,,NOT_STARTED
Saia S-Bus PLC,VS1,VS1.UV1B.LA,VS1.UV1B *1B VS1-UV20B Summalarm,AlarmMajor,HVAC,Virtual Room,Virtual Room,PLAN 4,b18b6d62-13ee-4943-95ef-05171a97daae,9a055cfb-0a92-46f5-ab7d-bea63009beb8,,,NOT_STARTED
Saia S-Bus PLC,VS1,VS1.UV1B.SA,VS1.UV1B Au5:3 Styrsignal frekvensomriktare,ValvePosition,HVAC,Virtual Room,Virtual Room,PLAN 4,edc80bf0-4db1-415b-80ef-696956190322,9a055cfb-0a92-46f5-ab7d-bea63009beb8,,,NOT_STARTED
Saia S-Bus PLC,VS1,VS1.UV1B.SD,VS1.UV1B Du12:1 Start av cirkpump,State,HVAC,Virtual Room,Virtual Room,PLAN 4,858fd289-7572-4282-8242-fe2581d2226d,9a055cfb-0a92-46f5-ab7d-bea63009beb8,,,NOT_STARTED
Saia S-Bus PLC,VS1,VS1.V_DUMP.LA,VS1.V_DUMP *1B Risk för värmedumpning VS1 mot KM1,AlarmMinor,HVAC,Virtual Room,Virtual Room,PLAN 4,973d2afe-b399-42e2-ac69-677cc57a4240,0ce54425-2110-4cae-bfee-5ff4341a8412,0.0,0.4,OK
other,,107477-energy,,EnergyTotal,DistrictHeatingFlow,Virtual Room,Virtual Room,PLAN 4,7bca4858-9441-49df-8bf3-7f7d7d88aa1c,aa2a27a0-5a3f-4860-a72a-58c06bc9c872,50000.0,14895.3,WARM_UP
other,,107477-flow,,Volume,DistrictHeatingFlow,Virtual Room,Virtual Room,PLAN 4,e41db8c6-de88-46f8-bdc3-cc667e19033f,aa2a27a0-5a3f-4860-a72a-58c06bc9c872,1.1,14895.3,WARM_UP
other,,107477-return_temperature,,Temperature,DistrictHeatingReturn,Virtual Room,Virtual Room,PLAN 4,4d1d425d-c517-49fb-8e13-f7716f4df830,aa2a27a0-5a3f-4860-a72a-58c06bc9c872,39.0,14895.3,WARM_UP
other,,107477-supply_temperature,,Temperature,DistrictHeatingFlow,Virtual Room,Virtual Room,PLAN 4,9f522f0f-5291-49a3-b3ae-055cfbc99f0b,aa2a27a0-5a3f-4860-a72a-58c06bc9c872,76.0,14895.3,WARM_UP
other,,184-30012,Safety Chain Status Sensor 184,AlarmMinor,IndoorAir,Virtual Room,Virtual Room,PLAN 4,b46a6280-a83d-4a4f-b540-e94e6e609ad5,0d090a25-7c0e-4872-981c-e2373296a05a,63.0,0.3,OK
other,,184-30021,Error Status Sensor 184,AlarmMinor,IndoorAir,Virtual Room,Virtual Room,PLAN 4,109f4d33-8b39-42ba-9bb1-dd761f4c1762,0d090a25-7c0e-4872-981c-e2373296a05a,0.0,0.3,OK
other,,184-30026,Error Type Sensor 184,AlarmMinor,IndoorAir,Virtual Room,Virtual Room,PLAN 4,8fc1611c-a325-4bc3-af66-ec285cc26456,0d090a25-7c0e-4872-981c-e2373296a05a,0.0,0.3,OK
other,,184-30042,Maintenance Mode Sensor 184,AlarmMinor,IndoorAir,Virtual Room,Virtual Room,PLAN 4,c66091d2-3e9e-4a5d-adda-ef406281b48f,0d090a25-7c0e-4872-981c-e2373296a05a,0.0,0.3,OK
other,,184-30048,Engineer on Site Sensor 184,AlarmMinor,IndoorAir,Virtual Room,Virtual Room,PLAN 4,8735d54f-1716-4093-9986-0affcf804704,0d090a25-7c0e-4872-981c-e2373296a05a,0.0,0.3,OK
other,,185-30012,Safety Chain Status Sensor 185,AlarmMinor,IndoorAir,Virtual Room,Virtual Room,PLAN 4,790fe59d-ab44-4244-9ce8-419888394b7b,8a1eac2f-aefd-4e13-a825-254c7ab08f9c,63.0,0.3,OK
other,,185-30021,Error Status Sensor 185,AlarmMinor,IndoorAir,Virtual Room,Virtual Room,PLAN 4,acf32395-c5d3-4e4c-9b42-0ffd7fe73189,8a1eac2f-aefd-4e13-a825-254c7ab08f9c,0.0,0.3,OK
other,,185-30026,Error Type Sensor 185,AlarmMinor,IndoorAir,Virtual Room,Virtual Room,PLAN 4,10f1865e-0e2f-4aba-b516-406483e717dc,8a1eac2f-aefd-4e13-a825-254c7ab08f9c,0.0,0.3,OK
other,,185-30042,Maintenance Mode Sensor 185,AlarmMinor,IndoorAir,Virtual Room,Virtual Room,PLAN 4,9ee8f6b5-26ea-4e3a-9dc2-5351da45d150,8a1eac2f-aefd-4e13-a825-254c7ab08f9c,0.0,0.3,OK
other,,185-30048,Engineer on Site Sensor 185,AlarmMinor,IndoorAir,Virtual Room,Virtual Room,PLAN 4,7d16e6da-ca0c-418b-a9d4-f45bc7c87eff,8a1eac2f-aefd-4e13-a825-254c7ab08f9c,,,NOT_STARTED
other,,186-30012,Safety Chain Status Sensor 186,AlarmMinor,IndoorAir,Virtual Room,Virtual Room,PLAN 4,bfdcb664-a0a9-443a-a9a3-0e1f7d923869,a58a1392-f30c-40a7-b69f-6acef35632d0,7.0,0.3,OK
other,,186-30021,Error Status Sensor 186,AlarmMinor,IndoorAir,Virtual Room,Virtual Room,PLAN 4,fe235f24-5e60-4fb5-b98f-d08e8612cc64,a58a1392-f30c-40a7-b69f-6acef35632d0,0.0,0.3,OK
other,,186-30026,Error Type Sensor 186,AlarmMinor,IndoorAir,Virtual Room,Virtual Room,PLAN 4,aaeb777f-4cf1-4ca8-a7db-36fe29d4b3bf,a58a1392-f30c-40a7-b69f-6acef35632d0,0.0,0.3,OK
other,,186-30042,Maintenance Mode Sensor 186,AlarmMinor,IndoorAir,Virtual Room,Virtual Room,PLAN 4,9b450638-d706-4275-8017-b62beed6f2b1,a58a1392-f30c-40a7-b69f-6acef35632d0,0.0,0.3,OK
other,,186-30048,Engineer on Site Sensor 186,AlarmMinor,IndoorAir,Virtual Room,Virtual Room,PLAN 4,dc132c9a-85c6-47a1-947b-d15eadd97cba,a58a1392-f30c-40a7-b69f-6acef35632d0,,,NOT_STARTED
other,,AS67.F3x.LA,AS67.F3x Larm,AlarmMinor,ElectricalGrid,Virtual Room,Virtual Room,PLAN 4,4505bf84-1aa9-46f6-a9c5-d47e834bdb91,03885008-bfd3-40b1-b622-41ca4e16368a,0.0,0.3,OK
other,,AS67.F4x.LA,AS67.F4x Larm,AlarmMinor,ElectricalGrid,Virtual Room,Virtual Room,PLAN 4,08b5e87e-4ad6-4f68-b7e3-dad9c7660b76,03885008-bfd3-40b1-b622-41ca4e16368a,0.0,0.3,OK
other,,AS67.Fx.LA,AS67.Fx Larm,AlarmMinor,HVAC,Virtual Room,Virtual Room,PLAN 4,3ba27fe0-8c1a-41b4-beef-0e490d088a32,03885008-bfd3-40b1-b622-41ca4e16368a,0.0,0.3,OK
other,,AS67.MasterKomm,AS67.MasterKomm,AlarmMinor,HVAC,Virtual Room,Virtual Room,PLAN 4,745369d1-90c8-45bb-a838-8d417db0687c,03885008-bfd3-40b1-b622-41ca4e16368a,0.0,0.3,OK
other,,AU.HAND.LA,AU.HAND *1B Analog utgång i hand,AlarmMinor,HVAC,Virtual Room,Virtual Room,PLAN 4,1e82dcce-aed4-4785-a085-2e8f72b46ffe,03885008-bfd3-40b1-b622-41ca4e16368a,0.0,0.3,OK
other,,CBRAND,CBRAND,AlarmMajor,HVAC,Virtual Room,Virtual Room,PLAN 4,adb44253-2c6d-4835-97ed-7137df7f6498,03885008-bfd3-40b1-b622-41ca4e16368a,0.0,0.3,OK
other,,CBRANDLA,CBRANDLA,AlarmMajor,HVAC,Virtual Room,Virtual Room,PLAN 4,887d8572-667a-41e8-b303-99f616c8144c,03885008-bfd3-40b1-b622-41ca4e16368a,0.0,0.3,OK
other,,CBRAND_LRH,CBRAND_LRH,AlarmMajor,HVAC,Virtual Room,Virtual Room,PLAN 4,5f658805-0e43-461a-a18e-63f1ade31957,03885008-bfd3-40b1-b622-41ca4e16368a,0.0,0.3,OK
other,,DI.HAND.LA,DI.HAND *1B Digital utgång i hand,AlarmMinor,HVAC,Virtual Room,Virtual Room,PLAN 4,f0886891-1285-4961-a59b-b94f1f71232f,03885008-bfd3-40b1-b622-41ca4e16368a,0.0,0.3,OK
other,,DUC67.BATTLA,DUC67.BATTLA,AlarmMinor,HVAC,Virtual Room,Virtual Room,PLAN 4,e2ed27db-3578-4adb-bb65-3e5d0b5ff334,03885008-bfd3-40b1-b622-41ca4e16368a,0.0,0.3,OK
other,,DUC67.Version,DUC67.Version,CapabilityTypeParameter,HVAC,Virtual Room,Virtual Room,PLAN 4,b1cfadc2-12b4-4a8d-94bc-5a3ca3b6127e,03885008-bfd3-40b1-b622-41ca4e16368a,16.0,0.3,OK
other,,Humidity,Humidity,Humidity,IndoorAir,BUTIK,1014,PLAN 4,4e770159-fc4d-49ee-995d-528d6406db85,4002d779-fd74-4b6f-b03f-06f3d4d97b61,0.0,32348.3,ERROR
other,,Humidity,Humidity,Humidity,IndoorAir,KONTOR,6065,PLAN 9,9cc25be7-2cd1-4724-927a-6ad6ea81f496,83a2a6df-e43c-4107-985f-4819e0a5201e,46,0.4,OK
other,,Humidity,Humidity,Humidity,IndoorAir,BUTIK,2027,PLAN 5,c470c152-4908-414e-b28f-60a8671bc90d,168e46a2-7baf-4b04-8f31-be1f65be8db6,0.0,31721.4,ERROR
other,,Humidity,Humidity,Humidity,IndoorAir,KONTOR,7013,PLAN 10,ebc96b08-2702-4e7f-a5eb-9021c925459e,eda2ce46-c171-4faf-95a3-91fa442894fa,51,222.9,WARNING
other,,Humidity,Humidity,Humidity,IndoorAir,LoraLAB,,,b900f267-e2c5-402a-ac17-5246343a02cd,e07be287-d0bb-41af-b1b9-a8c66f821492,46,0.4,OK
other,,Humidity,Humidity,Humidity,IndoorAir,LoraLAB,,,614be1bd-183e-4ffe-b12c-a43fac81e01c,e9a7d407-b618-4f32-af36-c9ede67d9867,69,0.5,OK
other,,Humidity,Humidity,Humidity,,LoraLAB,,,c74657a7-f8ef-438b-b8d6-f80b270b28cc,c8ecd153-b78e-41ce-b8f8-2d7feb34a8c6,52,0.7,WARNING
other,,Humidity,Humidity,Humidity,IndoorAir,LoraLAB,,,6d780b5b-a881-450a-9256-70882ee96c09,ac969c87-bac5-4b32-ad9c-50716557af03,50,222.9,ERROR
other,,Humidity,Humidity,Humidity,IndoorAir,ÖPPET KONTOR,7058,PLAN 10,f78250e0-4acb-486e-9dc9-c65495077cba,adce9747-f72c-431d-8f8a-3fee5ec25db5,47,0.3,WARNING
other,,Humidity,Humidity,Humidity,IndoorAir,ÖPPET KONTOR,5181,PLAN 8,25cc801e-d754-4297-b5ee-22d06be9b8e6,d8f16080-21c7-477c-a3f9-e0980b17c237,59.0,9004.6,ERROR
other,,Humidity,Humidity,Humidity,IndoorAir,LAGER,29,PLAN 3,c78b58b6-ad7f-4f4c-90b1-973522bd779a,fc355fbf-9bb5-40e0-bee8-1ce27edc71d0,0.0,32957.0,ERROR
other,,Humidity,Humidity,Humidity,IndoorAir,BUTIK,3016,PLAN 6,db6da6c0-f1e4-458a-8f8f-e2b9ed4cdac7,207a2afb-8b1c-4385-b6ba-f967ca3fe659,0.0,31905.8,ERROR
other,,Humidity,Humidity,Humidity,IndoorAir,BUTIK,1074,PLAN 4,175146c5-25c2-4750-b280-a51494cf7244,e2e60aa2-4404-43aa-b786-38403567e888,52,1.1,WARNING
other,,Humidity,Humidity,Humidity,IndoorAir,ÖPPET KONTOR,6014,PLAN 9,40e55bec-0d97-4534-bb05-2596e18437ad,8fd1be3d-e11b-41e5-885e-cbec1619b3da,43,0.7,OK
other,,Humidity,Humidity,Humidity,IndoorAir,GÅNG,,PLAN 4,a9468533-a37d-4b98-bb22-24d1ac6c7856,c8ecd153-b78e-41ce-b8f8-2d7feb34a8c6,60.0,9004.6,ERROR
other,,Humidity,Humidity,Humidity,IndoorAir,FÖRRÅD,K1181,PLAN 2,b3bc8245-d0db-4a01-b9f8-b7bc6f52c247,aeb19a3c-aed4-496a-8601-91472c0fe2ba,51,0.4,OK
other,,Humidity,Humidity,Humidity,IndoorAir,LAGER,K1037,PLAN 2,4e6294ae-3df9-4f64-933b-49617bd0a434,7f6b6fe7-aca2-4372-ae99-91f4c24ae592,58,0.4,OK
other,,Humidity,Humidity,Humidity,IndoorAir,BUTIK,2069,PLAN 5,172142b8-ef6a-4c1b-a00f-6ca986f296e2,7bd740bb-f23b-4a6f-941f-bc6e308bb436,42.0,18528.1,ERROR
other,,Humidity,Humidity,Humidity,IndoorAir,BUTIK,1068,PLAN 4,e95b3704-a68f-4093-8240-46ad1ac36719,a7bed2e0-c965-4636-8f4f-4d751b4b9804,59,0.4,OK
other,,Humidity,Humidity,Humidity,IndoorAir,LÅG PULS - 30 pl.,5011,PLAN 8,70456441-a8af-4648-b5ed-bf27e1e894a3,9f7c660e-d6d6-4ec7-be77-f67b55b815d8,61,0.3,OK
other,,LARMOK,LARMOK,State,HVAC,Virtual Room,Virtual Room,PLAN 4,6a34234f-1269-4a68-a6c7-3513f6c5e5ff,03885008-bfd3-40b1-b622-41ca4e16368a,1.0,0.3,OK
other,,LB13.CGX40.LRH,LB13.CGX40.LRH,AlarmMinor,IndoorAir,Virtual Room,Virtual Room,PLAN 4,9f4f875b-0e20-4418-9d6f-d15f3f6ee03f,03885008-bfd3-40b1-b622-41ca4e16368a,0.0,0.3,OK
other,,LB13.CGX40.RLA,LB13.CGX40.RLA,AlarmMajor,IndoorAir,Virtual Room,Virtual Room,PLAN 4,8f468a0d-faca-44e5-8bd1-12efd7a919db,03885008-bfd3-40b1-b622-41ca4e16368a,0.0,0.3,OK
other,,LB13.CGX40.SLA,LB13.CGX40 Summalarm,AlarmMinor,HVAC,Virtual Room,Virtual Room,PLAN 4,8b53cf17-0965-425c-9cb1-f3ec34e95d77,03885008-bfd3-40b1-b622-41ca4e16368a,0.0,0.3,OK
other,,LB13.DODZON,LB13.DODZON,State,HVAC,Virtual Room,Virtual Room,PLAN 4,cbbf64c9-dd37-4de4-8e2d-720581e80a1d,03885008-bfd3-40b1-b622-41ca4e16368a,0.0,0.3,OK
other,,LB13.DRIFTOK,LB13.DRIFTOK,State,HVAC,Virtual Room,Virtual Room,PLAN 4,0593389c-82a4-4f89-8bcd-02274f8ca034,03885008-bfd3-40b1-b622-41ca4e16368a,1.0,0.3,OK
other,,LB13.FORFRYS,LB13.FORFRYS,State,SupplyAir,Virtual Room,Virtual Room,PLAN 4,464c3de8-c26d-43a5-9c1d-811b6eb1872a,03885008-bfd3-40b1-b622-41ca4e16368a,0.0,0.3,OK
other,,LB13.FORFRYS2,LB13.FORFRYS2,State,SupplyAir,Virtual Room,Virtual Room,PLAN 4,6d3bf55e-6305-4009-affd-fa909b17d171,03885008-bfd3-40b1-b622-41ca4e16368a,0.0,0.3,OK
other,,LB13.FV_SD,LB13.FV_SD,State,SupplyAir,Virtual Room,Virtual Room,PLAN 4,56f1a9ec-d064-4865-8dcb-9a93981bae0c,03885008-bfd3-40b1-b622-41ca4e16368a,1.0,0.3,OK
other,,LB13.GF40.PV,LB13.GF40 Mätvärde,Flow,SupplyAir,Virtual Room,Virtual Room,PLAN 4,3e6b9b9a-06e5-40f9-bdfe-476c9c174cdf,03885008-bfd3-40b1-b622-41ca4e16368a,1492.5,0.3,OK
other,,LB13.GF41.PV,LB13.GF41 Mätvärde,Flow,SupplyAir,Virtual Room,Virtual Room,PLAN 4,f1ad8119-1a9a-4b08-8741-a32e19a291da,03885008-bfd3-40b1-b622-41ca4e16368a,1489.0,0.3,OK
other,,LB13.GP20.GVHLA,LB13.GP20.GVHLA,AlarmMinor,SupplyAir,Virtual Room,Virtual Room,PLAN 4,8875851a-88d5-406d-8e35-829bee3354c9,03885008-bfd3-40b1-b622-41ca4e16368a,0.0,0.4,OK
other,,LB13.GP20.PV,LB13.GP20 Mätvärde,Pressure,SupplyAir,Virtual Room,Virtual Room,PLAN 4,803c5462-334c-47c4-b53f-1654582febf2,03885008-bfd3-40b1-b622-41ca4e16368a,24.2,0.3,OK
other,,LB13.GP40.BA,LB13.GP40.BA,CapabilityTypeSetpoint,SupplyAir,Virtual Room,Virtual Room,PLAN 4,3c666ba7-b57a-45f3-8479-d4378b26b1ca,03885008-bfd3-40b1-b622-41ca4e16368a,241.5,0.3,OK
other,,LB13.GP40.GBVLA,LB13.GP40.GBVLA,AlarmMinor,SupplyAir,Virtual Room,Virtual Room,PLAN 4,dfbf1cec-b2c9-43fe-9922-8294cc7ab9e4,03885008-bfd3-40b1-b622-41ca4e16368a,0.0,0.3,OK
other,,LB13.GP40.GLVLA,LB13.GP40.GLVLA,AlarmMinor,SupplyAir,Virtual Room,Virtual Room,PLAN 4,eaf022de-290e-49bb-a3d3-10787afda05e,03885008-bfd3-40b1-b622-41ca4e16368a,0.0,0.3,OK
other,,LB13.GP40.PV,LB13.GP40 Mätvärde,Pressure,SupplyAir,Virtual Room,Virtual Room,PLAN 4,dbc2ea92-f7ff-4d6f-aa9c-c512812dfc09,03885008-bfd3-40b1-b622-41ca4e16368a,242.0,0.3,OK
other,,LB13.GQ41.PV,LB13.GQ41 Mätvärde,CO2,SupplyAir,Virtual Room,Virtual Room,PLAN 4,85ea4c97-bd7b-44cb-9a2d-5426d0bec357,03885008-bfd3-40b1-b622-41ca4e16368a,431.4,0.3,OK
other,,LB13.GQ60.PV,LB13.GQ60 Mätvärde,CO2,ExhaustAir,Virtual Room,Virtual Room,PLAN 4,d19c1c2b-c801-471d-b793-3f10d78adcb7,03885008-bfd3-40b1-b622-41ca4e16368a,467.5,0.3,OK
other,,LB13.GT10.LA,LB13.GT10 Larm,AlarmMinor,OutdoorAir,Virtual Room,Virtual Room,PLAN 4,a4b7602b-7447-4613-b896-e20b1271d99d,03885008-bfd3-40b1-b622-41ca4e16368a,0.0,0.3,OK
other,,LB13.GT10.PV,LB13.GT10 Mätvärde,Temperature,OutdoorAir,Virtual Room,Virtual Room,PLAN 4,5c51ca86-a4b2-4d8c-8acd-ebb84ccc9012,03885008-bfd3-40b1-b622-41ca4e16368a,17.7,0.3,OK
other,,LB13.GT20.LA,LB13.GT20 Larm,AlarmMinor,ExtractAir,Virtual Room,Virtual Room,PLAN 4,b82d7c6a-e35e-4588-bc54-4a2298ebe328,03885008-bfd3-40b1-b622-41ca4e16368a,0.0,0.3,OK
other,,LB13.GT20.PV,LB13.GT20 Mätvärde,Temperature,ExtractAir,Virtual Room,Virtual Room,PLAN 4,b44cd23f-a487-4199-8798-be8a2b621577,03885008-bfd3-40b1-b622-41ca4e16368a,17.4,0.3,OK
other,,LB13.GT40.GBV,LB13.GT40.GBV,CapabilityTypeLimit,SupplyAir,Virtual Room,Virtual Room,PLAN 4,b7fffc97-69bb-41da-af6e-a788f685a3af,03885008-bfd3-40b1-b622-41ca4e16368a,5.0,0.3,OK
other,,LB13.GT40.GBVLA,LB13.GT40.GBVLA,AlarmMinor,SupplyAir,Virtual Room,Virtual Room,PLAN 4,1a73584b-0f3d-421f-b365-b5b6191b74b0,03885008-bfd3-40b1-b622-41ca4e16368a,0.0,0.4,OK
other,,LB13.GT40.GMA,LB13.GT40.GMA,CapabilityTypeLimit,SupplyAir,Virtual Room,Virtual Room,PLAN 4,d8898615-e6e2-4d58-9dc7-a1678d8c67b9,03885008-bfd3-40b1-b622-41ca4e16368a,20.0,0.3,OK
other,,LB13.GT40.GMI,LB13.GT40.GMI,CapabilityTypeLimit,SupplyAir,Virtual Room,Virtual Room,PLAN 4,67a466b1-eadf-40bd-a627-b9e84d55b5d6,03885008-bfd3-40b1-b622-41ca4e16368a,14.0,0.4,OK
other,,LB13.GT40.LA,LB13.GT40 Larm,AlarmMinor,SupplyAir,Virtual Room,Virtual Room,PLAN 4,1ed8c851-622d-4c80-9202-d59a030f3fc2,03885008-bfd3-40b1-b622-41ca4e16368a,0.0,0.4,OK
other,,LB13.GT40.PV,LB13.GT40 Mätvärde,Temperature,SupplyAir,Virtual Room,Virtual Room,PLAN 4,44723485-8d1b-40fd-ac2f-d980ac54c283,03885008-bfd3-40b1-b622-41ca4e16368a,15.1,0.3,OK
other,,LB13.GT50.BVA,LB13.GT50.BVA,CapabilityTypeSetpoint,IndoorAir,Virtual Room,Virtual Room,PLAN 4,533dea47-0f23-4575-a6ad-cbd0478397c3,03885008-bfd3-40b1-b622-41ca4e16368a,22.0,0.3,OK
other,,LB13.GT50.GBV,LB13.GT50.GBV,CapabilityTypeLimit,IndoorAir,Virtual Room,Virtual Room,PLAN 4,13c1bf85-7461-4cee-92bd-3ecb93ceadb5,03885008-bfd3-40b1-b622-41ca4e16368a,3.0,0.4,OK
other,,LB13.GT50.GBVLA,LB13.GT50.GBVLA,AlarmMinor,IndoorAir,Virtual Room,Virtual Room,PLAN 4,0c8ee134-0de4-48a2-bb19-667b35216069,03885008-bfd3-40b1-b622-41ca4e16368a,0.0,0.4,OK
other,,LB13.GT50.LA,LB13.GT50 Larm,AlarmMinor,IndoorAir,Virtual Room,Virtual Room,PLAN 4,4a3c01a2-027f-4516-872f-40ceb03bef20,03885008-bfd3-40b1-b622-41ca4e16368a,0.0,0.3,OK
other,,LB13.GT50.PV,LB13.GT50 Mätvärde,Temperature,IndoorAir,Virtual Room,Virtual Room,PLAN 4,7e32a01e-3270-424e-a9e3-27ffeaefa25a,03885008-bfd3-40b1-b622-41ca4e16368a,23.0,0.3,OK
other,,LB13.GT60.PV,LB13.GT60 Mätvärde,Temperature,ExhaustAir,Virtual Room,Virtual Room,PLAN 4,dbdf577d-17bf-42e9-88ec-dfe3bceff99d,03885008-bfd3-40b1-b622-41ca4e16368a,23.7,0.3,OK
other,,LB13.GT80.BV,LB13.GT80 Börvärde,CapabilityTypeSetpoint,SupplyAir,Virtual Room,Virtual Room,PLAN 4,9d1e2c8a-909a-4e74-b120-7220618e2bac,03885008-bfd3-40b1-b622-41ca4e16368a,15.0,0.3,OK
other,,LB13.GT80.GL,LB13.GT80.GL,CapabilityTypeLimit,SupplyAir,Virtual Room,Virtual Room,PLAN 4,b79f0132-1979-4217-8044-c3203d94c6ac,03885008-bfd3-40b1-b622-41ca4e16368a,11.0,0.3,OK
other,,LB13.GT80.GLL,LB13.GT80.GLL,CapabilityTypeLimit,SupplyAir,Virtual Room,Virtual Room,PLAN 4,7d9f3a3e-6663-4097-9ebc-4b67170b0e98,03885008-bfd3-40b1-b622-41ca4e16368a,7.0,0.3,OK
other,,LB13.GT80.LA,LB13.GT80 Larm,AlarmMinor,SupplyAir,Virtual Room,Virtual Room,PLAN 4,4808184c-9f19-4fdc-93bc-e2fa16a19bdc,03885008-bfd3-40b1-b622-41ca4e16368a,0.0,0.4,OK
other,,LB13.GT80.LVLA,LB13.GT80.LVLA,AlarmMinor,SupplyAir,Virtual Room,Virtual Room,PLAN 4,718f4b0d-919c-4b1b-a594-42fe799b91c2,03885008-bfd3-40b1-b622-41ca4e16368a,0.0,0.4,OK
other,,LB13.GT80.PV,LB13.GT80 Mätvärde,Temperature,SupplyAir,Virtual Room,Virtual Room,PLAN 4,118c1fac-3264-4d02-826d-27f438045821,03885008-bfd3-40b1-b622-41ca4e16368a,18.3,0.3,OK
other,,LB13.GTx0.BVA,LB13.GTx0.BVA,CapabilityTypeSetpoint,SupplyAir,Virtual Room,Virtual Room,PLAN 4,cf44cb8a-9581-4248-893f-80dea8745b5d,03885008-bfd3-40b1-b622-41ca4e16368a,15.3,0.3,OK
other,,LB13.GTx0.DI,LB13.GTx0 Driftindikering,State,HVAC,Virtual Room,Virtual Room,PLAN 4,c070e98a-d6c5-4630-bc4c-3ff88191283c,03885008-bfd3-40b1-b622-41ca4e16368a,1.0,0.3,OK
other,,LB13.GTx0.KYLA.DI,LB13.GTx0.KYLA Driftindikering,State,Cooling,Virtual Room,Virtual Room,PLAN 4,f578a2fd-b412-476f-8e53-b423933399e2,03885008-bfd3-40b1-b622-41ca4e16368a,1.0,0.3,OK
other,,LB13.GTx0.PVA,LB13.GTx0.PVA,Temperature,SupplyAir,Virtual Room,Virtual Room,PLAN 4,5a13cd2e-ed62-448a-af9e-96c077dd204a,03885008-bfd3-40b1-b622-41ca4e16368a,15.1,0.3,OK
other,,LB13.GTx0.VARME.DI,LB13.GTx0.VARME Driftindikering,State,Heating,Virtual Room,Virtual Room,PLAN 4,fe82345c-3ff0-40fc-ac47-207a1207b439,03885008-bfd3-40b1-b622-41ca4e16368a,0.0,0.4,OK
other,,LB13.GTx0.VAV.DI,LB13.GTx0.VAV Driftindikering,State,HeatRecovery,Virtual Room,Virtual Room,PLAN 4,3a8084e8-a93d-4530-a380-c7de45a730ea,03885008-bfd3-40b1-b622-41ca4e16368a,0.0,0.3,OK
other,,LB13.INAKT,LB13.INAKT,State,HVAC,Virtual Room,Virtual Room,PLAN 4,fddd850c-1ac8-4f3c-8b59-bcd7797186e3,03885008-bfd3-40b1-b622-41ca4e16368a,0.0,0.3,OK
other,,LB13.KYLATV,LB13.KYLATV,State,Cooling,Virtual Room,Virtual Room,PLAN 4,ef059061-42e7-40ab-a5e9-0373b1663eee,03885008-bfd3-40b1-b622-41ca4e16368a,0.0,0.3,OK
other,,LB13.KYLREGLERING,LB13.KYLREGLERING,State,Cooling,Virtual Room,Virtual Room,PLAN 4,2e69cb39-730a-4491-bffb-bae3aa4af95d,03885008-bfd3-40b1-b622-41ca4e16368a,1.0,0.3,OK
other,,LB13.LARMOK,LB13.LARMOK,State,HVAC,Virtual Room,Virtual Room,PLAN 4,8363f01d-bd44-4c16-aeaf-095ac1468146,03885008-bfd3-40b1-b622-41ca4e16368a,1.0,0.3,OK
other,,LB13.MAXATERLUFT,LB13.MAXATERLUFT,State,ExtractAir,Virtual Room,Virtual Room,PLAN 4,f2c1ff99-b753-42b2-bc99-37b4e5e8e80a,03885008-bfd3-40b1-b622-41ca4e16368a,80.0,0.4,OK
other,,LB13.NATTK,LB13.NATTK,State,Cooling,Virtual Room,Virtual Room,PLAN 4,531d5cb8-be84-4145-b3cb-b71c43d67024,03885008-bfd3-40b1-b622-41ca4e16368a,0.0,0.3,OK
other,,LB13.NB50.DI,LB13.NB50 Driftindikering,State,HVAC,Virtual Room,Virtual Room,PLAN 4,bb743986-af1a-441f-93cc-87a7b0cb9da0,03885008-bfd3-40b1-b622-41ca4e16368a,1.0,0.3,OK
other,,LB13.NB50.LA,LB13.NB50 Larm,AlarmMinor,HVAC,Virtual Room,Virtual Room,PLAN 4,5818af8a-6f7f-4632-aa8f-4cb486ca21bf,03885008-bfd3-40b1-b622-41ca4e16368a,0.0,0.3,OK
other,,LB13.NKYLSTAC,LB13.NKYLSTAC,State,IndoorAir,Virtual Room,Virtual Room,PLAN 4,e0777ca9-ca20-4b67-b552-d2c09ec66f97,03885008-bfd3-40b1-b622-41ca4e16368a,21.0,0.3,OK
other,,LB13.NKYLSTOC,LB13.NKYLSTOC,State,IndoorAir,Virtual Room,Virtual Room,PLAN 4,2446cef4-1825-4fe9-a50a-79811b3a8f1a,03885008-bfd3-40b1-b622-41ca4e16368a,19.0,0.3,OK
other,,LB13.P20.DI,LB13.P20 Driftindikering,State,Heating,Virtual Room,Virtual Room,PLAN 4,46426be4-2368-4357-a06c-4bce69d29866,03885008-bfd3-40b1-b622-41ca4e16368a,0.0,0.4,OK
other,,LB13.P20.LA,LB13.P20 Larm,AlarmMinor,Heating,Virtual Room,Virtual Room,PLAN 4,880a1e90-9789-4334-aa8b-86294a035834,03885008-bfd3-40b1-b622-41ca4e16368a,0.0,0.3,OK
other,,LB13.P20.SD,LB13.P20 Styrsignal (digital),State,Heating,Virtual Room,Virtual Room,PLAN 4,174a10d8-d847-4a45-b5b1-0be93ee25226,03885008-bfd3-40b1-b622-41ca4e16368a,0.0,0.3,OK
other,,LB13.P20.START,LB13.P20 Startkommando,State,Heating,Virtual Room,Virtual Room,PLAN 4,83e6809f-ff22-4628-8adc-2a2c70b0aa79,03885008-bfd3-40b1-b622-41ca4e16368a,0.0,0.3,OK
other,,LB13.RRDI,LB13.RRDI,State,IndoorAir,Virtual Room,Virtual Room,PLAN 4,28ea16ec-f5cc-4fe2-8410-9a6e61e62237,03885008-bfd3-40b1-b622-41ca4e16368a,0.0,0.3,OK
other,,LB13.S31.DI,LB13.S31 Driftindikering,AlarmMinor,HVAC,Virtual Room,Virtual Room,PLAN 4,e662a648-0ee0-4984-afba-63a256edaee2,03885008-bfd3-40b1-b622-41ca4e16368a,0.0,0.3,OK
other,,LB13.S31.LA,LB13.S31 Larm,AlarmMinor,HVAC,Virtual Room,Virtual Room,PLAN 4,3d1898c4-46ce-4257-b7f9-6b9d0b47a8f5,03885008-bfd3-40b1-b622-41ca4e16368a,0.0,0.3,OK
other,,LB13.ST10.SA,LB13.ST10 Styrsignal (analog),ValvePosition,SupplyAir,Virtual Room,Virtual Room,PLAN 4,32f581f2-54a3-49fa-aeda-e0bffd02d910,03885008-bfd3-40b1-b622-41ca4e16368a,100.0,0.3,OK
other,,LB13.ST60.BV,LB13.ST60 Börvärde,CapabilityTypeSetpoint,ExhaustAir,Virtual Room,Virtual Room,PLAN 4,6574b796-26b7-4f19-a680-928f0cd9bf26,03885008-bfd3-40b1-b622-41ca4e16368a,0.0,0.4,OK
other,,LB13.ST60.SA,LB13.ST60 Styrsignal (analog),ValvePosition,ExhaustAir,Virtual Room,Virtual Room,PLAN 4,daf91fe5-4008-47d5-b8c7-4b51780dc521,03885008-bfd3-40b1-b622-41ca4e16368a,0.0,0.4,OK
other,,LB13.STILLESTAND,LB13.STILLESTAND,State,HVAC,Virtual Room,Virtual Room,PLAN 4,7dc92c8a-2539-4a3a-a969-6469e1e244b3,03885008-bfd3-40b1-b622-41ca4e16368a,0.0,0.3,OK
other,,LB13.SV20.SA,LB13.SV20 Styrsignal (analog),ValvePosition,Heating,Virtual Room,Virtual Room,PLAN 4,4848c1bd-2cd5-46b4-8a96-7ce35638c1d4,03885008-bfd3-40b1-b622-41ca4e16368a,0.0,0.3,OK
other,,LB13.SV30.SA,LB13.SV30 Styrsignal (analog),ValvePosition,HeatRecovery,Virtual Room,Virtual Room,PLAN 4,fd2bf7c1-c7d4-4546-aa30-57bdd9046ed4,03885008-bfd3-40b1-b622-41ca4e16368a,13.2,0.3,OK
other,,LB13.SV50.SD,LB13.SV50 Styrsignal (digital),State,HVAC,Virtual Room,Virtual Room,PLAN 4,13ba9b18-ceb5-424d-a165-482ae585eeba,03885008-bfd3-40b1-b622-41ca4e16368a,0.0,0.3,OK
other,,LB13.TF1.LA,LB13.TF1 Larm,AlarmMinor,HVAC,Virtual Room,Virtual Room,PLAN 4,0c56c863-efb1-4082-b820-71c3c9c32708,03885008-bfd3-40b1-b622-41ca4e16368a,0.0,0.3,OK
other,,LB13.TF1.LASH,LB13.TF1.LASH,State,HVAC,Virtual Room,Virtual Room,PLAN 4,62bb8b8b-19a3-419b-b46f-ff98b4215289,03885008-bfd3-40b1-b622-41ca4e16368a,0.0,0.3,OK
other,,LB13.TF1.SD,LB13.TF1 Styrsignal (digital),State,HVAC,Virtual Room,Virtual Room,PLAN 4,c0c45a6b-5be5-4811-a413-a241e5b7f881,03885008-bfd3-40b1-b622-41ca4e16368a,1.0,0.3,OK
other,,LB13.TF1.STARTT,LB13.TF1.STARTT,State,HVAC,Virtual Room,Virtual Room,PLAN 4,f26e3556-2105-4c40-b0d3-7d8f11f87dec,03885008-bfd3-40b1-b622-41ca4e16368a,1800.0,0.3,OK
other,,LB13.TIDKANAL,LB13.TIDKANAL,State,HVAC,Virtual Room,Virtual Room,PLAN 4,934eed57-da00-4da8-a96e-211ab505b093,03885008-bfd3-40b1-b622-41ca4e16368a,1.0,0.3,OK
other,,LB13.TRDI,LB13.TRDI,State,SupplyAir,Virtual Room,Virtual Room,PLAN 4,474e819a-99b0-4031-8ede-65a33e445fdd,03885008-bfd3-40b1-b622-41ca4e16368a,1.0,0.3,OK
other,,LB13.UPPSTA,LB13.UPPSTA,State,HVAC,Virtual Room,Virtual Room,PLAN 4,c8d5d304-823b-4232-9b06-44bc62c80adb,03885008-bfd3-40b1-b622-41ca4e16368a,0.0,0.3,OK
other,,LB13.UTESTAC,LB13.UTESTAC,State,OutdoorAir,Virtual Room,Virtual Room,PLAN 4,3a1d831f-3ed9-40b8-bceb-54fcacae6b50,03885008-bfd3-40b1-b622-41ca4e16368a,10.0,0.3,OK
other,,LB13.UV40.LA,LB13.UV40 Larm,AlarmMinor,Cooling,Virtual Room,Virtual Room,PLAN 4,dd84e88b-58d7-4619-b6a9-438d4aa89cda,03885008-bfd3-40b1-b622-41ca4e16368a,0.0,0.3,OK
other,,LB13.UV40.SA,LB13.UV40 Styrsignal (analog),ValvePosition,Cooling,Virtual Room,Virtual Room,PLAN 4,637fc458-239f-4f56-9bf2-aa51951e7ad6,03885008-bfd3-40b1-b622-41ca4e16368a,57.6,0.3,OK
other,,LB13.VARMESEKVENS,LB13.VARMESEKVENS,State,Heating,Virtual Room,Virtual Room,PLAN 4,3d4bf815-a485-4d35-b6e3-b1c22f82e67a,03885008-bfd3-40b1-b622-41ca4e16368a,0.0,0.3,OK
other,,LB13.VV_KO,LB13.VV_KO,State,Heating,Virtual Room,Virtual Room,PLAN 4,8ae98a7a-cac7-4b62-b4d9-359fd77decd0,03885008-bfd3-40b1-b622-41ca4e16368a,50.0,0.3,OK
other,,LB13.VV_Proc,LB13.VV_Proc,State,Heating,Virtual Room,Virtual Room,PLAN 4,9b6538d4-c382-46c3-99fd-3b0f5b81d419,03885008-bfd3-40b1-b622-41ca4e16368a,50.0,0.4,OK
other,,Light,Light,Illuminance,IndoorAir,BUTIK,1014,PLAN 4,75b28b92-5cd5-41d6-9e88-baf1b61257e8,4002d779-fd74-4b6f-b03f-06f3d4d97b61,178.0,32348.3,ERROR
other,,Light,Light,Illuminance,IndoorAir,KONTOR,6065,PLAN 9,70e04903-31de-4f35-839b-134e8045d0cf,83a2a6df-e43c-4107-985f-4819e0a5201e,60,0.4,OK
other,,Light,Light,Illuminance,IndoorAir,BUTIK,2027,PLAN 5,887c39ad-283f-4e8f-ae23-1d25b7281dbb,168e46a2-7baf-4b04-8f31-be1f65be8db6,172.0,31721.4,ERROR
other,,Light,Light,Illuminance,IndoorAir,KONTOR,7013,PLAN 10,ea1fd889-e387-4cc8-889f-d6c3606925a4,eda2ce46-c171-4faf-95a3-91fa442894fa,5,222.9,WARNING
other,,Light,Light,Illuminance,IndoorAir,LoraLAB,,,e0078b2f-e45c-4793-8fe3-274de88b19ad,ac969c87-bac5-4b32-ad9c-50716557af03,6,222.9,ERROR
other,,Light,Light,Illuminance,IndoorAir,LoraLAB,,,aa626c5d-b15b-4179-b1b8-014f4ca5f4d9,e07be287-d0bb-41af-b1b9-a8c66f821492,0,0.4,OK
other,,Light,Light,Illuminance,IndoorAir,LoraLAB,,,3925f510-ad09-4318-a5c5-1005b5064adb,e9a7d407-b618-4f32-af36-c9ede67d9867,117,0.5,OK
other,,Light,Light,Illuminance,IndoorAir,ÖPPET KONTOR,7058,PLAN 10,0b4f1d06-c1c6-434d-b4c9-39dd819fb63e,adce9747-f72c-431d-8f8a-3fee5ec25db5,225,0.3,WARNING
other,,Light,Light,Illuminance,IndoorAir,ÖPPET KONTOR,5181,PLAN 8,eacf1b52-0e30-4035-89b4-941838d077dc,d8f16080-21c7-477c-a3f9-e0980b17c237,189.0,9004.6,ERROR
other,,Light,Light,Illuminance,IndoorAir,LAGER,29,PLAN 3,1af47378-5664-46cd-8f54-aa503c8cad47,fc355fbf-9bb5-40e0-bee8-1ce27edc71d0,67.0,32957.0,ERROR
other,,Light,Light,Illuminance,IndoorAir,BUTIK,3016,PLAN 6,887df7ce-aad2-4ee3-832b-27481aafd5a3,207a2afb-8b1c-4385-b6ba-f967ca3fe659,0.0,31905.8,ERROR
other,,Light,Light,Illuminance,IndoorAir,BUTIK,1074,PLAN 4,299465f7-042f-4ccd-a87d-10a2514ec42c,e2e60aa2-4404-43aa-b786-38403567e888,552,1.1,WARNING
other,,Light,Light,Illuminance,IndoorAir,ÖPPET KONTOR,6014,PLAN 9,abfd811b-9c25-4f69-b90f-6a477facdd5b,8fd1be3d-e11b-41e5-885e-cbec1619b3da,225,0.7,OK
other,,Light,Light,Illuminance,IndoorAir,GÅNG,,PLAN 4,bbadd49d-9d8b-447c-9862-83d0bb1db0a7,c8ecd153-b78e-41ce-b8f8-2d7feb34a8c6,288,0.7,WARNING
other,,Light,Light,Illuminance,IndoorAir,FÖRRÅD,K1181,PLAN 2,fe968cb9-1e45-4cf4-8ede-1d99090f0003,aeb19a3c-aed4-496a-8601-91472c0fe2ba,0,0.4,OK
other,,Light,Light,Illuminance,IndoorAir,LAGER,K1037,PLAN 2,925555c8-57fa-459a-b417-8edec69c3bc8,7f6b6fe7-aca2-4372-ae99-91f4c24ae592,0,0.4,OK
other,,Light,Light,Illuminance,IndoorAir,BUTIK,2069,PLAN 5,57ea27be-3009-42a8-bdcb-599a86a0bc3d,7bd740bb-f23b-4a6f-941f-bc6e308bb436,22.0,18528.1,ERROR
other,,Light,Light,Illuminance,IndoorAir,BUTIK,1068,PLAN 4,5047619e-00e5-45ec-b076-50d7ae9fcfef,a7bed2e0-c965-4636-8f4f-4d751b4b9804,386,0.4,OK
other,,Light,Light,Illuminance,IndoorAir,LÅG PULS - 30 pl.,5011,PLAN 8,86da8b09-16a6-4caa-8fd6-663ee66501f8,9f7c660e-d6d6-4ec7-be77-f67b55b815d8,26,0.3,OK
other,,Mestro-219232-coldwater,Kallvatten Beredningskök Saluhall,Volume,ColdWaterFlow,Virtual Room,Virtual Room,PLAN 4,0650f613-6cef-419f-ae48-35180087bc1f,0d2a1f35-d5ea-4fbc-8796-0925326830d6,0.016961,97.3,OK
other,,Mestro-219234-coldwater,Kallvatten Chipirron Yta 4.10,Volume,ColdWaterFlow,Virtual Room,Virtual Room,PLAN 4,3632cae5-f38b-44bb-a904-3df8cfeb3b35,2ba2ab35-f667-412c-aa92-ad959556990e,0.012021,98.3,OK
other,,Mestro-219235-coldwater,Kallvatten Nordiska Blommor,Volume,ColdWaterFlow,Virtual Room,Virtual Room,PLAN 4,6dc20b6d-e00f-4eb7-8f84-522b1cf1d479,b40c6ee9-4fc7-4e62-9006-2135e7431a64,0.0,102.3,WARNING
other,,Mestro-219240-electricity,Franzen kyl uc AS78,ActiveEnergyTotal,ElectricalGridTenant,Virtual Room,Virtual Room,PLAN 4,15ae8dd4-30c4-4b9b-be96-729e5f82fa88,080a7906-1f7a-49a0-80dc-16b1e59396b4,5908.257,96.3,OK
other,,Mestro-219242-coldwater,Nödkyla VKA11:1/2,Volume,ColdWaterFlow,Virtual Room,Virtual Room,PLAN 4,1929da79-4472-4996-9243-56959c718403,18b0d815-012b-4326-8b52-69f95f1f51f7,0.0,96.3,OK
other,,Mestro-219262-coldwater,Kallvatten fd Lejonet&Björnen,Volume,ColdWaterFlow,Virtual Room,Virtual Room,PLAN 4,08a8005e-ad33-4163-b8d9-b83e45b75c3c,fe45b58b-cb56-4d48-81c3-8babe0ddf21d,0.0,98.3,OK
other,,Mestro-219264-coldwater,Kallvatten Nödkyla Frys saluhall,Volume,ColdWaterFlow,Virtual Room,Virtual Room,PLAN 4,d52ee82d-72bc-4742-9dcc-4d44e832b571,338a4ce9-5c4c-4213-bae1-4e46446b4b3d,0.002002,96.3,OK
other,,Mestro-219266-coldwater,Kallvatten HEAT,Volume,ColdWaterFlow,Virtual Room,Virtual Room,PLAN 4,709cae56-97a5-4662-9daf-f0471a44391f,ab4399ea-def9-4854-9076-0843cce8e65e,0.402677,98.3,OK
other,,Mestro-219286-electricity,410 Ink EL Ellevio historik,ActiveEnergyTotal,ElectricalGridInternal,Virtual Room,Virtual Room,PLAN 4,75d6f1f4-8e3e-4d5d-902b-1125cd7a777c,6c4f25d7-3ba8-4b4a-b37c-5cd9e8fb0897,0.0,96.3,OK
other,,Mestro-219287-coldwater,Kallvatten ROT fd Paradiset,Volume,ColdWaterFlow,Virtual Room,Virtual Room,PLAN 4,e97722e0-bd93-4c5a-a05a-1bfb57598289,6932cd54-7a2a-442f-aaef-7d2f7d0da0af,0.0,100.3,OK
other,,Mestro-219289-coldwater,Kallvatten HG-yta 08 AG Kötthandel,Volume,ColdWaterFlow,Virtual Room,Virtual Room,PLAN 4,eabb6b25-4794-419d-86fd-76d88b2bd022,1711e0f4-794f-42a1-bbf0-36571a1c81cb,0.009305,96.3,OK
other,,Mestro-219291-coldwater,Kallvatten HG-yta 10 Melanders fisk,Volume,ColdWaterFlow,Virtual Room,Virtual Room,PLAN 4,fa5c8b19-c47d-4f41-a3cf-094da649a3ad,e31c1053-6174-449d-b1cd-016676f03b4c,0.318681,98.3,OK
other,,Mestro-219293-heating-energy,KM02 Saluhall,EnergyTotal,Heating,Virtual Room,Virtual Room,PLAN 4,68fad7b9-6bdf-4fbf-b3bf-82a2838bf704,8a1b9a63-3383-4ef2-87ca-3f2c587a8dae,11070.848,100.3,OK
other,,Mestro-219293-heating-volume,KM02 Saluhall,Volume,Heating,Virtual Room,Virtual Room,PLAN 4,939a9f41-3471-4929-82a6-e2921b155f66,8a1b9a63-3383-4ef2-87ca-3f2c587a8dae,1.5747,100.3,OK
other,,Mestro-219294-coldwater,Kallvatten HG-yta 07 NK Bröd,Volume,ColdWaterFlow,Virtual Room,Virtual Room,PLAN 4,fef3fa2a-edc2-4b91-a1d4-f7ffd773856d,dc32f1dc-9507-47fb-ad53-ac409ca5f0eb,0.006,99.3,OK
other,,Mestro-219307-cooling-energy,KB1 saluhall,EnergyTotal,Cooling,Virtual Room,Virtual Room,PLAN 4,a2a94cbf-42e7-4d10-89d4-148fd2195b55,6c1f2fd7-ebf7-4999-9fc4-5d453c1f7689,68430.812,96.3,OK
other,,Mestro-219307-cooling-volume,KB1 saluhall,Volume,Cooling,Virtual Room,Virtual Room,PLAN 4,483165ce-ec7d-48f3-afbf-8d7e2dd8b214,6c1f2fd7-ebf7-4999-9fc4-5d453c1f7689,10.106113,96.3,OK
other,,Mestro-219312-cooling-energy,KB11 Kyldiskar Saluhall KB,EnergyTotal,Cooling,Virtual Room,Virtual Room,PLAN 4,0fc97d09-ecfd-40c8-91c8-ccaa218d99e5,96c7117f-bf7c-4c7d-a538-c4862417970d,39486.606999999996,100.3,OK
other,,Mestro-219312-cooling-volume,KB11 Kyldiskar Saluhall KB,Volume,Cooling,Virtual Room,Virtual Room,PLAN 4,dee8b6ef-26e6-48de-8be1-940e54c8a281,96c7117f-bf7c-4c7d-a538-c4862417970d,8.560598,98.3,OK
other,,Mestro-219347-coldwater,Kallvatten Espresso house,Volume,ColdWaterFlow,Virtual Room,Virtual Room,PLAN 4,bfc24416-4c2f-4121-ade0-43f78da93bce,9795ac6e-32e8-44db-9eba-25e99d081b87,0.0,96.3,OK
other,,Mestro-219354-heating-energy,Återvinning VKA3,EnergyTotal,Heating,Virtual Room,Virtual Room,PLAN 4,80ac2def-3f08-4412-a690-02965f491fba,50848551-4125-4c1f-a24e-07a86e1c8f9a,0.0,96.3,OK
other,,Mestro-219354-heating-volume,Återvinning VKA3,Volume,Heating,Virtual Room,Virtual Room,PLAN 4,97f3aa46-89a1-4805-9960-881840a281d9,50848551-4125-4c1f-a24e-07a86e1c8f9a,0.183911,96.3,OK
other,,Mestro-219386-hotwater,Varmvatten Espresso house,Volume,HotWaterFlow,Virtual Room,Virtual Room,PLAN 4,01369c2b-e577-4761-a698-f5266f6714c3,944954cf-2b95-4ab3-b16d-07d749349080,0.0,97.3,OK
other,,Mestro-219396-hotwater,Varmvatten Franze'n beredning,Volume,HotWaterFlow,Virtual Room,Virtual Room,PLAN 4,419afbaa-1f12-4d20-bc13-147c1ebaa240,cbc21b54-db2b-42bc-9a1b-8d098573a5eb,0.0,101.3,WARNING
other,,Mestro-219397-cooling-energy,Positano KB,EnergyTotal,Cooling,Virtual Room,Virtual Room,PLAN 4,872b7b89-6570-4008-afb6-7f46e276e72f,39e9f16c-3151-47f7-8a63-5b3682fe957a,1000.0,100.3,OK
other,,Mestro-219397-cooling-volume,Positano KB,Volume,Cooling,Virtual Room,Virtual Room,PLAN 4,91ef37ca-c208-4425-95b7-057a722ae659,39e9f16c-3151-47f7-8a63-5b3682fe957a,0.025784,98.3,OK
other,,Mestro-219398-hotwater,Varmvatten Franska Cafe',Volume,HotWaterFlow,Virtual Room,Virtual Room,PLAN 4,66b7785e-f7b9-4a2c-8057-c59871ae3af5,e5184e85-5b53-4da7-8210-39805124fff4,0.013,103.3,WARNING
other,,Mestro-219399-hotwater,Varmvatten Androuet Ost,Volume,HotWaterFlow,Virtual Room,Virtual Room,PLAN 4,bcdb1ad9-40c7-47db-af04-9e424e66a18e,31f04fa6-2612-4f20-918f-187766e888fe,0.002012,98.3,OK
other,,Mestro-219401-hotwater,Varmvatten Franze'n Restaurang,Volume,HotWaterFlow,Virtual Room,Virtual Room,PLAN 4,8f07053d-ff80-4b41-9513-bbbc320d6fd8,b874eb2e-b387-4fce-8e00-89b3ffcb4512,0.914569,96.3,OK
other,,Mestro-219402-hotwater,Varmvatten fd Cafe' Entre',Volume,HotWaterFlow,Virtual Room,Virtual Room,PLAN 4,08f0eab2-5418-4090-b0f5-2875b1c7ca99,6a1abfa6-c339-483d-aca5-8727d54a1273,0.0,101.3,WARNING
other,,Mestro-219407-hotwater,VVC Chipiron Yta 4.10,Volume,HotWaterFlow,Virtual Room,Virtual Room,PLAN 4,fe0ead8d-76c1-4df8-bddb-7821c5694762,fee3bfdd-f5a0-4e4e-aa58-fed886eae6f8,0.079197,96.3,OK
other,,Mestro-219408-hotwater,Varmvatten beredningskök Saluhall,Volume,HotWaterFlow,Virtual Room,Virtual Room,PLAN 4,bc154410-fa39-497a-bff4-8137c1e7c4af,23dbfb9d-1983-42ec-ae59-fd40aad8f7ad,0.076041,96.3,OK
other,,Mestro-219410-hotwater,Varmvatten Haga Cafe',Volume,HotWaterFlow,Virtual Room,Virtual Room,PLAN 4,af324fba-f409-4a0b-83a9-bc0e641186e9,5a4e858b-7474-4e32-a38e-a29bd31b0928,0.016,96.3,OK
other,,Mestro-219411-hotwater,Varmvatten HG-yta 07 NK Bröd,Volume,HotWaterFlow,Virtual Room,Virtual Room,PLAN 4,eac10b2f-4f40-4e3e-b9c3-ce388217833e,6c8c7d0f-1510-478c-b959-ea726f95e739,0.0,99.3,OK
other,,Mestro-219459-hotwater,Varmvatten Olja&Oliv,Volume,HotWaterFlow,Virtual Room,Virtual Room,PLAN 4,96f9e775-c657-4412-89e9-80fa1a365518,9ab3a081-0240-4b93-a89d-212cefe702cd,0.0,96.3,OK
other,,Mestro-219461-hotwater,Varmvatten HEAT,Volume,HotWaterFlow,Virtual Room,Virtual Room,PLAN 4,071113e1-33b9-42ea-a2f8-f4b9c631e16c,6ed12f5d-fb34-44da-8409-382d7fbe0971,0.0,104.3,OK
other,,Mestro-219470-heating-energy,410 Fjärrvärme Exergi,EnergyTotal,Heating,Virtual Room,Virtual Room,PLAN 4,9d6395e3-240a-4b60-ba63-64bad4f74ab6,18cbadae-00a4-46d9-b306-acf891edf003,0.0,98.3,OK
other,,Mestro-219470-heating-volume,410 Fjärrvärme Exergi,Volume,Heating,Virtual Room,Virtual Room,PLAN 4,54bffcb7-e1c4-427d-9a1a-9a9975baf4c7,18cbadae-00a4-46d9-b306-acf891edf003,0.0,105.3,OK
other,,Mestro-219472-coldwater,Kallvatten ismaskin Positano,Volume,ColdWaterFlow,Virtual Room,Virtual Room,PLAN 4,3429d2b5-5aab-47f1-a1b7-cf7d9456292a,681e7d22-543a-46c5-a93b-72520c24cf7a,0.007,100.3,WARNING
other,,Mestro-219513-hotwater,Varmvatten HG-yta 08 AG Kötthandel,Volume,HotWaterFlow,Virtual Room,Virtual Room,PLAN 4,70477543-0acf-4090-a245-3463ba90d848,ec35dc26-159a-4350-872b-7724670cbbce,0.029197,96.3,OK
other,,Mestro-219515-hotwater,Varmvatten ROT fd Dr Mat,Volume,HotWaterFlow,Virtual Room,Virtual Room,PLAN 4,8d7ed9ca-6553-4fd7-aae2-bed214f8ab8d,1de63a93-894e-44f1-a9f9-35e73f775353,0.074797,96.3,OK
other,,Mestro-219516-hotwater,Varmvatten ROT fd Paradiset,Volume,HotWaterFlow,Virtual Room,Virtual Room,PLAN 4,6942ddd8-5506-4851-a4fa-031ceee52238,f1006610-af79-47e1-a9b7-13bfe8f30afe,3.8e-05,96.3,OK
other,,Mestro-219522-hotwater,Varmvatten Panini(fdColorfield),Volume,HotWaterFlow,Virtual Room,Virtual Room,PLAN 4,4f35732e-9b66-4ede-b708-d428b81f2d8e,1f4a8397-c920-47db-9edc-20f1b2feb7bc,0.0,102.3,WARNING
other,,Mestro-219523-hotwater,Varmvatten Nordiska Blommor,Volume,HotWaterFlow,Virtual Room,Virtual Room,PLAN 4,beda5760-f4fa-4138-a610-a21fd49eb05d,48d20881-4608-41ad-a75f-874a917b5d2e,0.001,99.3,OK
other,,Mestro-219524-hotwater,Varmvatten fd Lejonet&Björnen,Volume,HotWaterFlow,Virtual Room,Virtual Room,PLAN 4,ab51c31e-81de-430a-8ec8-4724664e9427,5d6a198c-abfb-4ab9-a4d5-06a5dec894d0,0.0,96.3,OK
other,,Mestro-219527-cooling-energy,410 KB1 Utg,EnergyTotal,Cooling,Virtual Room,Virtual Room,PLAN 4,416e238f-33cc-49f0-be16-7d8d636054ad,d8e6127e-596b-4856-9b98-43dc618e5013,200000.0,108.3,WARNING
other,,Mestro-219527-cooling-volume,410 KB1 Utg,Volume,Cooling,Virtual Room,Virtual Room,PLAN 4,39d9f912-1eac-429a-9f00-95f2e1bb5562,d8e6127e-596b-4856-9b98-43dc618e5013,85.269799,106.3,WARNING
other,,Mestro-219531-cooling-energy,410 FF203,EnergyTotal,Cooling,Virtual Room,Virtual Room,PLAN 4,92d892e2-93be-41c6-8bfe-30b12a5eeaa2,705a2247-8dd2-4031-8970-b3d7223ba7b3,0.0,96.3,OK
other,,Mestro-219531-cooling-volume,410 FF203,Volume,Cooling,Virtual Room,Virtual Room,PLAN 4,e878eb54-18df-4dcc-a6b4-6f369165b45e,705a2247-8dd2-4031-8970-b3d7223ba7b3,0.0,96.3,OK
other,,Mestro-219536-hotwater,Varmvatten HG-yta 10 Melanders Fisk,Volume,HotWaterFlow,Virtual Room,Virtual Room,PLAN 4,a3951068-a7c2-4b63-99db-4987ff9db1a1,3e15cc33-1ba3-436c-ad18-c54414608ca7,0.222739,96.3,OK
other,,Mestro-219577-heating-energy,Main meter - 410 Fjärrvärme piigab,EnergyTotal,DistrictHeatingFlow,Virtual Room,Virtual Room,PLAN 4,785c64a7-7c43-406b-8742-5a2e067f69a9,00652bdd-99ed-4c1b-a307-533d8f394e82,0.0,97.3,OK
other,,Mestro-219577-heating-volume,Main meter - 410 Fjärrvärme piigab,Volume,DistrictHeatingFlow,Virtual Room,Virtual Room,PLAN 4,3c44ea22-db64-4bde-8498-7f4907bdf681,00652bdd-99ed-4c1b-a307-533d8f394e82,0.0,101.3,WARNING
other,,Mestro-219629-coldwater,Kallvatten NK Konfektyr,Volume,ColdWaterFlow,Virtual Room,Virtual Room,PLAN 4,3709ec28-550c-42de-9194-61e508785be5,6182637a-919c-4ff4-9357-cb03c7ef2a5b,0.0,684.3,ERROR
other,,Mestro-219635-coldwater,Kallvatten Art Cafe',Volume,ColdWaterFlow,Virtual Room,Virtual Room,PLAN 4,2a3134d6-2ea0-419b-bdd1-3cf07493b8c2,f01a14e4-aa4b-40ad-bbe1-91417b536bf3,0.029987,100.3,OK
other,,Mestro-219655-cooling-energy,410 FF1001,EnergyTotal,Cooling,Virtual Room,Virtual Room,PLAN 4,55553e03-236d-49b6-8dee-8d26c9b4f3f3,16d8ebd6-6615-4823-a494-70f944938c4c,0.0,100.3,OK
other,,Mestro-219655-cooling-volume,410 FF1001,Volume,Cooling,Virtual Room,Virtual Room,PLAN 4,3ed1820f-b8f9-4412-a3f5-913229449965,16d8ebd6-6615-4823-a494-70f944938c4c,0.0,100.3,WARNING
other,,Mestro-219657-coldwater,Kallvatten fd Cafe' Entre',Volume,ColdWaterFlow,Virtual Room,Virtual Room,PLAN 4,d43fd7f6-f819-4bec-9a15-5c74ac689cc9,e8e50f46-2560-40b9-8265-99bd616e85fa,0.0,101.3,WARNING
other,,Mestro-219660-hotwater,VVC beredningskök Saluhall,Volume,HotWaterFlow,Virtual Room,Virtual Room,PLAN 4,ab4c3735-2498-4507-b420-ed801cb1a08b,282c9809-e519-4407-99a3-af896e95ea61,0.073039,96.3,WARNING
other,,Mestro-219662-coldwater,Kallvatten Haga Cafe',Volume,ColdWaterFlow,Virtual Room,Virtual Room,PLAN 4,995fbe24-6ac4-4371-98a7-20f14e4f143c,04a3658b-1d53-41ac-8966-68ca666fc835,0.018324,98.3,OK
other,,Mestro-219663-hotwater,Varmvatten NK Korv&Glass,Volume,HotWaterFlow,Virtual Room,Virtual Room,PLAN 4,09a3399a-18ce-4cdd-a006-ceba436242cd,f662b10f-693b-48ca-a779-892a5b81f03f,0.015639,96.3,OK
other,,Mestro-219669-hotwater,Varmvatten Art Cafe',Volume,HotWaterFlow,Virtual Room,Virtual Room,PLAN 4,f22832be-6a79-49ed-80a2-603c15357576,b395664f-f802-4eae-ab95-52cf2a175912,0.001,96.3,OK
other,,Mestro-219670-coldwater,Kallvatten Kyltorn Påfyllning avstängd (den i skorstenen),Volume,ColdWaterFlow,Virtual Room,Virtual Room,PLAN 4,2f88ce5f-1282-42ec-9f8e-da11c02c2384,27565158-05d7-44a6-9e5f-870f30efcdb4,0.0,96.3,OK
other,,Mestro-219671-hotwater,Varmvatten NK Konfektyr,Volume,HotWaterFlow,Virtual Room,Virtual Room,PLAN 4,520d4ee2-9806-4b89-b5c1-847eda8907e2,92379308-46ff-4bd7-be01-3cf3facb2b5a,0.0,99.3,OK
other,,Mestro-219675-coldwater,Kallvatten Kyltorn påfyllning,Volume,ColdWaterFlow,Virtual Room,Virtual Room,PLAN 4,cb0f70af-ae13-4027-bfdc-568cde5afee9,948470df-ce4c-490b-bd28-78166f60da81,0.0,101.3,WARNING
other,,Mestro-219744-coldwater,Kallvatten NK Korv&Glass,Volume,ColdWaterFlow,Virtual Room,Virtual Room,PLAN 4,acd6fb71-b067-4144-bd9a-c6699d0604b4,5e6a9a65-388e-4b61-9af3-93c710063345,0.027906,96.3,OK
other,,Mestro-219757-electricity,EB14 Saluhall,ActiveEnergyTotal,ElectricalGridInternal,Virtual Room,Virtual Room,PLAN 4,f2ad719f-af3a-4f91-be9c-be71847ef837,28342a09-09b0-423a-a207-03ced082c176,50.113,99.3,OK
other,,Mestro-219760-cooling-energy,NK Konfektyr KB,EnergyTotal,Cooling,Virtual Room,Virtual Room,PLAN 4,1cb3d069-84c8-4d9a-98bb-df8a5ff7f261,0672c534-e181-4784-b822-f5ee9366377f,1068.057,96.3,OK
other,,Mestro-219760-cooling-volume,NK Konfektyr KB,Volume,Cooling,Virtual Room,Virtual Room,PLAN 4,540f2b89-973f-4d57-8da4-f8676b307dbc,0672c534-e181-4784-b822-f5ee9366377f,0.0,96.3,OK
other,,Mestro-219773-coldwater,Kallvatten Panini (fdColorfield),Volume,ColdWaterFlow,Virtual Room,Virtual Room,PLAN 4,1ec7ed8a-cd6d-4e2b-8371-bdbb7b933c5f,f097770d-fbd5-4585-9c01-c6df08c7c062,0.04991,96.3,OK
other,,Mestro-219844-coldwater,Androuet Ost,Volume,ColdWaterFlow,Virtual Room,Virtual Room,PLAN 4,a6302b39-e85d-4f7a-88f2-dee23c30d581,c7d67649-9ab9-404b-a04e-f046b5160081,0.001,96.3,OK
other,,Mestro-219845-coldwater,Kallvatten Olja&Oliv,Volume,ColdWaterFlow,Virtual Room,Virtual Room,PLAN 4,afe70ea9-99c4-4fac-9099-158f7d4167aa,2129175a-8505-4cc4-8252-34b0b3ac881c,0.0,99.3,OK
other,,Mestro-219848-coldwater,Kallvatten Franska Banken Nödkyla,Volume,ColdWaterFlow,Virtual Room,Virtual Room,PLAN 4,86bb4a29-9f88-4557-a1e9-4943230b24dd,72a37134-84a9-42b5-89ff-714e2937bd35,0.0,98.3,OK
other,,Mestro-219850-coldwater,Kallvatten ROT fd Dr Mat,Volume,ColdWaterFlow,Virtual Room,Virtual Room,PLAN 4,b4dac41e-854a-4caf-afad-d25d1748fade,c25b3309-ac75-4556-947e-c513164dbc6e,0.019197,96.3,OK
other,,Mestro-219860-coldwater,Kallvatten Nödkyla VKA12,Volume,ColdWaterFlow,Virtual Room,Virtual Room,PLAN 4,b5bca807-73f0-4ba1-8fa3-9c5709ce73d5,41b26183-79a1-41c8-a0b9-d364131ec03e,0.0,96.3,OK
other,,Mestro-219862-hotwater,Varmvatten Positano,Volume,HotWaterFlow,Virtual Room,Virtual Room,PLAN 4,ec65bcb1-7d97-4cca-9c50-c74e47c85413,23c73102-cddb-43d0-9a6b-797f405a3630,0.019304,96.3,OK
other,,Mestro-219865-cooling-energy,KB1 VKA12,EnergyTotal,Cooling,Virtual Room,Virtual Room,PLAN 4,7bcb9156-e3b4-4748-9300-536bb3ec0dd4,3d38ab95-6d14-48bc-8ae6-5404d1c11280,15036.324999999999,98.3,OK
other,,Mestro-219865-cooling-volume,KB1 VKA12,Volume,Cooling,Virtual Room,Virtual Room,PLAN 4,e664661c-abc7-4ecb-bcb8-8fb9d095d8ff,3d38ab95-6d14-48bc-8ae6-5404d1c11280,2.344209,96.3,OK
other,,Mestro-219869-coldwater,Kallvatten Franze'n Restaurang,Volume,ColdWaterFlow,Virtual Room,Virtual Room,PLAN 4,2a541fe3-e70f-41d8-8311-fbede0320877,cc2f2486-d3b0-4643-8ae3-735245f03334,0.2595,103.3,WARNING
other,,Mestro-219879-hotwater,VV Chipiron Yta 4.10,Volume,HotWaterFlow,Virtual Room,Virtual Room,PLAN 4,b397d806-22c0-4fc0-b5b9-9b2db17c5908,0763ecb8-60b1-47cc-a23a-12e2a6a57e2f,0.09052,102.3,WARNING
other,,Mestro-219888-coldwater,Kallvatten Franzén,Volume,ColdWaterFlow,Virtual Room,Virtual Room,PLAN 4,1b3011fd-5bca-42e5-980a-d2e38f312310,51c57050-360b-47ea-8948-d6704a81435c,0.0,96.3,OK
other,,Mestro-219889-coldwater,Franska Cafe',Volume,ColdWaterFlow,Virtual Room,Virtual Room,PLAN 4,2db8b383-c216-4e46-afee-e155e5841f15,e89c8df5-11ec-4f0a-a914-bc516ace6104,0.045049,96.3,OK
other,,Mestro-219890-coldwater,Kallvatten Positano,Volume,ColdWaterFlow,Virtual Room,Virtual Room,PLAN 4,9bc186b4-b476-4b2c-abe5-bdf728f4690e,1a2ae08b-8c7a-46c7-b1b6-a04d094af2c4,0.032403,96.3,OK
other,,Mestro-219892-electricity,AS77 Saluhallen,ActiveEnergyTotal,ElectricalGridInternal,Virtual Room,Virtual Room,PLAN 4,fadfab75-af3c-437a-8400-c24f3df816d2,7614c094-7e8a-4bfb-a860-1b880e275c73,189.92999999999998,97.3,OK
other,,Mestro-219893-electricity,AS72:2,ActiveEnergyTotal,ElectricalGridInternal,Virtual Room,Virtual Room,PLAN 4,423fdc68-1828-449a-af68-2672b5a24042,8c87c111-b020-4df2-9295-4badc196cf4b,2507.655,99.3,OK
other,,Mestro-219895-cooling-energy,Cafe' Haga KB,EnergyTotal,Cooling,Virtual Room,Virtual Room,PLAN 4,6fb25b2b-3d13-4651-9ed9-52fd9675dfcb,437130d4-e85a-42a5-83ad-b2abd83fe276,1140.23,97.3,OK
other,,Mestro-219895-cooling-volume,Cafe' Haga KB,Volume,Cooling,Virtual Room,Virtual Room,PLAN 4,48700920-834a-4449-beb9-fde3debd506b,437130d4-e85a-42a5-83ad-b2abd83fe276,0.201113,97.3,OK
other,,Mestro-219917-electricity,Kyl UC,ActiveEnergyTotal,ElectricalGridInternal,Virtual Room,Virtual Room,PLAN 4,f4573d26-8ebf-47ec-b2be-3f350245f9ae,c606b6d4-4c1d-451f-933f-836b7a4d54ad,346136.63,96.3,OK
other,,Mestro-228336-electricity,AS34 Saluhall,ActiveEnergyTotal,ElectricalGridInternal,Virtual Room,Virtual Room,PLAN 4,12c28703-cfa4-4818-8da3-9b50778d96b5,1b0a9b57-9a95-4898-a86b-cf89354d65cf,3007.9289999999996,96.3,OK
other,,Mestro-228342-electricity,Kyl VKA3,ActiveEnergyTotal,ElectricalGridInternal,Virtual Room,Virtual Room,PLAN 4,efe36992-7dbb-439d-b1d9-f9825247e559,8b8a981b-6bb2-4f77-9d5b-12af70942d19,64981.25400000001,101.3,OK
other,,Mestro-228343-electricity,Kyltorn EL,ActiveEnergyTotal,ElectricalGridInternal,Virtual Room,Virtual Room,PLAN 4,af7a17fb-b23c-4475-b933-ff7cc423f46b,da621b64-b020-43cf-9c20-d8dd1146d95f,5639.831,98.3,OK
other,,Mestro-228344-electricity,Kyl VKA4,ActiveEnergyTotal,ElectricalGridInternal,Virtual Room,Virtual Room,PLAN 4,b0a108fd-ceff-453e-8991-95a1f054e2c9,a4f2db6c-5fb0-4960-9024-1867973ae766,4007.479,101.3,WARNING
other,,Mestro-228346-electricity,KYL VKA1,ActiveEnergyTotal,ElectricalGridInternal,Virtual Room,Virtual Room,PLAN 4,6a41ed14-40d8-4d7f-8205-25cdc183ac43,58908b9e-02d5-4527-96ed-28814c2f6217,112565.082,96.3,OK
other,,Mestro-228347-electricity,Kyl VKA2,ActiveEnergyTotal,ElectricalGridInternal,Virtual Room,Virtual Room,PLAN 4,c4f57fc6-fc64-4e22-b852-4206f9797ea7,d82b08c7-58e6-4c8b-9989-a99774f2a078,101843.565,96.3,OK
other,,Mestro-263068-hotwater,Virtuella Varmvatten Beredningskök Saluhallen,Volume,HotWaterFlow,Virtual Room,Virtual Room,PLAN 4,aeb380ed-9383-421b-a280-cc50022637f1,6d25e512-ccc8-4d4e-b57f-4df6727a0bc6,-0.002,98.3,OK
other,,Mestro-265885-electricity,410 A Kontor (virtuell),ActiveEnergyTotal,ElectricalGridInternal,Virtual Room,Virtual Room,PLAN 4,13aa22bc-90fc-4988-9372-0128f6ec3d60,8d463276-0444-476f-a71f-1f98d990d744,73536.644,98.3,OK
other,,Mestro-265886-electricity,410 A Storförbrukare EL(virtuell),ActiveEnergyTotal,ElectricalGridInternal,Virtual Room,Virtual Room,PLAN 4,b007b078-a476-4831-9a69-62dec12ba2b7,efffee65-e5cf-437e-9434-0bb1c2d8643b,146293.883,97.3,OK
other,,Mestro-265895-electricity,410 A Övrigt V-Hus fakt(virtuell),ActiveEnergyTotal,ElectricalGridInternal,Virtual Room,Virtual Room,PLAN 4,664c507b-2af6-45c9-a249-229207fd690f,0574cde8-111d-4ce5-951b-b0bc6b9955e7,9496.032,96.3,OK
other,,Mestro-265896-electricity,410 A Ofakturerat(Virtuell),ActiveEnergyTotal,ElectricalGridTenant,Virtual Room,Virtual Room,PLAN 4,7788b8b7-ece0-4f3b-85f3-68630b2208a8,beba521f-a9c0-4e78-8dc1-10b3a46de807,42121.00199999999,96.3,OK
other,,Mestro-265902-electricity,410 A Avdelningsel (virtuell),ActiveEnergyTotal,ElectricalGridInternal,Virtual Room,Virtual Room,PLAN 4,88c2e661-1f11-4a1f-bd1b-17d2f3bcdd87,4bee4ab7-de24-45d8-a579-ebe51fbe121b,214818.734,96.3,OK
other,,Mestro-266000-electricity,Main meter - 410 Fastighet EL(Virtuell),ActiveEnergyTotal,ElectricalGridIntake,Virtual Room,Virtual Room,PLAN 4,85d264c6-75e5-486b-871f-58681ed5a398,d17040b4-fd31-4e34-aa73-44985d699ce8,-32787.734,96.3,OK
other,,Mestro-266006-cooling-energy,Virtuell Producerad Kyla FA,EnergyTotal,Cooling,Virtual Room,Virtual Room,PLAN 4,62058317-58d7-40e3-9d66-87dadbb383a6,67d3e8b2-e7c3-48dc-aeb6-e2b4a19d2d2f,882416.1599999999,98.3,OK
other,,Mestro-266006-cooling-volume,Virtuell Producerad Kyla FA,Volume,Cooling,Virtual Room,Virtual Room,PLAN 4,a996eb7d-c1aa-4eb1-ac4b-0950d0b402c3,67d3e8b2-e7c3-48dc-aeb6-e2b4a19d2d2f,181.083408,98.3,OK
other,,Mestro-266597-cooling-energy,Virtuell Kyla verksamhet,EnergyTotal,Cooling,Virtual Room,Virtual Room,PLAN 4,5af96ab8-5559-4592-93bf-58f7293b5ee7,59d58cb2-8a63-4c64-8282-8765616442f1,92651.15400000001,303.3,WARNING
other,,Mestro-266597-cooling-volume,Virtuell Kyla verksamhet,Volume,Cooling,Virtual Room,Virtual Room,PLAN 4,36d06373-2ce2-4d38-a39a-8e9128c60a41,59d58cb2-8a63-4c64-8282-8765616442f1,11.408582,303.3,WARNING
other,,Mestro-266636-cooling-energy,Virtuell Kyla Återvinning,EnergyTotal,Cooling,Virtual Room,Virtual Room,PLAN 4,b04e02ee-186e-4ed7-ab59-c1c44788032a,f9ce45ba-0870-43f8-85c1-cbfc6515609f,28.226,305.3,ERROR
other,,Mestro-266636-cooling-volume,Virtuell Kyla Återvinning,Volume,Cooling,Virtual Room,Virtual Room,PLAN 4,11e800e0-ca54-4421-82a3-576a0905b98e,f9ce45ba-0870-43f8-85c1-cbfc6515609f,0.002567,305.3,WARNING
other,,Mestro-297903-hotwater,NK3.VV01-VM41,Volume,HotWaterFlow,Virtual Room,Virtual Room,PLAN 4,c33a1e9e-20ad-4905-9c14-9c5b9d484f5f,6e74e11a-0eee-4a3b-b97e-72fab4abcd0b,1.722192,96.3,OK
other,,Mestro-322911-electricity,410 Solpanel 369394,ActiveEnergyTotal,ElectricalGridLocalProduction,Virtual Room,Virtual Room,PLAN 4,584af151-c24e-4422-90dd-134cb1976c66,838a7ee0-b61c-4e18-87a6-3938989dff25,132.0,102.3,OK
other,,Mestro-326692-coldwater,410 Ink Vatten (minus str frb),Volume,ColdWaterFlow,Virtual Room,Virtual Room,PLAN 4,a740032a-7247-42fe-95c2-620492ce24ca,1c274fcc-7889-4c5c-9204-d105ce4158c6,2.87861,702.3,ERROR
other,,Mestro-337405-electricity,410 STVC-T5,ActiveEnergyTotal,ElectricalGridInternal,Virtual Room,Virtual Room,PLAN 4,d5ba4ad9-0f6a-49f4-a17a-8d41fc200496,a561154c-bfa2-425e-95e5-a763c0cfd699,319978.967,96.3,OK
other,,Mestro-337406-electricity,410 STVC-T6,ActiveEnergyTotal,ElectricalGridInternal,Virtual Room,Virtual Room,PLAN 4,c3dc30c7-5256-4750-b224-266bee025d5a,80f43c11-7c12-4b4b-a21c-09e706e63fb8,157003.22,96.3,OK
other,,Mestro-337407-cooling-energy,410 FF65,EnergyTotal,Cooling,Virtual Room,Virtual Room,PLAN 4,ca167792-7679-4951-830d-4e9757488d9a,551f91cc-93f0-4a9b-8265-747f4e6d3a27,0.0,98.3,OK
other,,Mestro-337407-cooling-volume,410 FF65,Volume,Cooling,Virtual Room,Virtual Room,PLAN 4,6618584e-e111-4cef-bf81-d08122b9c3f7,551f91cc-93f0-4a9b-8265-747f4e6d3a27,0.0,98.3,OK
other,,Mestro-337408-electricity,410 STVC-NBB,ActiveEnergyTotal,ElectricalGridInternal,Virtual Room,Virtual Room,PLAN 4,7a917f8b-b204-4fb7-b88c-c757a29f7855,3e013d60-7d09-4055-acb4-237cd57c2ba6,84644.16799999999,96.3,OK
other,,Mestro-337736-cooling-energy,Main meter - 410 cooling_fejk_huvudnivå,EnergyTotal,DistrictCoolingFlow,Virtual Room,Virtual Room,PLAN 4,9a44dcb1-b27a-4000-8c27-ec7aa6ff7a87,eb8b7fa0-fbdf-4d71-90c2-b201d4f700af,0.0,96.3,OK
other,,Mestro-340111-coldwater,Virtuell Kallvatten Verksamhet,Volume,ColdWaterFlow,Virtual Room,Virtual Room,PLAN 4,5521655b-134a-454a-85ba-f6ded281cdec,e136c8fe-481e-4dd6-acf1-53780ce0d0cf,1.56558,674.3,ERROR
other,,Mestro-349006-coldwater,Nödkyla Franska Banken,Volume,ColdWaterFlow,Virtual Room,Virtual Room,PLAN 4,1f855420-cbe7-4d8c-86e6-a03988e84d98,5ef50585-1a16-4df0-81f5-0bc0fe038596,0.0,675.3,ERROR
other,,Mestro-366597-coldwater,Main meter - 410 Ink Vatten SVOA 3,Volume,ColdWaterFlow,Virtual Room,Virtual Room,PLAN 4,60790146-1f73-444f-bac0-b1ea206d616e,5ab80229-44d7-4f35-9521-87f527a5094e,0.78037,102.3,WARNING
other,,Mestro-366598-coldwater,Main meter - 410 Ink Vatten SVOA 1,Volume,ColdWaterFlow,Virtual Room,Virtual Room,PLAN 4,515f7ca4-2269-4360-b6e7-442b2fbed736,eae37748-f8b5-46c4-ad3b-077d981f774b,0.375576,107.3,OK
other,,Mestro-366599-coldwater,Main meter - 410 Ink Vatten SVOA 2,Volume,ColdWaterFlow,Virtual Room,Virtual Room,PLAN 4,e82de2e2-35ea-47f1-bb48-e42ba1893bd5,fe5d7c39-7fe2-4291-9071-b5f8c836c0a2,3.082638,96.3,OK
other,,Mestro-370232-electricity,TF Snickeri,ActiveEnergyTotal,ElectricalGridInternal,Virtual Room,Virtual Room,PLAN 4,f7f54f17-b0a9-4fff-aee5-398a608bbb9e,ca8b6d18-d2b4-4174-b96a-ae97f70afdb8,343.083,318.3,ERROR
other,,Mestro-406501-hotwater,Varmvatten Chipiron,Volume,HotWaterFlow,Virtual Room,Virtual Room,PLAN 4,4b3afc7c-5ae5-42b9-93e5-41f0d8cf2c13,fee6f8d4-0910-4e6c-824a-d1288df07ee1,-0.013203,305.3,WARNING
other,,,,Presence,IndoorAir,ENTRÈ ca 12 pl.,5002,PLAN 8,1a5fd5ec-c75a-4ad3-a4c8-22cfd26f9138,bb706329-fbd8-48e3-8038-03d8cf13ee27,0.0,1915.4,WARNING
other,,,,Temperature,IndoorAir,ENTRÈ ca 12 pl.,5002,PLAN 8,315436dd-14e7-4b54-9e5c-3f3afd4e1984,ff87de04-d084-4a79-bde5-d333c0466aaf,24.0,1913.4,ERROR
other,,,,Temperature,IndoorAir,ENTRÈ ca 12 pl.,5002,PLAN 8,4ced8278-5bfe-46da-8cca-513cf558cd2d,bb706329-fbd8-48e3-8038-03d8cf13ee27,23.21,1913.4,ERROR
other,,,,Presence,IndoorAir,ENTRÈ ca 12 pl.,5002,PLAN 8,6b7c0c92-7ec8-4216-a6da-4246ebd50384,e859acfe-7835-4826-8ad5-75405d81acc3,0.0,1913.5,ERROR
other,,,,Temperature,IndoorAir,ENTRÈ ca 12 pl.,5002,PLAN 8,30bda4e0-38a3-4b45-ba0c-3aab781ef6c8,e859acfe-7835-4826-8ad5-75405d81acc3,23.77,1913.4,ERROR
other,,,,Humidity,IndoorAir,ENTRÈ ca 12 pl.,5002,PLAN 8,1bf0e9fa-59ae-4f10-9d2b-b46edce7c0ca,bb706329-fbd8-48e3-8038-03d8cf13ee27,62.53,1913.5,ERROR
other,,,,Presence,IndoorAir,ENTRÈ ca 12 pl.,5002,PLAN 8,6a4b74a8-fd49-44fd-886a-0f825c97c36b,9ca32652-5606-409e-ba95-0ef75e06f322,0.0,1913.6,ERROR
other,,,,Temperature,IndoorAir,ENTRÈ ca 12 pl.,5002,PLAN 8,66ea8cfc-cc91-4ec0-bea8-cbb0543b6e70,726f62b1-4419-44c6-9054-fe034121289a,22.07,1913.6,ERROR
other,,,,Humidity,IndoorAir,ENTRÈ ca 12 pl.,5002,PLAN 8,3cdff61b-535c-4a33-aff9-e9e09290bf35,ff87de04-d084-4a79-bde5-d333c0466aaf,62.72,1913.4,ERROR
other,,,,Temperature,IndoorAir,ENTRÈ ca 12 pl.,5002,PLAN 8,ffb788b5-eea9-4ddc-bc10-a1f54f5174ac,6a788db1-db88-4958-b9c4-d90f6244e05d,23.72,1913.6,ERROR
other,,,,Flow,SupplyAir,ENTRÈ ca 12 pl.,5002,PLAN 8,04d31446-29b8-4bdd-90c0-8f7b186319f1,bb706329-fbd8-48e3-8038-03d8cf13ee27,1.0,1913.5,ERROR
other,,,,Temperature,IndoorAir,ENTRÈ ca 12 pl.,5002,PLAN 8,686a4e18-577c-4ac8-83c7-dae8310ae108,9ca32652-5606-409e-ba95-0ef75e06f322,22.49,1913.6,ERROR
other,,,,Presence,IndoorAir,ENTRÈ ca 12 pl.,5002,PLAN 8,55e421dc-4a57-4634-b75e-ac7e31e91d1f,726f62b1-4419-44c6-9054-fe034121289a,0.0,1913.6,ERROR
other,,,,Temperature,IndoorAir,MÖTE  4 pl.,5016,PLAN 8,446a6702-fd80-47e4-bc69-1c604cbb7261,19de2ddb-e062-45af-86f5-afa482c7bb3e,22.87,1913.4,WARNING
other,,,,Temperature,IndoorAir,MÖTE  4 pl.,5016,PLAN 8,342d40db-83e9-4945-ac52-2da43932e0ac,de5e2cd8-abd7-4b66-8bc6-54152a0a1c49,22.15,1913.4,ERROR
other,,,,Presence,IndoorAir,MÖTE  4 pl.,5016,PLAN 8,f098cce7-cd1a-4c67-8322-ec4d54a7a637,de5e2cd8-abd7-4b66-8bc6-54152a0a1c49,0.0,1913.4,ERROR
other,,,,Temperature,IndoorAir,MÖTE  4 pl.,5016,PLAN 8,fda6feea-f95b-4028-96a3-5faad0569c19,c703a7f7-8897-4488-9d07-9fab92807751,22.555,1913.4,ERROR
other,,,,Presence,IndoorAir,MÖTE  4 pl.,5016,PLAN 8,03e32b6f-7bf4-4dd0-9547-57baa69c1f4e,c703a7f7-8897-4488-9d07-9fab92807751,0.0,1915.6,WARNING
other,,,,Flow,SupplyAir,MÖTE  4 pl.,5016,PLAN 8,ed33dc35-6957-4bb8-b893-a37bcd883e8d,c703a7f7-8897-4488-9d07-9fab92807751,1.0,1913.4,ERROR
other,,,,Temperature,IndoorAir,KÖK/ARBETSLOUNGE ca 55 pl.,5036,PLAN 8,c3c5f965-d535-4386-81c5-68542394de21,0be6431d-4962-4153-b381-bba9349df2ea,23.565,1913.5,ERROR
other,,,,Temperature,IndoorAir,KÖK/ARBETSLOUNGE ca 55 pl.,5036,PLAN 8,23602b98-f53d-436e-8fec-cad5e1678f4a,1c63be98-4bc5-4d5a-ab76-e0f3d927ade9,23.26,1913.6,ERROR
other,,,,Presence,IndoorAir,KÖK/ARBETSLOUNGE ca 55 pl.,5036,PLAN 8,ea17b03e-a546-41a2-a6d3-3586e2d48549,0be6431d-4962-4153-b381-bba9349df2ea,0.0,1915.7,WARNING
other,,,,Temperature,IndoorAir,KÖK/ARBETSLOUNGE ca 55 pl.,5036,PLAN 8,43dd3eb5-ee47-4d55-9884-dc8d52b594ae,106bfb7e-fad9-4f78-807c-da7a4ae22f21,24.08,1913.6,ERROR
other,,,,Humidity,IndoorAir,KÖK/ARBETSLOUNGE ca 55 pl.,5036,PLAN 8,832fdc86-1355-4591-8f96-87e668506a23,0be6431d-4962-4153-b381-bba9349df2ea,61.97,1913.5,ERROR
other,,,,Presence,IndoorAir,KÖK/ARBETSLOUNGE ca 55 pl.,5036,PLAN 8,d6eb2be4-70d9-4c19-8159-df272295adf1,1c63be98-4bc5-4d5a-ab76-e0f3d927ade9,0.0,1913.6,ERROR
other,,,,Flow,SupplyAir,KÖK/ARBETSLOUNGE ca 55 pl.,5036,PLAN 8,c49eb14c-0153-4eb7-8390-ed3ff23649dc,0be6431d-4962-4153-b381-bba9349df2ea,1.0,1913.4,ERROR
other,,,,Humidity,IndoorAir,KÖK/ARBETSLOUNGE ca 55 pl.,5036,PLAN 8,110fa26c-a7f9-44c0-9765-44ddb01d4301,106bfb7e-fad9-4f78-807c-da7a4ae22f21,61.9,1913.4,ERROR
other,,,,Presence,IndoorAir,KÖK/ARBETSLOUNGE ca 55 pl.,5036,PLAN 8,d18454c8-e9e3-47ea-a30e-d3368dfa8519,36ef8311-094f-4cc8-98c6-aecc3a8ec0c0,0.0,1913.5,ERROR
other,,,,Temperature,IndoorAir,KÖK/ARBETSLOUNGE ca 55 pl.,5036,PLAN 8,ed5a679a-d441-499c-906b-1ecc5129b758,36ef8311-094f-4cc8-98c6-aecc3a8ec0c0,22.58,1913.6,ERROR
other,,,,Temperature,IndoorAir,KÖK/ARBETSLOUNGE ca 55 pl.,5036,PLAN 8,a25ce7e8-b006-4b77-91c0-107639e7c321,9ec68ad5-7deb-43ff-bbee-594167beb156,24.34,1913.4,ERROR
other,,,,Presence,IndoorAir,HÖG PULS - 31 pl.,5009,PLAN 8,86332e87-9092-46e2-a3d4-47b016e6db1a,617a470d-4a97-4ab9-8ffd-d8f62a8bc512,0.0,1913.5,ERROR
other,,,,Temperature,IndoorAir,HÖG PULS - 31 pl.,5009,PLAN 8,27c41144-da3d-4aae-8880-8c0a29f826f5,6a8b2df7-ef46-4fee-a81e-c7d1abc24351,23.6,1913.5,ERROR
other,,,,Temperature,IndoorAir,HÖG PULS - 31 pl.,5009,PLAN 8,0b058bfa-10ed-40d1-a93b-5f3b587dba3f,633e7296-f466-4761-bc00-ab209f347d1b,23.43,1913.4,ERROR
other,,,,Flow,SupplyAir,HÖG PULS - 31 pl.,5009,PLAN 8,98e29ca5-8b01-4e95-8d53-cf7337e88108,99e06e11-8e90-4036-adea-16095433d0c3,1.0,1913.5,ERROR
other,,,,Temperature,IndoorAir,HÖG PULS - 31 pl.,5009,PLAN 8,19824347-b05c-4c11-81a3-98ee49b0443c,fd68d2f1-db54-4c30-a5ac-d481592facb6,23.84,1913.5,ERROR
other,,,,Temperature,IndoorAir,HÖG PULS - 31 pl.,5009,PLAN 8,a0df7c28-82c3-490d-a86d-3190d9c5e320,60ac33dc-5a9d-4a2f-a33f-99e5949ccb5b,23.43,1913.5,ERROR
other,,,,Presence,IndoorAir,HÖG PULS - 31 pl.,5009,PLAN 8,d46d86cf-ed55-4724-90d0-9e1623b89293,945db775-03e5-4dd9-9792-acded7bbcdd9,0.0,1913.5,ERROR
other,,,,Presence,IndoorAir,HÖG PULS - 31 pl.,5009,PLAN 8,3c2ea6a1-04b2-4fb2-9ba4-24729b1662b5,22cfeb8b-f78f-4b33-91b3-ebdeca23ca7b,0.0,1913.5,ERROR
other,,,,Presence,IndoorAir,HÖG PULS - 31 pl.,5009,PLAN 8,f46684f7-89af-4048-a4e1-0993c4f0a62a,633e7296-f466-4761-bc00-ab209f347d1b,0.0,1913.5,ERROR
other,,,,Temperature,IndoorAir,HÖG PULS - 31 pl.,5009,PLAN 8,2d0f1d41-98a1-4b8e-9d56-aeef7e94c2c1,a05e7d09-2b61-437e-94f9-360ef2373bac,24.45,1913.5,ERROR
other,,,,Temperature,IndoorAir,HÖG PULS - 31 pl.,5009,PLAN 8,4f01a976-5989-4ad0-980c-3adad77c71ba,22cfeb8b-f78f-4b33-91b3-ebdeca23ca7b,25.55,1913.5,ERROR
other,,,,Humidity,IndoorAir,HÖG PULS - 31 pl.,5009,PLAN 8,cf0503dc-c0be-4f76-87a6-cd272216b743,4e115ea1-d07d-4d74-993c-66d3223948e4,61.33,1913.6,ERROR
other,,,,Presence,IndoorAir,HÖG PULS - 31 pl.,5009,PLAN 8,dc5053e5-b1e2-4eb7-950e-7f37b7575772,60ac33dc-5a9d-4a2f-a33f-99e5949ccb5b,0.0,1913.6,ERROR
other,,,,Presence,IndoorAir,HÖG PULS - 31 pl.,5009,PLAN 8,5db7a1ce-c2a0-4115-8d70-7b7d094fb97a,a05e7d09-2b61-437e-94f9-360ef2373bac,0.0,1913.5,ERROR
other,,,,Presence,IndoorAir,HÖG PULS - 31 pl.,5009,PLAN 8,538a8358-e1e9-4029-a2c7-8971c735b898,6a8b2df7-ef46-4fee-a81e-c7d1abc24351,0.0,1913.5,ERROR
other,,,,Temperature,IndoorAir,HÖG PULS - 31 pl.,5009,PLAN 8,538ee07d-5b63-4019-b109-5d818218d7e7,4e115ea1-d07d-4d74-993c-66d3223948e4,23.81,1913.6,ERROR
other,,,,Presence,IndoorAir,HÖG PULS - 31 pl.,5009,PLAN 8,e2b54c0d-053f-494b-a8c7-3b3b54217f88,ec484fb9-1cef-4ae4-ad75-fa1ba9c00252,0.0,1913.5,ERROR
other,,,,Presence,IndoorAir,HÖG PULS - 31 pl.,5009,PLAN 8,74f737da-b886-4012-9be6-a084397259e9,99e06e11-8e90-4036-adea-16095433d0c3,0.0,1916.3,WARNING
other,,,,Temperature,IndoorAir,HÖG PULS - 31 pl.,5009,PLAN 8,4fe38939-7a94-48f1-bf5c-8e557bd9e23a,ec484fb9-1cef-4ae4-ad75-fa1ba9c00252,23.68,1913.5,ERROR
other,,,,Humidity,IndoorAir,HÖG PULS - 31 pl.,5009,PLAN 8,5334b73d-d392-4e58-b980-54f583c70bb9,99e06e11-8e90-4036-adea-16095433d0c3,61.33,1913.4,ERROR
other,,,,Temperature,IndoorAir,HÖG PULS - 31 pl.,5009,PLAN 8,6035a2b2-8b9f-4ae1-91cf-87dc2085f9c7,99e06e11-8e90-4036-adea-16095433d0c3,23.830000000000002,1913.5,ERROR
other,,,,Temperature,IndoorAir,HÖG PULS - 31 pl.,5009,PLAN 8,0f9666f1-c482-4f38-9a58-9e4d91e07263,945db775-03e5-4dd9-9792-acded7bbcdd9,22.83,1913.4,ERROR
other,,,,Temperature,IndoorAir,HÖG PULS - 31 pl.,5009,PLAN 8,1e92189e-a8ae-4b7a-b413-b1cee9d545b7,617a470d-4a97-4ab9-8ffd-d8f62a8bc512,23.09,1913.4,ERROR
other,,,,Presence,IndoorAir,TEL./FOKUS,5018,PLAN 8,754238fb-31c0-48ab-ba45-978a83426b89,f7dfefd6-20e1-4cef-9a2f-5f51591095b1,0.0,1913.4,ERROR
other,,,,Temperature,IndoorAir,TEL./FOKUS,5018,PLAN 8,54dc0a69-d0f8-4182-9daf-01fe7c6992cc,dd4ff065-c06b-4780-b0d5-fa6fd0ae98d0,22.92,1913.6,ERROR
other,,,,Temperature,IndoorAir,TEL./FOKUS,5018,PLAN 8,81809b00-399f-4318-872c-86359d6c04d5,f7dfefd6-20e1-4cef-9a2f-5f51591095b1,23.09,1913.6,ERROR
other,,,,Temperature,IndoorAir,TEL./FOKUS,5018,PLAN 8,6208e4bd-abdf-42f2-94ea-8622c175d3aa,90e7d865-e29a-4695-b135-c92eade300da,22.62,1913.5,WARNING
other,,,,Presence,IndoorAir,TEL./FOKUS,5018,PLAN 8,015fb1fa-8e10-455b-8694-a187f1940034,dd4ff065-c06b-4780-b0d5-fa6fd0ae98d0,0.0,1916.4,WARNING
other,,,,Flow,SupplyAir,TEL./FOKUS,5018,PLAN 8,e52ae45e-bf4b-47bd-9fd0-683980a08d2a,dd4ff065-c06b-4780-b0d5-fa6fd0ae98d0,0.0,1913.4,ERROR
other,,,,Temperature,IndoorAir,MÖTESRUM 8 p.,5034,PLAN 8,4906eb05-3b0d-4614-95a0-a1c80ca1eac3,3339ede5-019c-457e-98fb-ec32db000149,23.5,1913.4,ERROR
other,,,,Humidity,IndoorAir,MÖTESRUM 8 p.,5034,PLAN 8,9be91614-e42c-4790-a509-7e3a1edd3ace,ef727254-0e41-4d67-a951-b715336e222e,53.95,1913.5,ERROR
other,,,,Presence,IndoorAir,MÖTESRUM 8 p.,5034,PLAN 8,427f1b5a-0606-4654-b077-28f479ca327c,d82a9e99-db01-47a0-acb2-90d8f4cfc47d,0.0,1913.5,ERROR
other,,,,Temperature,IndoorAir,MÖTESRUM 8 p.,5034,PLAN 8,cbe78dd9-3e70-4998-a417-5032c3b084a5,e32d5877-a4bf-48c6-b964-eefa9d956650,23.84,1913.6,ERROR
other,,,,Presence,IndoorAir,MÖTESRUM 8 p.,5034,PLAN 8,a4e3cafc-05ff-453e-b76b-deb1261d934f,ef727254-0e41-4d67-a951-b715336e222e,0.0,1915.5,WARNING
other,,,,Presence,IndoorAir,MÖTESRUM 8 p.,5034,PLAN 8,d96ae48b-72c0-4513-850a-871c6e26071d,ae5ee816-5434-4b9e-b0ed-7c096638ac00,0.0,1913.4,ERROR
other,,,,Temperature,IndoorAir,MÖTESRUM 8 p.,5034,PLAN 8,797b18da-7b7e-4093-b6de-34f100874d13,ef727254-0e41-4d67-a951-b715336e222e,23.04,1913.4,ERROR
other,,,,Temperature,IndoorAir,MÖTESRUM 8 p.,5034,PLAN 8,e1cf3008-ff84-4ac2-981a-14cdebe8ea27,ae5ee816-5434-4b9e-b0ed-7c096638ac00,22.07,1913.5,ERROR
other,,,,Flow,SupplyAir,MÖTESRUM 8 p.,5034,PLAN 8,0a5fe8be-6f73-4ea5-bfbd-0012ce6aedc1,ef727254-0e41-4d67-a951-b715336e222e,4.0,1913.4,ERROR
other,,,,Temperature,IndoorAir,MÖTESRUM 8 p.,5034,PLAN 8,435cbc29-0cb9-4d38-aa8d-aced61694034,d82a9e99-db01-47a0-acb2-90d8f4cfc47d,22.75,1913.4,ERROR
other,,,,Humidity,IndoorAir,MÖTESRUM 8 p.,5034,PLAN 8,22245970-bb5f-4cdc-9317-39920a755cbf,3339ede5-019c-457e-98fb-ec32db000149,53.69,1913.4,ERROR
other,,,,Presence,IndoorAir,MELLANHÖG PULS - 34 pl.,5010,PLAN 8,affcf290-e3c6-43d3-b3c1-c05a9fab490b,20acd9ff-9c09-4d10-b554-9f94d072cf93,0.0,1913.5,ERROR
other,,,,Presence,IndoorAir,MELLANHÖG PULS - 34 pl.,5010,PLAN 8,aef5c6db-b163-4a75-a611-40f27a83ed3c,d3d3bcc9-3b6d-48a4-9182-9507287ecdda,0.0,1913.4,ERROR
other,,,,Temperature,IndoorAir,MELLANHÖG PULS - 34 pl.,5010,PLAN 8,de0cc630-24c0-4e6b-b70c-39c234b06bcc,d56e85ff-010f-45bf-9b23-953d544c11c1,23.63,1913.6,ERROR
other,,,,Presence,IndoorAir,MELLANHÖG PULS - 34 pl.,5010,PLAN 8,2a63a664-30c0-4f97-8ea4-e259fa3579d5,5d0014c0-bf33-4529-bc20-dd2e176d6fb6,0.0,1913.5,ERROR
other,,,,Presence,IndoorAir,MELLANHÖG PULS - 34 pl.,5010,PLAN 8,395e9f44-0b31-4d16-abae-6cec4ca293eb,faf06d1f-8a7a-4f9c-b657-1020cb191744,0.0,1913.6,ERROR
other,,,,Presence,IndoorAir,MELLANHÖG PULS - 34 pl.,5010,PLAN 8,e0a4a577-b549-4ec8-a556-6f6c03ce8113,ba5a80ed-4dfa-445b-80f0-f30b41429d9b,0.0,1913.5,ERROR
other,,,,Temperature,IndoorAir,MELLANHÖG PULS - 34 pl.,5010,PLAN 8,3112bdcd-a986-4930-bd37-0bd514968d94,ba5a80ed-4dfa-445b-80f0-f30b41429d9b,23.6,1913.4,ERROR
other,,,,Temperature,IndoorAir,MELLANHÖG PULS - 34 pl.,5010,PLAN 8,d426a62f-acd0-47b3-8f0b-f2fa74d7ccb3,49b98f24-3cd6-4da9-bf25-b0696c77a0fa,23.5775,1913.5,ERROR
other,,,,Flow,SupplyAir,MELLANHÖG PULS - 34 pl.,5010,PLAN 8,10647140-523f-42b7-8818-7121d15c4375,49b98f24-3cd6-4da9-bf25-b0696c77a0fa,3.0,1913.4,ERROR
other,,,,Presence,IndoorAir,MELLANHÖG PULS - 34 pl.,5010,PLAN 8,a061744e-bbd1-49a6-993c-a0837ba0b62f,49b98f24-3cd6-4da9-bf25-b0696c77a0fa,0.0,1916.4,ERROR
other,,,,Temperature,IndoorAir,MELLANHÖG PULS - 34 pl.,5010,PLAN 8,9a88ce06-59fc-4066-989f-4a38d34caf57,688baa73-78fb-4c57-9db0-0feb4d1d9996,23.7,1913.4,ERROR
other,,,,Humidity,IndoorAir,MELLANHÖG PULS - 34 pl.,5010,PLAN 8,4f2628ca-8374-4d6a-b68f-487444c0c6c8,49b98f24-3cd6-4da9-bf25-b0696c77a0fa,61.3,1913.5,ERROR
other,,,,Temperature,IndoorAir,MELLANHÖG PULS - 34 pl.,5010,PLAN 8,2812383a-70d2-4c1a-a933-82634e8a8cc7,d3d3bcc9-3b6d-48a4-9182-9507287ecdda,23.34,1913.5,ERROR
other,,,,Temperature,IndoorAir,MELLANHÖG PULS - 34 pl.,5010,PLAN 8,675c08b7-c790-4f66-bb14-2c3b4d40b294,5d0014c0-bf33-4529-bc20-dd2e176d6fb6,23.43,1913.5,ERROR
other,,,,Temperature,IndoorAir,MELLANHÖG PULS - 34 pl.,5010,PLAN 8,774e8080-6000-43c8-a523-e83c3b571457,8a32f1c9-dabb-43a8-add8-5e54c6752d8a,23.34,1913.4,ERROR
other,,,,Presence,IndoorAir,MELLANHÖG PULS - 34 pl.,5010,PLAN 8,9241f2e8-1e30-4dcc-abf0-f4f1c29768d6,8a32f1c9-dabb-43a8-add8-5e54c6752d8a,0.0,1913.5,ERROR
other,,,,Temperature,IndoorAir,MELLANHÖG PULS - 34 pl.,5010,PLAN 8,399dd00c-3be7-47b3-9fc5-ec2405f04ca7,faf06d1f-8a7a-4f9c-b657-1020cb191744,23.43,1913.4,ERROR
other,,,,Humidity,IndoorAir,MELLANHÖG PULS - 34 pl.,5010,PLAN 8,8191a27e-e9e5-4fd8-ae04-9b2b0002ccc6,688baa73-78fb-4c57-9db0-0feb4d1d9996,61.3,1913.6,ERROR
other,,,,Temperature,IndoorAir,MELLANHÖG PULS - 34 pl.,5010,PLAN 8,212a14e6-fd58-45a8-946a-b8ff9be9316c,20acd9ff-9c09-4d10-b554-9f94d072cf93,23.26,1913.5,ERROR
other,,,,Presence,IndoorAir,ÖVRE TORGET ca 60-70 pl,5037,PLAN 8,d564dcc4-64bd-4f5c-96e2-260cc3234da8,5993ce8c-ca8e-4015-9422-50e83f4ab56b,0.0,1913.4,ERROR
other,,,,Temperature,IndoorAir,ÖVRE TORGET ca 60-70 pl,5037,PLAN 8,f5d18812-28ea-453d-8242-3a616e97b90a,34bfc73b-f05f-4393-80d0-8223818f3651,22.97,1913.4,ERROR
other,,,,Presence,IndoorAir,ÖVRE TORGET ca 60-70 pl,5037,PLAN 8,ce09c241-8094-496c-93ba-cd69e3b2464a,033d26f5-7589-42bc-a86d-349a79d19808,0.0,1913.4,ERROR
other,,,,Temperature,IndoorAir,ÖVRE TORGET ca 60-70 pl,5037,PLAN 8,9809a877-50af-4152-a790-1ce4a804cb77,033d26f5-7589-42bc-a86d-349a79d19808,23.0,1913.4,ERROR
other,,,,Temperature,IndoorAir,ÖVRE TORGET ca 60-70 pl,5037,PLAN 8,941de329-7dec-49d0-a763-a9e164e68031,082d336e-a965-4cd0-8653-22d09baf23f8,23.0,1913.5,ERROR
other,,,,Temperature,IndoorAir,ÖVRE TORGET ca 60-70 pl,5037,PLAN 8,ff194d7b-5b70-4fde-ba00-a49b90e137bd,e7109dd7-08e7-4b6d-9a1a-4dffa4517890,23.77,1913.4,ERROR
other,,,,Humidity,IndoorAir,ÖVRE TORGET ca 60-70 pl,5037,PLAN 8,87ba5c59-0233-4627-bb6d-b897595c2140,d5a30a23-4414-49a5-9de0-ef02c4dcf9d0,64.99,1913.6,ERROR
other,,,,Presence,IndoorAir,ÖVRE TORGET ca 60-70 pl,5037,PLAN 8,52ced552-dd60-4c86-8227-30e070f7f101,e7109dd7-08e7-4b6d-9a1a-4dffa4517890,0.0,1913.5,ERROR
other,,,,Humidity,IndoorAir,ÖVRE TORGET ca 60-70 pl,5037,PLAN 8,88c0a64d-a1af-4eec-8529-24703b82eb28,8acd6487-df6b-4315-a613-d7d78f15e488,64.99,1913.4,ERROR
other,,,,Presence,IndoorAir,ÖVRE TORGET ca 60-70 pl,5037,PLAN 8,3ac4fda4-b22b-4b1f-a1d8-47e6e3fca642,38696547-db29-45c1-a219-90d18d93b31c,0.0,1913.5,ERROR
other,,,,Temperature,IndoorAir,ÖVRE TORGET ca 60-70 pl,5037,PLAN 8,89f043bc-9613-42a9-a0bb-364856adbdd9,8acd6487-df6b-4315-a613-d7d78f15e488,23.232499999999998,1913.5,ERROR
other,,,,Temperature,IndoorAir,ÖVRE TORGET ca 60-70 pl,5037,PLAN 8,78a34f49-6149-4d1b-9c4c-d2628ce0078c,d5a30a23-4414-49a5-9de0-ef02c4dcf9d0,23.35,1913.6,ERROR
other,,,,Presence,IndoorAir,ÖVRE TORGET ca 60-70 pl,5037,PLAN 8,8a0e716c-16e6-4c1b-b47a-b9f749419e4f,f282f51e-b4a9-4b13-a4a3-09af07169b18,0.0,1913.5,ERROR
other,,,,Temperature,IndoorAir,ÖVRE TORGET ca 60-70 pl,5037,PLAN 8,389b545e-c314-4bc9-a096-4401682fc670,5993ce8c-ca8e-4015-9422-50e83f4ab56b,23.26,1913.4,ERROR
other,,,,Temperature,IndoorAir,ÖVRE TORGET ca 60-70 pl,5037,PLAN 8,3bf21211-6daa-4ca2-b62d-081991ac9cb8,f282f51e-b4a9-4b13-a4a3-09af07169b18,22.41,1913.4,ERROR
other,,,,Temperature,IndoorAir,ÖVRE TORGET ca 60-70 pl,5037,PLAN 8,9eb3c741-ac0a-49f9-aa80-fc90fa54fb0c,38696547-db29-45c1-a219-90d18d93b31c,23.43,1913.4,ERROR
other,,,,Flow,SupplyAir,ÖVRE TORGET ca 60-70 pl,5037,PLAN 8,44b61748-88c9-44da-b23b-ae357041f03e,8acd6487-df6b-4315-a613-d7d78f15e488,4.0,1913.4,ERROR
other,,,,Presence,IndoorAir,ÖVRE TORGET ca 60-70 pl,5037,PLAN 8,11f2d4f5-3e78-413a-acfe-96e5a10f3339,082d336e-a965-4cd0-8653-22d09baf23f8,0.0,1913.5,ERROR
other,,,,Presence,IndoorAir,ÖVRE TORGET ca 60-70 pl,5037,PLAN 8,0f7a4c35-0621-4f86-9d93-7d6e1ace8a96,8acd6487-df6b-4315-a613-d7d78f15e488,0.0,1915.5,ERROR
other,,,,Presence,IndoorAir,MÖTE 4 pl.,5015,PLAN 8,c7b7e0bc-9a0b-4619-81a7-f2f07df39281,e0d91a3e-7b86-46c7-8141-cf9713992eb0,0.0,1916.4,WARNING
other,,,,Temperature,IndoorAir,MÖTE 4 pl.,5015,PLAN 8,dfed000d-f8ea-49ed-bcbc-330ac65786c3,5eaa4b72-a51d-4a86-aa81-eca5766acb64,22.15,1913.6,ERROR
other,,,,Presence,IndoorAir,MÖTE 4 pl.,5015,PLAN 8,6595fbc9-cca4-4c88-b2c7-a96c7ef0cbdb,5eaa4b72-a51d-4a86-aa81-eca5766acb64,0.0,1913.6,ERROR
other,,,,Temperature,IndoorAir,MÖTE 4 pl.,5015,PLAN 8,c1d03afc-6fc0-42c1-903a-dab2ca8e584d,4ee2c4b7-a236-4486-b3ae-66da2c86ed0e,22.87,1913.4,WARNING
other,,,,Flow,SupplyAir,MÖTE 4 pl.,5015,PLAN 8,a573e5c9-79c3-4564-9ebf-f46fc0586987,e0d91a3e-7b86-46c7-8141-cf9713992eb0,0.0,1913.4,ERROR
other,,,,Temperature,IndoorAir,MÖTE 4 pl.,5015,PLAN 8,b0c8dcf8-fc26-4c61-996d-9467fa5547f3,e0d91a3e-7b86-46c7-8141-cf9713992eb0,22.509999999999998,1913.5,ERROR
other,,,,Presence,IndoorAir,SOPNEDKAST,5028,PLAN 8,b7a2dc79-b993-4187-a60e-11f86149e2a3,f6af57aa-84a1-4544-850e-22175bfb5407,0.0,2842.7,WARM_UP
other,,,,Flow,SupplyAir,SOPNEDKAST,5028,PLAN 8,de0ceb99-d8fe-4ff1-8330-f512efc5fb5b,f6af57aa-84a1-4544-850e-22175bfb5407,0.0,1913.4,ERROR
other,,,,Temperature,IndoorAir,LÅG PULS - 30 pl.,5011,PLAN 8,676d697c-7f2c-4381-9814-6a9e0dfdd76b,9ae3d3cf-8f4f-4ef5-a526-9fd86e3b3260,23.358333333333334,1913.5,ERROR
other,,,,Humidity,IndoorAir,LÅG PULS - 30 pl.,5011,PLAN 8,03e76b3a-7957-46d0-b53e-1d2fb55b8295,9ae3d3cf-8f4f-4ef5-a526-9fd86e3b3260,61.92,1913.5,ERROR
other,,,,Presence,IndoorAir,LÅG PULS - 30 pl.,5011,PLAN 8,3ce6e11c-71e4-43c9-9472-b3b0c82389f7,f8b35794-544b-4ea0-bf19-1fe3689c07ed,0.0,1913.6,ERROR
other,,,,Presence,IndoorAir,LÅG PULS - 30 pl.,5011,PLAN 8,22fd2966-5b59-414b-9fe6-d547c6ed0df7,fc28906b-4166-455f-b599-f8161296f2de,0.0,1916.4,ERROR
other,,,,Presence,IndoorAir,LÅG PULS - 30 pl.,5011,PLAN 8,cb907225-21d9-4b7f-804e-f675ce5f5bbe,7f8a120b-ddfd-4cc4-b806-cce6a7a36c76,0.0,1913.4,ERROR
other,,,,Temperature,IndoorAir,LÅG PULS - 30 pl.,5011,PLAN 8,40f228e1-a877-40c8-b04e-162fad14747d,fc28906b-4166-455f-b599-f8161296f2de,24.208333333333332,1913.5,ERROR
other,,,,Presence,IndoorAir,LÅG PULS - 30 pl.,5011,PLAN 8,3b805bdb-33e0-4838-9aa1-b8f2e5a4ee27,65ec8e75-7a38-484e-b5b0-8b56dae049a9,0.0,1913.6,ERROR
other,,,,Presence,IndoorAir,LÅG PULS - 30 pl.,5011,PLAN 8,9e565ea9-d5ad-4248-87d0-b0a0b55e23c4,1fb46899-da31-49d9-922f-a18369704194,0.0,1913.4,ERROR
other,,,,Presence,IndoorAir,LÅG PULS - 30 pl.,5011,PLAN 8,f3cdb027-5251-4ab4-baf2-6e6cdfbac633,83f2406f-2ca4-402c-8ebc-f56857668c4b,0.0,1913.4,ERROR
other,,,,Temperature,IndoorAir,LÅG PULS - 30 pl.,5011,PLAN 8,a19c0743-c6eb-455b-9e8e-6462f5c81dcd,83f2406f-2ca4-402c-8ebc-f56857668c4b,23.43,1913.5,ERROR
other,,,,Temperature,IndoorAir,LÅG PULS - 30 pl.,5011,PLAN 8,104dc02d-2870-42bd-92bd-51a7f2d031d8,c0bb1d54-0206-44ba-ab56-b48f8231b041,23.09,1913.4,ERROR
other,,,,Temperature,IndoorAir,LÅG PULS - 30 pl.,5011,PLAN 8,348cb38b-9156-4590-b4c0-90196703220d,307eac3a-5900-4ba6-b675-9c83fd2a5d0c,23.57,1913.6,ERROR
other,,,,Humidity,IndoorAir,LÅG PULS - 30 pl.,5011,PLAN 8,589a88f9-c7e3-457f-8d90-f3fbd980b63b,e7844246-c8f9-4cc0-a022-414f8ce4ffd5,58.63,1913.6,ERROR
other,,,,Presence,IndoorAir,LÅG PULS - 30 pl.,5011,PLAN 8,e8b11cac-9e0f-4075-84bd-5efa5919621f,c97eb5f8-15bf-4eab-9c7f-105749138b16,0.0,1913.6,ERROR
other,,,,Presence,IndoorAir,LÅG PULS - 30 pl.,5011,PLAN 8,f1cdc3cd-20ba-42ee-b1bb-720c13aa208a,9ae3d3cf-8f4f-4ef5-a526-9fd86e3b3260,0.0,1916.4,ERROR
other,,,,Humidity,IndoorAir,LÅG PULS - 30 pl.,5011,PLAN 8,4e93bdc7-323a-4f99-94f7-0f477e8e2e86,307eac3a-5900-4ba6-b675-9c83fd2a5d0c,62.09,1913.4,ERROR
other,,,,Presence,IndoorAir,LÅG PULS - 30 pl.,5011,PLAN 8,ae9d183b-cf92-4eb1-b286-98ef54aa0ed3,c3b1faae-c0c4-4d17-958b-4cf2a4d48cc5,0.0,1913.4,ERROR
other,,,,Temperature,IndoorAir,LÅG PULS - 30 pl.,5011,PLAN 8,08b77853-fcd2-4788-b2dc-3cc8a6a8bd94,c97eb5f8-15bf-4eab-9c7f-105749138b16,23.09,1913.6,ERROR
other,,,,Flow,SupplyAir,LÅG PULS - 30 pl.,5011,PLAN 8,9f6e7214-044f-469a-a33c-05365bc6825a,9ae3d3cf-8f4f-4ef5-a526-9fd86e3b3260,4.0,1913.5,ERROR
other,,,,Temperature,IndoorAir,LÅG PULS - 30 pl.,5011,PLAN 8,488dd914-65a5-4aa3-bcc9-72e70536ae75,f8b35794-544b-4ea0-bf19-1fe3689c07ed,26.4,1913.6,ERROR
other,,,,Temperature,IndoorAir,LÅG PULS - 30 pl.,5011,PLAN 8,d4629f3a-7cfe-4306-9625-5548daacaa3f,e7844246-c8f9-4cc0-a022-414f8ce4ffd5,24.28,1913.4,ERROR
other,,,,Temperature,IndoorAir,LÅG PULS - 30 pl.,5011,PLAN 8,a7780884-f13e-4d5b-a943-084cc5e85afe,96adf98f-b956-4ba2-8b29-0067c753ba28,23.88,1913.4,ERROR
other,,,,Flow,SupplyAir,LÅG PULS - 30 pl.,5011,PLAN 8,477029fa-cb38-48a8-b419-813a84b5b56c,fc28906b-4166-455f-b599-f8161296f2de,1.0,1913.4,ERROR
other,,,,Temperature,IndoorAir,LÅG PULS - 30 pl.,5011,PLAN 8,dc90b8fe-d3d1-4a1e-b0ca-3ddbed83cf7c,65ec8e75-7a38-484e-b5b0-8b56dae049a9,23.17,1913.4,ERROR
other,,,,Temperature,IndoorAir,LÅG PULS - 30 pl.,5011,PLAN 8,66406e16-d5a4-4813-9489-5d5ec03e0992,c3b1faae-c0c4-4d17-958b-4cf2a4d48cc5,23.43,1913.4,ERROR
other,,,,Temperature,IndoorAir,LÅG PULS - 30 pl.,5011,PLAN 8,f522fdd1-9f04-4d03-929f-8f089c796766,7f8a120b-ddfd-4cc4-b806-cce6a7a36c76,23.0,1913.5,ERROR
other,,,,Temperature,IndoorAir,LÅG PULS - 30 pl.,5011,PLAN 8,0039911d-9dbb-4274-8c3b-696886f6cf5e,1fb46899-da31-49d9-922f-a18369704194,23.94,1913.5,ERROR
other,,,,Humidity,IndoorAir,LÅG PULS - 30 pl.,5011,PLAN 8,d660783f-7e8f-48d6-b626-a1a054e41258,fc28906b-4166-455f-b599-f8161296f2de,58.63,1913.4,ERROR
other,,,,Presence,IndoorAir,LÅG PULS - 30 pl.,5011,PLAN 8,7deef4ce-2768-44a6-97d0-531a282e5e1d,c0bb1d54-0206-44ba-ab56-b48f8231b041,0.0,1913.4,ERROR
other,,,,Temperature,IndoorAir,LÅG PULS - 30 pl.,5011,PLAN 8,6de002c3-62f5-47ef-9e29-6c667434fc86,8627303c-abfd-482f-a0b5-2cf62379f58a,23.47,1913.5,ERROR
other,,,,Volume,,DRIFT,K2145,PLAN 1,680fa8a5-df49-49d4-8cea-d073b3127d09,5807185e-1051-48ae-9086-693829097b76,,,NOT_STARTED
other,,,Saia Modbus Test Sensor,Temperature,OutdoorAir,Virtual Room,Virtual Room,PLAN 4,f3fc171d-abca-4f8d-a9c5-07393898912a,8fc2cf4c-ef0f-4019-a826-1949b5334031,6.4,4422.4,ERROR
other,,,,Presence,IndoorAir,Virtual Room,Virtual Room,PLAN 4,f34779ef-0d26-4557-8894-f3c1ede8c562,0f3f41bd-9635-453b-a78a-472a516b2fa0,0.0,8298.5,WARM_UP
other,,,,Temperature,IndoorAir,Virtual Room,Virtual Room,PLAN 4,155b1612-c878-4edb-a097-232176bce05e,9bab4cd5-354c-49f2-8191-3d023dfe0a8c,22.88,5568.3,ERROR
other,,,,Temperature,IndoorAir,Virtual Room,Virtual Room,PLAN 4,77129a67-e834-4a95-a373-c31ac46d530c,3f7b85cf-1241-49c8-a15a-60e0210dee44,24.2,5568.0,ERROR
other,,,,Temperature,IndoorAir,Virtual Room,Virtual Room,PLAN 4,5905c086-b041-4c4b-8301-7fa9bf8a2340,0f3f41bd-9635-453b-a78a-472a516b2fa0,23.319999999999997,5568.1,ERROR
other,,,,Temperature,IndoorAir,Virtual Room,Virtual Room,PLAN 4,365dbcc9-35e3-4c2a-bb8b-9f7e21f40f94,f9bacc96-5f04-48ac-8cad-8b55b3fa507d,22.91,5568.2,ERROR
other,,,SMHI-NK Stockholm-Temperature,Temperature,OutdoorAir,Virtual Room,Virtual Room,PLAN 4,33034c80-9745-4b8e-ad5a-6d6a819e5e6b,7e4ff9ba-ac26-41c9-a29b-7f5ee7e324ae,17.4,1.3,OK
other,,,,Humidity,OutdoorAir,Virtual Room,Virtual Room,PLAN 4,732befbe-e1ba-4671-a4c1-aaf15fc6fe29,7e4ff9ba-ac26-41c9-a29b-7f5ee7e324ae,74.0,1.3,OK
other,,,,Pressure,OutdoorAir,Virtual Room,Virtual Room,PLAN 4,c030f718-c3dc-44cc-a0e1-fd489b1c6dcc,7e4ff9ba-ac26-41c9-a29b-7f5ee7e324ae,101250.0,1.3,OK
other,,,,Angle,OutdoorAir,Virtual Room,Virtual Room,PLAN 4,90054de6-6be3-41a8-a9f9-3213f1e19c5a,7e4ff9ba-ac26-41c9-a29b-7f5ee7e324ae,320.0,1.3,OK
other,,,,Speed,OutdoorAir,Virtual Room,Virtual Room,PLAN 4,02e88e2a-49d6-4e52-a895-18a15a913733,7e4ff9ba-ac26-41c9-a29b-7f5ee7e324ae,0.9,1.3,OK
other,,,,Precipitation,OutdoorAir,Virtual Room,Virtual Room,PLAN 4,920ce834-d0f5-4c5c-96c4-6405a5895580,7e4ff9ba-ac26-41c9-a29b-7f5ee7e324ae,0.0,1.3,OK
other,,,,Presence,IndoorAir,,5008,PLAN 8,798c84d5-3873-4aa5-a498-82a5dc4f4fe3,eeca15a6-02c6-4460-909d-9a4285ff3185,0.0,1917.8,WARNING
other,,,,Temperature,IndoorAir,,5008,PLAN 8,121b46b6-133b-4710-9287-be527004da65,c04355b8-b025-4627-a8e4-a44c042414b9,23.26,1913.4,ERROR
other,,,,Temperature,IndoorAir,,5008,PLAN 8,ffa71c51-dfdf-4637-8866-ba9a5879c487,eeca15a6-02c6-4460-909d-9a4285ff3185,23.26,1913.5,ERROR
other,,,,Presence,IndoorAir,,5008,PLAN 8,c13c4933-5411-4fd1-a52d-a317af10e87c,4c35312f-ca91-46de-b6e9-ca939df95c19,0.0,1913.5,ERROR
other,,,,Presence,IndoorAir,,5008,PLAN 8,b44ba3b9-8b9e-48bd-9553-e6261fa16ad4,e0dcee67-716f-4e5a-94bc-57316956b5bc,0.0,1913.4,ERROR
other,,,,Flow,SupplyAir,,5008,PLAN 8,ee9eba5a-97a2-4967-a96e-7b26f5ba9945,eeca15a6-02c6-4460-909d-9a4285ff3185,5.0,1913.5,ERROR
other,,,,Presence,IndoorAir,,5008,PLAN 8,96886a3e-9bc6-40f1-8576-ba50e9fac522,6b4bd9a8-c052-42be-bb5c-ba1271044cca,0.0,1913.5,ERROR
other,,,,Humidity,IndoorAir,,5008,PLAN 8,bd5dab70-8fc7-49fe-bcd1-c94ef6706c00,eeca15a6-02c6-4460-909d-9a4285ff3185,61.23,1913.5,ERROR
other,,,,Temperature,IndoorAir,,5008,PLAN 8,d15f05d4-327e-45a4-90e8-4d2039f74a07,6b4bd9a8-c052-42be-bb5c-ba1271044cca,22.92,1913.4,ERROR
other,,,,Temperature,IndoorAir,,5008,PLAN 8,e8ffe83a-50ee-47b0-99fd-088d231e743a,e0dcee67-716f-4e5a-94bc-57316956b5bc,23.26,1913.6,ERROR
other,,,,Presence,IndoorAir,,5008,PLAN 8,462b3675-5441-4679-ae8b-1a0c7e77fec1,c04355b8-b025-4627-a8e4-a44c042414b9,0.0,1913.5,ERROR
other,,,,Temperature,IndoorAir,,5008,PLAN 8,334eefd2-ce17-4fae-99a1-7a8fd46202b3,94aa5db8-9235-4f2e-8ee3-46a06b848cc2,23.6,1913.4,ERROR
other,,,,Temperature,IndoorAir,,5008,PLAN 8,4eedd4a3-eaeb-44e5-b946-7360336a9c02,f5a49996-0c4e-4378-9073-7c7396fce7a7,24.18,1913.5,ERROR
other,,,,Temperature,IndoorAir,,5008,PLAN 8,8f72d83b-ed88-4324-93d5-b26b16c5568e,73afaf3e-2fc4-445b-a044-0602136bd723,25.13,1913.5,ERROR
other,,,,Presence,IndoorAir,,5008,PLAN 8,119c92d1-f655-4e76-8f72-3e2a29bff4b7,73afaf3e-2fc4-445b-a044-0602136bd723,0.0,1913.5,ERROR
other,,,,Temperature,IndoorAir,,5008,PLAN 8,d6027adf-221a-4077-8a1d-47d6f348e386,4c35312f-ca91-46de-b6e9-ca939df95c19,22.75,1913.5,ERROR
other,,,,Presence,IndoorAir,,5008,PLAN 8,a0bd2878-ef64-4a7d-9696-0aa955b51360,94aa5db8-9235-4f2e-8ee3-46a06b848cc2,0.0,1913.5,ERROR
other,,,,Temperature,IndoorAir,,5008,PLAN 8,a2808099-c307-4e7c-b150-7d516b2f5685,0356ff5d-5077-422b-abb0-a45880a4c503,24.22,1913.6,ERROR
other,,,,Humidity,IndoorAir,,5008,PLAN 8,4cbd0975-055c-4330-84c7-b20176c86e9a,f5a49996-0c4e-4378-9073-7c7396fce7a7,61.23,1913.5,ERROR
other,,,,Humidity,IndoorAir,PROJEKTRUM - 12 pl.,5007,PLAN 8,75449e25-63c7-428b-abb8-b1580cf60ee5,4958fabc-21da-44a1-b325-2289324b5951,57.84,1913.5,ERROR
other,,,,Temperature,IndoorAir,PROJEKTRUM - 12 pl.,5007,PLAN 8,c61441f0-3558-4afc-bff4-75921a5c4790,0f8dcb97-f5ec-48f9-8121-b00feef40bca,24.09,1913.4,ERROR
other,,,,Presence,IndoorAir,PROJEKTRUM - 12 pl.,5007,PLAN 8,287ff273-e7e1-4554-8a61-0296b76674d8,15cb4248-e0df-4c2c-8fd8-82c60e92523b,0.0,1913.5,ERROR
other,,,,Temperature,IndoorAir,PROJEKTRUM - 12 pl.,5007,PLAN 8,412c10d6-5532-4266-a4e5-ba0111b2ca65,984a011d-d65d-4f95-8bbb-9f12b7d7cc83,22.75,1913.5,ERROR
other,,,,Presence,IndoorAir,PROJEKTRUM - 12 pl.,5007,PLAN 8,e00aaea0-05c3-4ed7-a9e0-ff7d9ed85a1a,984a011d-d65d-4f95-8bbb-9f12b7d7cc83,0.0,1913.5,ERROR
other,,,,Temperature,IndoorAir,PROJEKTRUM - 12 pl.,5007,PLAN 8,4ba9e923-f1c0-4efe-8062-11b095357dac,c0e69f7d-7a98-4446-b810-427bdadb3d64,23.09,1913.6,ERROR
other,,,,Presence,IndoorAir,PROJEKTRUM - 12 pl.,5007,PLAN 8,7cac2965-b6ba-4e22-b74c-6ab32cff9e62,5a22f8bd-1586-4920-874b-9bdb205059f5,0.0,1913.5,ERROR
other,,,,Presence,IndoorAir,PROJEKTRUM - 12 pl.,5007,PLAN 8,3de336db-3f3c-487b-a78a-b013062efbda,4958fabc-21da-44a1-b325-2289324b5951,0.0,1916.3,ERROR
other,,,,Temperature,IndoorAir,PROJEKTRUM - 12 pl.,5007,PLAN 8,83a38105-9985-40a2-bd79-6e2ada2e10b8,5a22f8bd-1586-4920-874b-9bdb205059f5,22.24,1913.5,ERROR
other,,,,Flow,SupplyAir,PROJEKTRUM - 12 pl.,5007,PLAN 8,fee7f923-dbf5-4830-8d5e-ca30fd36fea5,4958fabc-21da-44a1-b325-2289324b5951,9.0,1913.4,ERROR
other,,,,Temperature,IndoorAir,PROJEKTRUM - 12 pl.,5007,PLAN 8,39ce39ff-6beb-4f87-829c-b985e5a4aef6,4958fabc-21da-44a1-b325-2289324b5951,23.255,1913.5,ERROR
other,,,,Temperature,IndoorAir,PROJEKTRUM - 12 pl.,5007,PLAN 8,71e2f9ed-823e-4fa7-bef7-cd827114d74a,ffe517f5-d594-4afc-bcd7-bce753b54e05,24.7,1913.6,ERROR
other,,,,Temperature,IndoorAir,PROJEKTRUM - 12 pl.,5007,PLAN 8,3a8394ba-5f9b-4193-9770-9f58c83f1e45,15cb4248-e0df-4c2c-8fd8-82c60e92523b,22.83,1913.6,ERROR
other,,,,Presence,IndoorAir,PROJEKTRUM - 12 pl.,5007,PLAN 8,a8899db7-e032-45a7-8e60-5b54a2da63fa,c0e69f7d-7a98-4446-b810-427bdadb3d64,0.0,1913.5,ERROR
other,,,,Humidity,IndoorAir,PROJEKTRUM - 12 pl.,5007,PLAN 8,9e66771e-d43f-4f07-9c76-de1faeab65d8,ffe517f5-d594-4afc-bcd7-bce753b54e05,58.15,1913.4,ERROR
other,,,,Presence,IndoorAir,FOKUS 1 pl.,5017,PLAN 8,17da8b1d-9a6d-4e28-b016-2d64430580a8,887593dc-33d6-4682-b5fe-161a3965493e,0.0,1913.5,ERROR
other,,,,Temperature,IndoorAir,FOKUS 1 pl.,5017,PLAN 8,55090e11-015a-451a-b699-9d380ec552a8,5fe1b369-ef00-4dc2-ba9a-0154580e8edd,22.75,1913.4,WARNING
other,,,,Flow,SupplyAir,FOKUS 1 pl.,5017,PLAN 8,104b10fd-5c0f-43cc-bdcd-1cb90c41eab3,890ffc83-67ff-4b9a-9d03-0c6d45d72950,0.0,1913.4,ERROR
other,,,,Temperature,IndoorAir,FOKUS 1 pl.,5017,PLAN 8,2501c3a3-37bd-4203-977c-67d6136e5392,887593dc-33d6-4682-b5fe-161a3965493e,23.09,1913.6,ERROR
other,,,,Presence,IndoorAir,FOKUS 1 pl.,5017,PLAN 8,6c6ea7e6-2122-4b7b-a0ae-6fff15e1cb7c,890ffc83-67ff-4b9a-9d03-0c6d45d72950,0.0,1916.4,WARNING
other,,,,Temperature,IndoorAir,FOKUS 1 pl.,5017,PLAN 8,b28b86a7-16d2-43a8-b39b-ea4eab63cb88,890ffc83-67ff-4b9a-9d03-0c6d45d72950,22.92,1913.4,ERROR
other,,Rssi,Rssi,Level,,BUTIK,1014,PLAN 4,1eebc1c2-ca0e-4187-966b-28709157909b,4002d779-fd74-4b6f-b03f-06f3d4d97b61,-115.0,32348.3,ERROR
other,,Rssi,Rssi,Level,,BUTIK,1028,PLAN 4,038395bb-5908-4bfd-a7bb-d1d6c60e4750,efbe379d-b7de-4781-acf6-f3044dc37930,-101,223.2,ERROR
other,,Rssi,Rssi,Level,,KONTOR,6065,PLAN 9,bbbaaa45-3f31-4cd7-9571-0bba95d589ff,83a2a6df-e43c-4107-985f-4819e0a5201e,-114,0.4,OK
other,,Rssi,Rssi,Level,,BUTIK,2027,PLAN 5,600f4d3a-6ac0-496c-87c2-bff9dbd114d2,168e46a2-7baf-4b04-8f31-be1f65be8db6,-117.0,31721.4,ERROR
other,,Rssi,Rssi,Level,IndoorAir,KONTOR,7013,PLAN 10,aa485f83-31ee-43dc-bc4e-1196ff81fda0,eda2ce46-c171-4faf-95a3-91fa442894fa,-87,222.9,WARNING
other,,Rssi,Rssi,Level,IndoorAir,KONTOR,7013,PLAN 10,2a3ef03f-7647-4a07-8f05-7c71ac3044ea,2a78aa8e-1b9f-4d87-948e-303ab154090d,-107.0,20126.1,ERROR
other,,Rssi,Rssi,Level,,FRD.,2043,PLAN 5,6c91d028-0e2c-42a7-81e1-d34cd9daaf28,2a122e2d-5e93-4b13-ae1b-54ef1ef054b8,-102.0,18174.0,ERROR
other,,Rssi,Rssi,Level,,LoraLAB,,,fdedc702-94c6-44db-8746-cb271757f198,e9a7d407-b618-4f32-af36-c9ede67d9867,-115,0.5,OK
other,,Rssi,Rssi,Level,,LoraLAB,,,c7c58287-fbe0-46e2-af83-49612a5aec74,e07be287-d0bb-41af-b1b9-a8c66f821492,-94,0.4,OK
other,,Rssi,Rssi,Level,,LoraLAB,,,7226cac5-7100-4bc0-bfed-42a06fe5743c,ac969c87-bac5-4b32-ad9c-50716557af03,-98,222.9,ERROR
other,,Rssi,Rssi,Level,IndoorAir,ÖPPET KONTOR,7058,PLAN 10,ce4f676d-d023-42f9-ab2d-dd8c94e90aa6,adce9747-f72c-431d-8f8a-3fee5ec25db5,-102,0.3,WARNING
other,,Rssi,Rssi,Level,IndoorAir,ÖPPET KONTOR,7058,PLAN 10,1833439f-b9db-4ba6-bb47-a850ace8a5fe,1dc2d64c-2267-4f26-ae9e-acec841d7ec0,-92.0,20214.1,ERROR
other,,Rssi,Rssi,Level,,ÖPPET KONTOR,5181,PLAN 8,a2c8cc5d-98f3-4133-a42f-955c3f0a99c3,d8f16080-21c7-477c-a3f9-e0980b17c237,-98.0,9004.6,ERROR
other,,Rssi,Rssi,Level,,ÖPPET KONTOR,5181,PLAN 8,9dc35652-d816-413a-8b72-2af4502fc9a0,bf1efe90-fe5b-479a-b7d4-a7208a56ab76,-108.0,18217.9,ERROR
other,,Rssi,Rssi,Level,,LAGER,29,PLAN 3,beb49a99-712e-4f56-9bea-747da1bca87e,fc355fbf-9bb5-40e0-bee8-1ce27edc71d0,-116.0,32957.0,ERROR
other,,Rssi,Rssi,Level,,BUTIK,3016,PLAN 6,294b3e80-f1e1-47b1-ba01-7dbb055dab1a,207a2afb-8b1c-4385-b6ba-f967ca3fe659,-108.0,31905.8,ERROR
other,,Rssi,Rssi,Level,,BUTIK,1074,PLAN 4,2c2e5ccb-362b-45fe-8bea-2567f2514bbe,e2e60aa2-4404-43aa-b786-38403567e888,-116,1.1,WARNING
other,,Rssi,Rssi,Level,,HISSHALL,4031,PLAN 7,28821a4c-4bb4-4b76-a107-152aa94e8219,a9d2b75e-0535-4216-9233-8da0eb1e0711,-43,0.3,OK
other,,Rssi,Rssi,Level,,ÖPPET KONTOR,6014,PLAN 9,0aaf313d-d4e1-45cb-bd2c-cc1f01f4d3bf,8fd1be3d-e11b-41e5-885e-cbec1619b3da,-105,0.7,OK
other,,Rssi,Rssi,Level,,ÖPPET KONTOR,6014,PLAN 9,44a8eca1-985c-4977-a799-2244cabf31ab,3e86d7a7-d679-47b5-b967-9740aadd6e8b,-113.0,19769.6,ERROR
other,,Rssi,Rssi,Level,,BUTIK,3094,PLAN 6,ae85d6ba-d1b9-442e-a555-31f612c2f6e0,7aa1b2ce-f604-4a6a-b854-deaadb7ba7bb,-94,0.3,OK
other,,Rssi,Rssi,Level,,PASS,6069,PLAN 9,d15e1b6b-09dc-44ca-a79b-aa7407a5ce4e,ee4d610c-0f5c-45c4-8824-e322c86042ec,-88.0,19515.4,ERROR
other,,Rssi,Rssi,Level,,GÅNG,,PLAN 4,d2e9e3ba-9cac-4db0-b00c-8b09e4010044,c8ecd153-b78e-41ce-b8f8-2d7feb34a8c6,-116,0.7,OK
other,,Rssi,Rssi,Level,,FÖRRÅD,K1181,PLAN 2,0045f314-14bf-4291-be8d-ca8b84642519,aeb19a3c-aed4-496a-8601-91472c0fe2ba,-109,0.4,OK
other,,Rssi,Rssi,Level,,LAGER,K1037,PLAN 2,6609e352-38bc-4915-b512-34afbd5b519f,7f6b6fe7-aca2-4372-ae99-91f4c24ae592,-111,0.4,OK
other,,Rssi,Rssi,Level,,BUTIK,2069,PLAN 5,39117c7f-5bf6-46b1-899b-9b09bae74f80,7bd740bb-f23b-4a6f-941f-bc6e308bb436,-107.0,18528.1,ERROR
other,,Rssi,Rssi,Level,,BUTIK,1068,PLAN 4,32730cc4-34d6-4fd5-a131-4596451fc70e,a7bed2e0-c965-4636-8f4f-4d751b4b9804,-106,0.4,WARNING
other,,Rssi,Rssi,Level,,LÅG PULS - 30 pl.,5011,PLAN 8,ab91a2c2-8b82-42dd-9bc4-7920c000ce02,557d2452-55e9-4d1d-ad37-7b3f84d767fb,-105.0,18920.4,ERROR
other,,Rssi,Rssi,Level,,LÅG PULS - 30 pl.,5011,PLAN 8,934df500-a461-44f1-9abb-03030bd0ac97,9f7c660e-d6d6-4ec7-be77-f67b55b815d8,-112,0.3,OK
other,,Sound,Sound,Sound,IndoorAir,BUTIK,1028,PLAN 4,b5402c20-f3c6-41cd-9bda-5030d9f4258d,efbe379d-b7de-4781-acf6-f3044dc37930,71.2,223.2,ERROR
other,,Sound,Sound,Sound,IndoorAir,KONTOR,7013,PLAN 10,0d5f1fac-2c82-43e8-83fe-8f4f6de0e1ac,2a78aa8e-1b9f-4d87-948e-303ab154090d,50.1,20126.1,ERROR
other,,Sound,Sound,Sound,IndoorAir,FRD.,2043,PLAN 5,f02b469d-01f0-4f6a-8f0a-ba5b2ce769b2,2a122e2d-5e93-4b13-ae1b-54ef1ef054b8,31.5,18174.0,ERROR
other,,Sound,Sound,Sound,IndoorAir,ÖPPET KONTOR,7058,PLAN 10,f4db542a-251f-455e-bb5f-e7f4b4b1b708,1dc2d64c-2267-4f26-ae9e-acec841d7ec0,46.8,20214.1,ERROR
other,,Sound,Sound,Sound,IndoorAir,ÖPPET KONTOR,5181,PLAN 8,bc9b29a3-6fff-41c3-a3c2-d9328409599d,bf1efe90-fe5b-479a-b7d4-a7208a56ab76,39.6,18217.9,ERROR
other,,Sound,Sound,Sound,IndoorAir,HISSHALL,4031,PLAN 7,3ba04a5b-df40-4500-8bf4-805ace94b2f7,a9d2b75e-0535-4216-9233-8da0eb1e0711,53.1,0.3,OK
other,,Sound,Sound,Sound,IndoorAir,ÖPPET KONTOR,6014,PLAN 9,bfee0ab5-b20c-4367-96e5-025a6988b714,3e86d7a7-d679-47b5-b967-9740aadd6e8b,36.7,19769.6,ERROR
other,,Sound,Sound,Sound,IndoorAir,BUTIK,3094,PLAN 6,c507c2b4-5623-4642-9c42-f8a1afa2adf7,7aa1b2ce-f604-4a6a-b854-deaadb7ba7bb,32.2,0.3,OK
other,,Sound,Sound,Sound,IndoorAir,PASS,6069,PLAN 9,a0a8d26f-d114-4bc6-a783-a4ee39347981,ee4d610c-0f5c-45c4-8824-e322c86042ec,31.4,19515.4,ERROR
other,,Sound,Sound,Sound,IndoorAir,LÅG PULS - 30 pl.,5011,PLAN 8,0d8a40ce-c25a-44f4-a92d-72836057167d,557d2452-55e9-4d1d-ad37-7b3f84d767fb,35.3,18920.4,ERROR
other,,SoundAverage,SoundAverage,SoundAverage,IndoorAir,BUTIK,1014,PLAN 4,3768b81c-96f3-4831-b814-7971d25369a5,4002d779-fd74-4b6f-b03f-06f3d4d97b61,56.0,32348.3,ERROR
other,,SoundAverage,SoundAverage,SoundAverage,IndoorAir,BUTIK,1028,PLAN 4,ad74b31c-3248-480a-acd6-8331480b1988,efbe379d-b7de-4781-acf6-f3044dc37930,49.4,223.2,ERROR
other,,SoundAverage,SoundAverage,SoundAverage,IndoorAir,BUTIK,2027,PLAN 5,77256917-7d18-40ba-960f-2aaac5287c42,168e46a2-7baf-4b04-8f31-be1f65be8db6,48.0,31721.4,ERROR
other,,SoundAverage,SoundAverage,SoundAverage,IndoorAir,KONTOR,7013,PLAN 10,8cb46bc1-6585-4b74-ac32-83086ae30247,2a78aa8e-1b9f-4d87-948e-303ab154090d,39.4,20126.1,ERROR
other,,SoundAverage,SoundAverage,SoundAverage,IndoorAir,FRD.,2043,PLAN 5,9745ae64-6746-4200-b06b-75be3b970c7c,2a122e2d-5e93-4b13-ae1b-54ef1ef054b8,31.9,18174.0,ERROR
other,,SoundAverage,SoundAverage,SoundAverage,IndoorAir,ÖPPET KONTOR,7058,PLAN 10,450d8899-44da-499c-b8f3-2c1e3e752e6c,1dc2d64c-2267-4f26-ae9e-acec841d7ec0,33.8,20214.1,ERROR
other,,SoundAverage,SoundAverage,SoundAverage,IndoorAir,ÖPPET KONTOR,5181,PLAN 8,1251cc18-0922-4fd8-9eab-3aabe2534e00,bf1efe90-fe5b-479a-b7d4-a7208a56ab76,29.3,18217.9,ERROR
other,,SoundAverage,SoundAverage,SoundAverage,IndoorAir,LAGER,29,PLAN 3,4382ee15-1271-4527-98e4-00dc8e834481,fc355fbf-9bb5-40e0-bee8-1ce27edc71d0,51.0,32957.0,ERROR
other,,SoundAverage,SoundAverage,SoundAverage,IndoorAir,BUTIK,3016,PLAN 6,14a7fdd7-f686-428b-a574-8f8bb93b1586,207a2afb-8b1c-4385-b6ba-f967ca3fe659,34.0,31905.8,ERROR
other,,SoundAverage,SoundAverage,SoundAverage,IndoorAir,HISSHALL,4031,PLAN 7,c6fb3454-2ac3-4cc6-881a-0ff9f9e7dfa8,a9d2b75e-0535-4216-9233-8da0eb1e0711,56.7,0.3,OK
other,,SoundAverage,SoundAverage,SoundAverage,IndoorAir,ÖPPET KONTOR,6014,PLAN 9,06e815aa-ecd8-4f7c-a4ef-adf744b330c7,3e86d7a7-d679-47b5-b967-9740aadd6e8b,28.8,19769.6,ERROR
other,,SoundAverage,SoundAverage,SoundAverage,IndoorAir,BUTIK,3094,PLAN 6,9c394056-67fa-4482-9352-d27e194c1644,7aa1b2ce-f604-4a6a-b854-deaadb7ba7bb,48.4,0.3,OK
other,,SoundAverage,SoundAverage,SoundAverage,IndoorAir,PASS,6069,PLAN 9,6f3f622f-5cde-46b8-a484-4a2c731706a4,ee4d610c-0f5c-45c4-8824-e322c86042ec,23.3,19515.4,ERROR
other,,SoundAverage,SoundAverage,SoundAverage,IndoorAir,LÅG PULS - 30 pl.,5011,PLAN 8,013aaaa5-96a5-4a52-a144-2bc235a68c5a,557d2452-55e9-4d1d-ad37-7b3f84d767fb,24.9,18920.4,ERROR
other,,SoundMaximum,SoundMaximum,SoundPeak,IndoorAir,BUTIK,1014,PLAN 4,e533fa0c-091b-4fbe-8267-f829f6d8822c,4002d779-fd74-4b6f-b03f-06f3d4d97b61,69.0,32348.3,ERROR
other,,SoundMaximum,SoundMaximum,SoundPeak,IndoorAir,BUTIK,1028,PLAN 4,175f596c-c9f1-47e5-aa11-5f54fc5298e6,efbe379d-b7de-4781-acf6-f3044dc37930,68.3,27383.6,ERROR
other,,SoundMaximum,SoundMaximum,SoundPeak,IndoorAir,BUTIK,2027,PLAN 5,366f7e8a-bc85-4d83-a6f0-219c4d0479ad,168e46a2-7baf-4b04-8f31-be1f65be8db6,66.0,31721.4,ERROR
other,,SoundMaximum,SoundMaximum,SoundPeak,IndoorAir,KONTOR,7013,PLAN 10,872dd109-ab8e-49cd-b0b7-b1dad8f59f60,2a78aa8e-1b9f-4d87-948e-303ab154090d,55.5,20126.1,ERROR
other,,SoundMaximum,SoundMaximum,SoundPeak,IndoorAir,FRD.,2043,PLAN 5,740caae7-f540-4d60-aa3b-dcc32f352ef5,2a122e2d-5e93-4b13-ae1b-54ef1ef054b8,51.5,18174.0,ERROR
other,,SoundMaximum,SoundMaximum,SoundPeak,IndoorAir,ÖPPET KONTOR,7058,PLAN 10,addd1f2e-07ea-4d3d-9473-07e40b84645c,1dc2d64c-2267-4f26-ae9e-acec841d7ec0,53.6,20214.1,ERROR
other,,SoundMaximum,SoundMaximum,SoundPeak,IndoorAir,ÖPPET KONTOR,5181,PLAN 8,869f493b-2812-4fc4-af7e-02febbd95737,bf1efe90-fe5b-479a-b7d4-a7208a56ab76,42.1,18217.9,ERROR
other,,SoundMaximum,SoundMaximum,SoundPeak,IndoorAir,LAGER,29,PLAN 3,d1981045-122d-4dfe-80e3-d6d7bc74f115,fc355fbf-9bb5-40e0-bee8-1ce27edc71d0,69.0,32957.0,ERROR
other,,SoundMaximum,SoundMaximum,SoundPeak,IndoorAir,BUTIK,3016,PLAN 6,03dcfdf2-8bcf-4342-b4fd-88714ef765df,207a2afb-8b1c-4385-b6ba-f967ca3fe659,64.0,31905.8,ERROR
other,,SoundMaximum,SoundMaximum,SoundPeak,IndoorAir,HISSHALL,4031,PLAN 7,b5d04b4c-cb52-4ddb-ad45-722b3e2b9539,a9d2b75e-0535-4216-9233-8da0eb1e0711,42.9,0.3,OK
other,,SoundMaximum,SoundMaximum,SoundPeak,IndoorAir,ÖPPET KONTOR,6014,PLAN 9,5110287d-b2ef-4c1b-bfd6-70877015eeed,3e86d7a7-d679-47b5-b967-9740aadd6e8b,47.3,19769.6,ERROR
other,,SoundMaximum,SoundMaximum,SoundPeak,IndoorAir,BUTIK,3094,PLAN 6,28897508-f919-419e-8366-a7b439172630,7aa1b2ce-f604-4a6a-b854-deaadb7ba7bb,38.9,0.3,OK
other,,SoundMaximum,SoundMaximum,SoundPeak,IndoorAir,PASS,6069,PLAN 9,8d70b25c-4fde-4d57-a92a-923023aa7ec3,ee4d610c-0f5c-45c4-8824-e322c86042ec,40.4,19515.4,ERROR
other,,SoundMaximum,SoundMaximum,SoundPeak,IndoorAir,LÅG PULS - 30 pl.,5011,PLAN 8,ab65275f-5536-49c0-8436-672c78bd43ba,557d2452-55e9-4d1d-ad37-7b3f84d767fb,41.2,18920.4,ERROR
other,,Temperature,Temperature,Temperature,IndoorAir,BUTIK,1014,PLAN 4,b34c2d10-a0d1-4f81-ab3f-b5f3c0134484,4002d779-fd74-4b6f-b03f-06f3d4d97b61,0.0,32348.3,ERROR
other,,Temperature,Temperature,Temperature,IndoorAir,KONTOR,6065,PLAN 9,fa45f231-67a5-493e-80ed-1f19d2d6cfb6,83a2a6df-e43c-4107-985f-4819e0a5201e,22.7,0.4,OK
other,,Temperature,Temperature,Temperature,IndoorAir,BUTIK,2027,PLAN 5,0356f88b-5357-48bd-b28a-c320456edd3b,168e46a2-7baf-4b04-8f31-be1f65be8db6,0.0,31721.4,ERROR
other,,Temperature,Temperature,Temperature,IndoorAir,KONTOR,7013,PLAN 10,4daa8ea9-ed5f-4ae9-93fc-af03e6bc7a20,eda2ce46-c171-4faf-95a3-91fa442894fa,22.2,222.9,WARNING
other,,Temperature,Temperature,Temperature,IndoorAir,LoraLAB,,,2b77ec0b-65a6-480a-8d1d-96eac23d49cc,e07be287-d0bb-41af-b1b9-a8c66f821492,22.6,0.4,WARNING
other,,Temperature,Temperature,Temperature,IndoorAir,LoraLAB,,,0f94fd35-572b-427a-8593-c7bf835ec468,ac969c87-bac5-4b32-ad9c-50716557af03,21.9,222.9,ERROR
other,,Temperature,Temperature,Temperature,IndoorAir,LoraLAB,,,775c531d-fb1a-4397-b04c-82ffb939a4d5,e9a7d407-b618-4f32-af36-c9ede67d9867,18.2,0.5,OK
other,,Temperature,Temperature,Temperature,IndoorAir,ÖPPET KONTOR,7058,PLAN 10,58cc4c95-d153-4c12-aad7-31f9572837c4,adce9747-f72c-431d-8f8a-3fee5ec25db5,22.3,0.3,WARNING
other,,Temperature,Temperature,Temperature,IndoorAir,ÖPPET KONTOR,5181,PLAN 8,225b5ad4-4ac1-4b5f-8d3a-0ac894bca147,d8f16080-21c7-477c-a3f9-e0980b17c237,22.6,9004.6,ERROR
other,,Temperature,Temperature,Temperature,IndoorAir,LAGER,29,PLAN 3,8c0f76dc-302f-49f9-8045-80500d0b3c3b,fc355fbf-9bb5-40e0-bee8-1ce27edc71d0,0.0,32957.0,ERROR
other,,Temperature,Temperature,Temperature,IndoorAir,BUTIK,3016,PLAN 6,7aced619-5c4b-4111-a945-9e63ceb9dd55,207a2afb-8b1c-4385-b6ba-f967ca3fe659,0.0,31905.8,ERROR
other,,Temperature,Temperature,Temperature,IndoorAir,BUTIK,1074,PLAN 4,01beedb6-9e70-456f-970a-179b3f7a6b74,e2e60aa2-4404-43aa-b786-38403567e888,21.8,1.1,WARNING
other,,Temperature,Temperature,Temperature,IndoorAir,ÖPPET KONTOR,6014,PLAN 9,3eb73e71-79bb-4292-9f09-6a675007be09,8fd1be3d-e11b-41e5-885e-cbec1619b3da,24.7,0.7,OK
other,,Temperature,Temperature,Temperature,IndoorAir,GÅNG,,PLAN 4,696bbc50-a2d9-4dc3-8f3e-9324bd459888,c8ecd153-b78e-41ce-b8f8-2d7feb34a8c6,22.4,0.7,OK
other,,Temperature,Temperature,Temperature,IndoorAir,FÖRRÅD,K1181,PLAN 2,f37a52a0-9ed2-4209-a243-db9efdef9633,aeb19a3c-aed4-496a-8601-91472c0fe2ba,22.4,0.4,OK
other,,Temperature,Temperature,Temperature,IndoorAir,LAGER,K1037,PLAN 2,005624fe-daf8-4b1d-8025-427a25f5b1b6,7f6b6fe7-aca2-4372-ae99-91f4c24ae592,20.7,0.4,OK
other,,Temperature,Temperature,Temperature,IndoorAir,BUTIK,2069,PLAN 5,77a5ba38-382e-49ff-92d4-50881f844e5d,7bd740bb-f23b-4a6f-941f-bc6e308bb436,23.8,18528.1,ERROR
other,,Temperature,Temperature,Temperature,IndoorAir,BUTIK,1068,PLAN 4,12605e0b-1b72-4c9b-bbae-7733830f6a97,a7bed2e0-c965-4636-8f4f-4d751b4b9804,20.4,0.4,OK
other,,Temperature,Temperature,Temperature,IndoorAir,LÅG PULS - 30 pl.,5011,PLAN 8,f490d0d4-f873-4004-9889-1382ab8e02b1,9f7c660e-d6d6-4ec7-be77-f67b55b815d8,22.1,0.3,OK
other,,UTETEMP,UTETEMP,Temperature,OutdoorAir,Virtual Room,Virtual Room,PLAN 4,ee59bb44-4b28-4715-a21f-6838c8198448,03885008-bfd3-40b1-b622-41ca4e16368a,16.6,0.3,OK
other,,humidity_,humidity,Humidity,IndoorAir,BUTIK,2069,PLAN 5,f679e776-c644-420a-a599-e569e2164935,be9de3b9-f752-4c69-8a71-77686ceb2f32,,,NOT_STARTED
other,,light_,light,Illuminance,IndoorAir,BUTIK,2069,PLAN 5,fb56a7ab-2e59-4038-8514-60bfd8d85a50,be9de3b9-f752-4c69-8a71-77686ceb2f32,,,NOT_STARTED
other,,motion_,motion,Presence,IndoorAir,BUTIK,2069,PLAN 5,227932c5-6468-40f7-bdcb-2da80189ec51,be9de3b9-f752-4c69-8a71-77686ceb2f32,,,NOT_STARTED
other,,power_1_24e124746e464303,power_1,CurrentL1,ElectricalGridInternal,TEKNIK,K2182,PLAN 1,7e382a50-7a25-4f57-a1ca-d8026cc19bf6,f4448a78-2e22-4fc4-9ff7-6169d6ac3b96,57.4,0.3,OK
other,,power_1_total_24e124746e464303,power_1_total,CurrentL1,ElectricalGridInternal,TEKNIK,K2182,PLAN 1,6793dcc2-c3e0-4296-b25c-a3ce7e885861,f4448a78-2e22-4fc4-9ff7-6169d6ac3b96,367433.24,0.3,OK
other,,power_2_24e124746e464303,power_2,CurrentL2,ElectricalGridInternal,TEKNIK,K2182,PLAN 1,e572b9e3-6a16-4ceb-ba9c-35d2bdfeb0bc,f4448a78-2e22-4fc4-9ff7-6169d6ac3b96,57.4,0.3,OK
other,,power_2_total_24e124746e464303,power_2_total,CurrentL2,ElectricalGridInternal,TEKNIK,K2182,PLAN 1,a62a2cd5-a315-4614-87a6-29ef4d4c59c5,f4448a78-2e22-4fc4-9ff7-6169d6ac3b96,391298.26,0.3,OK
other,,power_3_24e124746e464303,power_3,CurrentL3,ElectricalGridInternal,TEKNIK,K2182,PLAN 1,f9afe044-4dac-43e1-9b9d-5a21ebe96095,f4448a78-2e22-4fc4-9ff7-6169d6ac3b96,340498.12,0.3,OK
other,,power_3_total_24e124746e464303,power_3_total,CurrentL3,ElectricalGridInternal,TEKNIK,K2182,PLAN 1,8151443c-1a21-4397-84b7-b5acf45aafa7,f4448a78-2e22-4fc4-9ff7-6169d6ac3b96,57.9,0.3,WARNING
other,,rssi_,rssi,Level,,BUTIK,2069,PLAN 5,7991d1f4-f2e5-4d70-81d6-ddd25da0040e,be9de3b9-f752-4c69-8a71-77686ceb2f32,,,NOT_STARTED
other,,temperature_,temperature,Temperature,IndoorAir,BUTIK,2069,PLAN 5,98e5dea6-f8e7-4b81-b0ae-8252fe023371,be9de3b9-f752-4c69-8a71-77686ceb2f32,,,NOT_STARTED
other,,temperature_24e124746e464303,temperature,Temperature,,TEKNIK,K2182,PLAN 1,ec682126-868d-425b-9783-fc67099b2181,f4448a78-2e22-4fc4-9ff7-6169d6ac3b96,17.9,10515.9,ERROR
other,,tvoc_,tvoc,TVOC,IndoorAir,BUTIK,2069,PLAN 5,d25cfd42-f21c-437f-9f7a-72e332a9273e,be9de3b9-f752-4c69-8a71-77686ceb2f32,,,NOT_STARTED
other,,vdd_,vdd,Voltage,,BUTIK,2069,PLAN 5,00adf5c8-1ef6-4831-b856-ce155ac11a8e,be9de3b9-f752-4c69-8a71-77686ceb2f32,,,NOT_STARTED
